focus_rank,focus_bucket,focus_reason_flags,priority_label,manual_action_group,source_tier,scope_id,league_id,team_id,team_name,player_name,issue_type,operator_action,source_priority,official_status,confidence,operator_verify_required,source_domain,source_candidate_url,candidate_entity_id,source_proof_status,identity_verification_status,official_profile_url,photo_candidate_status,action_photo_candidate_status,action_photo_starter_intake_file,source_priority_row_ref,triage_row_ref,candidate_action_row_ref,open_next_file,open_next_row_ref,why_row_matters,next_manual_action,do_not_do,download_approved,source_url,entity_id,rights_class,identity_confidence,intended_review_only_use,operator_decision,operator_notes,review_only,approval_state_change,candidate_state_change,asset_downloads,headshot_writes,approved_marker_writes,publish_ready,auto_approval,auto_publish,move_files,paid_apis
1,1_duplicate_transfer_loan_stale_profile_check,p0_source_or_roster_row|duplicate_transfer_loan_stale_or_short_term_issue|operator_verify_required,P0,duplicate_transfer_check,official_source_candidate,nwsl,nwsl,angel_city_fc,Angel City FC,Kennedy Fuller,stale_team_assignment_duplicate_identity,reconcile_duplicate_identity,P0,official_team,high,yes,bayfc.com,https://bayfc.com/press-releases/bay-fc-acquire-midfielder-kennedy-fuller-from-angel-city-fc-20260612/,angel_city_fc,official_source_candidate_manual_verification_required,current_team_identity_conflict_requires_manual_resolution,,resolve_duplicate_transfer_before_photo_review,no_action_photo_selection_until_team_status_resolved,data/asset_registry/action_photo_candidates/review_only_womens_soccer_action_photo_starter_intake.csv,data/asset_registry/womens_soccer/womens_soccer_athlete_source_priority.csv#row=1,data/asset_registry/womens_soccer/womens_soccer_athlete_review_triage.csv#row=1,data/asset_registry/womens_soccer/womens_soccer_athlete_candidate_next_action_board.csv#row=44,data/asset_registry/womens_soccer/womens_soccer_athlete_source_priority.csv,data/asset_registry/womens_soccer/womens_soccer_athlete_source_priority.csv#row=1,"Kennedy Fuller has duplicate, transfer, loan, stale-profile, expired, or short-term metadata signals for Angel City FC; verify official current status before any photo-review work.","Compare official roster/transaction pages and reconcile duplicate, transfer, loan, stale, or short-term player metadata only.","Do not download assets, write headshots, approve candidates, create .approved markers, move files, or publish from this generated row.",no,,,,,,,,true,false,false,false,false,false,false,false,false,false,false
2,1_duplicate_transfer_loan_stale_profile_check,p0_source_or_roster_row|duplicate_transfer_loan_stale_or_short_term_issue|operator_verify_required,P0,duplicate_transfer_check,official_source_candidate,nwsl,nwsl,angel_city_fc,Angel City FC,Rajanah Reed,expired_replacement_player_candidate,hold_candidate_for_review,P0,official_team,high,yes,angelcity.com,https://angelcity.com/acfc-post/angel-city-signs-forward-rajanah-reed,angel_city_fc,official_source_candidate_manual_verification_required,current_team_identity_conflict_requires_manual_resolution,,resolve_duplicate_transfer_before_photo_review,no_action_photo_selection_until_team_status_resolved,data/asset_registry/action_photo_candidates/review_only_womens_soccer_action_photo_starter_intake.csv,data/asset_registry/womens_soccer/womens_soccer_athlete_source_priority.csv#row=3,data/asset_registry/womens_soccer/womens_soccer_athlete_review_triage.csv#row=1,data/asset_registry/womens_soccer/womens_soccer_athlete_candidate_next_action_board.csv#row=45,data/asset_registry/womens_soccer/womens_soccer_athlete_source_priority.csv,data/asset_registry/womens_soccer/womens_soccer_athlete_source_priority.csv#row=3,"Rajanah Reed has duplicate, transfer, loan, stale-profile, expired, or short-term metadata signals for Angel City FC; verify official current status before any photo-review work.","Compare official roster/transaction pages and reconcile duplicate, transfer, loan, stale, or short-term player metadata only.","Do not download assets, write headshots, approve candidates, create .approved markers, move files, or publish from this generated row.",no,,,,,,,,true,false,false,false,false,false,false,false,false,false,false
3,1_duplicate_transfer_loan_stale_profile_check,p0_source_or_roster_row|duplicate_transfer_loan_stale_or_short_term_issue|operator_verify_required,P0,duplicate_transfer_check,official_source_candidate,nwsl,nwsl,boston_legacy_fc_chicago_stars_fc,Boston Legacy FC / Chicago Stars FC,Sam Cary Angel,loan_duplicate_needs_status_metadata,add_loan_status_metadata,P0,official_team,high,yes,bostonlegacyfc.com,https://bostonlegacyfc.com/blogs/press/boston-legacy-fc-samantha-angel-loan-chicago-stars,boston_legacy_fc_chicago_stars_fc,official_source_candidate_manual_verification_required,current_team_identity_conflict_requires_manual_resolution,,resolve_duplicate_transfer_before_photo_review,no_action_photo_selection_until_team_status_resolved,data/asset_registry/action_photo_candidates/review_only_womens_soccer_action_photo_starter_intake.csv,data/asset_registry/womens_soccer/womens_soccer_athlete_source_priority.csv#row=4,,data/asset_registry/womens_soccer/womens_soccer_athlete_candidate_next_action_board.csv#row=46,data/asset_registry/womens_soccer/womens_soccer_athlete_source_priority.csv,data/asset_registry/womens_soccer/womens_soccer_athlete_source_priority.csv#row=4,"Sam Cary Angel has duplicate, transfer, loan, stale-profile, expired, or short-term metadata signals for Boston Legacy FC / Chicago Stars FC; verify official current status before any photo-review work.","Compare official roster/transaction pages and reconcile duplicate, transfer, loan, stale, or short-term player metadata only.","Do not download assets, write headshots, approve candidates, create .approved markers, move files, or publish from this generated row.",no,,,,,,,,true,false,false,false,false,false,false,false,false,false,false
4,1_duplicate_transfer_loan_stale_profile_check,p0_source_or_roster_row|duplicate_transfer_loan_stale_or_short_term_issue|profile_or_official_page_gap|operator_verify_required,P0,duplicate_transfer_check,official_source_candidate,nwsl,nwsl,denver_summit_fc,Denver Summit FC,Lindsey Heaps; Jordan Baggett,missing_player_profile_candidate; stale_player_candidate,add_candidate_metadata; hold_candidate_for_review,P0,official_team,high; medium,yes,www.denversummitfc.com,https://www.denversummitfc.com/roster/,denver_summit_fc,official_source_candidate_manual_verification_required,current_team_identity_conflict_requires_manual_resolution,,resolve_duplicate_transfer_before_photo_review,no_action_photo_selection_until_team_status_resolved,data/asset_registry/action_photo_candidates/review_only_womens_soccer_action_photo_starter_intake.csv,data/asset_registry/womens_soccer/womens_soccer_athlete_source_priority.csv#row=5,data/asset_registry/womens_soccer/womens_soccer_athlete_review_triage.csv#row=2,data/asset_registry/womens_soccer/womens_soccer_athlete_candidate_next_action_board.csv#row=47,data/asset_registry/womens_soccer/womens_soccer_athlete_source_priority.csv,data/asset_registry/womens_soccer/womens_soccer_athlete_source_priority.csv#row=5,"Lindsey Heaps; Jordan Baggett has duplicate, transfer, loan, stale-profile, expired, or short-term metadata signals for Denver Summit FC; verify official current status before any photo-review work.","Compare official roster/transaction pages and reconcile duplicate, transfer, loan, stale, or short-term player metadata only.","Do not download assets, write headshots, approve candidates, create .approved markers, move files, or publish from this generated row.",no,,,,,,,,true,false,false,false,false,false,false,false,false,false,false
5,1_duplicate_transfer_loan_stale_profile_check,p0_source_or_roster_row|duplicate_transfer_loan_stale_or_short_term_issue|operator_verify_required,P0,duplicate_transfer_check,official_source_candidate,nwsl,nwsl,gotham_fc,Gotham FC,Lilly Reale,stale_team_assignment_duplicate_identity,reconcile_duplicate_identity,P0,official_team,high,yes,www.gothamfc.com,https://www.gothamfc.com/news/gotham-fc-trades-defender-lilly-reale-to-boston-legacy-fc,gotham_fc,official_source_candidate_manual_verification_required,current_team_identity_conflict_requires_manual_resolution,,resolve_duplicate_transfer_before_photo_review,no_action_photo_selection_until_team_status_resolved,data/asset_registry/action_photo_candidates/review_only_womens_soccer_action_photo_starter_intake.csv,data/asset_registry/womens_soccer/womens_soccer_athlete_source_priority.csv#row=6,data/asset_registry/womens_soccer/womens_soccer_athlete_review_triage.csv#row=3,data/asset_registry/womens_soccer/womens_soccer_athlete_candidate_next_action_board.csv#row=48,data/asset_registry/womens_soccer/womens_soccer_athlete_source_priority.csv,data/asset_registry/womens_soccer/womens_soccer_athlete_source_priority.csv#row=6,"Lilly Reale has duplicate, transfer, loan, stale-profile, expired, or short-term metadata signals for Gotham FC; verify official current status before any photo-review work.","Compare official roster/transaction pages and reconcile duplicate, transfer, loan, stale, or short-term player metadata only.","Do not download assets, write headshots, approve candidates, create .approved markers, move files, or publish from this generated row.",no,,,,,,,,true,false,false,false,false,false,false,false,false,false,false
6,1_duplicate_transfer_loan_stale_profile_check,p0_source_or_roster_row|duplicate_transfer_loan_stale_or_short_term_issue|operator_verify_required,P0,duplicate_transfer_check,official_source_candidate,nwsl,nwsl,houston_dash,Houston Dash,Christen Westphal,stale_player_candidate,hold_candidate_for_review,P0,official_team,high,yes,www.houstondynamofc.com,https://www.houstondynamofc.com/houstondash/news/houston-dash-host-north-carolina-courage-for-kids-night,houston_dash,official_source_candidate_manual_verification_required,current_team_identity_conflict_requires_manual_resolution,,resolve_duplicate_transfer_before_photo_review,no_action_photo_selection_until_team_status_resolved,data/asset_registry/action_photo_candidates/review_only_womens_soccer_action_photo_starter_intake.csv,data/asset_registry/womens_soccer/womens_soccer_athlete_source_priority.csv#row=7,data/asset_registry/womens_soccer/womens_soccer_athlete_review_triage.csv#row=4,data/asset_registry/womens_soccer/womens_soccer_athlete_candidate_next_action_board.csv#row=49,data/asset_registry/womens_soccer/womens_soccer_athlete_source_priority.csv,data/asset_registry/womens_soccer/womens_soccer_athlete_source_priority.csv#row=7,"Christen Westphal has duplicate, transfer, loan, stale-profile, expired, or short-term metadata signals for Houston Dash; verify official current status before any photo-review work.","Compare official roster/transaction pages and reconcile duplicate, transfer, loan, stale, or short-term player metadata only.","Do not download assets, write headshots, approve candidates, create .approved markers, move files, or publish from this generated row.",no,,,,,,,,true,false,false,false,false,false,false,false,false,false,false
7,1_duplicate_transfer_loan_stale_profile_check,p1_source_or_roster_row|duplicate_transfer_loan_stale_or_short_term_issue|profile_or_official_page_gap|operator_verify_required,P1; P0,duplicate_transfer_check,official_source_candidate,nwsl,nwsl,houston_dash,Houston Dash,Natalie Bain; Liz Beardsley; Zoe Matthews; Amanda West; Rebeca Costa da Silva; Jyllissa Harris,source_domain_change_candidate; missing_player_profile_candidate; loan_status_missing,add_source_candidate; add_candidate_metadata; add_loan_status_metadata,P1; P0,official_team,high,yes,www.houstondynamofc.com,https://www.houstondynamofc.com/houstondash/roster/,houston_dash,official_source_candidate_manual_verification_required,current_team_identity_conflict_requires_manual_resolution,,resolve_duplicate_transfer_before_photo_review,no_action_photo_selection_until_team_status_resolved,data/asset_registry/action_photo_candidates/review_only_womens_soccer_action_photo_starter_intake.csv,data/asset_registry/womens_soccer/womens_soccer_athlete_source_priority.csv#row=8,data/asset_registry/womens_soccer/womens_soccer_athlete_review_triage.csv#row=4,data/asset_registry/womens_soccer/womens_soccer_athlete_candidate_next_action_board.csv#row=50,data/asset_registry/womens_soccer/womens_soccer_athlete_source_priority.csv,data/asset_registry/womens_soccer/womens_soccer_athlete_source_priority.csv#row=8,"Natalie Bain; Liz Beardsley; Zoe Matthews; Amanda West; Rebeca Costa da Silva; Jyllissa Harris has duplicate, transfer, loan, stale-profile, expired, or short-term metadata signals for Houston Dash; verify official current status before any photo-review work.","Compare official roster/transaction pages and reconcile duplicate, transfer, loan, stale, or short-term player metadata only.","Do not download assets, write headshots, approve candidates, create .approved markers, move files, or publish from this generated row.",no,,,,,,,,true,false,false,false,false,false,false,false,false,false,false
8,1_duplicate_transfer_loan_stale_profile_check,p0_source_or_roster_row|duplicate_transfer_loan_stale_or_short_term_issue|operator_verify_required,P0,duplicate_transfer_check,official_source_candidate,nwsl,nwsl,houston_dash,Houston Dash,Yazmeen Ryan; Delanie Sheehan,stale_team_assignment_duplicate_identity,reconcile_duplicate_identity,P0,official_team,high,yes,www.denversummitfc.com,https://www.denversummitfc.com/news/player-signings/denver-summit-fc-acquires-yazmeen-ryan-delanie-sheehan-from-houston-dash/,houston_dash,official_source_candidate_manual_verification_required,current_team_identity_conflict_requires_manual_resolution,,resolve_duplicate_transfer_before_photo_review,no_action_photo_selection_until_team_status_resolved,data/asset_registry/action_photo_candidates/review_only_womens_soccer_action_photo_starter_intake.csv,data/asset_registry/womens_soccer/womens_soccer_athlete_source_priority.csv#row=9,data/asset_registry/womens_soccer/womens_soccer_athlete_review_triage.csv#row=4,data/asset_registry/womens_soccer/womens_soccer_athlete_candidate_next_action_board.csv#row=51,data/asset_registry/womens_soccer/womens_soccer_athlete_source_priority.csv,data/asset_registry/womens_soccer/womens_soccer_athlete_source_priority.csv#row=9,"Yazmeen Ryan; Delanie Sheehan has duplicate, transfer, loan, stale-profile, expired, or short-term metadata signals for Houston Dash; verify official current status before any photo-review work.","Compare official roster/transaction pages and reconcile duplicate, transfer, loan, stale, or short-term player metadata only.","Do not download assets, write headshots, approve candidates, create .approved markers, move files, or publish from this generated row.",no,,,,,,,,true,false,false,false,false,false,false,false,false,false,false
9,1_duplicate_transfer_loan_stale_profile_check,p0_source_or_roster_row|duplicate_transfer_loan_stale_or_short_term_issue|operator_verify_required,P0,duplicate_transfer_check,official_source_candidate,nwsl,nwsl,kansas_city_current,Kansas City Current,Ally Sentnor,stale_team_assignment_duplicate_identity,reconcile_duplicate_identity,P0,official_team,high,yes,angelcity.com,https://angelcity.com/acfc-post/acfc-signs-uswnt-midfielder-ally-sentnor-trade-with-kansas-city-current,kansas_city_current,official_source_candidate_manual_verification_required,current_team_identity_conflict_requires_manual_resolution,,resolve_duplicate_transfer_before_photo_review,no_action_photo_selection_until_team_status_resolved,data/asset_registry/action_photo_candidates/review_only_womens_soccer_action_photo_starter_intake.csv,data/asset_registry/womens_soccer/womens_soccer_athlete_source_priority.csv#row=10,data/asset_registry/womens_soccer/womens_soccer_athlete_review_triage.csv#row=5,data/asset_registry/womens_soccer/womens_soccer_athlete_candidate_next_action_board.csv#row=52,data/asset_registry/womens_soccer/womens_soccer_athlete_source_priority.csv,data/asset_registry/womens_soccer/womens_soccer_athlete_source_priority.csv#row=10,"Ally Sentnor has duplicate, transfer, loan, stale-profile, expired, or short-term metadata signals for Kansas City Current; verify official current status before any photo-review work.","Compare official roster/transaction pages and reconcile duplicate, transfer, loan, stale, or short-term player metadata only.","Do not download assets, write headshots, approve candidates, create .approved markers, move files, or publish from this generated row.",no,,,,,,,,true,false,false,false,false,false,false,false,false,false,false
10,1_duplicate_transfer_loan_stale_profile_check,p1_source_or_roster_row|duplicate_transfer_loan_stale_or_short_term_issue|operator_verify_required,P1,duplicate_transfer_check,official_source_candidate,nwsl,nwsl,kansas_city_current,Kansas City Current,Katie Cappelletti; Kyra Carusa; Kelsey Branson; Flora Marta Lacho,stale_or_short_term_candidate,hold_candidate_for_review,P1,official_team,medium,yes,www.kansascitycurrent.com,https://www.kansascitycurrent.com/team; https://www.kansascitycurrent.com/news/kansas-city-current-announces-roster-ahead-of-2026-regular-s,kansas_city_current,official_source_candidate_manual_verification_required,current_team_identity_conflict_requires_manual_resolution,,resolve_duplicate_transfer_before_photo_review,no_action_photo_selection_until_team_status_resolved,data/asset_registry/action_photo_candidates/review_only_womens_soccer_action_photo_starter_intake.csv,data/asset_registry/womens_soccer/womens_soccer_athlete_source_priority.csv#row=25,data/asset_registry/womens_soccer/womens_soccer_athlete_review_triage.csv#row=5,data/asset_registry/womens_soccer/womens_soccer_athlete_candidate_next_action_board.csv#row=53,data/asset_registry/womens_soccer/womens_soccer_athlete_source_priority.csv,data/asset_registry/womens_soccer/womens_soccer_athlete_source_priority.csv#row=25,"Katie Cappelletti; Kyra Carusa; Kelsey Branson; Flora Marta Lacho has duplicate, transfer, loan, stale-profile, expired, or short-term metadata signals for Kansas City Current; verify official current status before any photo-review work.","Compare official roster/transaction pages and reconcile duplicate, transfer, loan, stale, or short-term player metadata only.","Do not download assets, write headshots, approve candidates, create .approved markers, move files, or publish from this generated row.",no,,,,,,,,true,false,false,false,false,false,false,false,false,false,false
11,1_duplicate_transfer_loan_stale_profile_check,p1_source_or_roster_row|duplicate_transfer_loan_stale_or_short_term_issue|operator_verify_required,P1,duplicate_transfer_check,official_source_candidate,nwsl,nwsl,orlando_pride,Orlando Pride,Angelina Alonso Costantino; Luana Bertolucci Paixão; Marta Marta; Rafaelle Leone Carvalho Souza; Jacqueline Ovalle; Oihane Hernández; Kat Asman,public_display_alias_review; loan_status_missing,add_alias_metadata; add_loan_status_metadata,P1,official_team,high,yes,www.orlandocitysc.com,https://www.orlandocitysc.com/pride/roster/,orlando_pride,official_source_candidate_manual_verification_required,current_team_identity_conflict_requires_manual_resolution,,resolve_duplicate_transfer_before_photo_review,no_action_photo_selection_until_team_status_resolved,data/asset_registry/action_photo_candidates/review_only_womens_soccer_action_photo_starter_intake.csv,data/asset_registry/womens_soccer/womens_soccer_athlete_source_priority.csv#row=27,data/asset_registry/womens_soccer/womens_soccer_athlete_review_triage.csv#row=12,data/asset_registry/womens_soccer/womens_soccer_athlete_candidate_next_action_board.csv#row=54,data/asset_registry/womens_soccer/womens_soccer_athlete_source_priority.csv,data/asset_registry/womens_soccer/womens_soccer_athlete_source_priority.csv#row=27,"Angelina Alonso Costantino; Luana Bertolucci Paixão; Marta Marta; Rafaelle Leone Carvalho Souza; Jacqueline Ovalle; Oihane Hernández; Kat Asman has duplicate, transfer, loan, stale-profile, expired, or short-term metadata signals for Orlando Pride; verify official current status before any photo-review work.","Compare official roster/transaction pages and reconcile duplicate, transfer, loan, stale, or short-term player metadata only.","Do not download assets, write headshots, approve candidates, create .approved markers, move files, or publish from this generated row.",no,,,,,,,,true,false,false,false,false,false,false,false,false,false,false
12,1_duplicate_transfer_loan_stale_profile_check,p0_source_or_roster_row|duplicate_transfer_loan_stale_or_short_term_issue|operator_verify_required,P0,duplicate_transfer_check,official_source_candidate,nwsl,nwsl,portland_thorns_fc_utah_royals_fc,Portland Thorns FC / Utah Royals FC,Alexa Spaanstra,loan_duplicate_needs_status_metadata,add_loan_status_metadata,P0,official_team,high,yes,www.thorns.com,https://www.thorns.com/news/forward-alexa-spaanstra-loaned-to-utah-royals-fc,portland_thorns_fc_utah_royals_fc,official_source_candidate_manual_verification_required,current_team_identity_conflict_requires_manual_resolution,,resolve_duplicate_transfer_before_photo_review,no_action_photo_selection_until_team_status_resolved,data/asset_registry/action_photo_candidates/review_only_womens_soccer_action_photo_starter_intake.csv,data/asset_registry/womens_soccer/womens_soccer_athlete_source_priority.csv#row=11,,data/asset_registry/womens_soccer/womens_soccer_athlete_candidate_next_action_board.csv#row=55,data/asset_registry/womens_soccer/womens_soccer_athlete_source_priority.csv,data/asset_registry/womens_soccer/womens_soccer_athlete_source_priority.csv#row=11,"Alexa Spaanstra has duplicate, transfer, loan, stale-profile, expired, or short-term metadata signals for Portland Thorns FC / Utah Royals FC; verify official current status before any photo-review work.","Compare official roster/transaction pages and reconcile duplicate, transfer, loan, stale, or short-term player metadata only.","Do not download assets, write headshots, approve candidates, create .approved markers, move files, or publish from this generated row.",no,,,,,,,,true,false,false,false,false,false,false,false,false,false,false
13,2_p0_roster_or_source_verify,p1_source_or_roster_row|operator_verify_required,P1,roster_source_verify,official_source_candidate,nwsl,nwsl,angel_city_fc,Angel City FC,Ariadina Alves Borges; Maiara Carolina Niehues,public_display_alias_review,add_alias_metadata,P1,official_team,high,yes,angelcity.com,https://angelcity.com/club/roster,angel_city_fc,official_source_candidate_manual_verification_required,player_identity_manual_verification_required,,nwsl_roster_verify_before_photo_review,action_photo_starter_intake_available_no_candidate_selected,data/asset_registry/action_photo_candidates/review_only_womens_soccer_action_photo_starter_intake.csv,data/asset_registry/womens_soccer/womens_soccer_athlete_source_priority.csv#row=21,data/asset_registry/womens_soccer/womens_soccer_athlete_review_triage.csv#row=1,data/asset_registry/womens_soccer/womens_soccer_athlete_candidate_next_action_board.csv#row=1,data/asset_registry/womens_soccer/womens_soccer_athlete_source_priority.csv,data/asset_registry/womens_soccer/womens_soccer_athlete_source_priority.csv#row=21,Angel City FC is a P0 roster/source verification row; open the source and triage refs before any candidate-state writeback.,Open the official or advisory roster source manually and verify source quality before any future candidate-state writeback.,"Do not download assets, write headshots, approve candidates, create .approved markers, move files, or publish from this generated row.",no,,,,,,,,true,false,false,false,false,false,false,false,false,false,false
14,2_p0_roster_or_source_verify,p0_source_or_roster_row|profile_or_official_page_gap|operator_verify_required,P0,official_page_missing_or_season_rollover_verify,official_source_candidate,nwsl,nwsl,angel_city_fc,Angel City FC,Maithé López,missing_player_profile_candidate,add_candidate_metadata,P0,official_team,high,yes,angelcity.com,https://angelcity.com/acfc-post/angel-city-football-club-loans-forward-maithe-lopez-to-vancouver-rise-fc,angel_city_fc,official_source_candidate_manual_verification_required,player_identity_manual_verification_required,,verify_official_page_before_photo_review,action_photo_starter_intake_available_no_candidate_selected,data/asset_registry/action_photo_candidates/review_only_womens_soccer_action_photo_starter_intake.csv,data/asset_registry/womens_soccer/womens_soccer_athlete_source_priority.csv#row=2,data/asset_registry/womens_soccer/womens_soccer_athlete_review_triage.csv#row=1,data/asset_registry/womens_soccer/womens_soccer_athlete_candidate_next_action_board.csv#row=35,data/asset_registry/womens_soccer/womens_soccer_athlete_source_priority.csv,data/asset_registry/womens_soccer/womens_soccer_athlete_source_priority.csv#row=2,Angel City FC is a P0 roster/source verification row; open the source and triage refs before any candidate-state writeback.,Open the official source page and verify whether roster/profile URL patterns changed before adding future intake.,"Do not download assets, write headshots, approve candidates, create .approved markers, move files, or publish from this generated row.",no,,,,,,,,true,false,false,false,false,false,false,false,false,false,false
15,2_p0_roster_or_source_verify,p1_source_or_roster_row|profile_or_official_page_gap|operator_verify_required,P1,official_page_missing_or_season_rollover_verify,official_source_candidate,nwsl,nwsl,gotham_fc,Gotham FC,Princess Ademiluyi; Bruna Santos Nhaia,missing_player_profile_candidate; public_display_alias_review,add_candidate_metadata; add_alias_metadata,P1,official_team,high,yes,www.gothamfc.com,https://www.gothamfc.com/roster,gotham_fc,official_source_candidate_manual_verification_required,player_identity_manual_verification_required,,verify_official_page_before_photo_review,action_photo_starter_intake_available_no_candidate_selected,data/asset_registry/action_photo_candidates/review_only_womens_soccer_action_photo_starter_intake.csv,data/asset_registry/womens_soccer/womens_soccer_athlete_source_priority.csv#row=23,data/asset_registry/womens_soccer/womens_soccer_athlete_review_triage.csv#row=3,data/asset_registry/womens_soccer/womens_soccer_athlete_candidate_next_action_board.csv#row=37,data/asset_registry/womens_soccer/womens_soccer_athlete_source_priority.csv,data/asset_registry/womens_soccer/womens_soccer_athlete_source_priority.csv#row=23,Gotham FC is a P0 roster/source verification row; open the source and triage refs before any candidate-state writeback.,Open the official source page and verify whether roster/profile URL patterns changed before adding future intake.,"Do not download assets, write headshots, approve candidates, create .approved markers, move files, or publish from this generated row.",no,,,,,,,,true,false,false,false,false,false,false,false,false,false,false
16,2_p0_roster_or_source_verify,gray_area_or_reputable_lead|operator_verify_required,P3,gray_area_reputable_media_lead,gray_area_public_lead,nwsl,nwsl,gotham_fc,Gotham FC,Sam Kerr,gray_area_public_backup_candidate,park_gray_area_lead_for_manual_verification,P3,non_official_reputable_media,low,yes,www.reuters.com,https://www.reuters.com/sports/soccer/reports-gotham-fc-set-reunion-with-f-sam-kerr--flm-2026-06-17/,gotham_fc,official_source_proof_required_before_any_future_intake,player_identity_manual_verification_required,,park_gray_area_lead_no_photo_use,action_photo_parked_no_candidate_selected_until_official_identity_confirmed,data/asset_registry/action_photo_candidates/review_only_womens_soccer_action_photo_starter_intake.csv,data/asset_registry/womens_soccer/womens_soccer_athlete_source_priority.csv#row=13,data/asset_registry/womens_soccer/womens_soccer_athlete_review_triage.csv#row=3,data/asset_registry/womens_soccer/womens_soccer_athlete_candidate_next_action_board.csv#row=27,data/asset_registry/womens_soccer/womens_soccer_athlete_source_priority.csv,data/asset_registry/womens_soccer/womens_soccer_athlete_source_priority.csv#row=13,Gotham FC is a P0 roster/source verification row; open the source and triage refs before any candidate-state writeback.,Park as review-only lead until an official team/league page confirms current roster or player identity.,"Do not download assets, write headshots, approve candidates, create .approved markers, move files, or publish from this generated row.",no,,,,,,,,true,false,false,false,false,false,false,false,false,false,false
17,2_p0_roster_or_source_verify,p1_source_or_roster_row|operator_verify_required,P1,roster_source_verify,official_source_candidate,nwsl,nwsl,kansas_city_current,Kansas City Current,Débora Cristiane de Oliveira,public_display_alias_review,add_alias_metadata,P1,official_team,high,yes,www.kansascitycurrent.com,https://www.kansascitycurrent.com/team,kansas_city_current,official_source_candidate_manual_verification_required,player_identity_manual_verification_required,,nwsl_roster_verify_before_photo_review,action_photo_starter_intake_available_no_candidate_selected,data/asset_registry/action_photo_candidates/review_only_womens_soccer_action_photo_starter_intake.csv,data/asset_registry/womens_soccer/womens_soccer_athlete_source_priority.csv#row=24,data/asset_registry/womens_soccer/womens_soccer_athlete_review_triage.csv#row=5,data/asset_registry/womens_soccer/womens_soccer_athlete_candidate_next_action_board.csv#row=2,data/asset_registry/womens_soccer/womens_soccer_athlete_source_priority.csv,data/asset_registry/womens_soccer/womens_soccer_athlete_source_priority.csv#row=24,Kansas City Current is a P0 roster/source verification row; open the source and triage refs before any candidate-state writeback.,Open the official or advisory roster source manually and verify source quality before any future candidate-state writeback.,"Do not download assets, write headshots, approve candidates, create .approved markers, move files, or publish from this generated row.",no,,,,,,,,true,false,false,false,false,false,false,false,false,false,false
18,2_p0_roster_or_source_verify,p1_source_or_roster_row|profile_or_official_page_gap|operator_verify_required,P1,official_page_missing_or_season_rollover_verify,official_source_candidate,nwsl,nwsl,kansas_city_current,Kansas City Current,Kaylin Williams-Mosier,missing_player_profile_candidate,add_candidate_metadata,P1,official_team,high,yes,www.kansascitycurrent.com,https://www.kansascitycurrent.com/team/kaylin-williams-mosier,kansas_city_current,official_source_candidate_manual_verification_required,player_identity_manual_verification_required,,verify_official_page_before_photo_review,action_photo_starter_intake_available_no_candidate_selected,data/asset_registry/action_photo_candidates/review_only_womens_soccer_action_photo_starter_intake.csv,data/asset_registry/womens_soccer/womens_soccer_athlete_source_priority.csv#row=26,data/asset_registry/womens_soccer/womens_soccer_athlete_review_triage.csv#row=5,data/asset_registry/womens_soccer/womens_soccer_athlete_candidate_next_action_board.csv#row=38,data/asset_registry/womens_soccer/womens_soccer_athlete_source_priority.csv,data/asset_registry/womens_soccer/womens_soccer_athlete_source_priority.csv#row=26,Kansas City Current is a P0 roster/source verification row; open the source and triage refs before any candidate-state writeback.,Open the official source page and verify whether roster/profile URL patterns changed before adding future intake.,"Do not download assets, write headshots, approve candidates, create .approved markers, move files, or publish from this generated row.",no,,,,,,,,true,false,false,false,false,false,false,false,false,false,false
19,2_p0_roster_or_source_verify,p0_source_or_roster_row|profile_or_official_page_gap|operator_verify_required,P0; P1,official_page_missing_or_season_rollover_verify,official_source_candidate,nwsl,nwsl,san_diego_wave_fc,San Diego Wave FC,Sandra Paños; Amelia Donna Van Zanten; Gabrielle Jordão Portilho; Ludmila da Silva; Maria Eduarda Rodrigues Silva,missing_player_profile_candidate; public_display_alias_review,add_candidate_metadata; add_alias_metadata,P0; P1,official_team,high,yes,sandiegowavefc.com,https://sandiegowavefc.com/roster/,san_diego_wave_fc,official_source_candidate_manual_verification_required,player_identity_manual_verification_required,,verify_official_page_before_photo_review,action_photo_starter_intake_available_no_candidate_selected,data/asset_registry/action_photo_candidates/review_only_womens_soccer_action_photo_starter_intake.csv,data/asset_registry/womens_soccer/womens_soccer_athlete_source_priority.csv#row=12,data/asset_registry/womens_soccer/womens_soccer_athlete_review_triage.csv#row=6,data/asset_registry/womens_soccer/womens_soccer_athlete_candidate_next_action_board.csv#row=39,data/asset_registry/womens_soccer/womens_soccer_athlete_source_priority.csv,data/asset_registry/womens_soccer/womens_soccer_athlete_source_priority.csv#row=12,San Diego Wave FC is a P0 roster/source verification row; open the source and triage refs before any candidate-state writeback.,Open the official source page and verify whether roster/profile URL patterns changed before adding future intake.,"Do not download assets, write headshots, approve candidates, create .approved markers, move files, or publish from this generated row.",no,,,,,,,,true,false,false,false,false,false,false,false,false,false,false
20,2_p0_roster_or_source_verify,p0_source_or_roster_row|future_intake_prep_only,P0_OFFICIAL_LEAGUE_TEAM,future_quarantine_download_intake_prep,official_source_candidate,europe_top_flight,wsl_england,arsenal_women,Arsenal Women,,official_source_map,source_metadata_review_only,P0_OFFICIAL_LEAGUE_TEAM,official_league,high,no,wslfootball.com,https://www.wslfootball.com/clubs/arsenal/squad,arsenal_women,official_source_candidate_manual_verification_required,team_or_roster_scope_not_player_specific,,future_quarantine_download_intake_prep,action_photo_starter_intake_available_no_candidate_selected,data/asset_registry/action_photo_candidates/review_only_womens_soccer_action_photo_starter_intake.csv,data/asset_registry/womens_soccer/womens_soccer_athlete_source_priority.csv#row=56,data/asset_registry/womens_soccer/womens_soccer_athlete_review_triage.csv#row=7,data/asset_registry/womens_soccer/womens_soccer_athlete_candidate_next_action_board.csv#row=56,data/asset_registry/womens_soccer/womens_soccer_athlete_source_priority.csv,data/asset_registry/womens_soccer/womens_soccer_athlete_source_priority.csv#row=56,Arsenal Women is a P0 roster/source verification row; open the source and triage refs before any candidate-state writeback.,Prepare future human intake only; generated fields do not authorize quarantine download or asset approval.,"Do not download assets, write headshots, approve candidates, create .approved markers, move files, or publish from this generated row.",no,,,,,,,,true,false,false,false,false,false,false,false,false,false,false
21,2_p0_roster_or_source_verify,p0_source_or_roster_row|future_intake_prep_only,P0_OFFICIAL_LEAGUE_TEAM,future_quarantine_download_intake_prep,official_source_candidate,europe_top_flight,wsl_england,aston_villa_women,Aston Villa Women,,official_source_map,source_metadata_review_only,P0_OFFICIAL_LEAGUE_TEAM,official_league,high,no,wslfootball.com,https://www.wslfootball.com/clubs/aston-villa/squad,aston_villa_women,official_source_candidate_manual_verification_required,team_or_roster_scope_not_player_specific,,future_quarantine_download_intake_prep,action_photo_starter_intake_available_no_candidate_selected,data/asset_registry/action_photo_candidates/review_only_womens_soccer_action_photo_starter_intake.csv,data/asset_registry/womens_soccer/womens_soccer_athlete_source_priority.csv#row=57,data/asset_registry/womens_soccer/womens_soccer_athlete_review_triage.csv#row=7,data/asset_registry/womens_soccer/womens_soccer_athlete_candidate_next_action_board.csv#row=57,data/asset_registry/womens_soccer/womens_soccer_athlete_source_priority.csv,data/asset_registry/womens_soccer/womens_soccer_athlete_source_priority.csv#row=57,Aston Villa Women is a P0 roster/source verification row; open the source and triage refs before any candidate-state writeback.,Prepare future human intake only; generated fields do not authorize quarantine download or asset approval.,"Do not download assets, write headshots, approve candidates, create .approved markers, move files, or publish from this generated row.",no,,,,,,,,true,false,false,false,false,false,false,false,false,false,false
22,2_p0_roster_or_source_verify,p0_source_or_roster_row|future_intake_prep_only,P0_OFFICIAL_LEAGUE_TEAM,future_quarantine_download_intake_prep,official_source_candidate,europe_top_flight,wsl_england,brighton_and_hove_albion_women,Brighton & Hove Albion Women,,official_source_map,source_metadata_review_only,P0_OFFICIAL_LEAGUE_TEAM,official_league,high,no,wslfootball.com,https://www.wslfootball.com/clubs/brighton-hove-albion/squad,brighton_and_hove_albion_women,official_source_candidate_manual_verification_required,team_or_roster_scope_not_player_specific,,future_quarantine_download_intake_prep,action_photo_starter_intake_available_no_candidate_selected,data/asset_registry/action_photo_candidates/review_only_womens_soccer_action_photo_starter_intake.csv,data/asset_registry/womens_soccer/womens_soccer_athlete_source_priority.csv#row=58,data/asset_registry/womens_soccer/womens_soccer_athlete_review_triage.csv#row=7,data/asset_registry/womens_soccer/womens_soccer_athlete_candidate_next_action_board.csv#row=58,data/asset_registry/womens_soccer/womens_soccer_athlete_source_priority.csv,data/asset_registry/womens_soccer/womens_soccer_athlete_source_priority.csv#row=58,Brighton & Hove Albion Women is a P0 roster/source verification row; open the source and triage refs before any candidate-state writeback.,Prepare future human intake only; generated fields do not authorize quarantine download or asset approval.,"Do not download assets, write headshots, approve candidates, create .approved markers, move files, or publish from this generated row.",no,,,,,,,,true,false,false,false,false,false,false,false,false,false,false
23,2_p0_roster_or_source_verify,p0_source_or_roster_row|future_intake_prep_only,P0_OFFICIAL_LEAGUE_TEAM,future_quarantine_download_intake_prep,official_source_candidate,europe_top_flight,wsl_england,chelsea_women,Chelsea Women,,official_source_map,source_metadata_review_only,P0_OFFICIAL_LEAGUE_TEAM,official_league,high,no,wslfootball.com,https://www.wslfootball.com/clubs/chelsea/squad,chelsea_women,official_source_candidate_manual_verification_required,team_or_roster_scope_not_player_specific,,future_quarantine_download_intake_prep,action_photo_starter_intake_available_no_candidate_selected,data/asset_registry/action_photo_candidates/review_only_womens_soccer_action_photo_starter_intake.csv,data/asset_registry/womens_soccer/womens_soccer_athlete_source_priority.csv#row=59,data/asset_registry/womens_soccer/womens_soccer_athlete_review_triage.csv#row=7,data/asset_registry/womens_soccer/womens_soccer_athlete_candidate_next_action_board.csv#row=59,data/asset_registry/womens_soccer/womens_soccer_athlete_source_priority.csv,data/asset_registry/womens_soccer/womens_soccer_athlete_source_priority.csv#row=59,Chelsea Women is a P0 roster/source verification row; open the source and triage refs before any candidate-state writeback.,Prepare future human intake only; generated fields do not authorize quarantine download or asset approval.,"Do not download assets, write headshots, approve candidates, create .approved markers, move files, or publish from this generated row.",no,,,,,,,,true,false,false,false,false,false,false,false,false,false,false
24,2_p0_roster_or_source_verify,p0_source_or_roster_row|future_intake_prep_only,P0_OFFICIAL_LEAGUE_TEAM,future_quarantine_download_intake_prep,official_source_candidate,europe_top_flight,wsl_england,everton_women,Everton Women,,official_source_map,source_metadata_review_only,P0_OFFICIAL_LEAGUE_TEAM,official_league,high,no,wslfootball.com,https://www.wslfootball.com/clubs/everton/squad,everton_women,official_source_candidate_manual_verification_required,team_or_roster_scope_not_player_specific,,future_quarantine_download_intake_prep,action_photo_starter_intake_available_no_candidate_selected,data/asset_registry/action_photo_candidates/review_only_womens_soccer_action_photo_starter_intake.csv,data/asset_registry/womens_soccer/womens_soccer_athlete_source_priority.csv#row=60,data/asset_registry/womens_soccer/womens_soccer_athlete_review_triage.csv#row=7,data/asset_registry/womens_soccer/womens_soccer_athlete_candidate_next_action_board.csv#row=60,data/asset_registry/womens_soccer/womens_soccer_athlete_source_priority.csv,data/asset_registry/womens_soccer/womens_soccer_athlete_source_priority.csv#row=60,Everton Women is a P0 roster/source verification row; open the source and triage refs before any candidate-state writeback.,Prepare future human intake only; generated fields do not authorize quarantine download or asset approval.,"Do not download assets, write headshots, approve candidates, create .approved markers, move files, or publish from this generated row.",no,,,,,,,,true,false,false,false,false,false,false,false,false,false,false
25,2_p0_roster_or_source_verify,p0_source_or_roster_row|future_intake_prep_only,P0_OFFICIAL_LEAGUE_TEAM,future_quarantine_download_intake_prep,official_source_candidate,europe_top_flight,wsl_england,leicester_city_women,Leicester City Women,,official_source_map,source_metadata_review_only,P0_OFFICIAL_LEAGUE_TEAM,official_league,high,no,wslfootball.com,https://www.wslfootball.com/clubs/leicester-city/squad,leicester_city_women,official_source_candidate_manual_verification_required,team_or_roster_scope_not_player_specific,,future_quarantine_download_intake_prep,action_photo_starter_intake_available_no_candidate_selected,data/asset_registry/action_photo_candidates/review_only_womens_soccer_action_photo_starter_intake.csv,data/asset_registry/womens_soccer/womens_soccer_athlete_source_priority.csv#row=61,data/asset_registry/womens_soccer/womens_soccer_athlete_review_triage.csv#row=7,data/asset_registry/womens_soccer/womens_soccer_athlete_candidate_next_action_board.csv#row=61,data/asset_registry/womens_soccer/womens_soccer_athlete_source_priority.csv,data/asset_registry/womens_soccer/womens_soccer_athlete_source_priority.csv#row=61,Leicester City Women is a P0 roster/source verification row; open the source and triage refs before any candidate-state writeback.,Prepare future human intake only; generated fields do not authorize quarantine download or asset approval.,"Do not download assets, write headshots, approve candidates, create .approved markers, move files, or publish from this generated row.",no,,,,,,,,true,false,false,false,false,false,false,false,false,false,false
26,2_p0_roster_or_source_verify,p0_source_or_roster_row|future_intake_prep_only,P0_OFFICIAL_LEAGUE_TEAM,future_quarantine_download_intake_prep,official_source_candidate,europe_top_flight,wsl_england,liverpool_women,Liverpool Women,,official_source_map,source_metadata_review_only,P0_OFFICIAL_LEAGUE_TEAM,official_league,high,no,wslfootball.com,https://www.wslfootball.com/clubs/liverpool/squad,liverpool_women,official_source_candidate_manual_verification_required,team_or_roster_scope_not_player_specific,,future_quarantine_download_intake_prep,action_photo_starter_intake_available_no_candidate_selected,data/asset_registry/action_photo_candidates/review_only_womens_soccer_action_photo_starter_intake.csv,data/asset_registry/womens_soccer/womens_soccer_athlete_source_priority.csv#row=62,data/asset_registry/womens_soccer/womens_soccer_athlete_review_triage.csv#row=7,data/asset_registry/womens_soccer/womens_soccer_athlete_candidate_next_action_board.csv#row=62,data/asset_registry/womens_soccer/womens_soccer_athlete_source_priority.csv,data/asset_registry/womens_soccer/womens_soccer_athlete_source_priority.csv#row=62,Liverpool Women is a P0 roster/source verification row; open the source and triage refs before any candidate-state writeback.,Prepare future human intake only; generated fields do not authorize quarantine download or asset approval.,"Do not download assets, write headshots, approve candidates, create .approved markers, move files, or publish from this generated row.",no,,,,,,,,true,false,false,false,false,false,false,false,false,false,false
27,2_p0_roster_or_source_verify,p0_source_or_roster_row|future_intake_prep_only,P0_OFFICIAL_LEAGUE_TEAM,future_quarantine_download_intake_prep,official_source_candidate,europe_top_flight,wsl_england,london_city_lionesses,London City Lionesses,,official_source_map,source_metadata_review_only,P0_OFFICIAL_LEAGUE_TEAM,official_league,high,no,wslfootball.com,https://www.wslfootball.com/clubs/london-city-lionesses/squad,london_city_lionesses,official_source_candidate_manual_verification_required,team_or_roster_scope_not_player_specific,,future_quarantine_download_intake_prep,action_photo_starter_intake_available_no_candidate_selected,data/asset_registry/action_photo_candidates/review_only_womens_soccer_action_photo_starter_intake.csv,data/asset_registry/womens_soccer/womens_soccer_athlete_source_priority.csv#row=63,data/asset_registry/womens_soccer/womens_soccer_athlete_review_triage.csv#row=7,data/asset_registry/womens_soccer/womens_soccer_athlete_candidate_next_action_board.csv#row=63,data/asset_registry/womens_soccer/womens_soccer_athlete_source_priority.csv,data/asset_registry/womens_soccer/womens_soccer_athlete_source_priority.csv#row=63,London City Lionesses is a P0 roster/source verification row; open the source and triage refs before any candidate-state writeback.,Prepare future human intake only; generated fields do not authorize quarantine download or asset approval.,"Do not download assets, write headshots, approve candidates, create .approved markers, move files, or publish from this generated row.",no,,,,,,,,true,false,false,false,false,false,false,false,false,false,false
28,2_p0_roster_or_source_verify,p0_source_or_roster_row|future_intake_prep_only,P0_OFFICIAL_LEAGUE_TEAM,future_quarantine_download_intake_prep,official_source_candidate,europe_top_flight,wsl_england,manchester_city_women,Manchester City Women,,official_source_map,source_metadata_review_only,P0_OFFICIAL_LEAGUE_TEAM,official_league,high,no,wslfootball.com,https://www.wslfootball.com/clubs/manchester-city/squad,manchester_city_women,official_source_candidate_manual_verification_required,team_or_roster_scope_not_player_specific,,future_quarantine_download_intake_prep,action_photo_starter_intake_available_no_candidate_selected,data/asset_registry/action_photo_candidates/review_only_womens_soccer_action_photo_starter_intake.csv,data/asset_registry/womens_soccer/womens_soccer_athlete_source_priority.csv#row=64,data/asset_registry/womens_soccer/womens_soccer_athlete_review_triage.csv#row=7,data/asset_registry/womens_soccer/womens_soccer_athlete_candidate_next_action_board.csv#row=64,data/asset_registry/womens_soccer/womens_soccer_athlete_source_priority.csv,data/asset_registry/womens_soccer/womens_soccer_athlete_source_priority.csv#row=64,Manchester City Women is a P0 roster/source verification row; open the source and triage refs before any candidate-state writeback.,Prepare future human intake only; generated fields do not authorize quarantine download or asset approval.,"Do not download assets, write headshots, approve candidates, create .approved markers, move files, or publish from this generated row.",no,,,,,,,,true,false,false,false,false,false,false,false,false,false,false
29,2_p0_roster_or_source_verify,p0_source_or_roster_row|future_intake_prep_only,P0_OFFICIAL_LEAGUE_TEAM,future_quarantine_download_intake_prep,official_source_candidate,europe_top_flight,wsl_england,manchester_united_women,Manchester United Women,,official_source_map,source_metadata_review_only,P0_OFFICIAL_LEAGUE_TEAM,official_league,high,no,wslfootball.com,https://www.wslfootball.com/clubs/manchester-united/squad,manchester_united_women,official_source_candidate_manual_verification_required,team_or_roster_scope_not_player_specific,,future_quarantine_download_intake_prep,action_photo_starter_intake_available_no_candidate_selected,data/asset_registry/action_photo_candidates/review_only_womens_soccer_action_photo_starter_intake.csv,data/asset_registry/womens_soccer/womens_soccer_athlete_source_priority.csv#row=65,data/asset_registry/womens_soccer/womens_soccer_athlete_review_triage.csv#row=7,data/asset_registry/womens_soccer/womens_soccer_athlete_candidate_next_action_board.csv#row=65,data/asset_registry/womens_soccer/womens_soccer_athlete_source_priority.csv,data/asset_registry/womens_soccer/womens_soccer_athlete_source_priority.csv#row=65,Manchester United Women is a P0 roster/source verification row; open the source and triage refs before any candidate-state writeback.,Prepare future human intake only; generated fields do not authorize quarantine download or asset approval.,"Do not download assets, write headshots, approve candidates, create .approved markers, move files, or publish from this generated row.",no,,,,,,,,true,false,false,false,false,false,false,false,false,false,false
30,2_p0_roster_or_source_verify,p0_source_or_roster_row|future_intake_prep_only,P0_OFFICIAL_LEAGUE_TEAM,future_quarantine_download_intake_prep,official_source_candidate,europe_top_flight,wsl_england,tottenham_hotspur_women,Tottenham Hotspur Women,,official_source_map,source_metadata_review_only,P0_OFFICIAL_LEAGUE_TEAM,official_league,high,no,wslfootball.com,https://www.wslfootball.com/clubs/tottenham-hotspur/squad,tottenham_hotspur_women,official_source_candidate_manual_verification_required,team_or_roster_scope_not_player_specific,,future_quarantine_download_intake_prep,action_photo_starter_intake_available_no_candidate_selected,data/asset_registry/action_photo_candidates/review_only_womens_soccer_action_photo_starter_intake.csv,data/asset_registry/womens_soccer/womens_soccer_athlete_source_priority.csv#row=66,data/asset_registry/womens_soccer/womens_soccer_athlete_review_triage.csv#row=7,data/asset_registry/womens_soccer/womens_soccer_athlete_candidate_next_action_board.csv#row=66,data/asset_registry/womens_soccer/womens_soccer_athlete_source_priority.csv,data/asset_registry/womens_soccer/womens_soccer_athlete_source_priority.csv#row=66,Tottenham Hotspur Women is a P0 roster/source verification row; open the source and triage refs before any candidate-state writeback.,Prepare future human intake only; generated fields do not authorize quarantine download or asset approval.,"Do not download assets, write headshots, approve candidates, create .approved markers, move files, or publish from this generated row.",no,,,,,,,,true,false,false,false,false,false,false,false,false,false,false
31,2_p0_roster_or_source_verify,p0_source_or_roster_row|future_intake_prep_only,P0_OFFICIAL_LEAGUE_TEAM,future_quarantine_download_intake_prep,official_source_candidate,europe_top_flight,wsl_england,west_ham_united_women,West Ham United Women,,official_source_map,source_metadata_review_only,P0_OFFICIAL_LEAGUE_TEAM,official_league,high,no,wslfootball.com,https://www.wslfootball.com/clubs/west-ham-united/squad,west_ham_united_women,official_source_candidate_manual_verification_required,team_or_roster_scope_not_player_specific,,future_quarantine_download_intake_prep,action_photo_starter_intake_available_no_candidate_selected,data/asset_registry/action_photo_candidates/review_only_womens_soccer_action_photo_starter_intake.csv,data/asset_registry/womens_soccer/womens_soccer_athlete_source_priority.csv#row=67,data/asset_registry/womens_soccer/womens_soccer_athlete_review_triage.csv#row=7,data/asset_registry/womens_soccer/womens_soccer_athlete_candidate_next_action_board.csv#row=67,data/asset_registry/womens_soccer/womens_soccer_athlete_source_priority.csv,data/asset_registry/womens_soccer/womens_soccer_athlete_source_priority.csv#row=67,West Ham United Women is a P0 roster/source verification row; open the source and triage refs before any candidate-state writeback.,Prepare future human intake only; generated fields do not authorize quarantine download or asset approval.,"Do not download assets, write headshots, approve candidates, create .approved markers, move files, or publish from this generated row.",no,,,,,,,,true,false,false,false,false,false,false,false,false,false,false
32,2_p0_roster_or_source_verify,p0_source_or_roster_row|future_intake_prep_only,P0_OFFICIAL_LEAGUE_ROSTER,future_quarantine_download_intake_prep,official_source_candidate,europe_top_flight,liga_f_spain,alhama_cf_elpozo,Alhama CF ElPozo,,official_source_map,source_metadata_review_only,P0_OFFICIAL_LEAGUE_ROSTER,official_league,high,no,ligaf.es,https://ligaf.es/equipo/alhama-cf-femenino/20478/plantilla/2026,alhama_cf_elpozo,official_source_candidate_manual_verification_required,team_or_roster_scope_not_player_specific,,future_quarantine_download_intake_prep,action_photo_starter_intake_available_no_candidate_selected,data/asset_registry/action_photo_candidates/review_only_womens_soccer_action_photo_starter_intake.csv,data/asset_registry/womens_soccer/womens_soccer_athlete_source_priority.csv#row=68,data/asset_registry/womens_soccer/womens_soccer_athlete_review_triage.csv#row=8,data/asset_registry/womens_soccer/womens_soccer_athlete_candidate_next_action_board.csv#row=68,data/asset_registry/womens_soccer/womens_soccer_athlete_source_priority.csv,data/asset_registry/womens_soccer/womens_soccer_athlete_source_priority.csv#row=68,Alhama CF ElPozo is a P0 roster/source verification row; open the source and triage refs before any candidate-state writeback.,Prepare future human intake only; generated fields do not authorize quarantine download or asset approval.,"Do not download assets, write headshots, approve candidates, create .approved markers, move files, or publish from this generated row.",no,,,,,,,,true,false,false,false,false,false,false,false,false,false,false
33,2_p0_roster_or_source_verify,p0_source_or_roster_row|future_intake_prep_only,P0_OFFICIAL_LEAGUE_ROSTER,future_quarantine_download_intake_prep,official_source_candidate,europe_top_flight,liga_f_spain,athletic_club,Athletic Club,,official_source_map,source_metadata_review_only,P0_OFFICIAL_LEAGUE_ROSTER,official_league,high,no,ligaf.es,https://ligaf.es/equipo/athletic-club-femenino/8845/plantilla/2026,athletic_club,official_source_candidate_manual_verification_required,team_or_roster_scope_not_player_specific,,future_quarantine_download_intake_prep,action_photo_starter_intake_available_no_candidate_selected,data/asset_registry/action_photo_candidates/review_only_womens_soccer_action_photo_starter_intake.csv,data/asset_registry/womens_soccer/womens_soccer_athlete_source_priority.csv#row=69,data/asset_registry/womens_soccer/womens_soccer_athlete_review_triage.csv#row=8,data/asset_registry/womens_soccer/womens_soccer_athlete_candidate_next_action_board.csv#row=69,data/asset_registry/womens_soccer/womens_soccer_athlete_source_priority.csv,data/asset_registry/womens_soccer/womens_soccer_athlete_source_priority.csv#row=69,Athletic Club is a P0 roster/source verification row; open the source and triage refs before any candidate-state writeback.,Prepare future human intake only; generated fields do not authorize quarantine download or asset approval.,"Do not download assets, write headshots, approve candidates, create .approved markers, move files, or publish from this generated row.",no,,,,,,,,true,false,false,false,false,false,false,false,false,false,false
34,2_p0_roster_or_source_verify,p0_source_or_roster_row|future_intake_prep_only,P0_OFFICIAL_LEAGUE_ROSTER,future_quarantine_download_intake_prep,official_source_candidate,europe_top_flight,liga_f_spain,atl_tico_de_madrid,Atlético de Madrid,,official_source_map,source_metadata_review_only,P0_OFFICIAL_LEAGUE_ROSTER,official_league,high,no,ligaf.es,https://ligaf.es/equipo/club-atletico-de-madrid-femenino/12279/plantilla/2026,atl_tico_de_madrid,official_source_candidate_manual_verification_required,team_or_roster_scope_not_player_specific,,future_quarantine_download_intake_prep,action_photo_starter_intake_available_no_candidate_selected,data/asset_registry/action_photo_candidates/review_only_womens_soccer_action_photo_starter_intake.csv,data/asset_registry/womens_soccer/womens_soccer_athlete_source_priority.csv#row=70,data/asset_registry/womens_soccer/womens_soccer_athlete_review_triage.csv#row=8,data/asset_registry/womens_soccer/womens_soccer_athlete_candidate_next_action_board.csv#row=70,data/asset_registry/womens_soccer/womens_soccer_athlete_source_priority.csv,data/asset_registry/womens_soccer/womens_soccer_athlete_source_priority.csv#row=70,Atlético de Madrid is a P0 roster/source verification row; open the source and triage refs before any candidate-state writeback.,Prepare future human intake only; generated fields do not authorize quarantine download or asset approval.,"Do not download assets, write headshots, approve candidates, create .approved markers, move files, or publish from this generated row.",no,,,,,,,,true,false,false,false,false,false,false,false,false,false,false
35,2_p0_roster_or_source_verify,p0_source_or_roster_row|future_intake_prep_only,P0_OFFICIAL_LEAGUE_ROSTER,future_quarantine_download_intake_prep,official_source_candidate,europe_top_flight,liga_f_spain,costa_adeje_tenerife,Costa Adeje Tenerife,,official_source_map,source_metadata_review_only,P0_OFFICIAL_LEAGUE_ROSTER,official_league,high,no,ligaf.es,https://ligaf.es/equipo/ud-granadilla-tenerife-sur-femenino/12369/plantilla/2026,costa_adeje_tenerife,official_source_candidate_manual_verification_required,team_or_roster_scope_not_player_specific,,future_quarantine_download_intake_prep,action_photo_starter_intake_available_no_candidate_selected,data/asset_registry/action_photo_candidates/review_only_womens_soccer_action_photo_starter_intake.csv,data/asset_registry/womens_soccer/womens_soccer_athlete_source_priority.csv#row=71,data/asset_registry/womens_soccer/womens_soccer_athlete_review_triage.csv#row=8,data/asset_registry/womens_soccer/womens_soccer_athlete_candidate_next_action_board.csv#row=71,data/asset_registry/womens_soccer/womens_soccer_athlete_source_priority.csv,data/asset_registry/womens_soccer/womens_soccer_athlete_source_priority.csv#row=71,Costa Adeje Tenerife is a P0 roster/source verification row; open the source and triage refs before any candidate-state writeback.,Prepare future human intake only; generated fields do not authorize quarantine download or asset approval.,"Do not download assets, write headshots, approve candidates, create .approved markers, move files, or publish from this generated row.",no,,,,,,,,true,false,false,false,false,false,false,false,false,false,false
36,2_p0_roster_or_source_verify,p0_source_or_roster_row|future_intake_prep_only,P0_OFFICIAL_LEAGUE_ROSTER,future_quarantine_download_intake_prep,official_source_candidate,europe_top_flight,liga_f_spain,dux_logro_o,DUX Logroño,,official_source_map,source_metadata_review_only,P0_OFFICIAL_LEAGUE_ROSTER,official_league,high,no,ligaf.es,https://ligaf.es/equipo/edf-logrono-femenina/51737/plantilla/2026,dux_logro_o,official_source_candidate_manual_verification_required,team_or_roster_scope_not_player_specific,,future_quarantine_download_intake_prep,action_photo_starter_intake_available_no_candidate_selected,data/asset_registry/action_photo_candidates/review_only_womens_soccer_action_photo_starter_intake.csv,data/asset_registry/womens_soccer/womens_soccer_athlete_source_priority.csv#row=72,data/asset_registry/womens_soccer/womens_soccer_athlete_review_triage.csv#row=8,data/asset_registry/womens_soccer/womens_soccer_athlete_candidate_next_action_board.csv#row=72,data/asset_registry/womens_soccer/womens_soccer_athlete_source_priority.csv,data/asset_registry/womens_soccer/womens_soccer_athlete_source_priority.csv#row=72,DUX Logroño is a P0 roster/source verification row; open the source and triage refs before any candidate-state writeback.,Prepare future human intake only; generated fields do not authorize quarantine download or asset approval.,"Do not download assets, write headshots, approve candidates, create .approved markers, move files, or publish from this generated row.",no,,,,,,,,true,false,false,false,false,false,false,false,false,false,false
37,2_p0_roster_or_source_verify,p0_source_or_roster_row|future_intake_prep_only,P0_OFFICIAL_LEAGUE_ROSTER,future_quarantine_download_intake_prep,official_source_candidate,europe_top_flight,liga_f_spain,deportivo_abanca,Deportivo Abanca,,official_source_map,source_metadata_review_only,P0_OFFICIAL_LEAGUE_ROSTER,official_league,high,no,ligaf.es,https://ligaf.es/equipo/deportivo-femenino/8870/plantilla/2026,deportivo_abanca,official_source_candidate_manual_verification_required,team_or_roster_scope_not_player_specific,,future_quarantine_download_intake_prep,action_photo_starter_intake_available_no_candidate_selected,data/asset_registry/action_photo_candidates/review_only_womens_soccer_action_photo_starter_intake.csv,data/asset_registry/womens_soccer/womens_soccer_athlete_source_priority.csv#row=73,data/asset_registry/womens_soccer/womens_soccer_athlete_review_triage.csv#row=8,data/asset_registry/womens_soccer/womens_soccer_athlete_candidate_next_action_board.csv#row=73,data/asset_registry/womens_soccer/womens_soccer_athlete_source_priority.csv,data/asset_registry/womens_soccer/womens_soccer_athlete_source_priority.csv#row=73,Deportivo Abanca is a P0 roster/source verification row; open the source and triage refs before any candidate-state writeback.,Prepare future human intake only; generated fields do not authorize quarantine download or asset approval.,"Do not download assets, write headshots, approve candidates, create .approved markers, move files, or publish from this generated row.",no,,,,,,,,true,false,false,false,false,false,false,false,false,false,false
38,2_p0_roster_or_source_verify,p0_source_or_roster_row|future_intake_prep_only,P0_OFFICIAL_LEAGUE_ROSTER,future_quarantine_download_intake_prep,official_source_candidate,europe_top_flight,liga_f_spain,fc_badalona_women,FC Badalona Women,,official_source_map,source_metadata_review_only,P0_OFFICIAL_LEAGUE_ROSTER,official_league,high,no,ligaf.es,https://ligaf.es/equipo/levante-las-planas-femenino/20435/plantilla/2026,fc_badalona_women,official_source_candidate_manual_verification_required,team_or_roster_scope_not_player_specific,,future_quarantine_download_intake_prep,action_photo_starter_intake_available_no_candidate_selected,data/asset_registry/action_photo_candidates/review_only_womens_soccer_action_photo_starter_intake.csv,data/asset_registry/womens_soccer/womens_soccer_athlete_source_priority.csv#row=74,data/asset_registry/womens_soccer/womens_soccer_athlete_review_triage.csv#row=8,data/asset_registry/womens_soccer/womens_soccer_athlete_candidate_next_action_board.csv#row=74,data/asset_registry/womens_soccer/womens_soccer_athlete_source_priority.csv,data/asset_registry/womens_soccer/womens_soccer_athlete_source_priority.csv#row=74,FC Badalona Women is a P0 roster/source verification row; open the source and triage refs before any candidate-state writeback.,Prepare future human intake only; generated fields do not authorize quarantine download or asset approval.,"Do not download assets, write headshots, approve candidates, create .approved markers, move files, or publish from this generated row.",no,,,,,,,,true,false,false,false,false,false,false,false,false,false,false
39,2_p0_roster_or_source_verify,p0_source_or_roster_row|future_intake_prep_only,P0_OFFICIAL_LEAGUE_ROSTER,future_quarantine_download_intake_prep,official_source_candidate,europe_top_flight,liga_f_spain,fc_barcelona,FC Barcelona,,official_source_map,source_metadata_review_only,P0_OFFICIAL_LEAGUE_ROSTER,official_league,high,no,ligaf.es,https://ligaf.es/equipo/fc-barcelona-femenino/8852/plantilla/2026,fc_barcelona,official_source_candidate_manual_verification_required,team_or_roster_scope_not_player_specific,,future_quarantine_download_intake_prep,action_photo_starter_intake_available_no_candidate_selected,data/asset_registry/action_photo_candidates/review_only_womens_soccer_action_photo_starter_intake.csv,data/asset_registry/womens_soccer/womens_soccer_athlete_source_priority.csv#row=75,data/asset_registry/womens_soccer/womens_soccer_athlete_review_triage.csv#row=8,data/asset_registry/womens_soccer/womens_soccer_athlete_candidate_next_action_board.csv#row=75,data/asset_registry/womens_soccer/womens_soccer_athlete_source_priority.csv,data/asset_registry/womens_soccer/womens_soccer_athlete_source_priority.csv#row=75,FC Barcelona is a P0 roster/source verification row; open the source and triage refs before any candidate-state writeback.,Prepare future human intake only; generated fields do not authorize quarantine download or asset approval.,"Do not download assets, write headshots, approve candidates, create .approved markers, move files, or publish from this generated row.",no,,,,,,,,true,false,false,false,false,false,false,false,false,false,false
40,2_p0_roster_or_source_verify,p0_source_or_roster_row|future_intake_prep_only,P0_OFFICIAL_LEAGUE_ROSTER,future_quarantine_download_intake_prep,official_source_candidate,europe_top_flight,liga_f_spain,granada_cf,Granada CF,,official_source_map,source_metadata_review_only,P0_OFFICIAL_LEAGUE_ROSTER,official_league,high,no,ligaf.es,https://ligaf.es/equipo/granada-cf-femenino/8909/plantilla/2026,granada_cf,official_source_candidate_manual_verification_required,team_or_roster_scope_not_player_specific,,future_quarantine_download_intake_prep,action_photo_starter_intake_available_no_candidate_selected,data/asset_registry/action_photo_candidates/review_only_womens_soccer_action_photo_starter_intake.csv,data/asset_registry/womens_soccer/womens_soccer_athlete_source_priority.csv#row=76,data/asset_registry/womens_soccer/womens_soccer_athlete_review_triage.csv#row=8,data/asset_registry/womens_soccer/womens_soccer_athlete_candidate_next_action_board.csv#row=76,data/asset_registry/womens_soccer/womens_soccer_athlete_source_priority.csv,data/asset_registry/womens_soccer/womens_soccer_athlete_source_priority.csv#row=76,Granada CF is a P0 roster/source verification row; open the source and triage refs before any candidate-state writeback.,Prepare future human intake only; generated fields do not authorize quarantine download or asset approval.,"Do not download assets, write headshots, approve candidates, create .approved markers, move files, or publish from this generated row.",no,,,,,,,,true,false,false,false,false,false,false,false,false,false,false
41,2_p0_roster_or_source_verify,p0_source_or_roster_row|future_intake_prep_only,P0_OFFICIAL_LEAGUE_ROSTER,future_quarantine_download_intake_prep,official_source_candidate,europe_top_flight,liga_f_spain,levante_ud,Levante UD,,official_source_map,source_metadata_review_only,P0_OFFICIAL_LEAGUE_ROSTER,official_league,high,no,ligaf.es,https://ligaf.es/equipo/levante-ud-femenino/8859/plantilla/2026,levante_ud,official_source_candidate_manual_verification_required,team_or_roster_scope_not_player_specific,,future_quarantine_download_intake_prep,action_photo_starter_intake_available_no_candidate_selected,data/asset_registry/action_photo_candidates/review_only_womens_soccer_action_photo_starter_intake.csv,data/asset_registry/womens_soccer/womens_soccer_athlete_source_priority.csv#row=77,data/asset_registry/womens_soccer/womens_soccer_athlete_review_triage.csv#row=8,data/asset_registry/womens_soccer/womens_soccer_athlete_candidate_next_action_board.csv#row=77,data/asset_registry/womens_soccer/womens_soccer_athlete_source_priority.csv,data/asset_registry/womens_soccer/womens_soccer_athlete_source_priority.csv#row=77,Levante UD is a P0 roster/source verification row; open the source and triage refs before any candidate-state writeback.,Prepare future human intake only; generated fields do not authorize quarantine download or asset approval.,"Do not download assets, write headshots, approve candidates, create .approved markers, move files, or publish from this generated row.",no,,,,,,,,true,false,false,false,false,false,false,false,false,false,false
42,2_p0_roster_or_source_verify,p0_source_or_roster_row|future_intake_prep_only,P0_OFFICIAL_LEAGUE_ROSTER,future_quarantine_download_intake_prep,official_source_candidate,europe_top_flight,liga_f_spain,madrid_cff,Madrid CFF,,official_source_map,source_metadata_review_only,P0_OFFICIAL_LEAGUE_ROSTER,official_league,high,no,ligaf.es,https://ligaf.es/equipo/madrid-cf-femenino/12358/plantilla/2026,madrid_cff,official_source_candidate_manual_verification_required,team_or_roster_scope_not_player_specific,,future_quarantine_download_intake_prep,action_photo_starter_intake_available_no_candidate_selected,data/asset_registry/action_photo_candidates/review_only_womens_soccer_action_photo_starter_intake.csv,data/asset_registry/womens_soccer/womens_soccer_athlete_source_priority.csv#row=78,data/asset_registry/womens_soccer/womens_soccer_athlete_review_triage.csv#row=8,data/asset_registry/womens_soccer/womens_soccer_athlete_candidate_next_action_board.csv#row=78,data/asset_registry/womens_soccer/womens_soccer_athlete_source_priority.csv,data/asset_registry/womens_soccer/womens_soccer_athlete_source_priority.csv#row=78,Madrid CFF is a P0 roster/source verification row; open the source and triage refs before any candidate-state writeback.,Prepare future human intake only; generated fields do not authorize quarantine download or asset approval.,"Do not download assets, write headshots, approve candidates, create .approved markers, move files, or publish from this generated row.",no,,,,,,,,true,false,false,false,false,false,false,false,false,false,false
43,2_p0_roster_or_source_verify,p0_source_or_roster_row|future_intake_prep_only,P0_OFFICIAL_LEAGUE_ROSTER,future_quarantine_download_intake_prep,official_source_candidate,europe_top_flight,liga_f_spain,rcd_espanyol_de_barcelona,RCD Espanyol de Barcelona,,official_source_map,source_metadata_review_only,P0_OFFICIAL_LEAGUE_ROSTER,official_league,high,no,ligaf.es,https://ligaf.es/equipo/rcd-espanyol-femenino/8847/plantilla/2026,rcd_espanyol_de_barcelona,official_source_candidate_manual_verification_required,team_or_roster_scope_not_player_specific,,future_quarantine_download_intake_prep,action_photo_starter_intake_available_no_candidate_selected,data/asset_registry/action_photo_candidates/review_only_womens_soccer_action_photo_starter_intake.csv,data/asset_registry/womens_soccer/womens_soccer_athlete_source_priority.csv#row=79,data/asset_registry/womens_soccer/womens_soccer_athlete_review_triage.csv#row=8,data/asset_registry/womens_soccer/womens_soccer_athlete_candidate_next_action_board.csv#row=79,data/asset_registry/womens_soccer/womens_soccer_athlete_source_priority.csv,data/asset_registry/womens_soccer/womens_soccer_athlete_source_priority.csv#row=79,RCD Espanyol de Barcelona is a P0 roster/source verification row; open the source and triage refs before any candidate-state writeback.,Prepare future human intake only; generated fields do not authorize quarantine download or asset approval.,"Do not download assets, write headshots, approve candidates, create .approved markers, move files, or publish from this generated row.",no,,,,,,,,true,false,false,false,false,false,false,false,false,false,false
44,2_p0_roster_or_source_verify,p0_source_or_roster_row|future_intake_prep_only,P0_OFFICIAL_LEAGUE_ROSTER,future_quarantine_download_intake_prep,official_source_candidate,europe_top_flight,liga_f_spain,real_madrid_cf,Real Madrid CF,,official_source_map,source_metadata_review_only,P0_OFFICIAL_LEAGUE_ROSTER,official_league,high,no,ligaf.es,https://ligaf.es/equipo/real-madrid-femenino/12364/plantilla/2026,real_madrid_cf,official_source_candidate_manual_verification_required,team_or_roster_scope_not_player_specific,,future_quarantine_download_intake_prep,action_photo_starter_intake_available_no_candidate_selected,data/asset_registry/action_photo_candidates/review_only_womens_soccer_action_photo_starter_intake.csv,data/asset_registry/womens_soccer/womens_soccer_athlete_source_priority.csv#row=80,data/asset_registry/womens_soccer/womens_soccer_athlete_review_triage.csv#row=8,data/asset_registry/womens_soccer/womens_soccer_athlete_candidate_next_action_board.csv#row=80,data/asset_registry/womens_soccer/womens_soccer_athlete_source_priority.csv,data/asset_registry/womens_soccer/womens_soccer_athlete_source_priority.csv#row=80,Real Madrid CF is a P0 roster/source verification row; open the source and triage refs before any candidate-state writeback.,Prepare future human intake only; generated fields do not authorize quarantine download or asset approval.,"Do not download assets, write headshots, approve candidates, create .approved markers, move files, or publish from this generated row.",no,,,,,,,,true,false,false,false,false,false,false,false,false,false,false
45,2_p0_roster_or_source_verify,p0_source_or_roster_row|future_intake_prep_only,P0_OFFICIAL_LEAGUE_ROSTER,future_quarantine_download_intake_prep,official_source_candidate,europe_top_flight,liga_f_spain,real_sociedad,Real Sociedad,,official_source_map,source_metadata_review_only,P0_OFFICIAL_LEAGUE_ROSTER,official_league,high,no,ligaf.es,https://ligaf.es/equipo/real-sociedad-futbol-femenino/8843/plantilla/2026,real_sociedad,official_source_candidate_manual_verification_required,team_or_roster_scope_not_player_specific,,future_quarantine_download_intake_prep,action_photo_starter_intake_available_no_candidate_selected,data/asset_registry/action_photo_candidates/review_only_womens_soccer_action_photo_starter_intake.csv,data/asset_registry/womens_soccer/womens_soccer_athlete_source_priority.csv#row=81,data/asset_registry/womens_soccer/womens_soccer_athlete_review_triage.csv#row=8,data/asset_registry/womens_soccer/womens_soccer_athlete_candidate_next_action_board.csv#row=81,data/asset_registry/womens_soccer/womens_soccer_athlete_source_priority.csv,data/asset_registry/womens_soccer/womens_soccer_athlete_source_priority.csv#row=81,Real Sociedad is a P0 roster/source verification row; open the source and triage refs before any candidate-state writeback.,Prepare future human intake only; generated fields do not authorize quarantine download or asset approval.,"Do not download assets, write headshots, approve candidates, create .approved markers, move files, or publish from this generated row.",no,,,,,,,,true,false,false,false,false,false,false,false,false,false,false
46,2_p0_roster_or_source_verify,p0_source_or_roster_row|future_intake_prep_only,P0_OFFICIAL_LEAGUE_ROSTER,future_quarantine_download_intake_prep,official_source_candidate,europe_top_flight,liga_f_spain,sd_eibar,SD Eibar,,official_source_map,source_metadata_review_only,P0_OFFICIAL_LEAGUE_ROSTER,official_league,high,no,ligaf.es,https://ligaf.es/equipo/eibar-femenino/66085/plantilla/2026,sd_eibar,official_source_candidate_manual_verification_required,team_or_roster_scope_not_player_specific,,future_quarantine_download_intake_prep,action_photo_starter_intake_available_no_candidate_selected,data/asset_registry/action_photo_candidates/review_only_womens_soccer_action_photo_starter_intake.csv,data/asset_registry/womens_soccer/womens_soccer_athlete_source_priority.csv#row=82,data/asset_registry/womens_soccer/womens_soccer_athlete_review_triage.csv#row=8,data/asset_registry/womens_soccer/womens_soccer_athlete_candidate_next_action_board.csv#row=82,data/asset_registry/womens_soccer/womens_soccer_athlete_source_priority.csv,data/asset_registry/womens_soccer/womens_soccer_athlete_source_priority.csv#row=82,SD Eibar is a P0 roster/source verification row; open the source and triage refs before any candidate-state writeback.,Prepare future human intake only; generated fields do not authorize quarantine download or asset approval.,"Do not download assets, write headshots, approve candidates, create .approved markers, move files, or publish from this generated row.",no,,,,,,,,true,false,false,false,false,false,false,false,false,false,false
47,2_p0_roster_or_source_verify,p0_source_or_roster_row|future_intake_prep_only,P0_OFFICIAL_LEAGUE_ROSTER,future_quarantine_download_intake_prep,official_source_candidate,europe_top_flight,liga_f_spain,sevilla_fc,Sevilla FC,,official_source_map,source_metadata_review_only,P0_OFFICIAL_LEAGUE_ROSTER,official_league,high,no,ligaf.es,https://ligaf.es/equipo/sevilla-fc-femenino-esp/12280/plantilla/2026,sevilla_fc,official_source_candidate_manual_verification_required,team_or_roster_scope_not_player_specific,,future_quarantine_download_intake_prep,action_photo_starter_intake_available_no_candidate_selected,data/asset_registry/action_photo_candidates/review_only_womens_soccer_action_photo_starter_intake.csv,data/asset_registry/womens_soccer/womens_soccer_athlete_source_priority.csv#row=83,data/asset_registry/womens_soccer/womens_soccer_athlete_review_triage.csv#row=8,data/asset_registry/womens_soccer/womens_soccer_athlete_candidate_next_action_board.csv#row=83,data/asset_registry/womens_soccer/womens_soccer_athlete_source_priority.csv,data/asset_registry/womens_soccer/womens_soccer_athlete_source_priority.csv#row=83,Sevilla FC is a P0 roster/source verification row; open the source and triage refs before any candidate-state writeback.,Prepare future human intake only; generated fields do not authorize quarantine download or asset approval.,"Do not download assets, write headshots, approve candidates, create .approved markers, move files, or publish from this generated row.",no,,,,,,,,true,false,false,false,false,false,false,false,false,false,false
48,2_p0_roster_or_source_verify,p0_source_or_roster_row|future_intake_prep_only,P0_OFFICIAL_FEDERATION_ROSTER,future_quarantine_download_intake_prep,official_source_candidate,europe_top_flight,frauen_bundesliga_germany,1_fc_k_ln_women,1. FC Köln Women,,official_source_map,source_metadata_review_only,P0_OFFICIAL_FEDERATION_ROSTER,official_federation,high,no,datencenter.dfb.de,https://datencenter.dfb.de/competitions/google-pixel-frauen-bundesliga/seasons/google-pixel-frauen-bundesliga-2025-2026/teams/1-fc-koeln-39074,1_fc_k_ln_women,official_source_candidate_manual_verification_required,team_or_roster_scope_not_player_specific,,future_quarantine_download_intake_prep,action_photo_starter_intake_available_no_candidate_selected,data/asset_registry/action_photo_candidates/review_only_womens_soccer_action_photo_starter_intake.csv,data/asset_registry/womens_soccer/womens_soccer_athlete_source_priority.csv#row=84,data/asset_registry/womens_soccer/womens_soccer_athlete_review_triage.csv#row=9,data/asset_registry/womens_soccer/womens_soccer_athlete_candidate_next_action_board.csv#row=84,data/asset_registry/womens_soccer/womens_soccer_athlete_source_priority.csv,data/asset_registry/womens_soccer/womens_soccer_athlete_source_priority.csv#row=84,1. FC Köln Women is a P0 roster/source verification row; open the source and triage refs before any candidate-state writeback.,Prepare future human intake only; generated fields do not authorize quarantine download or asset approval.,"Do not download assets, write headshots, approve candidates, create .approved markers, move files, or publish from this generated row.",no,,,,,,,,true,false,false,false,false,false,false,false,false,false,false
49,2_p0_roster_or_source_verify,p0_source_or_roster_row|future_intake_prep_only,P0_OFFICIAL_FEDERATION_ROSTER,future_quarantine_download_intake_prep,official_source_candidate,europe_top_flight,frauen_bundesliga_germany,1_fc_n_rnberg_women,1. FC Nürnberg Women,,official_source_map,source_metadata_review_only,P0_OFFICIAL_FEDERATION_ROSTER,official_federation,high,no,datencenter.dfb.de,https://datencenter.dfb.de/competitions/google-pixel-frauen-bundesliga/seasons/google-pixel-frauen-bundesliga-2025-2026/teams/1-fc-nuernberg-29267,1_fc_n_rnberg_women,official_source_candidate_manual_verification_required,team_or_roster_scope_not_player_specific,,future_quarantine_download_intake_prep,action_photo_starter_intake_available_no_candidate_selected,data/asset_registry/action_photo_candidates/review_only_womens_soccer_action_photo_starter_intake.csv,data/asset_registry/womens_soccer/womens_soccer_athlete_source_priority.csv#row=85,data/asset_registry/womens_soccer/womens_soccer_athlete_review_triage.csv#row=9,data/asset_registry/womens_soccer/womens_soccer_athlete_candidate_next_action_board.csv#row=85,data/asset_registry/womens_soccer/womens_soccer_athlete_source_priority.csv,data/asset_registry/womens_soccer/womens_soccer_athlete_source_priority.csv#row=85,1. FC Nürnberg Women is a P0 roster/source verification row; open the source and triage refs before any candidate-state writeback.,Prepare future human intake only; generated fields do not authorize quarantine download or asset approval.,"Do not download assets, write headshots, approve candidates, create .approved markers, move files, or publish from this generated row.",no,,,,,,,,true,false,false,false,false,false,false,false,false,false,false
50,2_p0_roster_or_source_verify,p0_source_or_roster_row|future_intake_prep_only,P0_OFFICIAL_FEDERATION_ROSTER,future_quarantine_download_intake_prep,official_source_candidate,europe_top_flight,frauen_bundesliga_germany,bayer_04_leverkusen_women,Bayer 04 Leverkusen Women,,official_source_map,source_metadata_review_only,P0_OFFICIAL_FEDERATION_ROSTER,official_federation,high,no,datencenter.dfb.de,https://datencenter.dfb.de/competitions/google-pixel-frauen-bundesliga/seasons/google-pixel-frauen-bundesliga-2025-2026/teams/bayer-04-leverkusen-21515,bayer_04_leverkusen_women,official_source_candidate_manual_verification_required,team_or_roster_scope_not_player_specific,,future_quarantine_download_intake_prep,action_photo_starter_intake_available_no_candidate_selected,data/asset_registry/action_photo_candidates/review_only_womens_soccer_action_photo_starter_intake.csv,data/asset_registry/womens_soccer/womens_soccer_athlete_source_priority.csv#row=86,data/asset_registry/womens_soccer/womens_soccer_athlete_review_triage.csv#row=9,data/asset_registry/womens_soccer/womens_soccer_athlete_candidate_next_action_board.csv#row=86,data/asset_registry/womens_soccer/womens_soccer_athlete_source_priority.csv,data/asset_registry/womens_soccer/womens_soccer_athlete_source_priority.csv#row=86,Bayer 04 Leverkusen Women is a P0 roster/source verification row; open the source and triage refs before any candidate-state writeback.,Prepare future human intake only; generated fields do not authorize quarantine download or asset approval.,"Do not download assets, write headshots, approve candidates, create .approved markers, move files, or publish from this generated row.",no,,,,,,,,true,false,false,false,false,false,false,false,false,false,false
51,2_p0_roster_or_source_verify,p0_source_or_roster_row|future_intake_prep_only,P0_OFFICIAL_FEDERATION_ROSTER,future_quarantine_download_intake_prep,official_source_candidate,europe_top_flight,frauen_bundesliga_germany,eintracht_frankfurt_women,Eintracht Frankfurt Women,,official_source_map,source_metadata_review_only,P0_OFFICIAL_FEDERATION_ROSTER,official_federation,high,no,datencenter.dfb.de,https://datencenter.dfb.de/competitions/google-pixel-frauen-bundesliga/seasons/google-pixel-frauen-bundesliga-2025-2026/teams/eintracht-frankfurt-31426,eintracht_frankfurt_women,official_source_candidate_manual_verification_required,team_or_roster_scope_not_player_specific,,future_quarantine_download_intake_prep,action_photo_starter_intake_available_no_candidate_selected,data/asset_registry/action_photo_candidates/review_only_womens_soccer_action_photo_starter_intake.csv,data/asset_registry/womens_soccer/womens_soccer_athlete_source_priority.csv#row=87,data/asset_registry/womens_soccer/womens_soccer_athlete_review_triage.csv#row=9,data/asset_registry/womens_soccer/womens_soccer_athlete_candidate_next_action_board.csv#row=87,data/asset_registry/womens_soccer/womens_soccer_athlete_source_priority.csv,data/asset_registry/womens_soccer/womens_soccer_athlete_source_priority.csv#row=87,Eintracht Frankfurt Women is a P0 roster/source verification row; open the source and triage refs before any candidate-state writeback.,Prepare future human intake only; generated fields do not authorize quarantine download or asset approval.,"Do not download assets, write headshots, approve candidates, create .approved markers, move files, or publish from this generated row.",no,,,,,,,,true,false,false,false,false,false,false,false,false,false,false
52,2_p0_roster_or_source_verify,p0_source_or_roster_row|future_intake_prep_only,P0_OFFICIAL_FEDERATION_ROSTER,future_quarantine_download_intake_prep,official_source_candidate,europe_top_flight,frauen_bundesliga_germany,fc_bayern_munich_women,FC Bayern Munich Women,,official_source_map,source_metadata_review_only,P0_OFFICIAL_FEDERATION_ROSTER,official_federation,high,no,datencenter.dfb.de,https://datencenter.dfb.de/competitions/google-pixel-frauen-bundesliga/seasons/google-pixel-frauen-bundesliga-2025-2026/teams/bayern-muenchen-208,fc_bayern_munich_women,official_source_candidate_manual_verification_required,team_or_roster_scope_not_player_specific,,future_quarantine_download_intake_prep,action_photo_starter_intake_available_no_candidate_selected,data/asset_registry/action_photo_candidates/review_only_womens_soccer_action_photo_starter_intake.csv,data/asset_registry/womens_soccer/womens_soccer_athlete_source_priority.csv#row=88,data/asset_registry/womens_soccer/womens_soccer_athlete_review_triage.csv#row=9,data/asset_registry/womens_soccer/womens_soccer_athlete_candidate_next_action_board.csv#row=88,data/asset_registry/womens_soccer/womens_soccer_athlete_source_priority.csv,data/asset_registry/womens_soccer/womens_soccer_athlete_source_priority.csv#row=88,FC Bayern Munich Women is a P0 roster/source verification row; open the source and triage refs before any candidate-state writeback.,Prepare future human intake only; generated fields do not authorize quarantine download or asset approval.,"Do not download assets, write headshots, approve candidates, create .approved markers, move files, or publish from this generated row.",no,,,,,,,,true,false,false,false,false,false,false,false,false,false,false
53,2_p0_roster_or_source_verify,p0_source_or_roster_row|future_intake_prep_only,P0_OFFICIAL_FEDERATION_ROSTER,future_quarantine_download_intake_prep,official_source_candidate,europe_top_flight,frauen_bundesliga_germany,fc_carl_zeiss_jena_women,FC Carl Zeiss Jena Women,,official_source_map,source_metadata_review_only,P0_OFFICIAL_FEDERATION_ROSTER,official_federation,high,no,datencenter.dfb.de,https://datencenter.dfb.de/competitions/google-pixel-frauen-bundesliga/seasons/google-pixel-frauen-bundesliga-2025-2026/teams/fc-carl-zeiss-jena-2237862,fc_carl_zeiss_jena_women,official_source_candidate_manual_verification_required,team_or_roster_scope_not_player_specific,,future_quarantine_download_intake_prep,action_photo_starter_intake_available_no_candidate_selected,data/asset_registry/action_photo_candidates/review_only_womens_soccer_action_photo_starter_intake.csv,data/asset_registry/womens_soccer/womens_soccer_athlete_source_priority.csv#row=89,data/asset_registry/womens_soccer/womens_soccer_athlete_review_triage.csv#row=9,data/asset_registry/womens_soccer/womens_soccer_athlete_candidate_next_action_board.csv#row=89,data/asset_registry/womens_soccer/womens_soccer_athlete_source_priority.csv,data/asset_registry/womens_soccer/womens_soccer_athlete_source_priority.csv#row=89,FC Carl Zeiss Jena Women is a P0 roster/source verification row; open the source and triage refs before any candidate-state writeback.,Prepare future human intake only; generated fields do not authorize quarantine download or asset approval.,"Do not download assets, write headshots, approve candidates, create .approved markers, move files, or publish from this generated row.",no,,,,,,,,true,false,false,false,false,false,false,false,false,false,false
54,2_p0_roster_or_source_verify,p0_source_or_roster_row|operator_verify_required,P0_OFFICIAL_CLUB_ROSTER,roster_source_verify,official_source_candidate,europe_top_flight,frauen_bundesliga_germany,hamburger_sv_women,Hamburger SV Women,,official_source_map,source_metadata_review_only,P0_OFFICIAL_CLUB_ROSTER,official_team,medium,yes,hsv.de,https://www.hsv.de/profis/team-hsv-frauen/kader-hsv-frauen,hamburger_sv_women,official_source_candidate_manual_verification_required,team_or_roster_scope_not_player_specific,,europe_source_candidate_not_render_ready,action_photo_starter_intake_available_no_candidate_selected,data/asset_registry/action_photo_candidates/review_only_womens_soccer_action_photo_starter_intake.csv,data/asset_registry/womens_soccer/womens_soccer_athlete_source_priority.csv#row=32,data/asset_registry/womens_soccer/womens_soccer_athlete_review_triage.csv#row=9,data/asset_registry/womens_soccer/womens_soccer_athlete_candidate_next_action_board.csv#row=3,data/asset_registry/womens_soccer/womens_soccer_athlete_source_priority.csv,data/asset_registry/womens_soccer/womens_soccer_athlete_source_priority.csv#row=32,Hamburger SV Women is a P0 roster/source verification row; open the source and triage refs before any candidate-state writeback.,Open the official or advisory roster source manually and verify source quality before any future candidate-state writeback.,"Do not download assets, write headshots, approve candidates, create .approved markers, move files, or publish from this generated row.",no,,,,,,,,true,false,false,false,false,false,false,false,false,false,false
55,2_p0_roster_or_source_verify,p0_source_or_roster_row|future_intake_prep_only,P0_OFFICIAL_FEDERATION_ROSTER,future_quarantine_download_intake_prep,official_source_candidate,europe_top_flight,frauen_bundesliga_germany,rb_leipzig_women,RB Leipzig Women,,official_source_map,source_metadata_review_only,P0_OFFICIAL_FEDERATION_ROSTER,official_federation,high,no,datencenter.dfb.de,https://datencenter.dfb.de/competitions/google-pixel-frauen-bundesliga/seasons/google-pixel-frauen-bundesliga-2025-2026/teams/rb-leipzig-2237175,rb_leipzig_women,official_source_candidate_manual_verification_required,team_or_roster_scope_not_player_specific,,future_quarantine_download_intake_prep,action_photo_starter_intake_available_no_candidate_selected,data/asset_registry/action_photo_candidates/review_only_womens_soccer_action_photo_starter_intake.csv,data/asset_registry/womens_soccer/womens_soccer_athlete_source_priority.csv#row=90,data/asset_registry/womens_soccer/womens_soccer_athlete_review_triage.csv#row=9,data/asset_registry/womens_soccer/womens_soccer_athlete_candidate_next_action_board.csv#row=90,data/asset_registry/womens_soccer/womens_soccer_athlete_source_priority.csv,data/asset_registry/womens_soccer/womens_soccer_athlete_source_priority.csv#row=90,RB Leipzig Women is a P0 roster/source verification row; open the source and triage refs before any candidate-state writeback.,Prepare future human intake only; generated fields do not authorize quarantine download or asset approval.,"Do not download assets, write headshots, approve candidates, create .approved markers, move files, or publish from this generated row.",no,,,,,,,,true,false,false,false,false,false,false,false,false,false,false
56,2_p0_roster_or_source_verify,p0_source_or_roster_row|operator_verify_required,P0_OFFICIAL_CLUB_PAGE,roster_source_verify,official_source_candidate,europe_top_flight,frauen_bundesliga_germany,sc_freiburg_women,SC Freiburg Women,,official_source_map,source_metadata_review_only,P0_OFFICIAL_CLUB_PAGE,official_team,medium_low,yes,scfreiburg.com,https://www.scfreiburg.com/frauen,sc_freiburg_women,official_source_candidate_manual_verification_required,team_or_roster_scope_not_player_specific,,europe_source_candidate_not_render_ready,action_photo_starter_intake_available_no_candidate_selected,data/asset_registry/action_photo_candidates/review_only_womens_soccer_action_photo_starter_intake.csv,data/asset_registry/womens_soccer/womens_soccer_athlete_source_priority.csv#row=33,data/asset_registry/womens_soccer/womens_soccer_athlete_review_triage.csv#row=9,data/asset_registry/womens_soccer/womens_soccer_athlete_candidate_next_action_board.csv#row=4,data/asset_registry/womens_soccer/womens_soccer_athlete_source_priority.csv,data/asset_registry/womens_soccer/womens_soccer_athlete_source_priority.csv#row=33,SC Freiburg Women is a P0 roster/source verification row; open the source and triage refs before any candidate-state writeback.,Open the official or advisory roster source manually and verify source quality before any future candidate-state writeback.,"Do not download assets, write headshots, approve candidates, create .approved markers, move files, or publish from this generated row.",no,,,,,,,,true,false,false,false,false,false,false,false,false,false,false
57,2_p0_roster_or_source_verify,p0_source_or_roster_row|future_intake_prep_only,P0_OFFICIAL_FEDERATION_ROSTER,future_quarantine_download_intake_prep,official_source_candidate,europe_top_flight,frauen_bundesliga_germany,sgs_essen,SGS Essen,,official_source_map,source_metadata_review_only,P0_OFFICIAL_FEDERATION_ROSTER,official_federation,high,no,datencenter.dfb.de,https://datencenter.dfb.de/competitions/google-pixel-frauen-bundesliga/seasons/google-pixel-frauen-bundesliga-2025-2026/teams/sgs-essen,sgs_essen,official_source_candidate_manual_verification_required,team_or_roster_scope_not_player_specific,,future_quarantine_download_intake_prep,action_photo_starter_intake_available_no_candidate_selected,data/asset_registry/action_photo_candidates/review_only_womens_soccer_action_photo_starter_intake.csv,data/asset_registry/womens_soccer/womens_soccer_athlete_source_priority.csv#row=91,data/asset_registry/womens_soccer/womens_soccer_athlete_review_triage.csv#row=9,data/asset_registry/womens_soccer/womens_soccer_athlete_candidate_next_action_board.csv#row=91,data/asset_registry/womens_soccer/womens_soccer_athlete_source_priority.csv,data/asset_registry/womens_soccer/womens_soccer_athlete_source_priority.csv#row=91,SGS Essen is a P0 roster/source verification row; open the source and triage refs before any candidate-state writeback.,Prepare future human intake only; generated fields do not authorize quarantine download or asset approval.,"Do not download assets, write headshots, approve candidates, create .approved markers, move files, or publish from this generated row.",no,,,,,,,,true,false,false,false,false,false,false,false,false,false,false
58,2_p0_roster_or_source_verify,p0_source_or_roster_row|future_intake_prep_only,P0_OFFICIAL_FEDERATION_ROSTER,future_quarantine_download_intake_prep,official_source_candidate,europe_top_flight,frauen_bundesliga_germany,sv_werder_bremen_women,SV Werder Bremen Women,,official_source_map,source_metadata_review_only,P0_OFFICIAL_FEDERATION_ROSTER,official_federation,high,no,datencenter.dfb.de,https://datencenter.dfb.de/competitions/google-pixel-frauen-bundesliga/seasons/google-pixel-frauen-bundesliga-2025-2026/teams/sv-werder-bremen-29374,sv_werder_bremen_women,official_source_candidate_manual_verification_required,team_or_roster_scope_not_player_specific,,future_quarantine_download_intake_prep,action_photo_starter_intake_available_no_candidate_selected,data/asset_registry/action_photo_candidates/review_only_womens_soccer_action_photo_starter_intake.csv,data/asset_registry/womens_soccer/womens_soccer_athlete_source_priority.csv#row=92,data/asset_registry/womens_soccer/womens_soccer_athlete_review_triage.csv#row=9,data/asset_registry/womens_soccer/womens_soccer_athlete_candidate_next_action_board.csv#row=92,data/asset_registry/womens_soccer/womens_soccer_athlete_source_priority.csv,data/asset_registry/womens_soccer/womens_soccer_athlete_source_priority.csv#row=92,SV Werder Bremen Women is a P0 roster/source verification row; open the source and triage refs before any candidate-state writeback.,Prepare future human intake only; generated fields do not authorize quarantine download or asset approval.,"Do not download assets, write headshots, approve candidates, create .approved markers, move files, or publish from this generated row.",no,,,,,,,,true,false,false,false,false,false,false,false,false,false,false
59,2_p0_roster_or_source_verify,p0_source_or_roster_row|operator_verify_required,P0_OFFICIAL_CLUB_ROSTER,roster_source_verify,official_source_candidate,europe_top_flight,frauen_bundesliga_germany,tsg_hoffenheim_women,TSG Hoffenheim Women,,official_source_map,source_metadata_review_only,P0_OFFICIAL_CLUB_ROSTER,official_team,medium,yes,tsg-hoffenheim.de,https://www.tsg-hoffenheim.de/teams/frauen/bundesliga/team,tsg_hoffenheim_women,official_source_candidate_manual_verification_required,team_or_roster_scope_not_player_specific,,europe_source_candidate_not_render_ready,action_photo_starter_intake_available_no_candidate_selected,data/asset_registry/action_photo_candidates/review_only_womens_soccer_action_photo_starter_intake.csv,data/asset_registry/womens_soccer/womens_soccer_athlete_source_priority.csv#row=34,data/asset_registry/womens_soccer/womens_soccer_athlete_review_triage.csv#row=9,data/asset_registry/womens_soccer/womens_soccer_athlete_candidate_next_action_board.csv#row=5,data/asset_registry/womens_soccer/womens_soccer_athlete_source_priority.csv,data/asset_registry/womens_soccer/womens_soccer_athlete_source_priority.csv#row=34,TSG Hoffenheim Women is a P0 roster/source verification row; open the source and triage refs before any candidate-state writeback.,Open the official or advisory roster source manually and verify source quality before any future candidate-state writeback.,"Do not download assets, write headshots, approve candidates, create .approved markers, move files, or publish from this generated row.",no,,,,,,,,true,false,false,false,false,false,false,false,false,false,false
60,2_p0_roster_or_source_verify,p0_source_or_roster_row|future_intake_prep_only,P0_OFFICIAL_FEDERATION_ROSTER,future_quarantine_download_intake_prep,official_source_candidate,europe_top_flight,frauen_bundesliga_germany,union_berlin_women,Union Berlin Women,,official_source_map,source_metadata_review_only,P0_OFFICIAL_FEDERATION_ROSTER,official_federation,high,no,datencenter.dfb.de,https://datencenter.dfb.de/competitions/google-pixel-frauen-bundesliga/seasons/google-pixel-frauen-bundesliga-2025-2026/teams/1-fc-union-berlin-29398,union_berlin_women,official_source_candidate_manual_verification_required,team_or_roster_scope_not_player_specific,,future_quarantine_download_intake_prep,action_photo_starter_intake_available_no_candidate_selected,data/asset_registry/action_photo_candidates/review_only_womens_soccer_action_photo_starter_intake.csv,data/asset_registry/womens_soccer/womens_soccer_athlete_source_priority.csv#row=93,data/asset_registry/womens_soccer/womens_soccer_athlete_review_triage.csv#row=9,data/asset_registry/womens_soccer/womens_soccer_athlete_candidate_next_action_board.csv#row=93,data/asset_registry/womens_soccer/womens_soccer_athlete_source_priority.csv,data/asset_registry/womens_soccer/womens_soccer_athlete_source_priority.csv#row=93,Union Berlin Women is a P0 roster/source verification row; open the source and triage refs before any candidate-state writeback.,Prepare future human intake only; generated fields do not authorize quarantine download or asset approval.,"Do not download assets, write headshots, approve candidates, create .approved markers, move files, or publish from this generated row.",no,,,,,,,,true,false,false,false,false,false,false,false,false,false,false
61,2_p0_roster_or_source_verify,p0_source_or_roster_row|future_intake_prep_only,P0_OFFICIAL_FEDERATION_ROSTER,future_quarantine_download_intake_prep,official_source_candidate,europe_top_flight,frauen_bundesliga_germany,vfl_wolfsburg_women,VfL Wolfsburg Women,,official_source_map,source_metadata_review_only,P0_OFFICIAL_FEDERATION_ROSTER,official_federation,high,no,datencenter.dfb.de,https://datencenter.dfb.de/competitions/google-pixel-frauen-bundesliga/seasons/google-pixel-frauen-bundesliga-2025-2026/teams/vfl-wolfsburg-2085,vfl_wolfsburg_women,official_source_candidate_manual_verification_required,team_or_roster_scope_not_player_specific,,future_quarantine_download_intake_prep,action_photo_starter_intake_available_no_candidate_selected,data/asset_registry/action_photo_candidates/review_only_womens_soccer_action_photo_starter_intake.csv,data/asset_registry/womens_soccer/womens_soccer_athlete_source_priority.csv#row=94,data/asset_registry/womens_soccer/womens_soccer_athlete_review_triage.csv#row=9,data/asset_registry/womens_soccer/womens_soccer_athlete_candidate_next_action_board.csv#row=94,data/asset_registry/womens_soccer/womens_soccer_athlete_source_priority.csv,data/asset_registry/womens_soccer/womens_soccer_athlete_source_priority.csv#row=94,VfL Wolfsburg Women is a P0 roster/source verification row; open the source and triage refs before any candidate-state writeback.,Prepare future human intake only; generated fields do not authorize quarantine download or asset approval.,"Do not download assets, write headshots, approve candidates, create .approved markers, move files, or publish from this generated row.",no,,,,,,,,true,false,false,false,false,false,false,false,false,false,false
62,2_p0_roster_or_source_verify,p0_source_or_roster_row|operator_verify_required,P0_OFFICIAL_CLUB_ROSTER,roster_source_verify,official_source_candidate,europe_top_flight,serie_a_women_italy,ac_milan_women,AC Milan Women,,official_source_map,source_metadata_review_only,P0_OFFICIAL_CLUB_ROSTER,official_team,high,yes,acmilan.com,https://www.acmilan.com/en/teams/women-first-team/all,ac_milan_women,official_source_candidate_manual_verification_required,team_or_roster_scope_not_player_specific,,europe_source_candidate_not_render_ready,action_photo_starter_intake_available_no_candidate_selected,data/asset_registry/action_photo_candidates/review_only_womens_soccer_action_photo_starter_intake.csv,data/asset_registry/womens_soccer/womens_soccer_athlete_source_priority.csv#row=35,data/asset_registry/womens_soccer/womens_soccer_athlete_review_triage.csv#row=10,data/asset_registry/womens_soccer/womens_soccer_athlete_candidate_next_action_board.csv#row=6,data/asset_registry/womens_soccer/womens_soccer_athlete_source_priority.csv,data/asset_registry/womens_soccer/womens_soccer_athlete_source_priority.csv#row=35,AC Milan Women is a P0 roster/source verification row; open the source and triage refs before any candidate-state writeback.,Open the official or advisory roster source manually and verify source quality before any future candidate-state writeback.,"Do not download assets, write headshots, approve candidates, create .approved markers, move files, or publish from this generated row.",no,,,,,,,,true,false,false,false,false,false,false,false,false,false,false
63,2_p0_roster_or_source_verify,p0_source_or_roster_row|operator_verify_required,P0_OFFICIAL_CLUB_ROSTER,roster_source_verify,official_source_candidate,europe_top_flight,serie_a_women_italy,as_roma_women,AS Roma Women,,official_source_map,source_metadata_review_only,P0_OFFICIAL_CLUB_ROSTER,official_team,high,yes,asroma.com,https://www.asroma.com/en/women/players-and-staff,as_roma_women,official_source_candidate_manual_verification_required,team_or_roster_scope_not_player_specific,,europe_source_candidate_not_render_ready,action_photo_starter_intake_available_no_candidate_selected,data/asset_registry/action_photo_candidates/review_only_womens_soccer_action_photo_starter_intake.csv,data/asset_registry/womens_soccer/womens_soccer_athlete_source_priority.csv#row=36,data/asset_registry/womens_soccer/womens_soccer_athlete_review_triage.csv#row=10,data/asset_registry/womens_soccer/womens_soccer_athlete_candidate_next_action_board.csv#row=7,data/asset_registry/womens_soccer/womens_soccer_athlete_source_priority.csv,data/asset_registry/womens_soccer/womens_soccer_athlete_source_priority.csv#row=36,AS Roma Women is a P0 roster/source verification row; open the source and triage refs before any candidate-state writeback.,Open the official or advisory roster source manually and verify source quality before any future candidate-state writeback.,"Do not download assets, write headshots, approve candidates, create .approved markers, move files, or publish from this generated row.",no,,,,,,,,true,false,false,false,false,false,false,false,false,false,false
64,2_p0_roster_or_source_verify,p0_source_or_roster_row|operator_verify_required,P0_OFFICIAL_CLUB_ROSTER,roster_source_verify,official_source_candidate,europe_top_flight,serie_a_women_italy,como_women,Como Women,,official_source_map,source_metadata_review_only,P0_OFFICIAL_CLUB_ROSTER,official_team,high,yes,comowomen.com,https://comowomen.com/en/team-and-staff,como_women,official_source_candidate_manual_verification_required,team_or_roster_scope_not_player_specific,,europe_source_candidate_not_render_ready,action_photo_starter_intake_available_no_candidate_selected,data/asset_registry/action_photo_candidates/review_only_womens_soccer_action_photo_starter_intake.csv,data/asset_registry/womens_soccer/womens_soccer_athlete_source_priority.csv#row=37,data/asset_registry/womens_soccer/womens_soccer_athlete_review_triage.csv#row=10,data/asset_registry/womens_soccer/womens_soccer_athlete_candidate_next_action_board.csv#row=8,data/asset_registry/womens_soccer/womens_soccer_athlete_source_priority.csv,data/asset_registry/womens_soccer/womens_soccer_athlete_source_priority.csv#row=37,Como Women is a P0 roster/source verification row; open the source and triage refs before any candidate-state writeback.,Open the official or advisory roster source manually and verify source quality before any future candidate-state writeback.,"Do not download assets, write headshots, approve candidates, create .approved markers, move files, or publish from this generated row.",no,,,,,,,,true,false,false,false,false,false,false,false,false,false,false
65,2_p0_roster_or_source_verify,p0_source_or_roster_row|future_intake_prep_only,P0_OFFICIAL_CLUB_ROSTER,future_quarantine_download_intake_prep,official_source_candidate,europe_top_flight,serie_a_women_italy,fc_internazionale_women,FC Internazionale Women,,official_source_map,source_metadata_review_only,P0_OFFICIAL_CLUB_ROSTER,official_team,high,no,inter.it,https://www.inter.it/en/teams/inter-women,fc_internazionale_women,official_source_candidate_manual_verification_required,team_or_roster_scope_not_player_specific,,future_quarantine_download_intake_prep,action_photo_starter_intake_available_no_candidate_selected,data/asset_registry/action_photo_candidates/review_only_womens_soccer_action_photo_starter_intake.csv,data/asset_registry/womens_soccer/womens_soccer_athlete_source_priority.csv#row=95,data/asset_registry/womens_soccer/womens_soccer_athlete_review_triage.csv#row=10,data/asset_registry/womens_soccer/womens_soccer_athlete_candidate_next_action_board.csv#row=95,data/asset_registry/womens_soccer/womens_soccer_athlete_source_priority.csv,data/asset_registry/womens_soccer/womens_soccer_athlete_source_priority.csv#row=95,FC Internazionale Women is a P0 roster/source verification row; open the source and triage refs before any candidate-state writeback.,Prepare future human intake only; generated fields do not authorize quarantine download or asset approval.,"Do not download assets, write headshots, approve candidates, create .approved markers, move files, or publish from this generated row.",no,,,,,,,,true,false,false,false,false,false,false,false,false,false,false
66,2_p0_roster_or_source_verify,p0_source_or_roster_row|operator_verify_required,P0_OFFICIAL_CLUB_ROSTER,roster_source_verify,official_source_candidate,europe_top_flight,serie_a_women_italy,fiorentina_women,Fiorentina Women,,official_source_map,source_metadata_review_only,P0_OFFICIAL_CLUB_ROSTER,official_team,medium_high,yes,acffiorentina.com,https://www.acffiorentina.com/en/fiorentina-women,fiorentina_women,official_source_candidate_manual_verification_required,team_or_roster_scope_not_player_specific,,europe_source_candidate_not_render_ready,action_photo_starter_intake_available_no_candidate_selected,data/asset_registry/action_photo_candidates/review_only_womens_soccer_action_photo_starter_intake.csv,data/asset_registry/womens_soccer/womens_soccer_athlete_source_priority.csv#row=38,data/asset_registry/womens_soccer/womens_soccer_athlete_review_triage.csv#row=10,data/asset_registry/womens_soccer/womens_soccer_athlete_candidate_next_action_board.csv#row=9,data/asset_registry/womens_soccer/womens_soccer_athlete_source_priority.csv,data/asset_registry/womens_soccer/womens_soccer_athlete_source_priority.csv#row=38,Fiorentina Women is a P0 roster/source verification row; open the source and triage refs before any candidate-state writeback.,Open the official or advisory roster source manually and verify source quality before any future candidate-state writeback.,"Do not download assets, write headshots, approve candidates, create .approved markers, move files, or publish from this generated row.",no,,,,,,,,true,false,false,false,false,false,false,false,false,false,false
67,2_p0_roster_or_source_verify,p0_source_or_roster_row|operator_verify_required,P0_OFFICIAL_CLUB_PAGE,roster_source_verify,official_source_candidate,europe_top_flight,serie_a_women_italy,genoa_women,Genoa Women,,official_source_map,source_metadata_review_only,P0_OFFICIAL_CLUB_PAGE,official_team,medium_low,yes,genoacfc.it,https://genoacfc.it/prima-squadra-femminile/,genoa_women,official_source_candidate_manual_verification_required,team_or_roster_scope_not_player_specific,,europe_source_candidate_not_render_ready,action_photo_starter_intake_available_no_candidate_selected,data/asset_registry/action_photo_candidates/review_only_womens_soccer_action_photo_starter_intake.csv,data/asset_registry/womens_soccer/womens_soccer_athlete_source_priority.csv#row=39,data/asset_registry/womens_soccer/womens_soccer_athlete_review_triage.csv#row=10,data/asset_registry/womens_soccer/womens_soccer_athlete_candidate_next_action_board.csv#row=10,data/asset_registry/womens_soccer/womens_soccer_athlete_source_priority.csv,data/asset_registry/womens_soccer/womens_soccer_athlete_source_priority.csv#row=39,Genoa Women is a P0 roster/source verification row; open the source and triage refs before any candidate-state writeback.,Open the official or advisory roster source manually and verify source quality before any future candidate-state writeback.,"Do not download assets, write headshots, approve candidates, create .approved markers, move files, or publish from this generated row.",no,,,,,,,,true,false,false,false,false,false,false,false,false,false,false
68,2_p0_roster_or_source_verify,p0_source_or_roster_row|operator_verify_required,P0_OFFICIAL_CLUB_ROSTER,roster_source_verify,official_source_candidate,europe_top_flight,serie_a_women_italy,juventus_women,Juventus Women,,official_source_map,source_metadata_review_only,P0_OFFICIAL_CLUB_ROSTER,official_team,high,yes,juventus.com,https://www.juventus.com/en/teams/first-team-women/squad/,juventus_women,official_source_candidate_manual_verification_required,team_or_roster_scope_not_player_specific,,europe_source_candidate_not_render_ready,action_photo_starter_intake_available_no_candidate_selected,data/asset_registry/action_photo_candidates/review_only_womens_soccer_action_photo_starter_intake.csv,data/asset_registry/womens_soccer/womens_soccer_athlete_source_priority.csv#row=40,data/asset_registry/womens_soccer/womens_soccer_athlete_review_triage.csv#row=10,data/asset_registry/womens_soccer/womens_soccer_athlete_candidate_next_action_board.csv#row=11,data/asset_registry/womens_soccer/womens_soccer_athlete_source_priority.csv,data/asset_registry/womens_soccer/womens_soccer_athlete_source_priority.csv#row=40,Juventus Women is a P0 roster/source verification row; open the source and triage refs before any candidate-state writeback.,Open the official or advisory roster source manually and verify source quality before any future candidate-state writeback.,"Do not download assets, write headshots, approve candidates, create .approved markers, move files, or publish from this generated row.",no,,,,,,,,true,false,false,false,false,false,false,false,false,false,false
69,2_p0_roster_or_source_verify,p0_source_or_roster_row|operator_verify_required,P0_OFFICIAL_CLUB_ROSTER,roster_source_verify,official_source_candidate,europe_top_flight,serie_a_women_italy,lazio_women,Lazio Women,,official_source_map,source_metadata_review_only,P0_OFFICIAL_CLUB_ROSTER,official_team,high,yes,sslazio.it,https://www.sslazio.it/it/team/lazio-prima-squadra-femminile/squadra,lazio_women,official_source_candidate_manual_verification_required,team_or_roster_scope_not_player_specific,,europe_source_candidate_not_render_ready,action_photo_starter_intake_available_no_candidate_selected,data/asset_registry/action_photo_candidates/review_only_womens_soccer_action_photo_starter_intake.csv,data/asset_registry/womens_soccer/womens_soccer_athlete_source_priority.csv#row=41,data/asset_registry/womens_soccer/womens_soccer_athlete_review_triage.csv#row=10,data/asset_registry/womens_soccer/womens_soccer_athlete_candidate_next_action_board.csv#row=12,data/asset_registry/womens_soccer/womens_soccer_athlete_source_priority.csv,data/asset_registry/womens_soccer/womens_soccer_athlete_source_priority.csv#row=41,Lazio Women is a P0 roster/source verification row; open the source and triage refs before any candidate-state writeback.,Open the official or advisory roster source manually and verify source quality before any future candidate-state writeback.,"Do not download assets, write headshots, approve candidates, create .approved markers, move files, or publish from this generated row.",no,,,,,,,,true,false,false,false,false,false,false,false,false,false,false
70,2_p0_roster_or_source_verify,p0_source_or_roster_row|operator_verify_required,P0_OFFICIAL_CLUB_ROSTER,roster_source_verify,official_source_candidate,europe_top_flight,serie_a_women_italy,napoli_femminile,Napoli Femminile,,official_source_map,source_metadata_review_only,P0_OFFICIAL_CLUB_ROSTER,official_team,high,yes,napolifemminile.it,https://napolifemminile.it/rosa/,napoli_femminile,official_source_candidate_manual_verification_required,team_or_roster_scope_not_player_specific,,europe_source_candidate_not_render_ready,action_photo_starter_intake_available_no_candidate_selected,data/asset_registry/action_photo_candidates/review_only_womens_soccer_action_photo_starter_intake.csv,data/asset_registry/womens_soccer/womens_soccer_athlete_source_priority.csv#row=42,data/asset_registry/womens_soccer/womens_soccer_athlete_review_triage.csv#row=10,data/asset_registry/womens_soccer/womens_soccer_athlete_candidate_next_action_board.csv#row=13,data/asset_registry/womens_soccer/womens_soccer_athlete_source_priority.csv,data/asset_registry/womens_soccer/womens_soccer_athlete_source_priority.csv#row=42,Napoli Femminile is a P0 roster/source verification row; open the source and triage refs before any candidate-state writeback.,Open the official or advisory roster source manually and verify source quality before any future candidate-state writeback.,"Do not download assets, write headshots, approve candidates, create .approved markers, move files, or publish from this generated row.",no,,,,,,,,true,false,false,false,false,false,false,false,false,false,false
71,2_p0_roster_or_source_verify,p0_source_or_roster_row|operator_verify_required,P0_OFFICIAL_CLUB_ROSTER,roster_source_verify,official_source_candidate,europe_top_flight,serie_a_women_italy,parma_women,Parma Women,,official_source_map,source_metadata_review_only,P0_OFFICIAL_CLUB_ROSTER,official_team,medium_high,yes,parmacalcio1913.com,https://www.parmacalcio1913.com/prima-squadra-femminile/,parma_women,official_source_candidate_manual_verification_required,team_or_roster_scope_not_player_specific,,europe_source_candidate_not_render_ready,action_photo_starter_intake_available_no_candidate_selected,data/asset_registry/action_photo_candidates/review_only_womens_soccer_action_photo_starter_intake.csv,data/asset_registry/womens_soccer/womens_soccer_athlete_source_priority.csv#row=43,data/asset_registry/womens_soccer/womens_soccer_athlete_review_triage.csv#row=10,data/asset_registry/womens_soccer/womens_soccer_athlete_candidate_next_action_board.csv#row=14,data/asset_registry/womens_soccer/womens_soccer_athlete_source_priority.csv,data/asset_registry/womens_soccer/womens_soccer_athlete_source_priority.csv#row=43,Parma Women is a P0 roster/source verification row; open the source and triage refs before any candidate-state writeback.,Open the official or advisory roster source manually and verify source quality before any future candidate-state writeback.,"Do not download assets, write headshots, approve candidates, create .approved markers, move files, or publish from this generated row.",no,,,,,,,,true,false,false,false,false,false,false,false,false,false,false
72,2_p0_roster_or_source_verify,p0_source_or_roster_row|operator_verify_required,P0_OFFICIAL_CLUB_ROSTER,roster_source_verify,official_source_candidate,europe_top_flight,arkema_premiere_ligue_france,as_saint_etienne_women,AS Saint-Etienne Women,,official_source_map,source_metadata_review_only,P0_OFFICIAL_CLUB_ROSTER,official_team,high,yes,asse.fr,https://www.asse.fr/fr/feminines/saison-2025-2026/arkema-premiere-ligue,as_saint_etienne_women,official_source_candidate_manual_verification_required,team_or_roster_scope_not_player_specific,,europe_source_candidate_not_render_ready,action_photo_starter_intake_available_no_candidate_selected,data/asset_registry/action_photo_candidates/review_only_womens_soccer_action_photo_starter_intake.csv,data/asset_registry/womens_soccer/womens_soccer_athlete_source_priority.csv#row=44,data/asset_registry/womens_soccer/womens_soccer_athlete_review_triage.csv#row=11,data/asset_registry/womens_soccer/womens_soccer_athlete_candidate_next_action_board.csv#row=15,data/asset_registry/womens_soccer/womens_soccer_athlete_source_priority.csv,data/asset_registry/womens_soccer/womens_soccer_athlete_source_priority.csv#row=44,AS Saint-Etienne Women is a P0 roster/source verification row; open the source and triage refs before any candidate-state writeback.,Open the official or advisory roster source manually and verify source quality before any future candidate-state writeback.,"Do not download assets, write headshots, approve candidates, create .approved markers, move files, or publish from this generated row.",no,,,,,,,,true,false,false,false,false,false,false,false,false,false,false
73,2_p0_roster_or_source_verify,p0_source_or_roster_row|operator_verify_required,P0_OFFICIAL_CLUB_ROSTER,roster_source_verify,official_source_candidate,europe_top_flight,arkema_premiere_ligue_france,dijon_fco_women,Dijon FCO Women,,official_source_map,source_metadata_review_only,P0_OFFICIAL_CLUB_ROSTER,official_team,high,yes,dfco.fr,https://www.dfco.fr/effectifs/division-1-feminine/,dijon_fco_women,official_source_candidate_manual_verification_required,team_or_roster_scope_not_player_specific,,europe_source_candidate_not_render_ready,action_photo_starter_intake_available_no_candidate_selected,data/asset_registry/action_photo_candidates/review_only_womens_soccer_action_photo_starter_intake.csv,data/asset_registry/womens_soccer/womens_soccer_athlete_source_priority.csv#row=45,data/asset_registry/womens_soccer/womens_soccer_athlete_review_triage.csv#row=11,data/asset_registry/womens_soccer/womens_soccer_athlete_candidate_next_action_board.csv#row=16,data/asset_registry/womens_soccer/womens_soccer_athlete_source_priority.csv,data/asset_registry/womens_soccer/womens_soccer_athlete_source_priority.csv#row=45,Dijon FCO Women is a P0 roster/source verification row; open the source and triage refs before any candidate-state writeback.,Open the official or advisory roster source manually and verify source quality before any future candidate-state writeback.,"Do not download assets, write headshots, approve candidates, create .approved markers, move files, or publish from this generated row.",no,,,,,,,,true,false,false,false,false,false,false,false,false,false,false
74,2_p0_roster_or_source_verify,p0_source_or_roster_row|operator_verify_required,P0_OFFICIAL_CLUB_ROSTER,roster_source_verify,official_source_candidate,europe_top_flight,arkema_premiere_ligue_france,fc_fleury_91_women,FC Fleury 91 Women,,official_source_map,source_metadata_review_only,P0_OFFICIAL_CLUB_ROSTER,official_team,medium,yes,fcfleury91.fr,https://www.fcfleury91.fr/effectif-arkemapl,fc_fleury_91_women,official_source_candidate_manual_verification_required,team_or_roster_scope_not_player_specific,,europe_source_candidate_not_render_ready,action_photo_starter_intake_available_no_candidate_selected,data/asset_registry/action_photo_candidates/review_only_womens_soccer_action_photo_starter_intake.csv,data/asset_registry/womens_soccer/womens_soccer_athlete_source_priority.csv#row=46,data/asset_registry/womens_soccer/womens_soccer_athlete_review_triage.csv#row=11,data/asset_registry/womens_soccer/womens_soccer_athlete_candidate_next_action_board.csv#row=17,data/asset_registry/womens_soccer/womens_soccer_athlete_source_priority.csv,data/asset_registry/womens_soccer/womens_soccer_athlete_source_priority.csv#row=46,FC Fleury 91 Women is a P0 roster/source verification row; open the source and triage refs before any candidate-state writeback.,Open the official or advisory roster source manually and verify source quality before any future candidate-state writeback.,"Do not download assets, write headshots, approve candidates, create .approved markers, move files, or publish from this generated row.",no,,,,,,,,true,false,false,false,false,false,false,false,false,false,false
75,2_p0_roster_or_source_verify,p0_source_or_roster_row|operator_verify_required,P0_OFFICIAL_CLUB_ROSTER,roster_source_verify,official_source_candidate,europe_top_flight,arkema_premiere_ligue_france,fc_nantes_women,FC Nantes Women,,official_source_map,source_metadata_review_only,P0_OFFICIAL_CLUB_ROSTER,official_team,medium,yes,fcnantes.com,https://www.fcnantes.com/feminines/20252026/effectifD1F.php,fc_nantes_women,official_source_candidate_manual_verification_required,team_or_roster_scope_not_player_specific,,europe_source_candidate_not_render_ready,action_photo_starter_intake_available_no_candidate_selected,data/asset_registry/action_photo_candidates/review_only_womens_soccer_action_photo_starter_intake.csv,data/asset_registry/womens_soccer/womens_soccer_athlete_source_priority.csv#row=47,data/asset_registry/womens_soccer/womens_soccer_athlete_review_triage.csv#row=11,data/asset_registry/womens_soccer/womens_soccer_athlete_candidate_next_action_board.csv#row=18,data/asset_registry/womens_soccer/womens_soccer_athlete_source_priority.csv,data/asset_registry/womens_soccer/womens_soccer_athlete_source_priority.csv#row=47,FC Nantes Women is a P0 roster/source verification row; open the source and triage refs before any candidate-state writeback.,Open the official or advisory roster source manually and verify source quality before any future candidate-state writeback.,"Do not download assets, write headshots, approve candidates, create .approved markers, move files, or publish from this generated row.",no,,,,,,,,true,false,false,false,false,false,false,false,false,false,false
76,2_p0_roster_or_source_verify,p0_source_or_roster_row|operator_verify_required,P0_OFFICIAL_CLUB_ROSTER,roster_source_verify,official_source_candidate,europe_top_flight,arkema_premiere_ligue_france,le_havre_ac_women,Le Havre AC Women,,official_source_map,source_metadata_review_only,P0_OFFICIAL_CLUB_ROSTER,official_team,high,yes,hac.football,https://hac.football/fr/players?competition=FD1,le_havre_ac_women,official_source_candidate_manual_verification_required,team_or_roster_scope_not_player_specific,,europe_source_candidate_not_render_ready,action_photo_starter_intake_available_no_candidate_selected,data/asset_registry/action_photo_candidates/review_only_womens_soccer_action_photo_starter_intake.csv,data/asset_registry/womens_soccer/womens_soccer_athlete_source_priority.csv#row=48,data/asset_registry/womens_soccer/womens_soccer_athlete_review_triage.csv#row=11,data/asset_registry/womens_soccer/womens_soccer_athlete_candidate_next_action_board.csv#row=19,data/asset_registry/womens_soccer/womens_soccer_athlete_source_priority.csv,data/asset_registry/womens_soccer/womens_soccer_athlete_source_priority.csv#row=48,Le Havre AC Women is a P0 roster/source verification row; open the source and triage refs before any candidate-state writeback.,Open the official or advisory roster source manually and verify source quality before any future candidate-state writeback.,"Do not download assets, write headshots, approve candidates, create .approved markers, move files, or publish from this generated row.",no,,,,,,,,true,false,false,false,false,false,false,false,false,false,false
77,2_p0_roster_or_source_verify,p0_source_or_roster_row|operator_verify_required,P0_OFFICIAL_CLUB_ROSTER,roster_source_verify,official_source_candidate,europe_top_flight,arkema_premiere_ligue_france,mhsc_feminines,MHSC Feminines,,official_source_map,source_metadata_review_only,P0_OFFICIAL_CLUB_ROSTER,official_team,medium_high,yes,mhscfoot.com,https://mhscfoot.com/en/effectif/2025-2026/d1-feminines/,mhsc_feminines,official_source_candidate_manual_verification_required,team_or_roster_scope_not_player_specific,,europe_source_candidate_not_render_ready,action_photo_starter_intake_available_no_candidate_selected,data/asset_registry/action_photo_candidates/review_only_womens_soccer_action_photo_starter_intake.csv,data/asset_registry/womens_soccer/womens_soccer_athlete_source_priority.csv#row=49,data/asset_registry/womens_soccer/womens_soccer_athlete_review_triage.csv#row=11,data/asset_registry/womens_soccer/womens_soccer_athlete_candidate_next_action_board.csv#row=20,data/asset_registry/womens_soccer/womens_soccer_athlete_source_priority.csv,data/asset_registry/womens_soccer/womens_soccer_athlete_source_priority.csv#row=49,MHSC Feminines is a P0 roster/source verification row; open the source and triage refs before any candidate-state writeback.,Open the official or advisory roster source manually and verify source quality before any future candidate-state writeback.,"Do not download assets, write headshots, approve candidates, create .approved markers, move files, or publish from this generated row.",no,,,,,,,,true,false,false,false,false,false,false,false,false,false,false
78,2_p0_roster_or_source_verify,p0_source_or_roster_row|operator_verify_required,P0_OFFICIAL_CLUB_ROSTER,roster_source_verify,official_source_candidate,europe_top_flight,arkema_premiere_ligue_france,ol_lyonnes,OL Lyonnes,,official_source_map,source_metadata_review_only,P0_OFFICIAL_CLUB_ROSTER,official_team,high,yes,ol-lyonnes.com,https://www.ol-lyonnes.com/saison-25-26/effectif/,ol_lyonnes,official_source_candidate_manual_verification_required,team_or_roster_scope_not_player_specific,,europe_source_candidate_not_render_ready,action_photo_starter_intake_available_no_candidate_selected,data/asset_registry/action_photo_candidates/review_only_womens_soccer_action_photo_starter_intake.csv,data/asset_registry/womens_soccer/womens_soccer_athlete_source_priority.csv#row=50,data/asset_registry/womens_soccer/womens_soccer_athlete_review_triage.csv#row=11,data/asset_registry/womens_soccer/womens_soccer_athlete_candidate_next_action_board.csv#row=21,data/asset_registry/womens_soccer/womens_soccer_athlete_source_priority.csv,data/asset_registry/womens_soccer/womens_soccer_athlete_source_priority.csv#row=50,OL Lyonnes is a P0 roster/source verification row; open the source and triage refs before any candidate-state writeback.,Open the official or advisory roster source manually and verify source quality before any future candidate-state writeback.,"Do not download assets, write headshots, approve candidates, create .approved markers, move files, or publish from this generated row.",no,,,,,,,,true,false,false,false,false,false,false,false,false,false,false
79,2_p0_roster_or_source_verify,p0_source_or_roster_row|operator_verify_required,P0_OFFICIAL_CLUB_ROSTER,roster_source_verify,official_source_candidate,europe_top_flight,arkema_premiere_ligue_france,olympique_marseille_women,Olympique Marseille Women,,official_source_map,source_metadata_review_only,P0_OFFICIAL_CLUB_ROSTER,official_team,high,yes,om.fr,https://www.om.fr/en/team/women,olympique_marseille_women,official_source_candidate_manual_verification_required,team_or_roster_scope_not_player_specific,,europe_source_candidate_not_render_ready,action_photo_starter_intake_available_no_candidate_selected,data/asset_registry/action_photo_candidates/review_only_womens_soccer_action_photo_starter_intake.csv,data/asset_registry/womens_soccer/womens_soccer_athlete_source_priority.csv#row=51,data/asset_registry/womens_soccer/womens_soccer_athlete_review_triage.csv#row=11,data/asset_registry/womens_soccer/womens_soccer_athlete_candidate_next_action_board.csv#row=22,data/asset_registry/womens_soccer/womens_soccer_athlete_source_priority.csv,data/asset_registry/womens_soccer/womens_soccer_athlete_source_priority.csv#row=51,Olympique Marseille Women is a P0 roster/source verification row; open the source and triage refs before any candidate-state writeback.,Open the official or advisory roster source manually and verify source quality before any future candidate-state writeback.,"Do not download assets, write headshots, approve candidates, create .approved markers, move files, or publish from this generated row.",no,,,,,,,,true,false,false,false,false,false,false,false,false,false,false
80,2_p0_roster_or_source_verify,p0_source_or_roster_row|operator_verify_required,P0_OFFICIAL_CLUB_ROSTER,roster_source_verify,official_source_candidate,europe_top_flight,arkema_premiere_ligue_france,paris_fc_women,Paris FC Women,,official_source_map,source_metadata_review_only,P0_OFFICIAL_CLUB_ROSTER,official_team,high,yes,parisfc.fr,https://parisfc.fr/pro-femme/joueuses-staff/,paris_fc_women,official_source_candidate_manual_verification_required,team_or_roster_scope_not_player_specific,,europe_source_candidate_not_render_ready,action_photo_starter_intake_available_no_candidate_selected,data/asset_registry/action_photo_candidates/review_only_womens_soccer_action_photo_starter_intake.csv,data/asset_registry/womens_soccer/womens_soccer_athlete_source_priority.csv#row=52,data/asset_registry/womens_soccer/womens_soccer_athlete_review_triage.csv#row=11,data/asset_registry/womens_soccer/womens_soccer_athlete_candidate_next_action_board.csv#row=23,data/asset_registry/womens_soccer/womens_soccer_athlete_source_priority.csv,data/asset_registry/womens_soccer/womens_soccer_athlete_source_priority.csv#row=52,Paris FC Women is a P0 roster/source verification row; open the source and triage refs before any candidate-state writeback.,Open the official or advisory roster source manually and verify source quality before any future candidate-state writeback.,"Do not download assets, write headshots, approve candidates, create .approved markers, move files, or publish from this generated row.",no,,,,,,,,true,false,false,false,false,false,false,false,false,false,false
81,2_p0_roster_or_source_verify,p0_source_or_roster_row|operator_verify_required,P0_OFFICIAL_CLUB_ROSTER,roster_source_verify,official_source_candidate,europe_top_flight,arkema_premiere_ligue_france,paris_saint_germain_women,Paris Saint-Germain Women,,official_source_map,source_metadata_review_only,P0_OFFICIAL_CLUB_ROSTER,official_team,high,yes,psg.fr,https://www.psg.fr/football-feminin/effectif,paris_saint_germain_women,official_source_candidate_manual_verification_required,team_or_roster_scope_not_player_specific,,europe_source_candidate_not_render_ready,action_photo_starter_intake_available_no_candidate_selected,data/asset_registry/action_photo_candidates/review_only_womens_soccer_action_photo_starter_intake.csv,data/asset_registry/womens_soccer/womens_soccer_athlete_source_priority.csv#row=53,data/asset_registry/womens_soccer/womens_soccer_athlete_review_triage.csv#row=11,data/asset_registry/womens_soccer/womens_soccer_athlete_candidate_next_action_board.csv#row=24,data/asset_registry/womens_soccer/womens_soccer_athlete_source_priority.csv,data/asset_registry/womens_soccer/womens_soccer_athlete_source_priority.csv#row=53,Paris Saint-Germain Women is a P0 roster/source verification row; open the source and triage refs before any candidate-state writeback.,Open the official or advisory roster source manually and verify source quality before any future candidate-state writeback.,"Do not download assets, write headshots, approve candidates, create .approved markers, move files, or publish from this generated row.",no,,,,,,,,true,false,false,false,false,false,false,false,false,false,false
82,2_p0_roster_or_source_verify,p0_source_or_roster_row|operator_verify_required,P0_OFFICIAL_CLUB_ROSTER,roster_source_verify,official_source_candidate,europe_top_flight,arkema_premiere_ligue_france,rc_lens_women,RC Lens Women,,official_source_map,source_metadata_review_only,P0_OFFICIAL_CLUB_ROSTER,official_team,high,yes,rclens.fr,https://www.rclens.fr/fr/feminines/joueuses,rc_lens_women,official_source_candidate_manual_verification_required,team_or_roster_scope_not_player_specific,,europe_source_candidate_not_render_ready,action_photo_starter_intake_available_no_candidate_selected,data/asset_registry/action_photo_candidates/review_only_womens_soccer_action_photo_starter_intake.csv,data/asset_registry/womens_soccer/womens_soccer_athlete_source_priority.csv#row=54,data/asset_registry/womens_soccer/womens_soccer_athlete_review_triage.csv#row=11,data/asset_registry/womens_soccer/womens_soccer_athlete_candidate_next_action_board.csv#row=25,data/asset_registry/womens_soccer/womens_soccer_athlete_source_priority.csv,data/asset_registry/womens_soccer/womens_soccer_athlete_source_priority.csv#row=54,RC Lens Women is a P0 roster/source verification row; open the source and triage refs before any candidate-state writeback.,Open the official or advisory roster source manually and verify source quality before any future candidate-state writeback.,"Do not download assets, write headshots, approve candidates, create .approved markers, move files, or publish from this generated row.",no,,,,,,,,true,false,false,false,false,false,false,false,false,false,false
83,2_p0_roster_or_source_verify,p0_source_or_roster_row|operator_verify_required,P0_OFFICIAL_CLUB_ROSTER,roster_source_verify,official_source_candidate,europe_top_flight,arkema_premiere_ligue_france,rc_strasbourg_alsace_women,RC Strasbourg Alsace Women,,official_source_map,source_metadata_review_only,P0_OFFICIAL_CLUB_ROSTER,official_team,medium_high,yes,rcstrasbourgalsace.fr,https://www.rcstrasbourgalsace.fr/equipe-arkema-premiere-ligue-25-26/,rc_strasbourg_alsace_women,official_source_candidate_manual_verification_required,team_or_roster_scope_not_player_specific,,europe_source_candidate_not_render_ready,action_photo_starter_intake_available_no_candidate_selected,data/asset_registry/action_photo_candidates/review_only_womens_soccer_action_photo_starter_intake.csv,data/asset_registry/womens_soccer/womens_soccer_athlete_source_priority.csv#row=55,data/asset_registry/womens_soccer/womens_soccer_athlete_review_triage.csv#row=11,data/asset_registry/womens_soccer/womens_soccer_athlete_candidate_next_action_board.csv#row=26,data/asset_registry/womens_soccer/womens_soccer_athlete_source_priority.csv,data/asset_registry/womens_soccer/womens_soccer_athlete_source_priority.csv#row=55,RC Strasbourg Alsace Women is a P0 roster/source verification row; open the source and triage refs before any candidate-state writeback.,Open the official or advisory roster source manually and verify source quality before any future candidate-state writeback.,"Do not download assets, write headshots, approve candidates, create .approved markers, move files, or publish from this generated row.",no,,,,,,,,true,false,false,false,false,false,false,false,false,false,false
84,3_profile_or_official_page_gap,p1_source_or_roster_row|operator_verify_required,P1,official_page_missing_or_season_rollover_verify,official_source_candidate,nwsl,nwsl,chicago_stars_fc,Chicago Stars FC,,source_domain_change_candidate,add_source_candidate,P1,official_team,high,yes,chicagostars.com,https://chicagostars.com/roster/,chicago_stars_fc,official_source_candidate_manual_verification_required,team_or_roster_scope_not_player_specific,,verify_official_page_before_photo_review,action_photo_starter_intake_available_no_candidate_selected,data/asset_registry/action_photo_candidates/review_only_womens_soccer_action_photo_starter_intake.csv,data/asset_registry/womens_soccer/womens_soccer_athlete_source_priority.csv#row=22,data/asset_registry/womens_soccer/womens_soccer_athlete_review_triage.csv#row=14,data/asset_registry/womens_soccer/womens_soccer_athlete_candidate_next_action_board.csv#row=36,data/asset_registry/womens_soccer/womens_soccer_athlete_source_priority.csv,data/asset_registry/womens_soccer/womens_soccer_athlete_source_priority.csv#row=22,team/source row may need an official profile or season-rollover page check; confirm the current official page before future intake.,Open the official source page and verify whether roster/profile URL patterns changed before adding future intake.,"Do not download assets, write headshots, approve candidates, create .approved markers, move files, or publish from this generated row.",no,,,,,,,,true,false,false,false,false,false,false,false,false,false,false
85,3_profile_or_official_page_gap,p1_source_or_roster_row|operator_verify_required,P1,official_page_missing_or_season_rollover_verify,official_source_candidate,nwsl,nwsl,seattle_reign,Seattle Reign,,source_domain_change_candidate,add_source_candidate,P1,official_team,high,yes,www.reignfc.com,https://www.reignfc.com/roster,seattle_reign,official_source_candidate_manual_verification_required,team_or_roster_scope_not_player_specific,,verify_official_page_before_photo_review,action_photo_starter_intake_available_no_candidate_selected,data/asset_registry/action_photo_candidates/review_only_womens_soccer_action_photo_starter_intake.csv,data/asset_registry/womens_soccer/womens_soccer_athlete_source_priority.csv#row=28,data/asset_registry/womens_soccer/womens_soccer_athlete_review_triage.csv#row=15,data/asset_registry/womens_soccer/womens_soccer_athlete_candidate_next_action_board.csv#row=40,data/asset_registry/womens_soccer/womens_soccer_athlete_source_priority.csv,data/asset_registry/womens_soccer/womens_soccer_athlete_source_priority.csv#row=28,team/source row may need an official profile or season-rollover page check; confirm the current official page before future intake.,Open the official source page and verify whether roster/profile URL patterns changed before adding future intake.,"Do not download assets, write headshots, approve candidates, create .approved markers, move files, or publish from this generated row.",no,,,,,,,,true,false,false,false,false,false,false,false,false,false,false
86,3_profile_or_official_page_gap,p1_source_or_roster_row|operator_verify_required,P1,official_page_missing_or_season_rollover_verify,official_source_candidate,nwsl,nwsl,utah_royals_fc,Utah Royals FC,,source_domain_change_candidate,add_source_candidate,P1,official_team,high,yes,www.rsl.com,https://www.rsl.com/utahroyals/roster/,utah_royals_fc,official_source_candidate_manual_verification_required,team_or_roster_scope_not_player_specific,,verify_official_page_before_photo_review,action_photo_starter_intake_available_no_candidate_selected,data/asset_registry/action_photo_candidates/review_only_womens_soccer_action_photo_starter_intake.csv,data/asset_registry/womens_soccer/womens_soccer_athlete_source_priority.csv#row=29,data/asset_registry/womens_soccer/womens_soccer_athlete_review_triage.csv#row=16,data/asset_registry/womens_soccer/womens_soccer_athlete_candidate_next_action_board.csv#row=41,data/asset_registry/womens_soccer/womens_soccer_athlete_source_priority.csv,data/asset_registry/womens_soccer/womens_soccer_athlete_source_priority.csv#row=29,team/source row may need an official profile or season-rollover page check; confirm the current official page before future intake.,Open the official source page and verify whether roster/profile URL patterns changed before adding future intake.,"Do not download assets, write headshots, approve candidates, create .approved markers, move files, or publish from this generated row.",no,,,,,,,,true,false,false,false,false,false,false,false,false,false,false
87,3_profile_or_official_page_gap,p1_source_or_roster_row|profile_or_official_page_gap|operator_verify_required,P1,official_page_missing_or_season_rollover_verify,official_source_candidate,nwsl,nwsl,washington_spirit,Washington Spirit,Heather Stainbrook; Tamara Paranaguá do Carmo,missing_player_profile_candidate; public_display_alias_review,add_candidate_metadata; add_alias_metadata,P1,official_team,high,yes,washingtonspirit.com,https://washingtonspirit.com/roster/,washington_spirit,official_source_candidate_manual_verification_required,player_identity_manual_verification_required,,verify_official_page_before_photo_review,action_photo_starter_intake_available_no_candidate_selected,data/asset_registry/action_photo_candidates/review_only_womens_soccer_action_photo_starter_intake.csv,data/asset_registry/womens_soccer/womens_soccer_athlete_source_priority.csv#row=30,data/asset_registry/womens_soccer/womens_soccer_athlete_review_triage.csv#row=13,data/asset_registry/womens_soccer/womens_soccer_athlete_candidate_next_action_board.csv#row=42,data/asset_registry/womens_soccer/womens_soccer_athlete_source_priority.csv,data/asset_registry/womens_soccer/womens_soccer_athlete_source_priority.csv#row=30,Heather Stainbrook; Tamara Paranaguá do Carmo may need an official profile or season-rollover page check; confirm the current official page before future intake.,Open the official source page and verify whether roster/profile URL patterns changed before adding future intake.,"Do not download assets, write headshots, approve candidates, create .approved markers, move files, or publish from this generated row.",no,,,,,,,,true,false,false,false,false,false,false,false,false,false,false
88,3_profile_or_official_page_gap,p1_source_or_roster_row|profile_or_official_page_gap|operator_verify_required,P1,official_page_missing_or_season_rollover_verify,official_source_candidate,nwsl,nwsl,nwsl_all_teams,nwsl_all_teams; nwsl_all_players,,source_url_enrichment_needed; player_profile_candidate_gap,add_source_candidates; enrich_review_metadata_only,P1,official_league,high,yes,www.nwslsoccer.com,https://www.nwslsoccer.com/teams/index,nwsl_league_index,official_source_candidate_manual_verification_required,team_or_roster_scope_not_player_specific,,verify_official_page_before_photo_review,action_photo_starter_intake_available_no_candidate_selected,data/asset_registry/action_photo_candidates/review_only_womens_soccer_action_photo_starter_intake.csv,data/asset_registry/womens_soccer/womens_soccer_athlete_source_priority.csv#row=31,,data/asset_registry/womens_soccer/womens_soccer_athlete_candidate_next_action_board.csv#row=43,data/asset_registry/womens_soccer/womens_soccer_athlete_source_priority.csv,data/asset_registry/womens_soccer/womens_soccer_athlete_source_priority.csv#row=31,team/source row may need an official profile or season-rollover page check; confirm the current official page before future intake.,Open the official source page and verify whether roster/profile URL patterns changed before adding future intake.,"Do not download assets, write headshots, approve candidates, create .approved markers, move files, or publish from this generated row.",no,,,,,,,,true,false,false,false,false,false,false,false,false,false,false
89,4_gray_area_or_reputable_lead,gray_area_or_reputable_lead|operator_verify_required,P2_NON_OFFICIAL_LEAGUE_BACKUP,gray_area_reputable_media_lead,gray_area_public_lead,europe_top_flight,wsl_england,all_teams_backup,ALL_TEAMS_BACKUP,,official_source_map,source_metadata_review_only,P2_NON_OFFICIAL_LEAGUE_BACKUP,non_official_public_database,medium,yes,soccerdonna.de,https://www.soccerdonna.de/en/womens-super-league/startseite/wettbewerb_ENG1.html,all_teams_backup,official_source_proof_required_before_any_future_intake,team_or_roster_scope_not_player_specific,,park_gray_area_lead_no_photo_use,action_photo_parked_no_candidate_selected_until_official_identity_confirmed,data/asset_registry/action_photo_candidates/review_only_womens_soccer_action_photo_starter_intake.csv,data/asset_registry/womens_soccer/womens_soccer_athlete_source_priority.csv#row=14,data/asset_registry/womens_soccer/womens_soccer_athlete_review_triage.csv#row=7,data/asset_registry/womens_soccer/womens_soccer_athlete_candidate_next_action_board.csv#row=28,data/asset_registry/womens_soccer/womens_soccer_athlete_source_priority.csv,data/asset_registry/womens_soccer/womens_soccer_athlete_source_priority.csv#row=14,team/source row is backed by gray-area or reputable public-source metadata; park it until official roster/profile confirmation exists.,Park as review-only lead until an official team/league page confirms current roster or player identity.,"Do not download assets, write headshots, approve candidates, create .approved markers, move files, or publish from this generated row.",no,,,,,,,,true,false,false,false,false,false,false,false,false,false,false
90,4_gray_area_or_reputable_lead,gray_area_or_reputable_lead|operator_verify_required,P2_NON_OFFICIAL_LEAGUE_BACKUP,gray_area_reputable_media_lead,gray_area_public_lead,europe_top_flight,liga_f_spain,all_teams_backup,ALL_TEAMS_BACKUP,,official_source_map,source_metadata_review_only,P2_NON_OFFICIAL_LEAGUE_BACKUP,non_official_public_database,medium,yes,soccerdonna.de,https://www.soccerdonna.de/en/primera-division-femenina/startseite/wettbewerb_ESP1.html,all_teams_backup,official_source_proof_required_before_any_future_intake,team_or_roster_scope_not_player_specific,,park_gray_area_lead_no_photo_use,action_photo_parked_no_candidate_selected_until_official_identity_confirmed,data/asset_registry/action_photo_candidates/review_only_womens_soccer_action_photo_starter_intake.csv,data/asset_registry/womens_soccer/womens_soccer_athlete_source_priority.csv#row=15,data/asset_registry/womens_soccer/womens_soccer_athlete_review_triage.csv#row=8,data/asset_registry/womens_soccer/womens_soccer_athlete_candidate_next_action_board.csv#row=29,data/asset_registry/womens_soccer/womens_soccer_athlete_source_priority.csv,data/asset_registry/womens_soccer/womens_soccer_athlete_source_priority.csv#row=15,team/source row is backed by gray-area or reputable public-source metadata; park it until official roster/profile confirmation exists.,Park as review-only lead until an official team/league page confirms current roster or player identity.,"Do not download assets, write headshots, approve candidates, create .approved markers, move files, or publish from this generated row.",no,,,,,,,,true,false,false,false,false,false,false,false,false,false,false
91,4_gray_area_or_reputable_lead,gray_area_or_reputable_lead|operator_verify_required,P2_GRAY_AREA_LEAGUE_BACKUP,gray_area_reputable_media_lead,gray_area_public_lead,europe_top_flight,frauen_bundesliga_germany,all_teams_backup,ALL_TEAMS_BACKUP,,official_source_map,source_metadata_review_only,P2_GRAY_AREA_LEAGUE_BACKUP,gray_area_public_source,low_medium,yes,globalsportsarchive.com,https://globalsportsarchive.com/en/soccer/competition/google-pixel-frauen-bundesliga-2025-2026/76011,all_teams_backup,official_source_proof_required_before_any_future_intake,team_or_roster_scope_not_player_specific,,park_gray_area_lead_no_photo_use,action_photo_parked_no_candidate_selected_until_official_identity_confirmed,data/asset_registry/action_photo_candidates/review_only_womens_soccer_action_photo_starter_intake.csv,data/asset_registry/womens_soccer/womens_soccer_athlete_source_priority.csv#row=16,data/asset_registry/womens_soccer/womens_soccer_athlete_review_triage.csv#row=9,data/asset_registry/womens_soccer/womens_soccer_athlete_candidate_next_action_board.csv#row=30,data/asset_registry/womens_soccer/womens_soccer_athlete_source_priority.csv,data/asset_registry/womens_soccer/womens_soccer_athlete_source_priority.csv#row=16,team/source row is backed by gray-area or reputable public-source metadata; park it until official roster/profile confirmation exists.,Park as review-only lead until an official team/league page confirms current roster or player identity.,"Do not download assets, write headshots, approve candidates, create .approved markers, move files, or publish from this generated row.",no,,,,,,,,true,false,false,false,false,false,false,false,false,false,false
92,4_gray_area_or_reputable_lead,gray_area_or_reputable_lead|operator_verify_required,P2_NON_OFFICIAL_LEAGUE_BACKUP,gray_area_reputable_media_lead,gray_area_public_lead,europe_top_flight,serie_a_women_italy,all_teams_backup,ALL_TEAMS_BACKUP,,official_source_map,source_metadata_review_only,P2_NON_OFFICIAL_LEAGUE_BACKUP,non_official_public_database,medium,yes,soccerdonna.de,https://www.soccerdonna.de/en/serie-a-women/startseite/wettbewerb_IT1.html,all_teams_backup,official_source_proof_required_before_any_future_intake,team_or_roster_scope_not_player_specific,,park_gray_area_lead_no_photo_use,action_photo_parked_no_candidate_selected_until_official_identity_confirmed,data/asset_registry/action_photo_candidates/review_only_womens_soccer_action_photo_starter_intake.csv,data/asset_registry/womens_soccer/womens_soccer_athlete_source_priority.csv#row=17,data/asset_registry/womens_soccer/womens_soccer_athlete_review_triage.csv#row=10,data/asset_registry/womens_soccer/womens_soccer_athlete_candidate_next_action_board.csv#row=31,data/asset_registry/womens_soccer/womens_soccer_athlete_source_priority.csv,data/asset_registry/womens_soccer/womens_soccer_athlete_source_priority.csv#row=17,team/source row is backed by gray-area or reputable public-source metadata; park it until official roster/profile confirmation exists.,Park as review-only lead until an official team/league page confirms current roster or player identity.,"Do not download assets, write headshots, approve candidates, create .approved markers, move files, or publish from this generated row.",no,,,,,,,,true,false,false,false,false,false,false,false,false,false,false
93,4_gray_area_or_reputable_lead,p1_source_or_roster_row|gray_area_or_reputable_lead|operator_verify_required,P1_NON_OFFICIAL_ROSTER_BACKUP,gray_area_reputable_media_lead,gray_area_public_lead,europe_top_flight,serie_a_women_italy,sassuolo_women,Sassuolo Women,,official_source_map,source_metadata_review_only,P1_NON_OFFICIAL_ROSTER_BACKUP,non_official_public_database,medium,yes,soccerdonna.de,https://www.soccerdonna.de/en/us-sassuolo/startseite/verein_6329.html,sassuolo_women,official_source_proof_required_before_any_future_intake,team_or_roster_scope_not_player_specific,,park_gray_area_lead_no_photo_use,action_photo_parked_no_candidate_selected_until_official_identity_confirmed,data/asset_registry/action_photo_candidates/review_only_womens_soccer_action_photo_starter_intake.csv,data/asset_registry/womens_soccer/womens_soccer_athlete_source_priority.csv#row=18,data/asset_registry/womens_soccer/womens_soccer_athlete_review_triage.csv#row=10,data/asset_registry/womens_soccer/womens_soccer_athlete_candidate_next_action_board.csv#row=32,data/asset_registry/womens_soccer/womens_soccer_athlete_source_priority.csv,data/asset_registry/womens_soccer/womens_soccer_athlete_source_priority.csv#row=18,team/source row is backed by gray-area or reputable public-source metadata; park it until official roster/profile confirmation exists.,Park as review-only lead until an official team/league page confirms current roster or player identity.,"Do not download assets, write headshots, approve candidates, create .approved markers, move files, or publish from this generated row.",no,,,,,,,,true,false,false,false,false,false,false,false,false,false,false
94,4_gray_area_or_reputable_lead,p1_source_or_roster_row|gray_area_or_reputable_lead|operator_verify_required,P1_NON_OFFICIAL_ROSTER_BACKUP,gray_area_reputable_media_lead,gray_area_public_lead,europe_top_flight,serie_a_women_italy,ternana_women,Ternana Women,,official_source_map,source_metadata_review_only,P1_NON_OFFICIAL_ROSTER_BACKUP,non_official_public_database,medium,yes,soccerdonna.de,https://www.soccerdonna.de/en/ternana-women/kader/verein_7549.html,ternana_women,official_source_proof_required_before_any_future_intake,team_or_roster_scope_not_player_specific,,park_gray_area_lead_no_photo_use,action_photo_parked_no_candidate_selected_until_official_identity_confirmed,data/asset_registry/action_photo_candidates/review_only_womens_soccer_action_photo_starter_intake.csv,data/asset_registry/womens_soccer/womens_soccer_athlete_source_priority.csv#row=19,data/asset_registry/womens_soccer/womens_soccer_athlete_review_triage.csv#row=10,data/asset_registry/womens_soccer/womens_soccer_athlete_candidate_next_action_board.csv#row=33,data/asset_registry/womens_soccer/womens_soccer_athlete_source_priority.csv,data/asset_registry/womens_soccer/womens_soccer_athlete_source_priority.csv#row=19,team/source row is backed by gray-area or reputable public-source metadata; park it until official roster/profile confirmation exists.,Park as review-only lead until an official team/league page confirms current roster or player identity.,"Do not download assets, write headshots, approve candidates, create .approved markers, move files, or publish from this generated row.",no,,,,,,,,true,false,false,false,false,false,false,false,false,false,false
95,4_gray_area_or_reputable_lead,gray_area_or_reputable_lead|operator_verify_required,P2_GRAY_AREA_LEAGUE_BACKUP,gray_area_reputable_media_lead,gray_area_public_lead,europe_top_flight,arkema_premiere_ligue_france,all_teams_backup,ALL_TEAMS_BACKUP,,official_source_map,source_metadata_review_only,P2_GRAY_AREA_LEAGUE_BACKUP,gray_area_public_source,low_medium,yes,globalsportsarchive.com,https://globalsportsarchive.com/en/soccer/competition/arkema-premiere-ligue-2025-2026/76150,all_teams_backup,official_source_proof_required_before_any_future_intake,team_or_roster_scope_not_player_specific,,park_gray_area_lead_no_photo_use,action_photo_parked_no_candidate_selected_until_official_identity_confirmed,data/asset_registry/action_photo_candidates/review_only_womens_soccer_action_photo_starter_intake.csv,data/asset_registry/womens_soccer/womens_soccer_athlete_source_priority.csv#row=20,data/asset_registry/womens_soccer/womens_soccer_athlete_review_triage.csv#row=11,data/asset_registry/womens_soccer/womens_soccer_athlete_candidate_next_action_board.csv#row=34,data/asset_registry/womens_soccer/womens_soccer_athlete_source_priority.csv,data/asset_registry/womens_soccer/womens_soccer_athlete_source_priority.csv#row=20,team/source row is backed by gray-area or reputable public-source metadata; park it until official roster/profile confirmation exists.,Park as review-only lead until an official team/league page confirms current roster or player identity.,"Do not download assets, write headshots, approve candidates, create .approved markers, move files, or publish from this generated row.",no,,,,,,,,true,false,false,false,false,false,false,false,false,false,false
