photo_readiness_rank,photo_review_readiness_bucket,manual_action_group,source_tier,scope_id,league_id,team_id,team_name,player_name,operator_verify_required,source_domain,source_candidate_url,candidate_action_row_ref,candidate_action_file,source_priority_row_ref,source_priority_file,triage_row_ref,triage_file,candidate_entity_id,linked_queue_bucket,render_readiness,photo_asset_blocker,future_download_intake_status,next_manual_action,download_approved,source_url,entity_id,rights_class,identity_confidence,intended_review_only_use,operator_decision,operator_notes,review_only,approval_state_change,candidate_state_change,asset_downloads,headshot_writes,approved_marker_writes,publish_ready,auto_approval,auto_publish,move_files,paid_apis
1,nwsl_roster_verify_before_photo_review,roster_source_verify,official_source_candidate,nwsl,nwsl,angel_city_fc,Angel City FC,Ariadina Alves Borges; Maiara Carolina Niehues,yes,angelcity.com,https://angelcity.com/club/roster,data/asset_registry/womens_soccer/womens_soccer_athlete_candidate_next_action_board.csv#row=1,data/asset_registry/womens_soccer/womens_soccer_athlete_candidate_next_action_board.csv,data/asset_registry/womens_soccer/womens_soccer_athlete_source_priority.csv#row=21,data/asset_registry/womens_soccer/womens_soccer_athlete_source_priority.csv,data/asset_registry/womens_soccer/womens_soccer_athlete_review_triage.csv#row=1,data/asset_registry/womens_soccer/womens_soccer_athlete_review_triage.csv,angel_city_fc,p0_nwsl_roster_verification_first,not_render_ready_review_only,not_render_ready_review_only,human_edited_intake_required_no_generated_authorization,"Open official NWSL/team source, verify player/team identity, then create human photo-review intake if needed.",no,,,,,,,,true,false,false,false,false,false,false,false,false,false,false
2,nwsl_roster_verify_before_photo_review,roster_source_verify,official_source_candidate,nwsl,nwsl,kansas_city_current,Kansas City Current,Débora Cristiane de Oliveira,yes,www.kansascitycurrent.com,https://www.kansascitycurrent.com/team,data/asset_registry/womens_soccer/womens_soccer_athlete_candidate_next_action_board.csv#row=2,data/asset_registry/womens_soccer/womens_soccer_athlete_candidate_next_action_board.csv,data/asset_registry/womens_soccer/womens_soccer_athlete_source_priority.csv#row=24,data/asset_registry/womens_soccer/womens_soccer_athlete_source_priority.csv,data/asset_registry/womens_soccer/womens_soccer_athlete_review_triage.csv#row=5,data/asset_registry/womens_soccer/womens_soccer_athlete_review_triage.csv,kansas_city_current,p0_nwsl_roster_verification_first,not_render_ready_review_only,not_render_ready_review_only,human_edited_intake_required_no_generated_authorization,"Open official NWSL/team source, verify player/team identity, then create human photo-review intake if needed.",no,,,,,,,,true,false,false,false,false,false,false,false,false,false,false
3,resolve_duplicate_transfer_before_photo_review,duplicate_transfer_check,official_source_candidate,nwsl,nwsl,angel_city_fc,Angel City FC,Kennedy Fuller,yes,bayfc.com,https://bayfc.com/press-releases/bay-fc-acquire-midfielder-kennedy-fuller-from-angel-city-fc-20260612/,data/asset_registry/womens_soccer/womens_soccer_athlete_candidate_next_action_board.csv#row=44,data/asset_registry/womens_soccer/womens_soccer_athlete_candidate_next_action_board.csv,data/asset_registry/womens_soccer/womens_soccer_athlete_source_priority.csv#row=1,data/asset_registry/womens_soccer/womens_soccer_athlete_source_priority.csv,data/asset_registry/womens_soccer/womens_soccer_athlete_review_triage.csv#row=1,data/asset_registry/womens_soccer/womens_soccer_athlete_review_triage.csv,angel_city_fc,p0_nwsl_roster_verification_first,not_render_ready_review_only,not_render_ready_review_only,human_edited_intake_required_no_generated_authorization,"Resolve duplicate, transfer, loan, stale, or short-term status against official sources before photo review.",no,,,,,,,,true,false,false,false,false,false,false,false,false,false,false
4,resolve_duplicate_transfer_before_photo_review,duplicate_transfer_check,official_source_candidate,nwsl,nwsl,angel_city_fc,Angel City FC,Rajanah Reed,yes,angelcity.com,https://angelcity.com/acfc-post/angel-city-signs-forward-rajanah-reed,data/asset_registry/womens_soccer/womens_soccer_athlete_candidate_next_action_board.csv#row=45,data/asset_registry/womens_soccer/womens_soccer_athlete_candidate_next_action_board.csv,data/asset_registry/womens_soccer/womens_soccer_athlete_source_priority.csv#row=3,data/asset_registry/womens_soccer/womens_soccer_athlete_source_priority.csv,data/asset_registry/womens_soccer/womens_soccer_athlete_review_triage.csv#row=1,data/asset_registry/womens_soccer/womens_soccer_athlete_review_triage.csv,angel_city_fc,p0_nwsl_roster_verification_first,not_render_ready_review_only,not_render_ready_review_only,human_edited_intake_required_no_generated_authorization,"Resolve duplicate, transfer, loan, stale, or short-term status against official sources before photo review.",no,,,,,,,,true,false,false,false,false,false,false,false,false,false,false
5,resolve_duplicate_transfer_before_photo_review,duplicate_transfer_check,official_source_candidate,nwsl,nwsl,boston_legacy_fc_chicago_stars_fc,Boston Legacy FC / Chicago Stars FC,Sam Cary Angel,yes,bostonlegacyfc.com,https://bostonlegacyfc.com/blogs/press/boston-legacy-fc-samantha-angel-loan-chicago-stars,data/asset_registry/womens_soccer/womens_soccer_athlete_candidate_next_action_board.csv#row=46,data/asset_registry/womens_soccer/womens_soccer_athlete_candidate_next_action_board.csv,data/asset_registry/womens_soccer/womens_soccer_athlete_source_priority.csv#row=4,data/asset_registry/womens_soccer/womens_soccer_athlete_source_priority.csv,,data/asset_registry/womens_soccer/womens_soccer_athlete_review_triage.csv,boston_legacy_fc_chicago_stars_fc,,not_render_ready_review_only,not_render_ready_review_only,human_edited_intake_required_no_generated_authorization,"Resolve duplicate, transfer, loan, stale, or short-term status against official sources before photo review.",no,,,,,,,,true,false,false,false,false,false,false,false,false,false,false
6,resolve_duplicate_transfer_before_photo_review,duplicate_transfer_check,official_source_candidate,nwsl,nwsl,denver_summit_fc,Denver Summit FC,Lindsey Heaps; Jordan Baggett,yes,www.denversummitfc.com,https://www.denversummitfc.com/roster/,data/asset_registry/womens_soccer/womens_soccer_athlete_candidate_next_action_board.csv#row=47,data/asset_registry/womens_soccer/womens_soccer_athlete_candidate_next_action_board.csv,data/asset_registry/womens_soccer/womens_soccer_athlete_source_priority.csv#row=5,data/asset_registry/womens_soccer/womens_soccer_athlete_source_priority.csv,data/asset_registry/womens_soccer/womens_soccer_athlete_review_triage.csv#row=2,data/asset_registry/womens_soccer/womens_soccer_athlete_review_triage.csv,denver_summit_fc,p0_nwsl_roster_verification_first,not_render_ready_review_only,not_render_ready_review_only,human_edited_intake_required_no_generated_authorization,"Resolve duplicate, transfer, loan, stale, or short-term status against official sources before photo review.",no,,,,,,,,true,false,false,false,false,false,false,false,false,false,false
7,resolve_duplicate_transfer_before_photo_review,duplicate_transfer_check,official_source_candidate,nwsl,nwsl,gotham_fc,Gotham FC,Lilly Reale,yes,www.gothamfc.com,https://www.gothamfc.com/news/gotham-fc-trades-defender-lilly-reale-to-boston-legacy-fc,data/asset_registry/womens_soccer/womens_soccer_athlete_candidate_next_action_board.csv#row=48,data/asset_registry/womens_soccer/womens_soccer_athlete_candidate_next_action_board.csv,data/asset_registry/womens_soccer/womens_soccer_athlete_source_priority.csv#row=6,data/asset_registry/womens_soccer/womens_soccer_athlete_source_priority.csv,data/asset_registry/womens_soccer/womens_soccer_athlete_review_triage.csv#row=3,data/asset_registry/womens_soccer/womens_soccer_athlete_review_triage.csv,gotham_fc,p0_nwsl_roster_verification_first,not_render_ready_review_only,not_render_ready_review_only,human_edited_intake_required_no_generated_authorization,"Resolve duplicate, transfer, loan, stale, or short-term status against official sources before photo review.",no,,,,,,,,true,false,false,false,false,false,false,false,false,false,false
8,resolve_duplicate_transfer_before_photo_review,duplicate_transfer_check,official_source_candidate,nwsl,nwsl,houston_dash,Houston Dash,Christen Westphal,yes,www.houstondynamofc.com,https://www.houstondynamofc.com/houstondash/news/houston-dash-host-north-carolina-courage-for-kids-night,data/asset_registry/womens_soccer/womens_soccer_athlete_candidate_next_action_board.csv#row=49,data/asset_registry/womens_soccer/womens_soccer_athlete_candidate_next_action_board.csv,data/asset_registry/womens_soccer/womens_soccer_athlete_source_priority.csv#row=7,data/asset_registry/womens_soccer/womens_soccer_athlete_source_priority.csv,data/asset_registry/womens_soccer/womens_soccer_athlete_review_triage.csv#row=4,data/asset_registry/womens_soccer/womens_soccer_athlete_review_triage.csv,houston_dash,p0_nwsl_roster_verification_first,not_render_ready_review_only,not_render_ready_review_only,human_edited_intake_required_no_generated_authorization,"Resolve duplicate, transfer, loan, stale, or short-term status against official sources before photo review.",no,,,,,,,,true,false,false,false,false,false,false,false,false,false,false
9,resolve_duplicate_transfer_before_photo_review,duplicate_transfer_check,official_source_candidate,nwsl,nwsl,houston_dash,Houston Dash,Natalie Bain; Liz Beardsley; Zoe Matthews; Amanda West; Rebeca Costa da Silva; Jyllissa Harris,yes,www.houstondynamofc.com,https://www.houstondynamofc.com/houstondash/roster/,data/asset_registry/womens_soccer/womens_soccer_athlete_candidate_next_action_board.csv#row=50,data/asset_registry/womens_soccer/womens_soccer_athlete_candidate_next_action_board.csv,data/asset_registry/womens_soccer/womens_soccer_athlete_source_priority.csv#row=8,data/asset_registry/womens_soccer/womens_soccer_athlete_source_priority.csv,data/asset_registry/womens_soccer/womens_soccer_athlete_review_triage.csv#row=4,data/asset_registry/womens_soccer/womens_soccer_athlete_review_triage.csv,houston_dash,p0_nwsl_roster_verification_first,not_render_ready_review_only,not_render_ready_review_only,human_edited_intake_required_no_generated_authorization,"Resolve duplicate, transfer, loan, stale, or short-term status against official sources before photo review.",no,,,,,,,,true,false,false,false,false,false,false,false,false,false,false
10,resolve_duplicate_transfer_before_photo_review,duplicate_transfer_check,official_source_candidate,nwsl,nwsl,houston_dash,Houston Dash,Yazmeen Ryan; Delanie Sheehan,yes,www.denversummitfc.com,https://www.denversummitfc.com/news/player-signings/denver-summit-fc-acquires-yazmeen-ryan-delanie-sheehan-from-houston-dash/,data/asset_registry/womens_soccer/womens_soccer_athlete_candidate_next_action_board.csv#row=51,data/asset_registry/womens_soccer/womens_soccer_athlete_candidate_next_action_board.csv,data/asset_registry/womens_soccer/womens_soccer_athlete_source_priority.csv#row=9,data/asset_registry/womens_soccer/womens_soccer_athlete_source_priority.csv,data/asset_registry/womens_soccer/womens_soccer_athlete_review_triage.csv#row=4,data/asset_registry/womens_soccer/womens_soccer_athlete_review_triage.csv,houston_dash,p0_nwsl_roster_verification_first,not_render_ready_review_only,not_render_ready_review_only,human_edited_intake_required_no_generated_authorization,"Resolve duplicate, transfer, loan, stale, or short-term status against official sources before photo review.",no,,,,,,,,true,false,false,false,false,false,false,false,false,false,false
11,resolve_duplicate_transfer_before_photo_review,duplicate_transfer_check,official_source_candidate,nwsl,nwsl,kansas_city_current,Kansas City Current,Ally Sentnor,yes,angelcity.com,https://angelcity.com/acfc-post/acfc-signs-uswnt-midfielder-ally-sentnor-trade-with-kansas-city-current,data/asset_registry/womens_soccer/womens_soccer_athlete_candidate_next_action_board.csv#row=52,data/asset_registry/womens_soccer/womens_soccer_athlete_candidate_next_action_board.csv,data/asset_registry/womens_soccer/womens_soccer_athlete_source_priority.csv#row=10,data/asset_registry/womens_soccer/womens_soccer_athlete_source_priority.csv,data/asset_registry/womens_soccer/womens_soccer_athlete_review_triage.csv#row=5,data/asset_registry/womens_soccer/womens_soccer_athlete_review_triage.csv,kansas_city_current,p0_nwsl_roster_verification_first,not_render_ready_review_only,not_render_ready_review_only,human_edited_intake_required_no_generated_authorization,"Resolve duplicate, transfer, loan, stale, or short-term status against official sources before photo review.",no,,,,,,,,true,false,false,false,false,false,false,false,false,false,false
12,resolve_duplicate_transfer_before_photo_review,duplicate_transfer_check,official_source_candidate,nwsl,nwsl,kansas_city_current,Kansas City Current,Katie Cappelletti; Kyra Carusa; Kelsey Branson; Flora Marta Lacho,yes,www.kansascitycurrent.com,https://www.kansascitycurrent.com/team; https://www.kansascitycurrent.com/news/kansas-city-current-announces-roster-ahead-of-2026-regular-s,data/asset_registry/womens_soccer/womens_soccer_athlete_candidate_next_action_board.csv#row=53,data/asset_registry/womens_soccer/womens_soccer_athlete_candidate_next_action_board.csv,data/asset_registry/womens_soccer/womens_soccer_athlete_source_priority.csv#row=25,data/asset_registry/womens_soccer/womens_soccer_athlete_source_priority.csv,data/asset_registry/womens_soccer/womens_soccer_athlete_review_triage.csv#row=5,data/asset_registry/womens_soccer/womens_soccer_athlete_review_triage.csv,kansas_city_current,p0_nwsl_roster_verification_first,not_render_ready_review_only,not_render_ready_review_only,human_edited_intake_required_no_generated_authorization,"Resolve duplicate, transfer, loan, stale, or short-term status against official sources before photo review.",no,,,,,,,,true,false,false,false,false,false,false,false,false,false,false
13,resolve_duplicate_transfer_before_photo_review,duplicate_transfer_check,official_source_candidate,nwsl,nwsl,orlando_pride,Orlando Pride,Angelina Alonso Costantino; Luana Bertolucci Paixão; Marta Marta; Rafaelle Leone Carvalho Souza; Jacqueline Ovalle; Oihane Hernández; Kat Asman,yes,www.orlandocitysc.com,https://www.orlandocitysc.com/pride/roster/,data/asset_registry/womens_soccer/womens_soccer_athlete_candidate_next_action_board.csv#row=54,data/asset_registry/womens_soccer/womens_soccer_athlete_candidate_next_action_board.csv,data/asset_registry/womens_soccer/womens_soccer_athlete_source_priority.csv#row=27,data/asset_registry/womens_soccer/womens_soccer_athlete_source_priority.csv,data/asset_registry/womens_soccer/womens_soccer_athlete_review_triage.csv#row=12,data/asset_registry/womens_soccer/womens_soccer_athlete_review_triage.csv,orlando_pride,p1_nwsl_local_candidate_assets_missing,not_render_ready_review_only,not_render_ready_review_only,human_edited_intake_required_no_generated_authorization,"Resolve duplicate, transfer, loan, stale, or short-term status against official sources before photo review.",no,,,,,,,,true,false,false,false,false,false,false,false,false,false,false
14,resolve_duplicate_transfer_before_photo_review,duplicate_transfer_check,official_source_candidate,nwsl,nwsl,portland_thorns_fc_utah_royals_fc,Portland Thorns FC / Utah Royals FC,Alexa Spaanstra,yes,www.thorns.com,https://www.thorns.com/news/forward-alexa-spaanstra-loaned-to-utah-royals-fc,data/asset_registry/womens_soccer/womens_soccer_athlete_candidate_next_action_board.csv#row=55,data/asset_registry/womens_soccer/womens_soccer_athlete_candidate_next_action_board.csv,data/asset_registry/womens_soccer/womens_soccer_athlete_source_priority.csv#row=11,data/asset_registry/womens_soccer/womens_soccer_athlete_source_priority.csv,,data/asset_registry/womens_soccer/womens_soccer_athlete_review_triage.csv,portland_thorns_fc_utah_royals_fc,,not_render_ready_review_only,not_render_ready_review_only,human_edited_intake_required_no_generated_authorization,"Resolve duplicate, transfer, loan, stale, or short-term status against official sources before photo review.",no,,,,,,,,true,false,false,false,false,false,false,false,false,false,false
15,verify_official_page_before_photo_review,official_page_missing_or_season_rollover_verify,official_source_candidate,nwsl,nwsl,angel_city_fc,Angel City FC,Maithé López,yes,angelcity.com,https://angelcity.com/acfc-post/angel-city-football-club-loans-forward-maithe-lopez-to-vancouver-rise-fc,data/asset_registry/womens_soccer/womens_soccer_athlete_candidate_next_action_board.csv#row=35,data/asset_registry/womens_soccer/womens_soccer_athlete_candidate_next_action_board.csv,data/asset_registry/womens_soccer/womens_soccer_athlete_source_priority.csv#row=2,data/asset_registry/womens_soccer/womens_soccer_athlete_source_priority.csv,data/asset_registry/womens_soccer/womens_soccer_athlete_review_triage.csv#row=1,data/asset_registry/womens_soccer/womens_soccer_athlete_review_triage.csv,angel_city_fc,p0_nwsl_roster_verification_first,not_render_ready_review_only,not_render_ready_review_only,human_edited_intake_required_no_generated_authorization,Verify the official roster/profile page or season-rollover URL before preparing manual photo-review intake.,no,,,,,,,,true,false,false,false,false,false,false,false,false,false,false
16,verify_official_page_before_photo_review,official_page_missing_or_season_rollover_verify,official_source_candidate,nwsl,nwsl,chicago_stars_fc,Chicago Stars FC,,yes,chicagostars.com,https://chicagostars.com/roster/,data/asset_registry/womens_soccer/womens_soccer_athlete_candidate_next_action_board.csv#row=36,data/asset_registry/womens_soccer/womens_soccer_athlete_candidate_next_action_board.csv,data/asset_registry/womens_soccer/womens_soccer_athlete_source_priority.csv#row=22,data/asset_registry/womens_soccer/womens_soccer_athlete_source_priority.csv,data/asset_registry/womens_soccer/womens_soccer_athlete_review_triage.csv#row=14,data/asset_registry/womens_soccer/womens_soccer_athlete_review_triage.csv,chicago_stars_fc,p1_nwsl_local_candidate_assets_missing,not_render_ready_review_only,not_render_ready_review_only,human_edited_intake_required_no_generated_authorization,Verify the official roster/profile page or season-rollover URL before preparing manual photo-review intake.,no,,,,,,,,true,false,false,false,false,false,false,false,false,false,false
17,verify_official_page_before_photo_review,official_page_missing_or_season_rollover_verify,official_source_candidate,nwsl,nwsl,gotham_fc,Gotham FC,Princess Ademiluyi; Bruna Santos Nhaia,yes,www.gothamfc.com,https://www.gothamfc.com/roster,data/asset_registry/womens_soccer/womens_soccer_athlete_candidate_next_action_board.csv#row=37,data/asset_registry/womens_soccer/womens_soccer_athlete_candidate_next_action_board.csv,data/asset_registry/womens_soccer/womens_soccer_athlete_source_priority.csv#row=23,data/asset_registry/womens_soccer/womens_soccer_athlete_source_priority.csv,data/asset_registry/womens_soccer/womens_soccer_athlete_review_triage.csv#row=3,data/asset_registry/womens_soccer/womens_soccer_athlete_review_triage.csv,gotham_fc,p0_nwsl_roster_verification_first,not_render_ready_review_only,not_render_ready_review_only,human_edited_intake_required_no_generated_authorization,Verify the official roster/profile page or season-rollover URL before preparing manual photo-review intake.,no,,,,,,,,true,false,false,false,false,false,false,false,false,false,false
18,verify_official_page_before_photo_review,official_page_missing_or_season_rollover_verify,official_source_candidate,nwsl,nwsl,kansas_city_current,Kansas City Current,Kaylin Williams-Mosier,yes,www.kansascitycurrent.com,https://www.kansascitycurrent.com/team/kaylin-williams-mosier,data/asset_registry/womens_soccer/womens_soccer_athlete_candidate_next_action_board.csv#row=38,data/asset_registry/womens_soccer/womens_soccer_athlete_candidate_next_action_board.csv,data/asset_registry/womens_soccer/womens_soccer_athlete_source_priority.csv#row=26,data/asset_registry/womens_soccer/womens_soccer_athlete_source_priority.csv,data/asset_registry/womens_soccer/womens_soccer_athlete_review_triage.csv#row=5,data/asset_registry/womens_soccer/womens_soccer_athlete_review_triage.csv,kansas_city_current,p0_nwsl_roster_verification_first,not_render_ready_review_only,not_render_ready_review_only,human_edited_intake_required_no_generated_authorization,Verify the official roster/profile page or season-rollover URL before preparing manual photo-review intake.,no,,,,,,,,true,false,false,false,false,false,false,false,false,false,false
19,verify_official_page_before_photo_review,official_page_missing_or_season_rollover_verify,official_source_candidate,nwsl,nwsl,san_diego_wave_fc,San Diego Wave FC,Sandra Paños; Amelia Donna Van Zanten; Gabrielle Jordão Portilho; Ludmila da Silva; Maria Eduarda Rodrigues Silva,yes,sandiegowavefc.com,https://sandiegowavefc.com/roster/,data/asset_registry/womens_soccer/womens_soccer_athlete_candidate_next_action_board.csv#row=39,data/asset_registry/womens_soccer/womens_soccer_athlete_candidate_next_action_board.csv,data/asset_registry/womens_soccer/womens_soccer_athlete_source_priority.csv#row=12,data/asset_registry/womens_soccer/womens_soccer_athlete_source_priority.csv,data/asset_registry/womens_soccer/womens_soccer_athlete_review_triage.csv#row=6,data/asset_registry/womens_soccer/womens_soccer_athlete_review_triage.csv,san_diego_wave_fc,p0_nwsl_roster_verification_first,not_render_ready_review_only,not_render_ready_review_only,human_edited_intake_required_no_generated_authorization,Verify the official roster/profile page or season-rollover URL before preparing manual photo-review intake.,no,,,,,,,,true,false,false,false,false,false,false,false,false,false,false
20,verify_official_page_before_photo_review,official_page_missing_or_season_rollover_verify,official_source_candidate,nwsl,nwsl,seattle_reign,Seattle Reign,,yes,www.reignfc.com,https://www.reignfc.com/roster,data/asset_registry/womens_soccer/womens_soccer_athlete_candidate_next_action_board.csv#row=40,data/asset_registry/womens_soccer/womens_soccer_athlete_candidate_next_action_board.csv,data/asset_registry/womens_soccer/womens_soccer_athlete_source_priority.csv#row=28,data/asset_registry/womens_soccer/womens_soccer_athlete_source_priority.csv,data/asset_registry/womens_soccer/womens_soccer_athlete_review_triage.csv#row=15,data/asset_registry/womens_soccer/womens_soccer_athlete_review_triage.csv,seattle_reign,p1_nwsl_local_candidate_assets_missing,not_render_ready_review_only,not_render_ready_review_only,human_edited_intake_required_no_generated_authorization,Verify the official roster/profile page or season-rollover URL before preparing manual photo-review intake.,no,,,,,,,,true,false,false,false,false,false,false,false,false,false,false
21,verify_official_page_before_photo_review,official_page_missing_or_season_rollover_verify,official_source_candidate,nwsl,nwsl,utah_royals_fc,Utah Royals FC,,yes,www.rsl.com,https://www.rsl.com/utahroyals/roster/,data/asset_registry/womens_soccer/womens_soccer_athlete_candidate_next_action_board.csv#row=41,data/asset_registry/womens_soccer/womens_soccer_athlete_candidate_next_action_board.csv,data/asset_registry/womens_soccer/womens_soccer_athlete_source_priority.csv#row=29,data/asset_registry/womens_soccer/womens_soccer_athlete_source_priority.csv,data/asset_registry/womens_soccer/womens_soccer_athlete_review_triage.csv#row=16,data/asset_registry/womens_soccer/womens_soccer_athlete_review_triage.csv,utah_royals_fc,p1_nwsl_local_candidate_assets_missing,not_render_ready_review_only,not_render_ready_review_only,human_edited_intake_required_no_generated_authorization,Verify the official roster/profile page or season-rollover URL before preparing manual photo-review intake.,no,,,,,,,,true,false,false,false,false,false,false,false,false,false,false
22,verify_official_page_before_photo_review,official_page_missing_or_season_rollover_verify,official_source_candidate,nwsl,nwsl,washington_spirit,Washington Spirit,Heather Stainbrook; Tamara Paranaguá do Carmo,yes,washingtonspirit.com,https://washingtonspirit.com/roster/,data/asset_registry/womens_soccer/womens_soccer_athlete_candidate_next_action_board.csv#row=42,data/asset_registry/womens_soccer/womens_soccer_athlete_candidate_next_action_board.csv,data/asset_registry/womens_soccer/womens_soccer_athlete_source_priority.csv#row=30,data/asset_registry/womens_soccer/womens_soccer_athlete_source_priority.csv,data/asset_registry/womens_soccer/womens_soccer_athlete_review_triage.csv#row=13,data/asset_registry/womens_soccer/womens_soccer_athlete_review_triage.csv,washington_spirit,p1_nwsl_local_candidate_assets_missing,not_render_ready_review_only,not_render_ready_review_only,human_edited_intake_required_no_generated_authorization,Verify the official roster/profile page or season-rollover URL before preparing manual photo-review intake.,no,,,,,,,,true,false,false,false,false,false,false,false,false,false,false
23,verify_official_page_before_photo_review,official_page_missing_or_season_rollover_verify,official_source_candidate,nwsl,nwsl,nwsl_all_teams,nwsl_all_teams; nwsl_all_players,,yes,www.nwslsoccer.com,https://www.nwslsoccer.com/teams/index,data/asset_registry/womens_soccer/womens_soccer_athlete_candidate_next_action_board.csv#row=43,data/asset_registry/womens_soccer/womens_soccer_athlete_candidate_next_action_board.csv,data/asset_registry/womens_soccer/womens_soccer_athlete_source_priority.csv#row=31,data/asset_registry/womens_soccer/womens_soccer_athlete_source_priority.csv,,data/asset_registry/womens_soccer/womens_soccer_athlete_review_triage.csv,nwsl_league_index,,not_render_ready_review_only,not_render_ready_review_only,human_edited_intake_required_no_generated_authorization,Verify the official roster/profile page or season-rollover URL before preparing manual photo-review intake.,no,,,,,,,,true,false,false,false,false,false,false,false,false,false,false
24,park_gray_area_lead_no_photo_use,gray_area_reputable_media_lead,gray_area_public_lead,nwsl,nwsl,gotham_fc,Gotham FC,Sam Kerr,yes,www.reuters.com,https://www.reuters.com/sports/soccer/reports-gotham-fc-set-reunion-with-f-sam-kerr--flm-2026-06-17/,data/asset_registry/womens_soccer/womens_soccer_athlete_candidate_next_action_board.csv#row=27,data/asset_registry/womens_soccer/womens_soccer_athlete_candidate_next_action_board.csv,data/asset_registry/womens_soccer/womens_soccer_athlete_source_priority.csv#row=13,data/asset_registry/womens_soccer/womens_soccer_athlete_source_priority.csv,data/asset_registry/womens_soccer/womens_soccer_athlete_review_triage.csv#row=3,data/asset_registry/womens_soccer/womens_soccer_athlete_review_triage.csv,gotham_fc,p0_nwsl_roster_verification_first,not_render_ready_review_only,not_render_ready_review_only,human_edited_intake_required_no_generated_authorization,Keep as research-only lead; require official roster or identity confirmation before any photo-review intake.,no,,,,,,,,true,false,false,false,false,false,false,false,false,false,false
25,park_gray_area_lead_no_photo_use,gray_area_reputable_media_lead,gray_area_public_lead,europe_top_flight,wsl_england,all_teams_backup,ALL_TEAMS_BACKUP,,yes,soccerdonna.de,https://www.soccerdonna.de/en/womens-super-league/startseite/wettbewerb_ENG1.html,data/asset_registry/womens_soccer/womens_soccer_athlete_candidate_next_action_board.csv#row=28,data/asset_registry/womens_soccer/womens_soccer_athlete_candidate_next_action_board.csv,data/asset_registry/womens_soccer/womens_soccer_athlete_source_priority.csv#row=14,data/asset_registry/womens_soccer/womens_soccer_athlete_source_priority.csv,data/asset_registry/womens_soccer/womens_soccer_athlete_review_triage.csv#row=7,data/asset_registry/womens_soccer/womens_soccer_athlete_review_triage.csv,all_teams_backup,p1_europe_gray_area_source_review,not_render_ready_source_candidate_only,missing_local_candidate_or_human_intake_required,human_edited_intake_required_no_generated_authorization,Keep as research-only lead; require official roster or identity confirmation before any photo-review intake.,no,,,,,,,,true,false,false,false,false,false,false,false,false,false,false
26,park_gray_area_lead_no_photo_use,gray_area_reputable_media_lead,gray_area_public_lead,europe_top_flight,liga_f_spain,all_teams_backup,ALL_TEAMS_BACKUP,,yes,soccerdonna.de,https://www.soccerdonna.de/en/primera-division-femenina/startseite/wettbewerb_ESP1.html,data/asset_registry/womens_soccer/womens_soccer_athlete_candidate_next_action_board.csv#row=29,data/asset_registry/womens_soccer/womens_soccer_athlete_candidate_next_action_board.csv,data/asset_registry/womens_soccer/womens_soccer_athlete_source_priority.csv#row=15,data/asset_registry/womens_soccer/womens_soccer_athlete_source_priority.csv,data/asset_registry/womens_soccer/womens_soccer_athlete_review_triage.csv#row=8,data/asset_registry/womens_soccer/womens_soccer_athlete_review_triage.csv,all_teams_backup,p1_europe_gray_area_source_review,not_render_ready_source_candidate_only,missing_local_candidate_or_human_intake_required,human_edited_intake_required_no_generated_authorization,Keep as research-only lead; require official roster or identity confirmation before any photo-review intake.,no,,,,,,,,true,false,false,false,false,false,false,false,false,false,false
27,park_gray_area_lead_no_photo_use,gray_area_reputable_media_lead,gray_area_public_lead,europe_top_flight,frauen_bundesliga_germany,all_teams_backup,ALL_TEAMS_BACKUP,,yes,globalsportsarchive.com,https://globalsportsarchive.com/en/soccer/competition/google-pixel-frauen-bundesliga-2025-2026/76011,data/asset_registry/womens_soccer/womens_soccer_athlete_candidate_next_action_board.csv#row=30,data/asset_registry/womens_soccer/womens_soccer_athlete_candidate_next_action_board.csv,data/asset_registry/womens_soccer/womens_soccer_athlete_source_priority.csv#row=16,data/asset_registry/womens_soccer/womens_soccer_athlete_source_priority.csv,data/asset_registry/womens_soccer/womens_soccer_athlete_review_triage.csv#row=9,data/asset_registry/womens_soccer/womens_soccer_athlete_review_triage.csv,all_teams_backup,p1_europe_gray_area_source_review,not_render_ready_source_candidate_only,missing_local_candidate_or_human_intake_required,human_edited_intake_required_no_generated_authorization,Keep as research-only lead; require official roster or identity confirmation before any photo-review intake.,no,,,,,,,,true,false,false,false,false,false,false,false,false,false,false
28,park_gray_area_lead_no_photo_use,gray_area_reputable_media_lead,gray_area_public_lead,europe_top_flight,serie_a_women_italy,all_teams_backup,ALL_TEAMS_BACKUP,,yes,soccerdonna.de,https://www.soccerdonna.de/en/serie-a-women/startseite/wettbewerb_IT1.html,data/asset_registry/womens_soccer/womens_soccer_athlete_candidate_next_action_board.csv#row=31,data/asset_registry/womens_soccer/womens_soccer_athlete_candidate_next_action_board.csv,data/asset_registry/womens_soccer/womens_soccer_athlete_source_priority.csv#row=17,data/asset_registry/womens_soccer/womens_soccer_athlete_source_priority.csv,data/asset_registry/womens_soccer/womens_soccer_athlete_review_triage.csv#row=10,data/asset_registry/womens_soccer/womens_soccer_athlete_review_triage.csv,all_teams_backup,p1_europe_gray_area_source_review,not_render_ready_source_candidate_only,missing_local_candidate_or_human_intake_required,human_edited_intake_required_no_generated_authorization,Keep as research-only lead; require official roster or identity confirmation before any photo-review intake.,no,,,,,,,,true,false,false,false,false,false,false,false,false,false,false
29,park_gray_area_lead_no_photo_use,gray_area_reputable_media_lead,gray_area_public_lead,europe_top_flight,serie_a_women_italy,sassuolo_women,Sassuolo Women,,yes,soccerdonna.de,https://www.soccerdonna.de/en/us-sassuolo/startseite/verein_6329.html,data/asset_registry/womens_soccer/womens_soccer_athlete_candidate_next_action_board.csv#row=32,data/asset_registry/womens_soccer/womens_soccer_athlete_candidate_next_action_board.csv,data/asset_registry/womens_soccer/womens_soccer_athlete_source_priority.csv#row=18,data/asset_registry/womens_soccer/womens_soccer_athlete_source_priority.csv,data/asset_registry/womens_soccer/womens_soccer_athlete_review_triage.csv#row=10,data/asset_registry/womens_soccer/womens_soccer_athlete_review_triage.csv,sassuolo_women,p1_europe_gray_area_source_review,not_render_ready_source_candidate_only,missing_local_candidate_or_human_intake_required,human_edited_intake_required_no_generated_authorization,Keep as research-only lead; require official roster or identity confirmation before any photo-review intake.,no,,,,,,,,true,false,false,false,false,false,false,false,false,false,false
30,park_gray_area_lead_no_photo_use,gray_area_reputable_media_lead,gray_area_public_lead,europe_top_flight,serie_a_women_italy,ternana_women,Ternana Women,,yes,soccerdonna.de,https://www.soccerdonna.de/en/ternana-women/kader/verein_7549.html,data/asset_registry/womens_soccer/womens_soccer_athlete_candidate_next_action_board.csv#row=33,data/asset_registry/womens_soccer/womens_soccer_athlete_candidate_next_action_board.csv,data/asset_registry/womens_soccer/womens_soccer_athlete_source_priority.csv#row=19,data/asset_registry/womens_soccer/womens_soccer_athlete_source_priority.csv,data/asset_registry/womens_soccer/womens_soccer_athlete_review_triage.csv#row=10,data/asset_registry/womens_soccer/womens_soccer_athlete_review_triage.csv,ternana_women,p1_europe_gray_area_source_review,not_render_ready_source_candidate_only,missing_local_candidate_or_human_intake_required,human_edited_intake_required_no_generated_authorization,Keep as research-only lead; require official roster or identity confirmation before any photo-review intake.,no,,,,,,,,true,false,false,false,false,false,false,false,false,false,false
31,park_gray_area_lead_no_photo_use,gray_area_reputable_media_lead,gray_area_public_lead,europe_top_flight,arkema_premiere_ligue_france,all_teams_backup,ALL_TEAMS_BACKUP,,yes,globalsportsarchive.com,https://globalsportsarchive.com/en/soccer/competition/arkema-premiere-ligue-2025-2026/76150,data/asset_registry/womens_soccer/womens_soccer_athlete_candidate_next_action_board.csv#row=34,data/asset_registry/womens_soccer/womens_soccer_athlete_candidate_next_action_board.csv,data/asset_registry/womens_soccer/womens_soccer_athlete_source_priority.csv#row=20,data/asset_registry/womens_soccer/womens_soccer_athlete_source_priority.csv,data/asset_registry/womens_soccer/womens_soccer_athlete_review_triage.csv#row=11,data/asset_registry/womens_soccer/womens_soccer_athlete_review_triage.csv,all_teams_backup,p1_europe_gray_area_source_review,not_render_ready_source_candidate_only,missing_local_candidate_or_human_intake_required,human_edited_intake_required_no_generated_authorization,Keep as research-only lead; require official roster or identity confirmation before any photo-review intake.,no,,,,,,,,true,false,false,false,false,false,false,false,false,false,false
32,future_quarantine_download_intake_prep,future_quarantine_download_intake_prep,official_source_candidate,europe_top_flight,wsl_england,arsenal_women,Arsenal Women,,no,wslfootball.com,https://www.wslfootball.com/clubs/arsenal/squad,data/asset_registry/womens_soccer/womens_soccer_athlete_candidate_next_action_board.csv#row=56,data/asset_registry/womens_soccer/womens_soccer_athlete_candidate_next_action_board.csv,data/asset_registry/womens_soccer/womens_soccer_athlete_source_priority.csv#row=56,data/asset_registry/womens_soccer/womens_soccer_athlete_source_priority.csv,data/asset_registry/womens_soccer/womens_soccer_athlete_review_triage.csv#row=7,data/asset_registry/womens_soccer/womens_soccer_athlete_review_triage.csv,arsenal_women,p1_europe_gray_area_source_review,not_render_ready_source_candidate_only,missing_local_candidate_or_human_intake_required,human_edited_intake_required_no_generated_authorization,Prepare future human-edited quarantine-download intake only; generated row does not authorize any download.,no,,,,,,,,true,false,false,false,false,false,false,false,false,false,false
33,future_quarantine_download_intake_prep,future_quarantine_download_intake_prep,official_source_candidate,europe_top_flight,wsl_england,aston_villa_women,Aston Villa Women,,no,wslfootball.com,https://www.wslfootball.com/clubs/aston-villa/squad,data/asset_registry/womens_soccer/womens_soccer_athlete_candidate_next_action_board.csv#row=57,data/asset_registry/womens_soccer/womens_soccer_athlete_candidate_next_action_board.csv,data/asset_registry/womens_soccer/womens_soccer_athlete_source_priority.csv#row=57,data/asset_registry/womens_soccer/womens_soccer_athlete_source_priority.csv,data/asset_registry/womens_soccer/womens_soccer_athlete_review_triage.csv#row=7,data/asset_registry/womens_soccer/womens_soccer_athlete_review_triage.csv,aston_villa_women,p1_europe_gray_area_source_review,not_render_ready_source_candidate_only,missing_local_candidate_or_human_intake_required,human_edited_intake_required_no_generated_authorization,Prepare future human-edited quarantine-download intake only; generated row does not authorize any download.,no,,,,,,,,true,false,false,false,false,false,false,false,false,false,false
34,future_quarantine_download_intake_prep,future_quarantine_download_intake_prep,official_source_candidate,europe_top_flight,wsl_england,brighton_and_hove_albion_women,Brighton & Hove Albion Women,,no,wslfootball.com,https://www.wslfootball.com/clubs/brighton-hove-albion/squad,data/asset_registry/womens_soccer/womens_soccer_athlete_candidate_next_action_board.csv#row=58,data/asset_registry/womens_soccer/womens_soccer_athlete_candidate_next_action_board.csv,data/asset_registry/womens_soccer/womens_soccer_athlete_source_priority.csv#row=58,data/asset_registry/womens_soccer/womens_soccer_athlete_source_priority.csv,data/asset_registry/womens_soccer/womens_soccer_athlete_review_triage.csv#row=7,data/asset_registry/womens_soccer/womens_soccer_athlete_review_triage.csv,brighton_and_hove_albion_women,p1_europe_gray_area_source_review,not_render_ready_source_candidate_only,missing_local_candidate_or_human_intake_required,human_edited_intake_required_no_generated_authorization,Prepare future human-edited quarantine-download intake only; generated row does not authorize any download.,no,,,,,,,,true,false,false,false,false,false,false,false,false,false,false
35,future_quarantine_download_intake_prep,future_quarantine_download_intake_prep,official_source_candidate,europe_top_flight,wsl_england,chelsea_women,Chelsea Women,,no,wslfootball.com,https://www.wslfootball.com/clubs/chelsea/squad,data/asset_registry/womens_soccer/womens_soccer_athlete_candidate_next_action_board.csv#row=59,data/asset_registry/womens_soccer/womens_soccer_athlete_candidate_next_action_board.csv,data/asset_registry/womens_soccer/womens_soccer_athlete_source_priority.csv#row=59,data/asset_registry/womens_soccer/womens_soccer_athlete_source_priority.csv,data/asset_registry/womens_soccer/womens_soccer_athlete_review_triage.csv#row=7,data/asset_registry/womens_soccer/womens_soccer_athlete_review_triage.csv,chelsea_women,p1_europe_gray_area_source_review,not_render_ready_source_candidate_only,missing_local_candidate_or_human_intake_required,human_edited_intake_required_no_generated_authorization,Prepare future human-edited quarantine-download intake only; generated row does not authorize any download.,no,,,,,,,,true,false,false,false,false,false,false,false,false,false,false
36,future_quarantine_download_intake_prep,future_quarantine_download_intake_prep,official_source_candidate,europe_top_flight,wsl_england,everton_women,Everton Women,,no,wslfootball.com,https://www.wslfootball.com/clubs/everton/squad,data/asset_registry/womens_soccer/womens_soccer_athlete_candidate_next_action_board.csv#row=60,data/asset_registry/womens_soccer/womens_soccer_athlete_candidate_next_action_board.csv,data/asset_registry/womens_soccer/womens_soccer_athlete_source_priority.csv#row=60,data/asset_registry/womens_soccer/womens_soccer_athlete_source_priority.csv,data/asset_registry/womens_soccer/womens_soccer_athlete_review_triage.csv#row=7,data/asset_registry/womens_soccer/womens_soccer_athlete_review_triage.csv,everton_women,p1_europe_gray_area_source_review,not_render_ready_source_candidate_only,missing_local_candidate_or_human_intake_required,human_edited_intake_required_no_generated_authorization,Prepare future human-edited quarantine-download intake only; generated row does not authorize any download.,no,,,,,,,,true,false,false,false,false,false,false,false,false,false,false
37,future_quarantine_download_intake_prep,future_quarantine_download_intake_prep,official_source_candidate,europe_top_flight,wsl_england,leicester_city_women,Leicester City Women,,no,wslfootball.com,https://www.wslfootball.com/clubs/leicester-city/squad,data/asset_registry/womens_soccer/womens_soccer_athlete_candidate_next_action_board.csv#row=61,data/asset_registry/womens_soccer/womens_soccer_athlete_candidate_next_action_board.csv,data/asset_registry/womens_soccer/womens_soccer_athlete_source_priority.csv#row=61,data/asset_registry/womens_soccer/womens_soccer_athlete_source_priority.csv,data/asset_registry/womens_soccer/womens_soccer_athlete_review_triage.csv#row=7,data/asset_registry/womens_soccer/womens_soccer_athlete_review_triage.csv,leicester_city_women,p1_europe_gray_area_source_review,not_render_ready_source_candidate_only,missing_local_candidate_or_human_intake_required,human_edited_intake_required_no_generated_authorization,Prepare future human-edited quarantine-download intake only; generated row does not authorize any download.,no,,,,,,,,true,false,false,false,false,false,false,false,false,false,false
38,future_quarantine_download_intake_prep,future_quarantine_download_intake_prep,official_source_candidate,europe_top_flight,wsl_england,liverpool_women,Liverpool Women,,no,wslfootball.com,https://www.wslfootball.com/clubs/liverpool/squad,data/asset_registry/womens_soccer/womens_soccer_athlete_candidate_next_action_board.csv#row=62,data/asset_registry/womens_soccer/womens_soccer_athlete_candidate_next_action_board.csv,data/asset_registry/womens_soccer/womens_soccer_athlete_source_priority.csv#row=62,data/asset_registry/womens_soccer/womens_soccer_athlete_source_priority.csv,data/asset_registry/womens_soccer/womens_soccer_athlete_review_triage.csv#row=7,data/asset_registry/womens_soccer/womens_soccer_athlete_review_triage.csv,liverpool_women,p1_europe_gray_area_source_review,not_render_ready_source_candidate_only,missing_local_candidate_or_human_intake_required,human_edited_intake_required_no_generated_authorization,Prepare future human-edited quarantine-download intake only; generated row does not authorize any download.,no,,,,,,,,true,false,false,false,false,false,false,false,false,false,false
39,future_quarantine_download_intake_prep,future_quarantine_download_intake_prep,official_source_candidate,europe_top_flight,wsl_england,london_city_lionesses,London City Lionesses,,no,wslfootball.com,https://www.wslfootball.com/clubs/london-city-lionesses/squad,data/asset_registry/womens_soccer/womens_soccer_athlete_candidate_next_action_board.csv#row=63,data/asset_registry/womens_soccer/womens_soccer_athlete_candidate_next_action_board.csv,data/asset_registry/womens_soccer/womens_soccer_athlete_source_priority.csv#row=63,data/asset_registry/womens_soccer/womens_soccer_athlete_source_priority.csv,data/asset_registry/womens_soccer/womens_soccer_athlete_review_triage.csv#row=7,data/asset_registry/womens_soccer/womens_soccer_athlete_review_triage.csv,london_city_lionesses,p1_europe_gray_area_source_review,not_render_ready_source_candidate_only,missing_local_candidate_or_human_intake_required,human_edited_intake_required_no_generated_authorization,Prepare future human-edited quarantine-download intake only; generated row does not authorize any download.,no,,,,,,,,true,false,false,false,false,false,false,false,false,false,false
40,future_quarantine_download_intake_prep,future_quarantine_download_intake_prep,official_source_candidate,europe_top_flight,wsl_england,manchester_city_women,Manchester City Women,,no,wslfootball.com,https://www.wslfootball.com/clubs/manchester-city/squad,data/asset_registry/womens_soccer/womens_soccer_athlete_candidate_next_action_board.csv#row=64,data/asset_registry/womens_soccer/womens_soccer_athlete_candidate_next_action_board.csv,data/asset_registry/womens_soccer/womens_soccer_athlete_source_priority.csv#row=64,data/asset_registry/womens_soccer/womens_soccer_athlete_source_priority.csv,data/asset_registry/womens_soccer/womens_soccer_athlete_review_triage.csv#row=7,data/asset_registry/womens_soccer/womens_soccer_athlete_review_triage.csv,manchester_city_women,p1_europe_gray_area_source_review,not_render_ready_source_candidate_only,missing_local_candidate_or_human_intake_required,human_edited_intake_required_no_generated_authorization,Prepare future human-edited quarantine-download intake only; generated row does not authorize any download.,no,,,,,,,,true,false,false,false,false,false,false,false,false,false,false
41,future_quarantine_download_intake_prep,future_quarantine_download_intake_prep,official_source_candidate,europe_top_flight,wsl_england,manchester_united_women,Manchester United Women,,no,wslfootball.com,https://www.wslfootball.com/clubs/manchester-united/squad,data/asset_registry/womens_soccer/womens_soccer_athlete_candidate_next_action_board.csv#row=65,data/asset_registry/womens_soccer/womens_soccer_athlete_candidate_next_action_board.csv,data/asset_registry/womens_soccer/womens_soccer_athlete_source_priority.csv#row=65,data/asset_registry/womens_soccer/womens_soccer_athlete_source_priority.csv,data/asset_registry/womens_soccer/womens_soccer_athlete_review_triage.csv#row=7,data/asset_registry/womens_soccer/womens_soccer_athlete_review_triage.csv,manchester_united_women,p1_europe_gray_area_source_review,not_render_ready_source_candidate_only,missing_local_candidate_or_human_intake_required,human_edited_intake_required_no_generated_authorization,Prepare future human-edited quarantine-download intake only; generated row does not authorize any download.,no,,,,,,,,true,false,false,false,false,false,false,false,false,false,false
42,future_quarantine_download_intake_prep,future_quarantine_download_intake_prep,official_source_candidate,europe_top_flight,wsl_england,tottenham_hotspur_women,Tottenham Hotspur Women,,no,wslfootball.com,https://www.wslfootball.com/clubs/tottenham-hotspur/squad,data/asset_registry/womens_soccer/womens_soccer_athlete_candidate_next_action_board.csv#row=66,data/asset_registry/womens_soccer/womens_soccer_athlete_candidate_next_action_board.csv,data/asset_registry/womens_soccer/womens_soccer_athlete_source_priority.csv#row=66,data/asset_registry/womens_soccer/womens_soccer_athlete_source_priority.csv,data/asset_registry/womens_soccer/womens_soccer_athlete_review_triage.csv#row=7,data/asset_registry/womens_soccer/womens_soccer_athlete_review_triage.csv,tottenham_hotspur_women,p1_europe_gray_area_source_review,not_render_ready_source_candidate_only,missing_local_candidate_or_human_intake_required,human_edited_intake_required_no_generated_authorization,Prepare future human-edited quarantine-download intake only; generated row does not authorize any download.,no,,,,,,,,true,false,false,false,false,false,false,false,false,false,false
43,future_quarantine_download_intake_prep,future_quarantine_download_intake_prep,official_source_candidate,europe_top_flight,wsl_england,west_ham_united_women,West Ham United Women,,no,wslfootball.com,https://www.wslfootball.com/clubs/west-ham-united/squad,data/asset_registry/womens_soccer/womens_soccer_athlete_candidate_next_action_board.csv#row=67,data/asset_registry/womens_soccer/womens_soccer_athlete_candidate_next_action_board.csv,data/asset_registry/womens_soccer/womens_soccer_athlete_source_priority.csv#row=67,data/asset_registry/womens_soccer/womens_soccer_athlete_source_priority.csv,data/asset_registry/womens_soccer/womens_soccer_athlete_review_triage.csv#row=7,data/asset_registry/womens_soccer/womens_soccer_athlete_review_triage.csv,west_ham_united_women,p1_europe_gray_area_source_review,not_render_ready_source_candidate_only,missing_local_candidate_or_human_intake_required,human_edited_intake_required_no_generated_authorization,Prepare future human-edited quarantine-download intake only; generated row does not authorize any download.,no,,,,,,,,true,false,false,false,false,false,false,false,false,false,false
44,future_quarantine_download_intake_prep,future_quarantine_download_intake_prep,official_source_candidate,europe_top_flight,liga_f_spain,alhama_cf_elpozo,Alhama CF ElPozo,,no,ligaf.es,https://ligaf.es/equipo/alhama-cf-femenino/20478/plantilla/2026,data/asset_registry/womens_soccer/womens_soccer_athlete_candidate_next_action_board.csv#row=68,data/asset_registry/womens_soccer/womens_soccer_athlete_candidate_next_action_board.csv,data/asset_registry/womens_soccer/womens_soccer_athlete_source_priority.csv#row=68,data/asset_registry/womens_soccer/womens_soccer_athlete_source_priority.csv,data/asset_registry/womens_soccer/womens_soccer_athlete_review_triage.csv#row=8,data/asset_registry/womens_soccer/womens_soccer_athlete_review_triage.csv,alhama_cf_elpozo,p1_europe_gray_area_source_review,not_render_ready_source_candidate_only,missing_local_candidate_or_human_intake_required,human_edited_intake_required_no_generated_authorization,Prepare future human-edited quarantine-download intake only; generated row does not authorize any download.,no,,,,,,,,true,false,false,false,false,false,false,false,false,false,false
45,future_quarantine_download_intake_prep,future_quarantine_download_intake_prep,official_source_candidate,europe_top_flight,liga_f_spain,athletic_club,Athletic Club,,no,ligaf.es,https://ligaf.es/equipo/athletic-club-femenino/8845/plantilla/2026,data/asset_registry/womens_soccer/womens_soccer_athlete_candidate_next_action_board.csv#row=69,data/asset_registry/womens_soccer/womens_soccer_athlete_candidate_next_action_board.csv,data/asset_registry/womens_soccer/womens_soccer_athlete_source_priority.csv#row=69,data/asset_registry/womens_soccer/womens_soccer_athlete_source_priority.csv,data/asset_registry/womens_soccer/womens_soccer_athlete_review_triage.csv#row=8,data/asset_registry/womens_soccer/womens_soccer_athlete_review_triage.csv,athletic_club,p1_europe_gray_area_source_review,not_render_ready_source_candidate_only,missing_local_candidate_or_human_intake_required,human_edited_intake_required_no_generated_authorization,Prepare future human-edited quarantine-download intake only; generated row does not authorize any download.,no,,,,,,,,true,false,false,false,false,false,false,false,false,false,false
46,future_quarantine_download_intake_prep,future_quarantine_download_intake_prep,official_source_candidate,europe_top_flight,liga_f_spain,atl_tico_de_madrid,Atlético de Madrid,,no,ligaf.es,https://ligaf.es/equipo/club-atletico-de-madrid-femenino/12279/plantilla/2026,data/asset_registry/womens_soccer/womens_soccer_athlete_candidate_next_action_board.csv#row=70,data/asset_registry/womens_soccer/womens_soccer_athlete_candidate_next_action_board.csv,data/asset_registry/womens_soccer/womens_soccer_athlete_source_priority.csv#row=70,data/asset_registry/womens_soccer/womens_soccer_athlete_source_priority.csv,data/asset_registry/womens_soccer/womens_soccer_athlete_review_triage.csv#row=8,data/asset_registry/womens_soccer/womens_soccer_athlete_review_triage.csv,atl_tico_de_madrid,p1_europe_gray_area_source_review,not_render_ready_source_candidate_only,missing_local_candidate_or_human_intake_required,human_edited_intake_required_no_generated_authorization,Prepare future human-edited quarantine-download intake only; generated row does not authorize any download.,no,,,,,,,,true,false,false,false,false,false,false,false,false,false,false
47,future_quarantine_download_intake_prep,future_quarantine_download_intake_prep,official_source_candidate,europe_top_flight,liga_f_spain,costa_adeje_tenerife,Costa Adeje Tenerife,,no,ligaf.es,https://ligaf.es/equipo/ud-granadilla-tenerife-sur-femenino/12369/plantilla/2026,data/asset_registry/womens_soccer/womens_soccer_athlete_candidate_next_action_board.csv#row=71,data/asset_registry/womens_soccer/womens_soccer_athlete_candidate_next_action_board.csv,data/asset_registry/womens_soccer/womens_soccer_athlete_source_priority.csv#row=71,data/asset_registry/womens_soccer/womens_soccer_athlete_source_priority.csv,data/asset_registry/womens_soccer/womens_soccer_athlete_review_triage.csv#row=8,data/asset_registry/womens_soccer/womens_soccer_athlete_review_triage.csv,costa_adeje_tenerife,p1_europe_gray_area_source_review,not_render_ready_source_candidate_only,missing_local_candidate_or_human_intake_required,human_edited_intake_required_no_generated_authorization,Prepare future human-edited quarantine-download intake only; generated row does not authorize any download.,no,,,,,,,,true,false,false,false,false,false,false,false,false,false,false
48,future_quarantine_download_intake_prep,future_quarantine_download_intake_prep,official_source_candidate,europe_top_flight,liga_f_spain,dux_logro_o,DUX Logroño,,no,ligaf.es,https://ligaf.es/equipo/edf-logrono-femenina/51737/plantilla/2026,data/asset_registry/womens_soccer/womens_soccer_athlete_candidate_next_action_board.csv#row=72,data/asset_registry/womens_soccer/womens_soccer_athlete_candidate_next_action_board.csv,data/asset_registry/womens_soccer/womens_soccer_athlete_source_priority.csv#row=72,data/asset_registry/womens_soccer/womens_soccer_athlete_source_priority.csv,data/asset_registry/womens_soccer/womens_soccer_athlete_review_triage.csv#row=8,data/asset_registry/womens_soccer/womens_soccer_athlete_review_triage.csv,dux_logro_o,p1_europe_gray_area_source_review,not_render_ready_source_candidate_only,missing_local_candidate_or_human_intake_required,human_edited_intake_required_no_generated_authorization,Prepare future human-edited quarantine-download intake only; generated row does not authorize any download.,no,,,,,,,,true,false,false,false,false,false,false,false,false,false,false
49,future_quarantine_download_intake_prep,future_quarantine_download_intake_prep,official_source_candidate,europe_top_flight,liga_f_spain,deportivo_abanca,Deportivo Abanca,,no,ligaf.es,https://ligaf.es/equipo/deportivo-femenino/8870/plantilla/2026,data/asset_registry/womens_soccer/womens_soccer_athlete_candidate_next_action_board.csv#row=73,data/asset_registry/womens_soccer/womens_soccer_athlete_candidate_next_action_board.csv,data/asset_registry/womens_soccer/womens_soccer_athlete_source_priority.csv#row=73,data/asset_registry/womens_soccer/womens_soccer_athlete_source_priority.csv,data/asset_registry/womens_soccer/womens_soccer_athlete_review_triage.csv#row=8,data/asset_registry/womens_soccer/womens_soccer_athlete_review_triage.csv,deportivo_abanca,p1_europe_gray_area_source_review,not_render_ready_source_candidate_only,missing_local_candidate_or_human_intake_required,human_edited_intake_required_no_generated_authorization,Prepare future human-edited quarantine-download intake only; generated row does not authorize any download.,no,,,,,,,,true,false,false,false,false,false,false,false,false,false,false
50,future_quarantine_download_intake_prep,future_quarantine_download_intake_prep,official_source_candidate,europe_top_flight,liga_f_spain,fc_badalona_women,FC Badalona Women,,no,ligaf.es,https://ligaf.es/equipo/levante-las-planas-femenino/20435/plantilla/2026,data/asset_registry/womens_soccer/womens_soccer_athlete_candidate_next_action_board.csv#row=74,data/asset_registry/womens_soccer/womens_soccer_athlete_candidate_next_action_board.csv,data/asset_registry/womens_soccer/womens_soccer_athlete_source_priority.csv#row=74,data/asset_registry/womens_soccer/womens_soccer_athlete_source_priority.csv,data/asset_registry/womens_soccer/womens_soccer_athlete_review_triage.csv#row=8,data/asset_registry/womens_soccer/womens_soccer_athlete_review_triage.csv,fc_badalona_women,p1_europe_gray_area_source_review,not_render_ready_source_candidate_only,missing_local_candidate_or_human_intake_required,human_edited_intake_required_no_generated_authorization,Prepare future human-edited quarantine-download intake only; generated row does not authorize any download.,no,,,,,,,,true,false,false,false,false,false,false,false,false,false,false
51,future_quarantine_download_intake_prep,future_quarantine_download_intake_prep,official_source_candidate,europe_top_flight,liga_f_spain,fc_barcelona,FC Barcelona,,no,ligaf.es,https://ligaf.es/equipo/fc-barcelona-femenino/8852/plantilla/2026,data/asset_registry/womens_soccer/womens_soccer_athlete_candidate_next_action_board.csv#row=75,data/asset_registry/womens_soccer/womens_soccer_athlete_candidate_next_action_board.csv,data/asset_registry/womens_soccer/womens_soccer_athlete_source_priority.csv#row=75,data/asset_registry/womens_soccer/womens_soccer_athlete_source_priority.csv,data/asset_registry/womens_soccer/womens_soccer_athlete_review_triage.csv#row=8,data/asset_registry/womens_soccer/womens_soccer_athlete_review_triage.csv,fc_barcelona,p1_europe_gray_area_source_review,not_render_ready_source_candidate_only,missing_local_candidate_or_human_intake_required,human_edited_intake_required_no_generated_authorization,Prepare future human-edited quarantine-download intake only; generated row does not authorize any download.,no,,,,,,,,true,false,false,false,false,false,false,false,false,false,false
52,future_quarantine_download_intake_prep,future_quarantine_download_intake_prep,official_source_candidate,europe_top_flight,liga_f_spain,granada_cf,Granada CF,,no,ligaf.es,https://ligaf.es/equipo/granada-cf-femenino/8909/plantilla/2026,data/asset_registry/womens_soccer/womens_soccer_athlete_candidate_next_action_board.csv#row=76,data/asset_registry/womens_soccer/womens_soccer_athlete_candidate_next_action_board.csv,data/asset_registry/womens_soccer/womens_soccer_athlete_source_priority.csv#row=76,data/asset_registry/womens_soccer/womens_soccer_athlete_source_priority.csv,data/asset_registry/womens_soccer/womens_soccer_athlete_review_triage.csv#row=8,data/asset_registry/womens_soccer/womens_soccer_athlete_review_triage.csv,granada_cf,p1_europe_gray_area_source_review,not_render_ready_source_candidate_only,missing_local_candidate_or_human_intake_required,human_edited_intake_required_no_generated_authorization,Prepare future human-edited quarantine-download intake only; generated row does not authorize any download.,no,,,,,,,,true,false,false,false,false,false,false,false,false,false,false
53,future_quarantine_download_intake_prep,future_quarantine_download_intake_prep,official_source_candidate,europe_top_flight,liga_f_spain,levante_ud,Levante UD,,no,ligaf.es,https://ligaf.es/equipo/levante-ud-femenino/8859/plantilla/2026,data/asset_registry/womens_soccer/womens_soccer_athlete_candidate_next_action_board.csv#row=77,data/asset_registry/womens_soccer/womens_soccer_athlete_candidate_next_action_board.csv,data/asset_registry/womens_soccer/womens_soccer_athlete_source_priority.csv#row=77,data/asset_registry/womens_soccer/womens_soccer_athlete_source_priority.csv,data/asset_registry/womens_soccer/womens_soccer_athlete_review_triage.csv#row=8,data/asset_registry/womens_soccer/womens_soccer_athlete_review_triage.csv,levante_ud,p1_europe_gray_area_source_review,not_render_ready_source_candidate_only,missing_local_candidate_or_human_intake_required,human_edited_intake_required_no_generated_authorization,Prepare future human-edited quarantine-download intake only; generated row does not authorize any download.,no,,,,,,,,true,false,false,false,false,false,false,false,false,false,false
54,future_quarantine_download_intake_prep,future_quarantine_download_intake_prep,official_source_candidate,europe_top_flight,liga_f_spain,madrid_cff,Madrid CFF,,no,ligaf.es,https://ligaf.es/equipo/madrid-cf-femenino/12358/plantilla/2026,data/asset_registry/womens_soccer/womens_soccer_athlete_candidate_next_action_board.csv#row=78,data/asset_registry/womens_soccer/womens_soccer_athlete_candidate_next_action_board.csv,data/asset_registry/womens_soccer/womens_soccer_athlete_source_priority.csv#row=78,data/asset_registry/womens_soccer/womens_soccer_athlete_source_priority.csv,data/asset_registry/womens_soccer/womens_soccer_athlete_review_triage.csv#row=8,data/asset_registry/womens_soccer/womens_soccer_athlete_review_triage.csv,madrid_cff,p1_europe_gray_area_source_review,not_render_ready_source_candidate_only,missing_local_candidate_or_human_intake_required,human_edited_intake_required_no_generated_authorization,Prepare future human-edited quarantine-download intake only; generated row does not authorize any download.,no,,,,,,,,true,false,false,false,false,false,false,false,false,false,false
55,future_quarantine_download_intake_prep,future_quarantine_download_intake_prep,official_source_candidate,europe_top_flight,liga_f_spain,rcd_espanyol_de_barcelona,RCD Espanyol de Barcelona,,no,ligaf.es,https://ligaf.es/equipo/rcd-espanyol-femenino/8847/plantilla/2026,data/asset_registry/womens_soccer/womens_soccer_athlete_candidate_next_action_board.csv#row=79,data/asset_registry/womens_soccer/womens_soccer_athlete_candidate_next_action_board.csv,data/asset_registry/womens_soccer/womens_soccer_athlete_source_priority.csv#row=79,data/asset_registry/womens_soccer/womens_soccer_athlete_source_priority.csv,data/asset_registry/womens_soccer/womens_soccer_athlete_review_triage.csv#row=8,data/asset_registry/womens_soccer/womens_soccer_athlete_review_triage.csv,rcd_espanyol_de_barcelona,p1_europe_gray_area_source_review,not_render_ready_source_candidate_only,missing_local_candidate_or_human_intake_required,human_edited_intake_required_no_generated_authorization,Prepare future human-edited quarantine-download intake only; generated row does not authorize any download.,no,,,,,,,,true,false,false,false,false,false,false,false,false,false,false
56,future_quarantine_download_intake_prep,future_quarantine_download_intake_prep,official_source_candidate,europe_top_flight,liga_f_spain,real_madrid_cf,Real Madrid CF,,no,ligaf.es,https://ligaf.es/equipo/real-madrid-femenino/12364/plantilla/2026,data/asset_registry/womens_soccer/womens_soccer_athlete_candidate_next_action_board.csv#row=80,data/asset_registry/womens_soccer/womens_soccer_athlete_candidate_next_action_board.csv,data/asset_registry/womens_soccer/womens_soccer_athlete_source_priority.csv#row=80,data/asset_registry/womens_soccer/womens_soccer_athlete_source_priority.csv,data/asset_registry/womens_soccer/womens_soccer_athlete_review_triage.csv#row=8,data/asset_registry/womens_soccer/womens_soccer_athlete_review_triage.csv,real_madrid_cf,p1_europe_gray_area_source_review,not_render_ready_source_candidate_only,missing_local_candidate_or_human_intake_required,human_edited_intake_required_no_generated_authorization,Prepare future human-edited quarantine-download intake only; generated row does not authorize any download.,no,,,,,,,,true,false,false,false,false,false,false,false,false,false,false
57,future_quarantine_download_intake_prep,future_quarantine_download_intake_prep,official_source_candidate,europe_top_flight,liga_f_spain,real_sociedad,Real Sociedad,,no,ligaf.es,https://ligaf.es/equipo/real-sociedad-futbol-femenino/8843/plantilla/2026,data/asset_registry/womens_soccer/womens_soccer_athlete_candidate_next_action_board.csv#row=81,data/asset_registry/womens_soccer/womens_soccer_athlete_candidate_next_action_board.csv,data/asset_registry/womens_soccer/womens_soccer_athlete_source_priority.csv#row=81,data/asset_registry/womens_soccer/womens_soccer_athlete_source_priority.csv,data/asset_registry/womens_soccer/womens_soccer_athlete_review_triage.csv#row=8,data/asset_registry/womens_soccer/womens_soccer_athlete_review_triage.csv,real_sociedad,p1_europe_gray_area_source_review,not_render_ready_source_candidate_only,missing_local_candidate_or_human_intake_required,human_edited_intake_required_no_generated_authorization,Prepare future human-edited quarantine-download intake only; generated row does not authorize any download.,no,,,,,,,,true,false,false,false,false,false,false,false,false,false,false
58,future_quarantine_download_intake_prep,future_quarantine_download_intake_prep,official_source_candidate,europe_top_flight,liga_f_spain,sd_eibar,SD Eibar,,no,ligaf.es,https://ligaf.es/equipo/eibar-femenino/66085/plantilla/2026,data/asset_registry/womens_soccer/womens_soccer_athlete_candidate_next_action_board.csv#row=82,data/asset_registry/womens_soccer/womens_soccer_athlete_candidate_next_action_board.csv,data/asset_registry/womens_soccer/womens_soccer_athlete_source_priority.csv#row=82,data/asset_registry/womens_soccer/womens_soccer_athlete_source_priority.csv,data/asset_registry/womens_soccer/womens_soccer_athlete_review_triage.csv#row=8,data/asset_registry/womens_soccer/womens_soccer_athlete_review_triage.csv,sd_eibar,p1_europe_gray_area_source_review,not_render_ready_source_candidate_only,missing_local_candidate_or_human_intake_required,human_edited_intake_required_no_generated_authorization,Prepare future human-edited quarantine-download intake only; generated row does not authorize any download.,no,,,,,,,,true,false,false,false,false,false,false,false,false,false,false
59,future_quarantine_download_intake_prep,future_quarantine_download_intake_prep,official_source_candidate,europe_top_flight,liga_f_spain,sevilla_fc,Sevilla FC,,no,ligaf.es,https://ligaf.es/equipo/sevilla-fc-femenino-esp/12280/plantilla/2026,data/asset_registry/womens_soccer/womens_soccer_athlete_candidate_next_action_board.csv#row=83,data/asset_registry/womens_soccer/womens_soccer_athlete_candidate_next_action_board.csv,data/asset_registry/womens_soccer/womens_soccer_athlete_source_priority.csv#row=83,data/asset_registry/womens_soccer/womens_soccer_athlete_source_priority.csv,data/asset_registry/womens_soccer/womens_soccer_athlete_review_triage.csv#row=8,data/asset_registry/womens_soccer/womens_soccer_athlete_review_triage.csv,sevilla_fc,p1_europe_gray_area_source_review,not_render_ready_source_candidate_only,missing_local_candidate_or_human_intake_required,human_edited_intake_required_no_generated_authorization,Prepare future human-edited quarantine-download intake only; generated row does not authorize any download.,no,,,,,,,,true,false,false,false,false,false,false,false,false,false,false
60,future_quarantine_download_intake_prep,future_quarantine_download_intake_prep,official_source_candidate,europe_top_flight,frauen_bundesliga_germany,1_fc_k_ln_women,1. FC Köln Women,,no,datencenter.dfb.de,https://datencenter.dfb.de/competitions/google-pixel-frauen-bundesliga/seasons/google-pixel-frauen-bundesliga-2025-2026/teams/1-fc-koeln-39074,data/asset_registry/womens_soccer/womens_soccer_athlete_candidate_next_action_board.csv#row=84,data/asset_registry/womens_soccer/womens_soccer_athlete_candidate_next_action_board.csv,data/asset_registry/womens_soccer/womens_soccer_athlete_source_priority.csv#row=84,data/asset_registry/womens_soccer/womens_soccer_athlete_source_priority.csv,data/asset_registry/womens_soccer/womens_soccer_athlete_review_triage.csv#row=9,data/asset_registry/womens_soccer/womens_soccer_athlete_review_triage.csv,1_fc_k_ln_women,p1_europe_gray_area_source_review,not_render_ready_source_candidate_only,missing_local_candidate_or_human_intake_required,human_edited_intake_required_no_generated_authorization,Prepare future human-edited quarantine-download intake only; generated row does not authorize any download.,no,,,,,,,,true,false,false,false,false,false,false,false,false,false,false
61,future_quarantine_download_intake_prep,future_quarantine_download_intake_prep,official_source_candidate,europe_top_flight,frauen_bundesliga_germany,1_fc_n_rnberg_women,1. FC Nürnberg Women,,no,datencenter.dfb.de,https://datencenter.dfb.de/competitions/google-pixel-frauen-bundesliga/seasons/google-pixel-frauen-bundesliga-2025-2026/teams/1-fc-nuernberg-29267,data/asset_registry/womens_soccer/womens_soccer_athlete_candidate_next_action_board.csv#row=85,data/asset_registry/womens_soccer/womens_soccer_athlete_candidate_next_action_board.csv,data/asset_registry/womens_soccer/womens_soccer_athlete_source_priority.csv#row=85,data/asset_registry/womens_soccer/womens_soccer_athlete_source_priority.csv,data/asset_registry/womens_soccer/womens_soccer_athlete_review_triage.csv#row=9,data/asset_registry/womens_soccer/womens_soccer_athlete_review_triage.csv,1_fc_n_rnberg_women,p1_europe_gray_area_source_review,not_render_ready_source_candidate_only,missing_local_candidate_or_human_intake_required,human_edited_intake_required_no_generated_authorization,Prepare future human-edited quarantine-download intake only; generated row does not authorize any download.,no,,,,,,,,true,false,false,false,false,false,false,false,false,false,false
62,future_quarantine_download_intake_prep,future_quarantine_download_intake_prep,official_source_candidate,europe_top_flight,frauen_bundesliga_germany,bayer_04_leverkusen_women,Bayer 04 Leverkusen Women,,no,datencenter.dfb.de,https://datencenter.dfb.de/competitions/google-pixel-frauen-bundesliga/seasons/google-pixel-frauen-bundesliga-2025-2026/teams/bayer-04-leverkusen-21515,data/asset_registry/womens_soccer/womens_soccer_athlete_candidate_next_action_board.csv#row=86,data/asset_registry/womens_soccer/womens_soccer_athlete_candidate_next_action_board.csv,data/asset_registry/womens_soccer/womens_soccer_athlete_source_priority.csv#row=86,data/asset_registry/womens_soccer/womens_soccer_athlete_source_priority.csv,data/asset_registry/womens_soccer/womens_soccer_athlete_review_triage.csv#row=9,data/asset_registry/womens_soccer/womens_soccer_athlete_review_triage.csv,bayer_04_leverkusen_women,p1_europe_gray_area_source_review,not_render_ready_source_candidate_only,missing_local_candidate_or_human_intake_required,human_edited_intake_required_no_generated_authorization,Prepare future human-edited quarantine-download intake only; generated row does not authorize any download.,no,,,,,,,,true,false,false,false,false,false,false,false,false,false,false
63,future_quarantine_download_intake_prep,future_quarantine_download_intake_prep,official_source_candidate,europe_top_flight,frauen_bundesliga_germany,eintracht_frankfurt_women,Eintracht Frankfurt Women,,no,datencenter.dfb.de,https://datencenter.dfb.de/competitions/google-pixel-frauen-bundesliga/seasons/google-pixel-frauen-bundesliga-2025-2026/teams/eintracht-frankfurt-31426,data/asset_registry/womens_soccer/womens_soccer_athlete_candidate_next_action_board.csv#row=87,data/asset_registry/womens_soccer/womens_soccer_athlete_candidate_next_action_board.csv,data/asset_registry/womens_soccer/womens_soccer_athlete_source_priority.csv#row=87,data/asset_registry/womens_soccer/womens_soccer_athlete_source_priority.csv,data/asset_registry/womens_soccer/womens_soccer_athlete_review_triage.csv#row=9,data/asset_registry/womens_soccer/womens_soccer_athlete_review_triage.csv,eintracht_frankfurt_women,p1_europe_gray_area_source_review,not_render_ready_source_candidate_only,missing_local_candidate_or_human_intake_required,human_edited_intake_required_no_generated_authorization,Prepare future human-edited quarantine-download intake only; generated row does not authorize any download.,no,,,,,,,,true,false,false,false,false,false,false,false,false,false,false
64,future_quarantine_download_intake_prep,future_quarantine_download_intake_prep,official_source_candidate,europe_top_flight,frauen_bundesliga_germany,fc_bayern_munich_women,FC Bayern Munich Women,,no,datencenter.dfb.de,https://datencenter.dfb.de/competitions/google-pixel-frauen-bundesliga/seasons/google-pixel-frauen-bundesliga-2025-2026/teams/bayern-muenchen-208,data/asset_registry/womens_soccer/womens_soccer_athlete_candidate_next_action_board.csv#row=88,data/asset_registry/womens_soccer/womens_soccer_athlete_candidate_next_action_board.csv,data/asset_registry/womens_soccer/womens_soccer_athlete_source_priority.csv#row=88,data/asset_registry/womens_soccer/womens_soccer_athlete_source_priority.csv,data/asset_registry/womens_soccer/womens_soccer_athlete_review_triage.csv#row=9,data/asset_registry/womens_soccer/womens_soccer_athlete_review_triage.csv,fc_bayern_munich_women,p1_europe_gray_area_source_review,not_render_ready_source_candidate_only,missing_local_candidate_or_human_intake_required,human_edited_intake_required_no_generated_authorization,Prepare future human-edited quarantine-download intake only; generated row does not authorize any download.,no,,,,,,,,true,false,false,false,false,false,false,false,false,false,false
65,future_quarantine_download_intake_prep,future_quarantine_download_intake_prep,official_source_candidate,europe_top_flight,frauen_bundesliga_germany,fc_carl_zeiss_jena_women,FC Carl Zeiss Jena Women,,no,datencenter.dfb.de,https://datencenter.dfb.de/competitions/google-pixel-frauen-bundesliga/seasons/google-pixel-frauen-bundesliga-2025-2026/teams/fc-carl-zeiss-jena-2237862,data/asset_registry/womens_soccer/womens_soccer_athlete_candidate_next_action_board.csv#row=89,data/asset_registry/womens_soccer/womens_soccer_athlete_candidate_next_action_board.csv,data/asset_registry/womens_soccer/womens_soccer_athlete_source_priority.csv#row=89,data/asset_registry/womens_soccer/womens_soccer_athlete_source_priority.csv,data/asset_registry/womens_soccer/womens_soccer_athlete_review_triage.csv#row=9,data/asset_registry/womens_soccer/womens_soccer_athlete_review_triage.csv,fc_carl_zeiss_jena_women,p1_europe_gray_area_source_review,not_render_ready_source_candidate_only,missing_local_candidate_or_human_intake_required,human_edited_intake_required_no_generated_authorization,Prepare future human-edited quarantine-download intake only; generated row does not authorize any download.,no,,,,,,,,true,false,false,false,false,false,false,false,false,false,false
66,future_quarantine_download_intake_prep,future_quarantine_download_intake_prep,official_source_candidate,europe_top_flight,frauen_bundesliga_germany,rb_leipzig_women,RB Leipzig Women,,no,datencenter.dfb.de,https://datencenter.dfb.de/competitions/google-pixel-frauen-bundesliga/seasons/google-pixel-frauen-bundesliga-2025-2026/teams/rb-leipzig-2237175,data/asset_registry/womens_soccer/womens_soccer_athlete_candidate_next_action_board.csv#row=90,data/asset_registry/womens_soccer/womens_soccer_athlete_candidate_next_action_board.csv,data/asset_registry/womens_soccer/womens_soccer_athlete_source_priority.csv#row=90,data/asset_registry/womens_soccer/womens_soccer_athlete_source_priority.csv,data/asset_registry/womens_soccer/womens_soccer_athlete_review_triage.csv#row=9,data/asset_registry/womens_soccer/womens_soccer_athlete_review_triage.csv,rb_leipzig_women,p1_europe_gray_area_source_review,not_render_ready_source_candidate_only,missing_local_candidate_or_human_intake_required,human_edited_intake_required_no_generated_authorization,Prepare future human-edited quarantine-download intake only; generated row does not authorize any download.,no,,,,,,,,true,false,false,false,false,false,false,false,false,false,false
67,future_quarantine_download_intake_prep,future_quarantine_download_intake_prep,official_source_candidate,europe_top_flight,frauen_bundesliga_germany,sgs_essen,SGS Essen,,no,datencenter.dfb.de,https://datencenter.dfb.de/competitions/google-pixel-frauen-bundesliga/seasons/google-pixel-frauen-bundesliga-2025-2026/teams/sgs-essen,data/asset_registry/womens_soccer/womens_soccer_athlete_candidate_next_action_board.csv#row=91,data/asset_registry/womens_soccer/womens_soccer_athlete_candidate_next_action_board.csv,data/asset_registry/womens_soccer/womens_soccer_athlete_source_priority.csv#row=91,data/asset_registry/womens_soccer/womens_soccer_athlete_source_priority.csv,data/asset_registry/womens_soccer/womens_soccer_athlete_review_triage.csv#row=9,data/asset_registry/womens_soccer/womens_soccer_athlete_review_triage.csv,sgs_essen,p1_europe_gray_area_source_review,not_render_ready_source_candidate_only,missing_local_candidate_or_human_intake_required,human_edited_intake_required_no_generated_authorization,Prepare future human-edited quarantine-download intake only; generated row does not authorize any download.,no,,,,,,,,true,false,false,false,false,false,false,false,false,false,false
68,future_quarantine_download_intake_prep,future_quarantine_download_intake_prep,official_source_candidate,europe_top_flight,frauen_bundesliga_germany,sv_werder_bremen_women,SV Werder Bremen Women,,no,datencenter.dfb.de,https://datencenter.dfb.de/competitions/google-pixel-frauen-bundesliga/seasons/google-pixel-frauen-bundesliga-2025-2026/teams/sv-werder-bremen-29374,data/asset_registry/womens_soccer/womens_soccer_athlete_candidate_next_action_board.csv#row=92,data/asset_registry/womens_soccer/womens_soccer_athlete_candidate_next_action_board.csv,data/asset_registry/womens_soccer/womens_soccer_athlete_source_priority.csv#row=92,data/asset_registry/womens_soccer/womens_soccer_athlete_source_priority.csv,data/asset_registry/womens_soccer/womens_soccer_athlete_review_triage.csv#row=9,data/asset_registry/womens_soccer/womens_soccer_athlete_review_triage.csv,sv_werder_bremen_women,p1_europe_gray_area_source_review,not_render_ready_source_candidate_only,missing_local_candidate_or_human_intake_required,human_edited_intake_required_no_generated_authorization,Prepare future human-edited quarantine-download intake only; generated row does not authorize any download.,no,,,,,,,,true,false,false,false,false,false,false,false,false,false,false
69,future_quarantine_download_intake_prep,future_quarantine_download_intake_prep,official_source_candidate,europe_top_flight,frauen_bundesliga_germany,union_berlin_women,Union Berlin Women,,no,datencenter.dfb.de,https://datencenter.dfb.de/competitions/google-pixel-frauen-bundesliga/seasons/google-pixel-frauen-bundesliga-2025-2026/teams/1-fc-union-berlin-29398,data/asset_registry/womens_soccer/womens_soccer_athlete_candidate_next_action_board.csv#row=93,data/asset_registry/womens_soccer/womens_soccer_athlete_candidate_next_action_board.csv,data/asset_registry/womens_soccer/womens_soccer_athlete_source_priority.csv#row=93,data/asset_registry/womens_soccer/womens_soccer_athlete_source_priority.csv,data/asset_registry/womens_soccer/womens_soccer_athlete_review_triage.csv#row=9,data/asset_registry/womens_soccer/womens_soccer_athlete_review_triage.csv,union_berlin_women,p1_europe_gray_area_source_review,not_render_ready_source_candidate_only,missing_local_candidate_or_human_intake_required,human_edited_intake_required_no_generated_authorization,Prepare future human-edited quarantine-download intake only; generated row does not authorize any download.,no,,,,,,,,true,false,false,false,false,false,false,false,false,false,false
70,future_quarantine_download_intake_prep,future_quarantine_download_intake_prep,official_source_candidate,europe_top_flight,frauen_bundesliga_germany,vfl_wolfsburg_women,VfL Wolfsburg Women,,no,datencenter.dfb.de,https://datencenter.dfb.de/competitions/google-pixel-frauen-bundesliga/seasons/google-pixel-frauen-bundesliga-2025-2026/teams/vfl-wolfsburg-2085,data/asset_registry/womens_soccer/womens_soccer_athlete_candidate_next_action_board.csv#row=94,data/asset_registry/womens_soccer/womens_soccer_athlete_candidate_next_action_board.csv,data/asset_registry/womens_soccer/womens_soccer_athlete_source_priority.csv#row=94,data/asset_registry/womens_soccer/womens_soccer_athlete_source_priority.csv,data/asset_registry/womens_soccer/womens_soccer_athlete_review_triage.csv#row=9,data/asset_registry/womens_soccer/womens_soccer_athlete_review_triage.csv,vfl_wolfsburg_women,p1_europe_gray_area_source_review,not_render_ready_source_candidate_only,missing_local_candidate_or_human_intake_required,human_edited_intake_required_no_generated_authorization,Prepare future human-edited quarantine-download intake only; generated row does not authorize any download.,no,,,,,,,,true,false,false,false,false,false,false,false,false,false,false
71,future_quarantine_download_intake_prep,future_quarantine_download_intake_prep,official_source_candidate,europe_top_flight,serie_a_women_italy,fc_internazionale_women,FC Internazionale Women,,no,inter.it,https://www.inter.it/en/teams/inter-women,data/asset_registry/womens_soccer/womens_soccer_athlete_candidate_next_action_board.csv#row=95,data/asset_registry/womens_soccer/womens_soccer_athlete_candidate_next_action_board.csv,data/asset_registry/womens_soccer/womens_soccer_athlete_source_priority.csv#row=95,data/asset_registry/womens_soccer/womens_soccer_athlete_source_priority.csv,data/asset_registry/womens_soccer/womens_soccer_athlete_review_triage.csv#row=10,data/asset_registry/womens_soccer/womens_soccer_athlete_review_triage.csv,fc_internazionale_women,p1_europe_gray_area_source_review,not_render_ready_source_candidate_only,missing_local_candidate_or_human_intake_required,human_edited_intake_required_no_generated_authorization,Prepare future human-edited quarantine-download intake only; generated row does not authorize any download.,no,,,,,,,,true,false,false,false,false,false,false,false,false,false,false
72,europe_source_candidate_not_render_ready,roster_source_verify,official_source_candidate,europe_top_flight,frauen_bundesliga_germany,hamburger_sv_women,Hamburger SV Women,,yes,hsv.de,https://www.hsv.de/profis/team-hsv-frauen/kader-hsv-frauen,data/asset_registry/womens_soccer/womens_soccer_athlete_candidate_next_action_board.csv#row=3,data/asset_registry/womens_soccer/womens_soccer_athlete_candidate_next_action_board.csv,data/asset_registry/womens_soccer/womens_soccer_athlete_source_priority.csv#row=32,data/asset_registry/womens_soccer/womens_soccer_athlete_source_priority.csv,data/asset_registry/womens_soccer/womens_soccer_athlete_review_triage.csv#row=9,data/asset_registry/womens_soccer/womens_soccer_athlete_review_triage.csv,hamburger_sv_women,p1_europe_gray_area_source_review,not_render_ready_source_candidate_only,missing_local_candidate_or_human_intake_required,human_edited_intake_required_no_generated_authorization,Keep Europe row source-candidate-only until roster/source verification and local candidate intake are complete.,no,,,,,,,,true,false,false,false,false,false,false,false,false,false,false
73,europe_source_candidate_not_render_ready,roster_source_verify,official_source_candidate,europe_top_flight,frauen_bundesliga_germany,sc_freiburg_women,SC Freiburg Women,,yes,scfreiburg.com,https://www.scfreiburg.com/frauen,data/asset_registry/womens_soccer/womens_soccer_athlete_candidate_next_action_board.csv#row=4,data/asset_registry/womens_soccer/womens_soccer_athlete_candidate_next_action_board.csv,data/asset_registry/womens_soccer/womens_soccer_athlete_source_priority.csv#row=33,data/asset_registry/womens_soccer/womens_soccer_athlete_source_priority.csv,data/asset_registry/womens_soccer/womens_soccer_athlete_review_triage.csv#row=9,data/asset_registry/womens_soccer/womens_soccer_athlete_review_triage.csv,sc_freiburg_women,p1_europe_gray_area_source_review,not_render_ready_source_candidate_only,missing_local_candidate_or_human_intake_required,human_edited_intake_required_no_generated_authorization,Keep Europe row source-candidate-only until roster/source verification and local candidate intake are complete.,no,,,,,,,,true,false,false,false,false,false,false,false,false,false,false
74,europe_source_candidate_not_render_ready,roster_source_verify,official_source_candidate,europe_top_flight,frauen_bundesliga_germany,tsg_hoffenheim_women,TSG Hoffenheim Women,,yes,tsg-hoffenheim.de,https://www.tsg-hoffenheim.de/teams/frauen/bundesliga/team,data/asset_registry/womens_soccer/womens_soccer_athlete_candidate_next_action_board.csv#row=5,data/asset_registry/womens_soccer/womens_soccer_athlete_candidate_next_action_board.csv,data/asset_registry/womens_soccer/womens_soccer_athlete_source_priority.csv#row=34,data/asset_registry/womens_soccer/womens_soccer_athlete_source_priority.csv,data/asset_registry/womens_soccer/womens_soccer_athlete_review_triage.csv#row=9,data/asset_registry/womens_soccer/womens_soccer_athlete_review_triage.csv,tsg_hoffenheim_women,p1_europe_gray_area_source_review,not_render_ready_source_candidate_only,missing_local_candidate_or_human_intake_required,human_edited_intake_required_no_generated_authorization,Keep Europe row source-candidate-only until roster/source verification and local candidate intake are complete.,no,,,,,,,,true,false,false,false,false,false,false,false,false,false,false
75,europe_source_candidate_not_render_ready,roster_source_verify,official_source_candidate,europe_top_flight,serie_a_women_italy,ac_milan_women,AC Milan Women,,yes,acmilan.com,https://www.acmilan.com/en/teams/women-first-team/all,data/asset_registry/womens_soccer/womens_soccer_athlete_candidate_next_action_board.csv#row=6,data/asset_registry/womens_soccer/womens_soccer_athlete_candidate_next_action_board.csv,data/asset_registry/womens_soccer/womens_soccer_athlete_source_priority.csv#row=35,data/asset_registry/womens_soccer/womens_soccer_athlete_source_priority.csv,data/asset_registry/womens_soccer/womens_soccer_athlete_review_triage.csv#row=10,data/asset_registry/womens_soccer/womens_soccer_athlete_review_triage.csv,ac_milan_women,p1_europe_gray_area_source_review,not_render_ready_source_candidate_only,missing_local_candidate_or_human_intake_required,human_edited_intake_required_no_generated_authorization,Keep Europe row source-candidate-only until roster/source verification and local candidate intake are complete.,no,,,,,,,,true,false,false,false,false,false,false,false,false,false,false
76,europe_source_candidate_not_render_ready,roster_source_verify,official_source_candidate,europe_top_flight,serie_a_women_italy,as_roma_women,AS Roma Women,,yes,asroma.com,https://www.asroma.com/en/women/players-and-staff,data/asset_registry/womens_soccer/womens_soccer_athlete_candidate_next_action_board.csv#row=7,data/asset_registry/womens_soccer/womens_soccer_athlete_candidate_next_action_board.csv,data/asset_registry/womens_soccer/womens_soccer_athlete_source_priority.csv#row=36,data/asset_registry/womens_soccer/womens_soccer_athlete_source_priority.csv,data/asset_registry/womens_soccer/womens_soccer_athlete_review_triage.csv#row=10,data/asset_registry/womens_soccer/womens_soccer_athlete_review_triage.csv,as_roma_women,p1_europe_gray_area_source_review,not_render_ready_source_candidate_only,missing_local_candidate_or_human_intake_required,human_edited_intake_required_no_generated_authorization,Keep Europe row source-candidate-only until roster/source verification and local candidate intake are complete.,no,,,,,,,,true,false,false,false,false,false,false,false,false,false,false
77,europe_source_candidate_not_render_ready,roster_source_verify,official_source_candidate,europe_top_flight,serie_a_women_italy,como_women,Como Women,,yes,comowomen.com,https://comowomen.com/en/team-and-staff,data/asset_registry/womens_soccer/womens_soccer_athlete_candidate_next_action_board.csv#row=8,data/asset_registry/womens_soccer/womens_soccer_athlete_candidate_next_action_board.csv,data/asset_registry/womens_soccer/womens_soccer_athlete_source_priority.csv#row=37,data/asset_registry/womens_soccer/womens_soccer_athlete_source_priority.csv,data/asset_registry/womens_soccer/womens_soccer_athlete_review_triage.csv#row=10,data/asset_registry/womens_soccer/womens_soccer_athlete_review_triage.csv,como_women,p1_europe_gray_area_source_review,not_render_ready_source_candidate_only,missing_local_candidate_or_human_intake_required,human_edited_intake_required_no_generated_authorization,Keep Europe row source-candidate-only until roster/source verification and local candidate intake are complete.,no,,,,,,,,true,false,false,false,false,false,false,false,false,false,false
78,europe_source_candidate_not_render_ready,roster_source_verify,official_source_candidate,europe_top_flight,serie_a_women_italy,fiorentina_women,Fiorentina Women,,yes,acffiorentina.com,https://www.acffiorentina.com/en/fiorentina-women,data/asset_registry/womens_soccer/womens_soccer_athlete_candidate_next_action_board.csv#row=9,data/asset_registry/womens_soccer/womens_soccer_athlete_candidate_next_action_board.csv,data/asset_registry/womens_soccer/womens_soccer_athlete_source_priority.csv#row=38,data/asset_registry/womens_soccer/womens_soccer_athlete_source_priority.csv,data/asset_registry/womens_soccer/womens_soccer_athlete_review_triage.csv#row=10,data/asset_registry/womens_soccer/womens_soccer_athlete_review_triage.csv,fiorentina_women,p1_europe_gray_area_source_review,not_render_ready_source_candidate_only,missing_local_candidate_or_human_intake_required,human_edited_intake_required_no_generated_authorization,Keep Europe row source-candidate-only until roster/source verification and local candidate intake are complete.,no,,,,,,,,true,false,false,false,false,false,false,false,false,false,false
79,europe_source_candidate_not_render_ready,roster_source_verify,official_source_candidate,europe_top_flight,serie_a_women_italy,genoa_women,Genoa Women,,yes,genoacfc.it,https://genoacfc.it/prima-squadra-femminile/,data/asset_registry/womens_soccer/womens_soccer_athlete_candidate_next_action_board.csv#row=10,data/asset_registry/womens_soccer/womens_soccer_athlete_candidate_next_action_board.csv,data/asset_registry/womens_soccer/womens_soccer_athlete_source_priority.csv#row=39,data/asset_registry/womens_soccer/womens_soccer_athlete_source_priority.csv,data/asset_registry/womens_soccer/womens_soccer_athlete_review_triage.csv#row=10,data/asset_registry/womens_soccer/womens_soccer_athlete_review_triage.csv,genoa_women,p1_europe_gray_area_source_review,not_render_ready_source_candidate_only,missing_local_candidate_or_human_intake_required,human_edited_intake_required_no_generated_authorization,Keep Europe row source-candidate-only until roster/source verification and local candidate intake are complete.,no,,,,,,,,true,false,false,false,false,false,false,false,false,false,false
80,europe_source_candidate_not_render_ready,roster_source_verify,official_source_candidate,europe_top_flight,serie_a_women_italy,juventus_women,Juventus Women,,yes,juventus.com,https://www.juventus.com/en/teams/first-team-women/squad/,data/asset_registry/womens_soccer/womens_soccer_athlete_candidate_next_action_board.csv#row=11,data/asset_registry/womens_soccer/womens_soccer_athlete_candidate_next_action_board.csv,data/asset_registry/womens_soccer/womens_soccer_athlete_source_priority.csv#row=40,data/asset_registry/womens_soccer/womens_soccer_athlete_source_priority.csv,data/asset_registry/womens_soccer/womens_soccer_athlete_review_triage.csv#row=10,data/asset_registry/womens_soccer/womens_soccer_athlete_review_triage.csv,juventus_women,p1_europe_gray_area_source_review,not_render_ready_source_candidate_only,missing_local_candidate_or_human_intake_required,human_edited_intake_required_no_generated_authorization,Keep Europe row source-candidate-only until roster/source verification and local candidate intake are complete.,no,,,,,,,,true,false,false,false,false,false,false,false,false,false,false
81,europe_source_candidate_not_render_ready,roster_source_verify,official_source_candidate,europe_top_flight,serie_a_women_italy,lazio_women,Lazio Women,,yes,sslazio.it,https://www.sslazio.it/it/team/lazio-prima-squadra-femminile/squadra,data/asset_registry/womens_soccer/womens_soccer_athlete_candidate_next_action_board.csv#row=12,data/asset_registry/womens_soccer/womens_soccer_athlete_candidate_next_action_board.csv,data/asset_registry/womens_soccer/womens_soccer_athlete_source_priority.csv#row=41,data/asset_registry/womens_soccer/womens_soccer_athlete_source_priority.csv,data/asset_registry/womens_soccer/womens_soccer_athlete_review_triage.csv#row=10,data/asset_registry/womens_soccer/womens_soccer_athlete_review_triage.csv,lazio_women,p1_europe_gray_area_source_review,not_render_ready_source_candidate_only,missing_local_candidate_or_human_intake_required,human_edited_intake_required_no_generated_authorization,Keep Europe row source-candidate-only until roster/source verification and local candidate intake are complete.,no,,,,,,,,true,false,false,false,false,false,false,false,false,false,false
82,europe_source_candidate_not_render_ready,roster_source_verify,official_source_candidate,europe_top_flight,serie_a_women_italy,napoli_femminile,Napoli Femminile,,yes,napolifemminile.it,https://napolifemminile.it/rosa/,data/asset_registry/womens_soccer/womens_soccer_athlete_candidate_next_action_board.csv#row=13,data/asset_registry/womens_soccer/womens_soccer_athlete_candidate_next_action_board.csv,data/asset_registry/womens_soccer/womens_soccer_athlete_source_priority.csv#row=42,data/asset_registry/womens_soccer/womens_soccer_athlete_source_priority.csv,data/asset_registry/womens_soccer/womens_soccer_athlete_review_triage.csv#row=10,data/asset_registry/womens_soccer/womens_soccer_athlete_review_triage.csv,napoli_femminile,p1_europe_gray_area_source_review,not_render_ready_source_candidate_only,missing_local_candidate_or_human_intake_required,human_edited_intake_required_no_generated_authorization,Keep Europe row source-candidate-only until roster/source verification and local candidate intake are complete.,no,,,,,,,,true,false,false,false,false,false,false,false,false,false,false
83,europe_source_candidate_not_render_ready,roster_source_verify,official_source_candidate,europe_top_flight,serie_a_women_italy,parma_women,Parma Women,,yes,parmacalcio1913.com,https://www.parmacalcio1913.com/prima-squadra-femminile/,data/asset_registry/womens_soccer/womens_soccer_athlete_candidate_next_action_board.csv#row=14,data/asset_registry/womens_soccer/womens_soccer_athlete_candidate_next_action_board.csv,data/asset_registry/womens_soccer/womens_soccer_athlete_source_priority.csv#row=43,data/asset_registry/womens_soccer/womens_soccer_athlete_source_priority.csv,data/asset_registry/womens_soccer/womens_soccer_athlete_review_triage.csv#row=10,data/asset_registry/womens_soccer/womens_soccer_athlete_review_triage.csv,parma_women,p1_europe_gray_area_source_review,not_render_ready_source_candidate_only,missing_local_candidate_or_human_intake_required,human_edited_intake_required_no_generated_authorization,Keep Europe row source-candidate-only until roster/source verification and local candidate intake are complete.,no,,,,,,,,true,false,false,false,false,false,false,false,false,false,false
84,europe_source_candidate_not_render_ready,roster_source_verify,official_source_candidate,europe_top_flight,arkema_premiere_ligue_france,as_saint_etienne_women,AS Saint-Etienne Women,,yes,asse.fr,https://www.asse.fr/fr/feminines/saison-2025-2026/arkema-premiere-ligue,data/asset_registry/womens_soccer/womens_soccer_athlete_candidate_next_action_board.csv#row=15,data/asset_registry/womens_soccer/womens_soccer_athlete_candidate_next_action_board.csv,data/asset_registry/womens_soccer/womens_soccer_athlete_source_priority.csv#row=44,data/asset_registry/womens_soccer/womens_soccer_athlete_source_priority.csv,data/asset_registry/womens_soccer/womens_soccer_athlete_review_triage.csv#row=11,data/asset_registry/womens_soccer/womens_soccer_athlete_review_triage.csv,as_saint_etienne_women,p1_europe_gray_area_source_review,not_render_ready_source_candidate_only,missing_local_candidate_or_human_intake_required,human_edited_intake_required_no_generated_authorization,Keep Europe row source-candidate-only until roster/source verification and local candidate intake are complete.,no,,,,,,,,true,false,false,false,false,false,false,false,false,false,false
85,europe_source_candidate_not_render_ready,roster_source_verify,official_source_candidate,europe_top_flight,arkema_premiere_ligue_france,dijon_fco_women,Dijon FCO Women,,yes,dfco.fr,https://www.dfco.fr/effectifs/division-1-feminine/,data/asset_registry/womens_soccer/womens_soccer_athlete_candidate_next_action_board.csv#row=16,data/asset_registry/womens_soccer/womens_soccer_athlete_candidate_next_action_board.csv,data/asset_registry/womens_soccer/womens_soccer_athlete_source_priority.csv#row=45,data/asset_registry/womens_soccer/womens_soccer_athlete_source_priority.csv,data/asset_registry/womens_soccer/womens_soccer_athlete_review_triage.csv#row=11,data/asset_registry/womens_soccer/womens_soccer_athlete_review_triage.csv,dijon_fco_women,p1_europe_gray_area_source_review,not_render_ready_source_candidate_only,missing_local_candidate_or_human_intake_required,human_edited_intake_required_no_generated_authorization,Keep Europe row source-candidate-only until roster/source verification and local candidate intake are complete.,no,,,,,,,,true,false,false,false,false,false,false,false,false,false,false
86,europe_source_candidate_not_render_ready,roster_source_verify,official_source_candidate,europe_top_flight,arkema_premiere_ligue_france,fc_fleury_91_women,FC Fleury 91 Women,,yes,fcfleury91.fr,https://www.fcfleury91.fr/effectif-arkemapl,data/asset_registry/womens_soccer/womens_soccer_athlete_candidate_next_action_board.csv#row=17,data/asset_registry/womens_soccer/womens_soccer_athlete_candidate_next_action_board.csv,data/asset_registry/womens_soccer/womens_soccer_athlete_source_priority.csv#row=46,data/asset_registry/womens_soccer/womens_soccer_athlete_source_priority.csv,data/asset_registry/womens_soccer/womens_soccer_athlete_review_triage.csv#row=11,data/asset_registry/womens_soccer/womens_soccer_athlete_review_triage.csv,fc_fleury_91_women,p1_europe_gray_area_source_review,not_render_ready_source_candidate_only,missing_local_candidate_or_human_intake_required,human_edited_intake_required_no_generated_authorization,Keep Europe row source-candidate-only until roster/source verification and local candidate intake are complete.,no,,,,,,,,true,false,false,false,false,false,false,false,false,false,false
87,europe_source_candidate_not_render_ready,roster_source_verify,official_source_candidate,europe_top_flight,arkema_premiere_ligue_france,fc_nantes_women,FC Nantes Women,,yes,fcnantes.com,https://www.fcnantes.com/feminines/20252026/effectifD1F.php,data/asset_registry/womens_soccer/womens_soccer_athlete_candidate_next_action_board.csv#row=18,data/asset_registry/womens_soccer/womens_soccer_athlete_candidate_next_action_board.csv,data/asset_registry/womens_soccer/womens_soccer_athlete_source_priority.csv#row=47,data/asset_registry/womens_soccer/womens_soccer_athlete_source_priority.csv,data/asset_registry/womens_soccer/womens_soccer_athlete_review_triage.csv#row=11,data/asset_registry/womens_soccer/womens_soccer_athlete_review_triage.csv,fc_nantes_women,p1_europe_gray_area_source_review,not_render_ready_source_candidate_only,missing_local_candidate_or_human_intake_required,human_edited_intake_required_no_generated_authorization,Keep Europe row source-candidate-only until roster/source verification and local candidate intake are complete.,no,,,,,,,,true,false,false,false,false,false,false,false,false,false,false
88,europe_source_candidate_not_render_ready,roster_source_verify,official_source_candidate,europe_top_flight,arkema_premiere_ligue_france,le_havre_ac_women,Le Havre AC Women,,yes,hac.football,https://hac.football/fr/players?competition=FD1,data/asset_registry/womens_soccer/womens_soccer_athlete_candidate_next_action_board.csv#row=19,data/asset_registry/womens_soccer/womens_soccer_athlete_candidate_next_action_board.csv,data/asset_registry/womens_soccer/womens_soccer_athlete_source_priority.csv#row=48,data/asset_registry/womens_soccer/womens_soccer_athlete_source_priority.csv,data/asset_registry/womens_soccer/womens_soccer_athlete_review_triage.csv#row=11,data/asset_registry/womens_soccer/womens_soccer_athlete_review_triage.csv,le_havre_ac_women,p1_europe_gray_area_source_review,not_render_ready_source_candidate_only,missing_local_candidate_or_human_intake_required,human_edited_intake_required_no_generated_authorization,Keep Europe row source-candidate-only until roster/source verification and local candidate intake are complete.,no,,,,,,,,true,false,false,false,false,false,false,false,false,false,false
89,europe_source_candidate_not_render_ready,roster_source_verify,official_source_candidate,europe_top_flight,arkema_premiere_ligue_france,mhsc_feminines,MHSC Feminines,,yes,mhscfoot.com,https://mhscfoot.com/en/effectif/2025-2026/d1-feminines/,data/asset_registry/womens_soccer/womens_soccer_athlete_candidate_next_action_board.csv#row=20,data/asset_registry/womens_soccer/womens_soccer_athlete_candidate_next_action_board.csv,data/asset_registry/womens_soccer/womens_soccer_athlete_source_priority.csv#row=49,data/asset_registry/womens_soccer/womens_soccer_athlete_source_priority.csv,data/asset_registry/womens_soccer/womens_soccer_athlete_review_triage.csv#row=11,data/asset_registry/womens_soccer/womens_soccer_athlete_review_triage.csv,mhsc_feminines,p1_europe_gray_area_source_review,not_render_ready_source_candidate_only,missing_local_candidate_or_human_intake_required,human_edited_intake_required_no_generated_authorization,Keep Europe row source-candidate-only until roster/source verification and local candidate intake are complete.,no,,,,,,,,true,false,false,false,false,false,false,false,false,false,false
90,europe_source_candidate_not_render_ready,roster_source_verify,official_source_candidate,europe_top_flight,arkema_premiere_ligue_france,ol_lyonnes,OL Lyonnes,,yes,ol-lyonnes.com,https://www.ol-lyonnes.com/saison-25-26/effectif/,data/asset_registry/womens_soccer/womens_soccer_athlete_candidate_next_action_board.csv#row=21,data/asset_registry/womens_soccer/womens_soccer_athlete_candidate_next_action_board.csv,data/asset_registry/womens_soccer/womens_soccer_athlete_source_priority.csv#row=50,data/asset_registry/womens_soccer/womens_soccer_athlete_source_priority.csv,data/asset_registry/womens_soccer/womens_soccer_athlete_review_triage.csv#row=11,data/asset_registry/womens_soccer/womens_soccer_athlete_review_triage.csv,ol_lyonnes,p1_europe_gray_area_source_review,not_render_ready_source_candidate_only,missing_local_candidate_or_human_intake_required,human_edited_intake_required_no_generated_authorization,Keep Europe row source-candidate-only until roster/source verification and local candidate intake are complete.,no,,,,,,,,true,false,false,false,false,false,false,false,false,false,false
91,europe_source_candidate_not_render_ready,roster_source_verify,official_source_candidate,europe_top_flight,arkema_premiere_ligue_france,olympique_marseille_women,Olympique Marseille Women,,yes,om.fr,https://www.om.fr/en/team/women,data/asset_registry/womens_soccer/womens_soccer_athlete_candidate_next_action_board.csv#row=22,data/asset_registry/womens_soccer/womens_soccer_athlete_candidate_next_action_board.csv,data/asset_registry/womens_soccer/womens_soccer_athlete_source_priority.csv#row=51,data/asset_registry/womens_soccer/womens_soccer_athlete_source_priority.csv,data/asset_registry/womens_soccer/womens_soccer_athlete_review_triage.csv#row=11,data/asset_registry/womens_soccer/womens_soccer_athlete_review_triage.csv,olympique_marseille_women,p1_europe_gray_area_source_review,not_render_ready_source_candidate_only,missing_local_candidate_or_human_intake_required,human_edited_intake_required_no_generated_authorization,Keep Europe row source-candidate-only until roster/source verification and local candidate intake are complete.,no,,,,,,,,true,false,false,false,false,false,false,false,false,false,false
92,europe_source_candidate_not_render_ready,roster_source_verify,official_source_candidate,europe_top_flight,arkema_premiere_ligue_france,paris_fc_women,Paris FC Women,,yes,parisfc.fr,https://parisfc.fr/pro-femme/joueuses-staff/,data/asset_registry/womens_soccer/womens_soccer_athlete_candidate_next_action_board.csv#row=23,data/asset_registry/womens_soccer/womens_soccer_athlete_candidate_next_action_board.csv,data/asset_registry/womens_soccer/womens_soccer_athlete_source_priority.csv#row=52,data/asset_registry/womens_soccer/womens_soccer_athlete_source_priority.csv,data/asset_registry/womens_soccer/womens_soccer_athlete_review_triage.csv#row=11,data/asset_registry/womens_soccer/womens_soccer_athlete_review_triage.csv,paris_fc_women,p1_europe_gray_area_source_review,not_render_ready_source_candidate_only,missing_local_candidate_or_human_intake_required,human_edited_intake_required_no_generated_authorization,Keep Europe row source-candidate-only until roster/source verification and local candidate intake are complete.,no,,,,,,,,true,false,false,false,false,false,false,false,false,false,false
93,europe_source_candidate_not_render_ready,roster_source_verify,official_source_candidate,europe_top_flight,arkema_premiere_ligue_france,paris_saint_germain_women,Paris Saint-Germain Women,,yes,psg.fr,https://www.psg.fr/football-feminin/effectif,data/asset_registry/womens_soccer/womens_soccer_athlete_candidate_next_action_board.csv#row=24,data/asset_registry/womens_soccer/womens_soccer_athlete_candidate_next_action_board.csv,data/asset_registry/womens_soccer/womens_soccer_athlete_source_priority.csv#row=53,data/asset_registry/womens_soccer/womens_soccer_athlete_source_priority.csv,data/asset_registry/womens_soccer/womens_soccer_athlete_review_triage.csv#row=11,data/asset_registry/womens_soccer/womens_soccer_athlete_review_triage.csv,paris_saint_germain_women,p1_europe_gray_area_source_review,not_render_ready_source_candidate_only,missing_local_candidate_or_human_intake_required,human_edited_intake_required_no_generated_authorization,Keep Europe row source-candidate-only until roster/source verification and local candidate intake are complete.,no,,,,,,,,true,false,false,false,false,false,false,false,false,false,false
94,europe_source_candidate_not_render_ready,roster_source_verify,official_source_candidate,europe_top_flight,arkema_premiere_ligue_france,rc_lens_women,RC Lens Women,,yes,rclens.fr,https://www.rclens.fr/fr/feminines/joueuses,data/asset_registry/womens_soccer/womens_soccer_athlete_candidate_next_action_board.csv#row=25,data/asset_registry/womens_soccer/womens_soccer_athlete_candidate_next_action_board.csv,data/asset_registry/womens_soccer/womens_soccer_athlete_source_priority.csv#row=54,data/asset_registry/womens_soccer/womens_soccer_athlete_source_priority.csv,data/asset_registry/womens_soccer/womens_soccer_athlete_review_triage.csv#row=11,data/asset_registry/womens_soccer/womens_soccer_athlete_review_triage.csv,rc_lens_women,p1_europe_gray_area_source_review,not_render_ready_source_candidate_only,missing_local_candidate_or_human_intake_required,human_edited_intake_required_no_generated_authorization,Keep Europe row source-candidate-only until roster/source verification and local candidate intake are complete.,no,,,,,,,,true,false,false,false,false,false,false,false,false,false,false
95,europe_source_candidate_not_render_ready,roster_source_verify,official_source_candidate,europe_top_flight,arkema_premiere_ligue_france,rc_strasbourg_alsace_women,RC Strasbourg Alsace Women,,yes,rcstrasbourgalsace.fr,https://www.rcstrasbourgalsace.fr/equipe-arkema-premiere-ligue-25-26/,data/asset_registry/womens_soccer/womens_soccer_athlete_candidate_next_action_board.csv#row=26,data/asset_registry/womens_soccer/womens_soccer_athlete_candidate_next_action_board.csv,data/asset_registry/womens_soccer/womens_soccer_athlete_source_priority.csv#row=55,data/asset_registry/womens_soccer/womens_soccer_athlete_source_priority.csv,data/asset_registry/womens_soccer/womens_soccer_athlete_review_triage.csv#row=11,data/asset_registry/womens_soccer/womens_soccer_athlete_review_triage.csv,rc_strasbourg_alsace_women,p1_europe_gray_area_source_review,not_render_ready_source_candidate_only,missing_local_candidate_or_human_intake_required,human_edited_intake_required_no_generated_authorization,Keep Europe row source-candidate-only until roster/source verification and local candidate intake are complete.,no,,,,,,,,true,false,false,false,false,false,false,false,false,false,false
