research_next_rank,focus_rank,candidate_action_rank,scope_id,league_id,team_id,team_name,player_name,priority_label,focus_bucket,source_tier,source_domain,source_candidate_url,candidate_page_url_needed,evidence_url_needed,identity_anchor_url_needed,official_profile_url_needed,source_priority_row_ref,candidate_action_row_ref,operator_focus_row_ref,action_photo_starter_intake_file,research_return_intake_file,paste_fields_to_fill,candidate_ready_for_later_human_download_decision_review,manual_next_action,do_not_do,download_approved,source_url,entity_id,rights_class,identity_confidence,intended_review_only_use,operator_decision,operator_notes,review_only,approval_state_change,candidate_state_change,asset_downloads,headshot_writes,approved_marker_writes,publish_ready,auto_approval,auto_publish,move_files,paid_apis
1,1,44,nwsl,nwsl,angel_city_fc,Angel City FC,Kennedy Fuller,P0,1_duplicate_transfer_loan_stale_profile_check,official_source_candidate,bayfc.com,https://bayfc.com/press-releases/bay-fc-acquire-midfielder-kennedy-fuller-from-angel-city-fc-20260612/,"human-provided candidate/source page URL only; not a hotlinked image file, screenshot, cached binary, or thumbnail","caption, recap, roster/profile, source page, match report, or team/player page that supports identity and action context","official roster, player profile, team page, league page, or match/event page that confirms player/team/current context",yes,data/asset_registry/womens_soccer/womens_soccer_athlete_source_priority.csv#row=1,data/asset_registry/womens_soccer/womens_soccer_athlete_candidate_next_action_board.csv#row=44,data/asset_registry/womens_soccer/womens_soccer_athlete_operator_focus.csv#row=1,data/asset_registry/action_photo_candidates/review_only_womens_soccer_action_photo_starter_intake.csv,data/asset_registry/action_photo_candidates/review_only_action_photo_research_return_intake_v1.csv,candidate_photo_url|evidence_url|evidence_summary|identity_anchor_url|source_url|entity_id|rights_class|identity_confidence|intended_review_only_use|operator_verify_required,no,"Open the source/focus refs manually, collect candidate page URL, evidence URL, identity anchor, and conservative rights/identity metadata, then paste complete human-reviewed rows into the action-photo research return intake; do not fetch, download, approve, render, move, or publish.","Do not fetch sources, download images, write assets/headshots, approve candidates, create .approved markers, mark render-ready, move files, or publish.",no,,,,,,,,true,false,false,false,false,false,false,false,false,false,false
2,2,45,nwsl,nwsl,angel_city_fc,Angel City FC,Rajanah Reed,P0,1_duplicate_transfer_loan_stale_profile_check,official_source_candidate,angelcity.com,https://angelcity.com/acfc-post/angel-city-signs-forward-rajanah-reed,"human-provided candidate/source page URL only; not a hotlinked image file, screenshot, cached binary, or thumbnail","caption, recap, roster/profile, source page, match report, or team/player page that supports identity and action context","official roster, player profile, team page, league page, or match/event page that confirms player/team/current context",yes,data/asset_registry/womens_soccer/womens_soccer_athlete_source_priority.csv#row=3,data/asset_registry/womens_soccer/womens_soccer_athlete_candidate_next_action_board.csv#row=45,data/asset_registry/womens_soccer/womens_soccer_athlete_operator_focus.csv#row=2,data/asset_registry/action_photo_candidates/review_only_womens_soccer_action_photo_starter_intake.csv,data/asset_registry/action_photo_candidates/review_only_action_photo_research_return_intake_v1.csv,candidate_photo_url|evidence_url|evidence_summary|identity_anchor_url|source_url|entity_id|rights_class|identity_confidence|intended_review_only_use|operator_verify_required,no,"Open the source/focus refs manually, collect candidate page URL, evidence URL, identity anchor, and conservative rights/identity metadata, then paste complete human-reviewed rows into the action-photo research return intake; do not fetch, download, approve, render, move, or publish.","Do not fetch sources, download images, write assets/headshots, approve candidates, create .approved markers, mark render-ready, move files, or publish.",no,,,,,,,,true,false,false,false,false,false,false,false,false,false,false
3,3,46,nwsl,nwsl,boston_legacy_fc_chicago_stars_fc,Boston Legacy FC / Chicago Stars FC,Sam Cary Angel,P0,1_duplicate_transfer_loan_stale_profile_check,official_source_candidate,bostonlegacyfc.com,https://bostonlegacyfc.com/blogs/press/boston-legacy-fc-samantha-angel-loan-chicago-stars,"human-provided candidate/source page URL only; not a hotlinked image file, screenshot, cached binary, or thumbnail","caption, recap, roster/profile, source page, match report, or team/player page that supports identity and action context","official roster, player profile, team page, league page, or match/event page that confirms player/team/current context",yes,data/asset_registry/womens_soccer/womens_soccer_athlete_source_priority.csv#row=4,data/asset_registry/womens_soccer/womens_soccer_athlete_candidate_next_action_board.csv#row=46,data/asset_registry/womens_soccer/womens_soccer_athlete_operator_focus.csv#row=3,data/asset_registry/action_photo_candidates/review_only_womens_soccer_action_photo_starter_intake.csv,data/asset_registry/action_photo_candidates/review_only_action_photo_research_return_intake_v1.csv,candidate_photo_url|evidence_url|evidence_summary|identity_anchor_url|source_url|entity_id|rights_class|identity_confidence|intended_review_only_use|operator_verify_required,no,"Open the source/focus refs manually, collect candidate page URL, evidence URL, identity anchor, and conservative rights/identity metadata, then paste complete human-reviewed rows into the action-photo research return intake; do not fetch, download, approve, render, move, or publish.","Do not fetch sources, download images, write assets/headshots, approve candidates, create .approved markers, mark render-ready, move files, or publish.",no,,,,,,,,true,false,false,false,false,false,false,false,false,false,false
4,4,47,nwsl,nwsl,denver_summit_fc,Denver Summit FC,Lindsey Heaps; Jordan Baggett,P0,1_duplicate_transfer_loan_stale_profile_check,official_source_candidate,www.denversummitfc.com,https://www.denversummitfc.com/roster/,"human-provided candidate/source page URL only; not a hotlinked image file, screenshot, cached binary, or thumbnail","caption, recap, roster/profile, source page, match report, or team/player page that supports identity and action context","official roster, player profile, team page, league page, or match/event page that confirms player/team/current context",yes,data/asset_registry/womens_soccer/womens_soccer_athlete_source_priority.csv#row=5,data/asset_registry/womens_soccer/womens_soccer_athlete_candidate_next_action_board.csv#row=47,data/asset_registry/womens_soccer/womens_soccer_athlete_operator_focus.csv#row=4,data/asset_registry/action_photo_candidates/review_only_womens_soccer_action_photo_starter_intake.csv,data/asset_registry/action_photo_candidates/review_only_action_photo_research_return_intake_v1.csv,candidate_photo_url|evidence_url|evidence_summary|identity_anchor_url|source_url|entity_id|rights_class|identity_confidence|intended_review_only_use|operator_verify_required,no,"Open the source/focus refs manually, collect candidate page URL, evidence URL, identity anchor, and conservative rights/identity metadata, then paste complete human-reviewed rows into the action-photo research return intake; do not fetch, download, approve, render, move, or publish.","Do not fetch sources, download images, write assets/headshots, approve candidates, create .approved markers, mark render-ready, move files, or publish.",no,,,,,,,,true,false,false,false,false,false,false,false,false,false,false
5,5,48,nwsl,nwsl,gotham_fc,Gotham FC,Lilly Reale,P0,1_duplicate_transfer_loan_stale_profile_check,official_source_candidate,www.gothamfc.com,https://www.gothamfc.com/news/gotham-fc-trades-defender-lilly-reale-to-boston-legacy-fc,"human-provided candidate/source page URL only; not a hotlinked image file, screenshot, cached binary, or thumbnail","caption, recap, roster/profile, source page, match report, or team/player page that supports identity and action context","official roster, player profile, team page, league page, or match/event page that confirms player/team/current context",yes,data/asset_registry/womens_soccer/womens_soccer_athlete_source_priority.csv#row=6,data/asset_registry/womens_soccer/womens_soccer_athlete_candidate_next_action_board.csv#row=48,data/asset_registry/womens_soccer/womens_soccer_athlete_operator_focus.csv#row=5,data/asset_registry/action_photo_candidates/review_only_womens_soccer_action_photo_starter_intake.csv,data/asset_registry/action_photo_candidates/review_only_action_photo_research_return_intake_v1.csv,candidate_photo_url|evidence_url|evidence_summary|identity_anchor_url|source_url|entity_id|rights_class|identity_confidence|intended_review_only_use|operator_verify_required,no,"Open the source/focus refs manually, collect candidate page URL, evidence URL, identity anchor, and conservative rights/identity metadata, then paste complete human-reviewed rows into the action-photo research return intake; do not fetch, download, approve, render, move, or publish.","Do not fetch sources, download images, write assets/headshots, approve candidates, create .approved markers, mark render-ready, move files, or publish.",no,,,,,,,,true,false,false,false,false,false,false,false,false,false,false
6,6,49,nwsl,nwsl,houston_dash,Houston Dash,Christen Westphal,P0,1_duplicate_transfer_loan_stale_profile_check,official_source_candidate,www.houstondynamofc.com,https://www.houstondynamofc.com/houstondash/news/houston-dash-host-north-carolina-courage-for-kids-night,"human-provided candidate/source page URL only; not a hotlinked image file, screenshot, cached binary, or thumbnail","caption, recap, roster/profile, source page, match report, or team/player page that supports identity and action context","official roster, player profile, team page, league page, or match/event page that confirms player/team/current context",yes,data/asset_registry/womens_soccer/womens_soccer_athlete_source_priority.csv#row=7,data/asset_registry/womens_soccer/womens_soccer_athlete_candidate_next_action_board.csv#row=49,data/asset_registry/womens_soccer/womens_soccer_athlete_operator_focus.csv#row=6,data/asset_registry/action_photo_candidates/review_only_womens_soccer_action_photo_starter_intake.csv,data/asset_registry/action_photo_candidates/review_only_action_photo_research_return_intake_v1.csv,candidate_photo_url|evidence_url|evidence_summary|identity_anchor_url|source_url|entity_id|rights_class|identity_confidence|intended_review_only_use|operator_verify_required,no,"Open the source/focus refs manually, collect candidate page URL, evidence URL, identity anchor, and conservative rights/identity metadata, then paste complete human-reviewed rows into the action-photo research return intake; do not fetch, download, approve, render, move, or publish.","Do not fetch sources, download images, write assets/headshots, approve candidates, create .approved markers, mark render-ready, move files, or publish.",no,,,,,,,,true,false,false,false,false,false,false,false,false,false,false
7,7,50,nwsl,nwsl,houston_dash,Houston Dash,Natalie Bain; Liz Beardsley; Zoe Matthews; Amanda West; Rebeca Costa da Silva; Jyllissa Harris,P1; P0,1_duplicate_transfer_loan_stale_profile_check,official_source_candidate,www.houstondynamofc.com,https://www.houstondynamofc.com/houstondash/roster/,"human-provided candidate/source page URL only; not a hotlinked image file, screenshot, cached binary, or thumbnail","caption, recap, roster/profile, source page, match report, or team/player page that supports identity and action context","official roster, player profile, team page, league page, or match/event page that confirms player/team/current context",yes,data/asset_registry/womens_soccer/womens_soccer_athlete_source_priority.csv#row=8,data/asset_registry/womens_soccer/womens_soccer_athlete_candidate_next_action_board.csv#row=50,data/asset_registry/womens_soccer/womens_soccer_athlete_operator_focus.csv#row=7,data/asset_registry/action_photo_candidates/review_only_womens_soccer_action_photo_starter_intake.csv,data/asset_registry/action_photo_candidates/review_only_action_photo_research_return_intake_v1.csv,candidate_photo_url|evidence_url|evidence_summary|identity_anchor_url|source_url|entity_id|rights_class|identity_confidence|intended_review_only_use|operator_verify_required,no,"Open the source/focus refs manually, collect candidate page URL, evidence URL, identity anchor, and conservative rights/identity metadata, then paste complete human-reviewed rows into the action-photo research return intake; do not fetch, download, approve, render, move, or publish.","Do not fetch sources, download images, write assets/headshots, approve candidates, create .approved markers, mark render-ready, move files, or publish.",no,,,,,,,,true,false,false,false,false,false,false,false,false,false,false
8,8,51,nwsl,nwsl,houston_dash,Houston Dash,Yazmeen Ryan; Delanie Sheehan,P0,1_duplicate_transfer_loan_stale_profile_check,official_source_candidate,www.denversummitfc.com,https://www.denversummitfc.com/news/player-signings/denver-summit-fc-acquires-yazmeen-ryan-delanie-sheehan-from-houston-dash/,"human-provided candidate/source page URL only; not a hotlinked image file, screenshot, cached binary, or thumbnail","caption, recap, roster/profile, source page, match report, or team/player page that supports identity and action context","official roster, player profile, team page, league page, or match/event page that confirms player/team/current context",yes,data/asset_registry/womens_soccer/womens_soccer_athlete_source_priority.csv#row=9,data/asset_registry/womens_soccer/womens_soccer_athlete_candidate_next_action_board.csv#row=51,data/asset_registry/womens_soccer/womens_soccer_athlete_operator_focus.csv#row=8,data/asset_registry/action_photo_candidates/review_only_womens_soccer_action_photo_starter_intake.csv,data/asset_registry/action_photo_candidates/review_only_action_photo_research_return_intake_v1.csv,candidate_photo_url|evidence_url|evidence_summary|identity_anchor_url|source_url|entity_id|rights_class|identity_confidence|intended_review_only_use|operator_verify_required,no,"Open the source/focus refs manually, collect candidate page URL, evidence URL, identity anchor, and conservative rights/identity metadata, then paste complete human-reviewed rows into the action-photo research return intake; do not fetch, download, approve, render, move, or publish.","Do not fetch sources, download images, write assets/headshots, approve candidates, create .approved markers, mark render-ready, move files, or publish.",no,,,,,,,,true,false,false,false,false,false,false,false,false,false,false
9,9,52,nwsl,nwsl,kansas_city_current,Kansas City Current,Ally Sentnor,P0,1_duplicate_transfer_loan_stale_profile_check,official_source_candidate,angelcity.com,https://angelcity.com/acfc-post/acfc-signs-uswnt-midfielder-ally-sentnor-trade-with-kansas-city-current,"human-provided candidate/source page URL only; not a hotlinked image file, screenshot, cached binary, or thumbnail","caption, recap, roster/profile, source page, match report, or team/player page that supports identity and action context","official roster, player profile, team page, league page, or match/event page that confirms player/team/current context",yes,data/asset_registry/womens_soccer/womens_soccer_athlete_source_priority.csv#row=10,data/asset_registry/womens_soccer/womens_soccer_athlete_candidate_next_action_board.csv#row=52,data/asset_registry/womens_soccer/womens_soccer_athlete_operator_focus.csv#row=9,data/asset_registry/action_photo_candidates/review_only_womens_soccer_action_photo_starter_intake.csv,data/asset_registry/action_photo_candidates/review_only_action_photo_research_return_intake_v1.csv,candidate_photo_url|evidence_url|evidence_summary|identity_anchor_url|source_url|entity_id|rights_class|identity_confidence|intended_review_only_use|operator_verify_required,no,"Open the source/focus refs manually, collect candidate page URL, evidence URL, identity anchor, and conservative rights/identity metadata, then paste complete human-reviewed rows into the action-photo research return intake; do not fetch, download, approve, render, move, or publish.","Do not fetch sources, download images, write assets/headshots, approve candidates, create .approved markers, mark render-ready, move files, or publish.",no,,,,,,,,true,false,false,false,false,false,false,false,false,false,false
10,10,53,nwsl,nwsl,kansas_city_current,Kansas City Current,Katie Cappelletti; Kyra Carusa; Kelsey Branson; Flora Marta Lacho,P1,1_duplicate_transfer_loan_stale_profile_check,official_source_candidate,www.kansascitycurrent.com,https://www.kansascitycurrent.com/team; https://www.kansascitycurrent.com/news/kansas-city-current-announces-roster-ahead-of-2026-regular-s,"human-provided candidate/source page URL only; not a hotlinked image file, screenshot, cached binary, or thumbnail","caption, recap, roster/profile, source page, match report, or team/player page that supports identity and action context","official roster, player profile, team page, league page, or match/event page that confirms player/team/current context",yes,data/asset_registry/womens_soccer/womens_soccer_athlete_source_priority.csv#row=25,data/asset_registry/womens_soccer/womens_soccer_athlete_candidate_next_action_board.csv#row=53,data/asset_registry/womens_soccer/womens_soccer_athlete_operator_focus.csv#row=10,data/asset_registry/action_photo_candidates/review_only_womens_soccer_action_photo_starter_intake.csv,data/asset_registry/action_photo_candidates/review_only_action_photo_research_return_intake_v1.csv,candidate_photo_url|evidence_url|evidence_summary|identity_anchor_url|source_url|entity_id|rights_class|identity_confidence|intended_review_only_use|operator_verify_required,no,"Open the source/focus refs manually, collect candidate page URL, evidence URL, identity anchor, and conservative rights/identity metadata, then paste complete human-reviewed rows into the action-photo research return intake; do not fetch, download, approve, render, move, or publish.","Do not fetch sources, download images, write assets/headshots, approve candidates, create .approved markers, mark render-ready, move files, or publish.",no,,,,,,,,true,false,false,false,false,false,false,false,false,false,false
11,11,54,nwsl,nwsl,orlando_pride,Orlando Pride,Angelina Alonso Costantino; Luana Bertolucci Paixão; Marta Marta; Rafaelle Leone Carvalho Souza; Jacqueline Ovalle; Oihane Hernández; Kat Asman,P1,1_duplicate_transfer_loan_stale_profile_check,official_source_candidate,www.orlandocitysc.com,https://www.orlandocitysc.com/pride/roster/,"human-provided candidate/source page URL only; not a hotlinked image file, screenshot, cached binary, or thumbnail","caption, recap, roster/profile, source page, match report, or team/player page that supports identity and action context","official roster, player profile, team page, league page, or match/event page that confirms player/team/current context",yes,data/asset_registry/womens_soccer/womens_soccer_athlete_source_priority.csv#row=27,data/asset_registry/womens_soccer/womens_soccer_athlete_candidate_next_action_board.csv#row=54,data/asset_registry/womens_soccer/womens_soccer_athlete_operator_focus.csv#row=11,data/asset_registry/action_photo_candidates/review_only_womens_soccer_action_photo_starter_intake.csv,data/asset_registry/action_photo_candidates/review_only_action_photo_research_return_intake_v1.csv,candidate_photo_url|evidence_url|evidence_summary|identity_anchor_url|source_url|entity_id|rights_class|identity_confidence|intended_review_only_use|operator_verify_required,no,"Open the source/focus refs manually, collect candidate page URL, evidence URL, identity anchor, and conservative rights/identity metadata, then paste complete human-reviewed rows into the action-photo research return intake; do not fetch, download, approve, render, move, or publish.","Do not fetch sources, download images, write assets/headshots, approve candidates, create .approved markers, mark render-ready, move files, or publish.",no,,,,,,,,true,false,false,false,false,false,false,false,false,false,false
12,12,55,nwsl,nwsl,portland_thorns_fc_utah_royals_fc,Portland Thorns FC / Utah Royals FC,Alexa Spaanstra,P0,1_duplicate_transfer_loan_stale_profile_check,official_source_candidate,www.thorns.com,https://www.thorns.com/news/forward-alexa-spaanstra-loaned-to-utah-royals-fc,"human-provided candidate/source page URL only; not a hotlinked image file, screenshot, cached binary, or thumbnail","caption, recap, roster/profile, source page, match report, or team/player page that supports identity and action context","official roster, player profile, team page, league page, or match/event page that confirms player/team/current context",yes,data/asset_registry/womens_soccer/womens_soccer_athlete_source_priority.csv#row=11,data/asset_registry/womens_soccer/womens_soccer_athlete_candidate_next_action_board.csv#row=55,data/asset_registry/womens_soccer/womens_soccer_athlete_operator_focus.csv#row=12,data/asset_registry/action_photo_candidates/review_only_womens_soccer_action_photo_starter_intake.csv,data/asset_registry/action_photo_candidates/review_only_action_photo_research_return_intake_v1.csv,candidate_photo_url|evidence_url|evidence_summary|identity_anchor_url|source_url|entity_id|rights_class|identity_confidence|intended_review_only_use|operator_verify_required,no,"Open the source/focus refs manually, collect candidate page URL, evidence URL, identity anchor, and conservative rights/identity metadata, then paste complete human-reviewed rows into the action-photo research return intake; do not fetch, download, approve, render, move, or publish.","Do not fetch sources, download images, write assets/headshots, approve candidates, create .approved markers, mark render-ready, move files, or publish.",no,,,,,,,,true,false,false,false,false,false,false,false,false,false,false
13,13,1,nwsl,nwsl,angel_city_fc,Angel City FC,Ariadina Alves Borges; Maiara Carolina Niehues,P1,2_p0_roster_or_source_verify,official_source_candidate,angelcity.com,https://angelcity.com/club/roster,"human-provided candidate/source page URL only; not a hotlinked image file, screenshot, cached binary, or thumbnail","caption, recap, roster/profile, source page, match report, or team/player page that supports identity and action context","official roster, player profile, team page, league page, or match/event page that confirms player/team/current context",yes,data/asset_registry/womens_soccer/womens_soccer_athlete_source_priority.csv#row=21,data/asset_registry/womens_soccer/womens_soccer_athlete_candidate_next_action_board.csv#row=1,data/asset_registry/womens_soccer/womens_soccer_athlete_operator_focus.csv#row=13,data/asset_registry/action_photo_candidates/review_only_womens_soccer_action_photo_starter_intake.csv,data/asset_registry/action_photo_candidates/review_only_action_photo_research_return_intake_v1.csv,candidate_photo_url|evidence_url|evidence_summary|identity_anchor_url|source_url|entity_id|rights_class|identity_confidence|intended_review_only_use|operator_verify_required,no,"Open the source/focus refs manually, collect candidate page URL, evidence URL, identity anchor, and conservative rights/identity metadata, then paste complete human-reviewed rows into the action-photo research return intake; do not fetch, download, approve, render, move, or publish.","Do not fetch sources, download images, write assets/headshots, approve candidates, create .approved markers, mark render-ready, move files, or publish.",no,,,,,,,,true,false,false,false,false,false,false,false,false,false,false
14,14,35,nwsl,nwsl,angel_city_fc,Angel City FC,Maithé López,P0,2_p0_roster_or_source_verify,official_source_candidate,angelcity.com,https://angelcity.com/acfc-post/angel-city-football-club-loans-forward-maithe-lopez-to-vancouver-rise-fc,"human-provided candidate/source page URL only; not a hotlinked image file, screenshot, cached binary, or thumbnail","caption, recap, roster/profile, source page, match report, or team/player page that supports identity and action context","official roster, player profile, team page, league page, or match/event page that confirms player/team/current context",yes,data/asset_registry/womens_soccer/womens_soccer_athlete_source_priority.csv#row=2,data/asset_registry/womens_soccer/womens_soccer_athlete_candidate_next_action_board.csv#row=35,data/asset_registry/womens_soccer/womens_soccer_athlete_operator_focus.csv#row=14,data/asset_registry/action_photo_candidates/review_only_womens_soccer_action_photo_starter_intake.csv,data/asset_registry/action_photo_candidates/review_only_action_photo_research_return_intake_v1.csv,candidate_photo_url|evidence_url|evidence_summary|identity_anchor_url|source_url|entity_id|rights_class|identity_confidence|intended_review_only_use|operator_verify_required,no,"Open the source/focus refs manually, collect candidate page URL, evidence URL, identity anchor, and conservative rights/identity metadata, then paste complete human-reviewed rows into the action-photo research return intake; do not fetch, download, approve, render, move, or publish.","Do not fetch sources, download images, write assets/headshots, approve candidates, create .approved markers, mark render-ready, move files, or publish.",no,,,,,,,,true,false,false,false,false,false,false,false,false,false,false
15,15,37,nwsl,nwsl,gotham_fc,Gotham FC,Princess Ademiluyi; Bruna Santos Nhaia,P1,2_p0_roster_or_source_verify,official_source_candidate,www.gothamfc.com,https://www.gothamfc.com/roster,"human-provided candidate/source page URL only; not a hotlinked image file, screenshot, cached binary, or thumbnail","caption, recap, roster/profile, source page, match report, or team/player page that supports identity and action context","official roster, player profile, team page, league page, or match/event page that confirms player/team/current context",yes,data/asset_registry/womens_soccer/womens_soccer_athlete_source_priority.csv#row=23,data/asset_registry/womens_soccer/womens_soccer_athlete_candidate_next_action_board.csv#row=37,data/asset_registry/womens_soccer/womens_soccer_athlete_operator_focus.csv#row=15,data/asset_registry/action_photo_candidates/review_only_womens_soccer_action_photo_starter_intake.csv,data/asset_registry/action_photo_candidates/review_only_action_photo_research_return_intake_v1.csv,candidate_photo_url|evidence_url|evidence_summary|identity_anchor_url|source_url|entity_id|rights_class|identity_confidence|intended_review_only_use|operator_verify_required,no,"Open the source/focus refs manually, collect candidate page URL, evidence URL, identity anchor, and conservative rights/identity metadata, then paste complete human-reviewed rows into the action-photo research return intake; do not fetch, download, approve, render, move, or publish.","Do not fetch sources, download images, write assets/headshots, approve candidates, create .approved markers, mark render-ready, move files, or publish.",no,,,,,,,,true,false,false,false,false,false,false,false,false,false,false
16,16,27,nwsl,nwsl,gotham_fc,Gotham FC,Sam Kerr,P3,2_p0_roster_or_source_verify,gray_area_public_lead,www.reuters.com,https://www.reuters.com/sports/soccer/reports-gotham-fc-set-reunion-with-f-sam-kerr--flm-2026-06-17/,"human-provided candidate/source page URL only; not a hotlinked image file, screenshot, cached binary, or thumbnail","caption, recap, roster/profile, source page, match report, or team/player page that supports identity and action context","official roster, player profile, team page, league page, or match/event page that confirms player/team/current context",yes,data/asset_registry/womens_soccer/womens_soccer_athlete_source_priority.csv#row=13,data/asset_registry/womens_soccer/womens_soccer_athlete_candidate_next_action_board.csv#row=27,data/asset_registry/womens_soccer/womens_soccer_athlete_operator_focus.csv#row=16,data/asset_registry/action_photo_candidates/review_only_womens_soccer_action_photo_starter_intake.csv,data/asset_registry/action_photo_candidates/review_only_action_photo_research_return_intake_v1.csv,candidate_photo_url|evidence_url|evidence_summary|identity_anchor_url|source_url|entity_id|rights_class|identity_confidence|intended_review_only_use|operator_verify_required,no,"Open the source/focus refs manually, collect candidate page URL, evidence URL, identity anchor, and conservative rights/identity metadata, then paste complete human-reviewed rows into the action-photo research return intake; do not fetch, download, approve, render, move, or publish.","Do not fetch sources, download images, write assets/headshots, approve candidates, create .approved markers, mark render-ready, move files, or publish.",no,,,,,,,,true,false,false,false,false,false,false,false,false,false,false
17,17,2,nwsl,nwsl,kansas_city_current,Kansas City Current,Débora Cristiane de Oliveira,P1,2_p0_roster_or_source_verify,official_source_candidate,www.kansascitycurrent.com,https://www.kansascitycurrent.com/team,"human-provided candidate/source page URL only; not a hotlinked image file, screenshot, cached binary, or thumbnail","caption, recap, roster/profile, source page, match report, or team/player page that supports identity and action context","official roster, player profile, team page, league page, or match/event page that confirms player/team/current context",yes,data/asset_registry/womens_soccer/womens_soccer_athlete_source_priority.csv#row=24,data/asset_registry/womens_soccer/womens_soccer_athlete_candidate_next_action_board.csv#row=2,data/asset_registry/womens_soccer/womens_soccer_athlete_operator_focus.csv#row=17,data/asset_registry/action_photo_candidates/review_only_womens_soccer_action_photo_starter_intake.csv,data/asset_registry/action_photo_candidates/review_only_action_photo_research_return_intake_v1.csv,candidate_photo_url|evidence_url|evidence_summary|identity_anchor_url|source_url|entity_id|rights_class|identity_confidence|intended_review_only_use|operator_verify_required,no,"Open the source/focus refs manually, collect candidate page URL, evidence URL, identity anchor, and conservative rights/identity metadata, then paste complete human-reviewed rows into the action-photo research return intake; do not fetch, download, approve, render, move, or publish.","Do not fetch sources, download images, write assets/headshots, approve candidates, create .approved markers, mark render-ready, move files, or publish.",no,,,,,,,,true,false,false,false,false,false,false,false,false,false,false
18,18,38,nwsl,nwsl,kansas_city_current,Kansas City Current,Kaylin Williams-Mosier,P1,2_p0_roster_or_source_verify,official_source_candidate,www.kansascitycurrent.com,https://www.kansascitycurrent.com/team/kaylin-williams-mosier,"human-provided candidate/source page URL only; not a hotlinked image file, screenshot, cached binary, or thumbnail","caption, recap, roster/profile, source page, match report, or team/player page that supports identity and action context","official roster, player profile, team page, league page, or match/event page that confirms player/team/current context",yes,data/asset_registry/womens_soccer/womens_soccer_athlete_source_priority.csv#row=26,data/asset_registry/womens_soccer/womens_soccer_athlete_candidate_next_action_board.csv#row=38,data/asset_registry/womens_soccer/womens_soccer_athlete_operator_focus.csv#row=18,data/asset_registry/action_photo_candidates/review_only_womens_soccer_action_photo_starter_intake.csv,data/asset_registry/action_photo_candidates/review_only_action_photo_research_return_intake_v1.csv,candidate_photo_url|evidence_url|evidence_summary|identity_anchor_url|source_url|entity_id|rights_class|identity_confidence|intended_review_only_use|operator_verify_required,no,"Open the source/focus refs manually, collect candidate page URL, evidence URL, identity anchor, and conservative rights/identity metadata, then paste complete human-reviewed rows into the action-photo research return intake; do not fetch, download, approve, render, move, or publish.","Do not fetch sources, download images, write assets/headshots, approve candidates, create .approved markers, mark render-ready, move files, or publish.",no,,,,,,,,true,false,false,false,false,false,false,false,false,false,false
19,19,39,nwsl,nwsl,san_diego_wave_fc,San Diego Wave FC,Sandra Paños; Amelia Donna Van Zanten; Gabrielle Jordão Portilho; Ludmila da Silva; Maria Eduarda Rodrigues Silva,P0; P1,2_p0_roster_or_source_verify,official_source_candidate,sandiegowavefc.com,https://sandiegowavefc.com/roster/,"human-provided candidate/source page URL only; not a hotlinked image file, screenshot, cached binary, or thumbnail","caption, recap, roster/profile, source page, match report, or team/player page that supports identity and action context","official roster, player profile, team page, league page, or match/event page that confirms player/team/current context",yes,data/asset_registry/womens_soccer/womens_soccer_athlete_source_priority.csv#row=12,data/asset_registry/womens_soccer/womens_soccer_athlete_candidate_next_action_board.csv#row=39,data/asset_registry/womens_soccer/womens_soccer_athlete_operator_focus.csv#row=19,data/asset_registry/action_photo_candidates/review_only_womens_soccer_action_photo_starter_intake.csv,data/asset_registry/action_photo_candidates/review_only_action_photo_research_return_intake_v1.csv,candidate_photo_url|evidence_url|evidence_summary|identity_anchor_url|source_url|entity_id|rights_class|identity_confidence|intended_review_only_use|operator_verify_required,no,"Open the source/focus refs manually, collect candidate page URL, evidence URL, identity anchor, and conservative rights/identity metadata, then paste complete human-reviewed rows into the action-photo research return intake; do not fetch, download, approve, render, move, or publish.","Do not fetch sources, download images, write assets/headshots, approve candidates, create .approved markers, mark render-ready, move files, or publish.",no,,,,,,,,true,false,false,false,false,false,false,false,false,false,false
20,20,56,europe_top_flight,wsl_england,arsenal_women,Arsenal Women,,P0_OFFICIAL_LEAGUE_TEAM,2_p0_roster_or_source_verify,official_source_candidate,wslfootball.com,https://www.wslfootball.com/clubs/arsenal/squad,"human-provided candidate/source page URL only; not a hotlinked image file, screenshot, cached binary, or thumbnail","caption, recap, roster/profile, source page, match report, or team/player page that supports identity and action context","official roster, player profile, team page, league page, or match/event page that confirms player/team/current context",yes,data/asset_registry/womens_soccer/womens_soccer_athlete_source_priority.csv#row=56,data/asset_registry/womens_soccer/womens_soccer_athlete_candidate_next_action_board.csv#row=56,data/asset_registry/womens_soccer/womens_soccer_athlete_operator_focus.csv#row=20,data/asset_registry/action_photo_candidates/review_only_womens_soccer_action_photo_starter_intake.csv,data/asset_registry/action_photo_candidates/review_only_action_photo_research_return_intake_v1.csv,candidate_photo_url|evidence_url|evidence_summary|identity_anchor_url|source_url|entity_id|rights_class|identity_confidence|intended_review_only_use|operator_verify_required,no,"Open the source/focus refs manually, collect candidate page URL, evidence URL, identity anchor, and conservative rights/identity metadata, then paste complete human-reviewed rows into the action-photo research return intake; do not fetch, download, approve, render, move, or publish.","Do not fetch sources, download images, write assets/headshots, approve candidates, create .approved markers, mark render-ready, move files, or publish.",no,,,,,,,,true,false,false,false,false,false,false,false,false,false,false
21,21,57,europe_top_flight,wsl_england,aston_villa_women,Aston Villa Women,,P0_OFFICIAL_LEAGUE_TEAM,2_p0_roster_or_source_verify,official_source_candidate,wslfootball.com,https://www.wslfootball.com/clubs/aston-villa/squad,"human-provided candidate/source page URL only; not a hotlinked image file, screenshot, cached binary, or thumbnail","caption, recap, roster/profile, source page, match report, or team/player page that supports identity and action context","official roster, player profile, team page, league page, or match/event page that confirms player/team/current context",yes,data/asset_registry/womens_soccer/womens_soccer_athlete_source_priority.csv#row=57,data/asset_registry/womens_soccer/womens_soccer_athlete_candidate_next_action_board.csv#row=57,data/asset_registry/womens_soccer/womens_soccer_athlete_operator_focus.csv#row=21,data/asset_registry/action_photo_candidates/review_only_womens_soccer_action_photo_starter_intake.csv,data/asset_registry/action_photo_candidates/review_only_action_photo_research_return_intake_v1.csv,candidate_photo_url|evidence_url|evidence_summary|identity_anchor_url|source_url|entity_id|rights_class|identity_confidence|intended_review_only_use|operator_verify_required,no,"Open the source/focus refs manually, collect candidate page URL, evidence URL, identity anchor, and conservative rights/identity metadata, then paste complete human-reviewed rows into the action-photo research return intake; do not fetch, download, approve, render, move, or publish.","Do not fetch sources, download images, write assets/headshots, approve candidates, create .approved markers, mark render-ready, move files, or publish.",no,,,,,,,,true,false,false,false,false,false,false,false,false,false,false
22,22,58,europe_top_flight,wsl_england,brighton_and_hove_albion_women,Brighton & Hove Albion Women,,P0_OFFICIAL_LEAGUE_TEAM,2_p0_roster_or_source_verify,official_source_candidate,wslfootball.com,https://www.wslfootball.com/clubs/brighton-hove-albion/squad,"human-provided candidate/source page URL only; not a hotlinked image file, screenshot, cached binary, or thumbnail","caption, recap, roster/profile, source page, match report, or team/player page that supports identity and action context","official roster, player profile, team page, league page, or match/event page that confirms player/team/current context",yes,data/asset_registry/womens_soccer/womens_soccer_athlete_source_priority.csv#row=58,data/asset_registry/womens_soccer/womens_soccer_athlete_candidate_next_action_board.csv#row=58,data/asset_registry/womens_soccer/womens_soccer_athlete_operator_focus.csv#row=22,data/asset_registry/action_photo_candidates/review_only_womens_soccer_action_photo_starter_intake.csv,data/asset_registry/action_photo_candidates/review_only_action_photo_research_return_intake_v1.csv,candidate_photo_url|evidence_url|evidence_summary|identity_anchor_url|source_url|entity_id|rights_class|identity_confidence|intended_review_only_use|operator_verify_required,no,"Open the source/focus refs manually, collect candidate page URL, evidence URL, identity anchor, and conservative rights/identity metadata, then paste complete human-reviewed rows into the action-photo research return intake; do not fetch, download, approve, render, move, or publish.","Do not fetch sources, download images, write assets/headshots, approve candidates, create .approved markers, mark render-ready, move files, or publish.",no,,,,,,,,true,false,false,false,false,false,false,false,false,false,false
23,23,59,europe_top_flight,wsl_england,chelsea_women,Chelsea Women,,P0_OFFICIAL_LEAGUE_TEAM,2_p0_roster_or_source_verify,official_source_candidate,wslfootball.com,https://www.wslfootball.com/clubs/chelsea/squad,"human-provided candidate/source page URL only; not a hotlinked image file, screenshot, cached binary, or thumbnail","caption, recap, roster/profile, source page, match report, or team/player page that supports identity and action context","official roster, player profile, team page, league page, or match/event page that confirms player/team/current context",yes,data/asset_registry/womens_soccer/womens_soccer_athlete_source_priority.csv#row=59,data/asset_registry/womens_soccer/womens_soccer_athlete_candidate_next_action_board.csv#row=59,data/asset_registry/womens_soccer/womens_soccer_athlete_operator_focus.csv#row=23,data/asset_registry/action_photo_candidates/review_only_womens_soccer_action_photo_starter_intake.csv,data/asset_registry/action_photo_candidates/review_only_action_photo_research_return_intake_v1.csv,candidate_photo_url|evidence_url|evidence_summary|identity_anchor_url|source_url|entity_id|rights_class|identity_confidence|intended_review_only_use|operator_verify_required,no,"Open the source/focus refs manually, collect candidate page URL, evidence URL, identity anchor, and conservative rights/identity metadata, then paste complete human-reviewed rows into the action-photo research return intake; do not fetch, download, approve, render, move, or publish.","Do not fetch sources, download images, write assets/headshots, approve candidates, create .approved markers, mark render-ready, move files, or publish.",no,,,,,,,,true,false,false,false,false,false,false,false,false,false,false
24,24,60,europe_top_flight,wsl_england,everton_women,Everton Women,,P0_OFFICIAL_LEAGUE_TEAM,2_p0_roster_or_source_verify,official_source_candidate,wslfootball.com,https://www.wslfootball.com/clubs/everton/squad,"human-provided candidate/source page URL only; not a hotlinked image file, screenshot, cached binary, or thumbnail","caption, recap, roster/profile, source page, match report, or team/player page that supports identity and action context","official roster, player profile, team page, league page, or match/event page that confirms player/team/current context",yes,data/asset_registry/womens_soccer/womens_soccer_athlete_source_priority.csv#row=60,data/asset_registry/womens_soccer/womens_soccer_athlete_candidate_next_action_board.csv#row=60,data/asset_registry/womens_soccer/womens_soccer_athlete_operator_focus.csv#row=24,data/asset_registry/action_photo_candidates/review_only_womens_soccer_action_photo_starter_intake.csv,data/asset_registry/action_photo_candidates/review_only_action_photo_research_return_intake_v1.csv,candidate_photo_url|evidence_url|evidence_summary|identity_anchor_url|source_url|entity_id|rights_class|identity_confidence|intended_review_only_use|operator_verify_required,no,"Open the source/focus refs manually, collect candidate page URL, evidence URL, identity anchor, and conservative rights/identity metadata, then paste complete human-reviewed rows into the action-photo research return intake; do not fetch, download, approve, render, move, or publish.","Do not fetch sources, download images, write assets/headshots, approve candidates, create .approved markers, mark render-ready, move files, or publish.",no,,,,,,,,true,false,false,false,false,false,false,false,false,false,false
25,25,61,europe_top_flight,wsl_england,leicester_city_women,Leicester City Women,,P0_OFFICIAL_LEAGUE_TEAM,2_p0_roster_or_source_verify,official_source_candidate,wslfootball.com,https://www.wslfootball.com/clubs/leicester-city/squad,"human-provided candidate/source page URL only; not a hotlinked image file, screenshot, cached binary, or thumbnail","caption, recap, roster/profile, source page, match report, or team/player page that supports identity and action context","official roster, player profile, team page, league page, or match/event page that confirms player/team/current context",yes,data/asset_registry/womens_soccer/womens_soccer_athlete_source_priority.csv#row=61,data/asset_registry/womens_soccer/womens_soccer_athlete_candidate_next_action_board.csv#row=61,data/asset_registry/womens_soccer/womens_soccer_athlete_operator_focus.csv#row=25,data/asset_registry/action_photo_candidates/review_only_womens_soccer_action_photo_starter_intake.csv,data/asset_registry/action_photo_candidates/review_only_action_photo_research_return_intake_v1.csv,candidate_photo_url|evidence_url|evidence_summary|identity_anchor_url|source_url|entity_id|rights_class|identity_confidence|intended_review_only_use|operator_verify_required,no,"Open the source/focus refs manually, collect candidate page URL, evidence URL, identity anchor, and conservative rights/identity metadata, then paste complete human-reviewed rows into the action-photo research return intake; do not fetch, download, approve, render, move, or publish.","Do not fetch sources, download images, write assets/headshots, approve candidates, create .approved markers, mark render-ready, move files, or publish.",no,,,,,,,,true,false,false,false,false,false,false,false,false,false,false
26,26,62,europe_top_flight,wsl_england,liverpool_women,Liverpool Women,,P0_OFFICIAL_LEAGUE_TEAM,2_p0_roster_or_source_verify,official_source_candidate,wslfootball.com,https://www.wslfootball.com/clubs/liverpool/squad,"human-provided candidate/source page URL only; not a hotlinked image file, screenshot, cached binary, or thumbnail","caption, recap, roster/profile, source page, match report, or team/player page that supports identity and action context","official roster, player profile, team page, league page, or match/event page that confirms player/team/current context",yes,data/asset_registry/womens_soccer/womens_soccer_athlete_source_priority.csv#row=62,data/asset_registry/womens_soccer/womens_soccer_athlete_candidate_next_action_board.csv#row=62,data/asset_registry/womens_soccer/womens_soccer_athlete_operator_focus.csv#row=26,data/asset_registry/action_photo_candidates/review_only_womens_soccer_action_photo_starter_intake.csv,data/asset_registry/action_photo_candidates/review_only_action_photo_research_return_intake_v1.csv,candidate_photo_url|evidence_url|evidence_summary|identity_anchor_url|source_url|entity_id|rights_class|identity_confidence|intended_review_only_use|operator_verify_required,no,"Open the source/focus refs manually, collect candidate page URL, evidence URL, identity anchor, and conservative rights/identity metadata, then paste complete human-reviewed rows into the action-photo research return intake; do not fetch, download, approve, render, move, or publish.","Do not fetch sources, download images, write assets/headshots, approve candidates, create .approved markers, mark render-ready, move files, or publish.",no,,,,,,,,true,false,false,false,false,false,false,false,false,false,false
27,27,63,europe_top_flight,wsl_england,london_city_lionesses,London City Lionesses,,P0_OFFICIAL_LEAGUE_TEAM,2_p0_roster_or_source_verify,official_source_candidate,wslfootball.com,https://www.wslfootball.com/clubs/london-city-lionesses/squad,"human-provided candidate/source page URL only; not a hotlinked image file, screenshot, cached binary, or thumbnail","caption, recap, roster/profile, source page, match report, or team/player page that supports identity and action context","official roster, player profile, team page, league page, or match/event page that confirms player/team/current context",yes,data/asset_registry/womens_soccer/womens_soccer_athlete_source_priority.csv#row=63,data/asset_registry/womens_soccer/womens_soccer_athlete_candidate_next_action_board.csv#row=63,data/asset_registry/womens_soccer/womens_soccer_athlete_operator_focus.csv#row=27,data/asset_registry/action_photo_candidates/review_only_womens_soccer_action_photo_starter_intake.csv,data/asset_registry/action_photo_candidates/review_only_action_photo_research_return_intake_v1.csv,candidate_photo_url|evidence_url|evidence_summary|identity_anchor_url|source_url|entity_id|rights_class|identity_confidence|intended_review_only_use|operator_verify_required,no,"Open the source/focus refs manually, collect candidate page URL, evidence URL, identity anchor, and conservative rights/identity metadata, then paste complete human-reviewed rows into the action-photo research return intake; do not fetch, download, approve, render, move, or publish.","Do not fetch sources, download images, write assets/headshots, approve candidates, create .approved markers, mark render-ready, move files, or publish.",no,,,,,,,,true,false,false,false,false,false,false,false,false,false,false
28,28,64,europe_top_flight,wsl_england,manchester_city_women,Manchester City Women,,P0_OFFICIAL_LEAGUE_TEAM,2_p0_roster_or_source_verify,official_source_candidate,wslfootball.com,https://www.wslfootball.com/clubs/manchester-city/squad,"human-provided candidate/source page URL only; not a hotlinked image file, screenshot, cached binary, or thumbnail","caption, recap, roster/profile, source page, match report, or team/player page that supports identity and action context","official roster, player profile, team page, league page, or match/event page that confirms player/team/current context",yes,data/asset_registry/womens_soccer/womens_soccer_athlete_source_priority.csv#row=64,data/asset_registry/womens_soccer/womens_soccer_athlete_candidate_next_action_board.csv#row=64,data/asset_registry/womens_soccer/womens_soccer_athlete_operator_focus.csv#row=28,data/asset_registry/action_photo_candidates/review_only_womens_soccer_action_photo_starter_intake.csv,data/asset_registry/action_photo_candidates/review_only_action_photo_research_return_intake_v1.csv,candidate_photo_url|evidence_url|evidence_summary|identity_anchor_url|source_url|entity_id|rights_class|identity_confidence|intended_review_only_use|operator_verify_required,no,"Open the source/focus refs manually, collect candidate page URL, evidence URL, identity anchor, and conservative rights/identity metadata, then paste complete human-reviewed rows into the action-photo research return intake; do not fetch, download, approve, render, move, or publish.","Do not fetch sources, download images, write assets/headshots, approve candidates, create .approved markers, mark render-ready, move files, or publish.",no,,,,,,,,true,false,false,false,false,false,false,false,false,false,false
29,29,65,europe_top_flight,wsl_england,manchester_united_women,Manchester United Women,,P0_OFFICIAL_LEAGUE_TEAM,2_p0_roster_or_source_verify,official_source_candidate,wslfootball.com,https://www.wslfootball.com/clubs/manchester-united/squad,"human-provided candidate/source page URL only; not a hotlinked image file, screenshot, cached binary, or thumbnail","caption, recap, roster/profile, source page, match report, or team/player page that supports identity and action context","official roster, player profile, team page, league page, or match/event page that confirms player/team/current context",yes,data/asset_registry/womens_soccer/womens_soccer_athlete_source_priority.csv#row=65,data/asset_registry/womens_soccer/womens_soccer_athlete_candidate_next_action_board.csv#row=65,data/asset_registry/womens_soccer/womens_soccer_athlete_operator_focus.csv#row=29,data/asset_registry/action_photo_candidates/review_only_womens_soccer_action_photo_starter_intake.csv,data/asset_registry/action_photo_candidates/review_only_action_photo_research_return_intake_v1.csv,candidate_photo_url|evidence_url|evidence_summary|identity_anchor_url|source_url|entity_id|rights_class|identity_confidence|intended_review_only_use|operator_verify_required,no,"Open the source/focus refs manually, collect candidate page URL, evidence URL, identity anchor, and conservative rights/identity metadata, then paste complete human-reviewed rows into the action-photo research return intake; do not fetch, download, approve, render, move, or publish.","Do not fetch sources, download images, write assets/headshots, approve candidates, create .approved markers, mark render-ready, move files, or publish.",no,,,,,,,,true,false,false,false,false,false,false,false,false,false,false
30,30,66,europe_top_flight,wsl_england,tottenham_hotspur_women,Tottenham Hotspur Women,,P0_OFFICIAL_LEAGUE_TEAM,2_p0_roster_or_source_verify,official_source_candidate,wslfootball.com,https://www.wslfootball.com/clubs/tottenham-hotspur/squad,"human-provided candidate/source page URL only; not a hotlinked image file, screenshot, cached binary, or thumbnail","caption, recap, roster/profile, source page, match report, or team/player page that supports identity and action context","official roster, player profile, team page, league page, or match/event page that confirms player/team/current context",yes,data/asset_registry/womens_soccer/womens_soccer_athlete_source_priority.csv#row=66,data/asset_registry/womens_soccer/womens_soccer_athlete_candidate_next_action_board.csv#row=66,data/asset_registry/womens_soccer/womens_soccer_athlete_operator_focus.csv#row=30,data/asset_registry/action_photo_candidates/review_only_womens_soccer_action_photo_starter_intake.csv,data/asset_registry/action_photo_candidates/review_only_action_photo_research_return_intake_v1.csv,candidate_photo_url|evidence_url|evidence_summary|identity_anchor_url|source_url|entity_id|rights_class|identity_confidence|intended_review_only_use|operator_verify_required,no,"Open the source/focus refs manually, collect candidate page URL, evidence URL, identity anchor, and conservative rights/identity metadata, then paste complete human-reviewed rows into the action-photo research return intake; do not fetch, download, approve, render, move, or publish.","Do not fetch sources, download images, write assets/headshots, approve candidates, create .approved markers, mark render-ready, move files, or publish.",no,,,,,,,,true,false,false,false,false,false,false,false,false,false,false
31,31,67,europe_top_flight,wsl_england,west_ham_united_women,West Ham United Women,,P0_OFFICIAL_LEAGUE_TEAM,2_p0_roster_or_source_verify,official_source_candidate,wslfootball.com,https://www.wslfootball.com/clubs/west-ham-united/squad,"human-provided candidate/source page URL only; not a hotlinked image file, screenshot, cached binary, or thumbnail","caption, recap, roster/profile, source page, match report, or team/player page that supports identity and action context","official roster, player profile, team page, league page, or match/event page that confirms player/team/current context",yes,data/asset_registry/womens_soccer/womens_soccer_athlete_source_priority.csv#row=67,data/asset_registry/womens_soccer/womens_soccer_athlete_candidate_next_action_board.csv#row=67,data/asset_registry/womens_soccer/womens_soccer_athlete_operator_focus.csv#row=31,data/asset_registry/action_photo_candidates/review_only_womens_soccer_action_photo_starter_intake.csv,data/asset_registry/action_photo_candidates/review_only_action_photo_research_return_intake_v1.csv,candidate_photo_url|evidence_url|evidence_summary|identity_anchor_url|source_url|entity_id|rights_class|identity_confidence|intended_review_only_use|operator_verify_required,no,"Open the source/focus refs manually, collect candidate page URL, evidence URL, identity anchor, and conservative rights/identity metadata, then paste complete human-reviewed rows into the action-photo research return intake; do not fetch, download, approve, render, move, or publish.","Do not fetch sources, download images, write assets/headshots, approve candidates, create .approved markers, mark render-ready, move files, or publish.",no,,,,,,,,true,false,false,false,false,false,false,false,false,false,false
32,32,68,europe_top_flight,liga_f_spain,alhama_cf_elpozo,Alhama CF ElPozo,,P0_OFFICIAL_LEAGUE_ROSTER,2_p0_roster_or_source_verify,official_source_candidate,ligaf.es,https://ligaf.es/equipo/alhama-cf-femenino/20478/plantilla/2026,"human-provided candidate/source page URL only; not a hotlinked image file, screenshot, cached binary, or thumbnail","caption, recap, roster/profile, source page, match report, or team/player page that supports identity and action context","official roster, player profile, team page, league page, or match/event page that confirms player/team/current context",yes,data/asset_registry/womens_soccer/womens_soccer_athlete_source_priority.csv#row=68,data/asset_registry/womens_soccer/womens_soccer_athlete_candidate_next_action_board.csv#row=68,data/asset_registry/womens_soccer/womens_soccer_athlete_operator_focus.csv#row=32,data/asset_registry/action_photo_candidates/review_only_womens_soccer_action_photo_starter_intake.csv,data/asset_registry/action_photo_candidates/review_only_action_photo_research_return_intake_v1.csv,candidate_photo_url|evidence_url|evidence_summary|identity_anchor_url|source_url|entity_id|rights_class|identity_confidence|intended_review_only_use|operator_verify_required,no,"Open the source/focus refs manually, collect candidate page URL, evidence URL, identity anchor, and conservative rights/identity metadata, then paste complete human-reviewed rows into the action-photo research return intake; do not fetch, download, approve, render, move, or publish.","Do not fetch sources, download images, write assets/headshots, approve candidates, create .approved markers, mark render-ready, move files, or publish.",no,,,,,,,,true,false,false,false,false,false,false,false,false,false,false
33,33,69,europe_top_flight,liga_f_spain,athletic_club,Athletic Club,,P0_OFFICIAL_LEAGUE_ROSTER,2_p0_roster_or_source_verify,official_source_candidate,ligaf.es,https://ligaf.es/equipo/athletic-club-femenino/8845/plantilla/2026,"human-provided candidate/source page URL only; not a hotlinked image file, screenshot, cached binary, or thumbnail","caption, recap, roster/profile, source page, match report, or team/player page that supports identity and action context","official roster, player profile, team page, league page, or match/event page that confirms player/team/current context",yes,data/asset_registry/womens_soccer/womens_soccer_athlete_source_priority.csv#row=69,data/asset_registry/womens_soccer/womens_soccer_athlete_candidate_next_action_board.csv#row=69,data/asset_registry/womens_soccer/womens_soccer_athlete_operator_focus.csv#row=33,data/asset_registry/action_photo_candidates/review_only_womens_soccer_action_photo_starter_intake.csv,data/asset_registry/action_photo_candidates/review_only_action_photo_research_return_intake_v1.csv,candidate_photo_url|evidence_url|evidence_summary|identity_anchor_url|source_url|entity_id|rights_class|identity_confidence|intended_review_only_use|operator_verify_required,no,"Open the source/focus refs manually, collect candidate page URL, evidence URL, identity anchor, and conservative rights/identity metadata, then paste complete human-reviewed rows into the action-photo research return intake; do not fetch, download, approve, render, move, or publish.","Do not fetch sources, download images, write assets/headshots, approve candidates, create .approved markers, mark render-ready, move files, or publish.",no,,,,,,,,true,false,false,false,false,false,false,false,false,false,false
34,34,70,europe_top_flight,liga_f_spain,atl_tico_de_madrid,Atlético de Madrid,,P0_OFFICIAL_LEAGUE_ROSTER,2_p0_roster_or_source_verify,official_source_candidate,ligaf.es,https://ligaf.es/equipo/club-atletico-de-madrid-femenino/12279/plantilla/2026,"human-provided candidate/source page URL only; not a hotlinked image file, screenshot, cached binary, or thumbnail","caption, recap, roster/profile, source page, match report, or team/player page that supports identity and action context","official roster, player profile, team page, league page, or match/event page that confirms player/team/current context",yes,data/asset_registry/womens_soccer/womens_soccer_athlete_source_priority.csv#row=70,data/asset_registry/womens_soccer/womens_soccer_athlete_candidate_next_action_board.csv#row=70,data/asset_registry/womens_soccer/womens_soccer_athlete_operator_focus.csv#row=34,data/asset_registry/action_photo_candidates/review_only_womens_soccer_action_photo_starter_intake.csv,data/asset_registry/action_photo_candidates/review_only_action_photo_research_return_intake_v1.csv,candidate_photo_url|evidence_url|evidence_summary|identity_anchor_url|source_url|entity_id|rights_class|identity_confidence|intended_review_only_use|operator_verify_required,no,"Open the source/focus refs manually, collect candidate page URL, evidence URL, identity anchor, and conservative rights/identity metadata, then paste complete human-reviewed rows into the action-photo research return intake; do not fetch, download, approve, render, move, or publish.","Do not fetch sources, download images, write assets/headshots, approve candidates, create .approved markers, mark render-ready, move files, or publish.",no,,,,,,,,true,false,false,false,false,false,false,false,false,false,false
35,35,71,europe_top_flight,liga_f_spain,costa_adeje_tenerife,Costa Adeje Tenerife,,P0_OFFICIAL_LEAGUE_ROSTER,2_p0_roster_or_source_verify,official_source_candidate,ligaf.es,https://ligaf.es/equipo/ud-granadilla-tenerife-sur-femenino/12369/plantilla/2026,"human-provided candidate/source page URL only; not a hotlinked image file, screenshot, cached binary, or thumbnail","caption, recap, roster/profile, source page, match report, or team/player page that supports identity and action context","official roster, player profile, team page, league page, or match/event page that confirms player/team/current context",yes,data/asset_registry/womens_soccer/womens_soccer_athlete_source_priority.csv#row=71,data/asset_registry/womens_soccer/womens_soccer_athlete_candidate_next_action_board.csv#row=71,data/asset_registry/womens_soccer/womens_soccer_athlete_operator_focus.csv#row=35,data/asset_registry/action_photo_candidates/review_only_womens_soccer_action_photo_starter_intake.csv,data/asset_registry/action_photo_candidates/review_only_action_photo_research_return_intake_v1.csv,candidate_photo_url|evidence_url|evidence_summary|identity_anchor_url|source_url|entity_id|rights_class|identity_confidence|intended_review_only_use|operator_verify_required,no,"Open the source/focus refs manually, collect candidate page URL, evidence URL, identity anchor, and conservative rights/identity metadata, then paste complete human-reviewed rows into the action-photo research return intake; do not fetch, download, approve, render, move, or publish.","Do not fetch sources, download images, write assets/headshots, approve candidates, create .approved markers, mark render-ready, move files, or publish.",no,,,,,,,,true,false,false,false,false,false,false,false,false,false,false
36,36,72,europe_top_flight,liga_f_spain,dux_logro_o,DUX Logroño,,P0_OFFICIAL_LEAGUE_ROSTER,2_p0_roster_or_source_verify,official_source_candidate,ligaf.es,https://ligaf.es/equipo/edf-logrono-femenina/51737/plantilla/2026,"human-provided candidate/source page URL only; not a hotlinked image file, screenshot, cached binary, or thumbnail","caption, recap, roster/profile, source page, match report, or team/player page that supports identity and action context","official roster, player profile, team page, league page, or match/event page that confirms player/team/current context",yes,data/asset_registry/womens_soccer/womens_soccer_athlete_source_priority.csv#row=72,data/asset_registry/womens_soccer/womens_soccer_athlete_candidate_next_action_board.csv#row=72,data/asset_registry/womens_soccer/womens_soccer_athlete_operator_focus.csv#row=36,data/asset_registry/action_photo_candidates/review_only_womens_soccer_action_photo_starter_intake.csv,data/asset_registry/action_photo_candidates/review_only_action_photo_research_return_intake_v1.csv,candidate_photo_url|evidence_url|evidence_summary|identity_anchor_url|source_url|entity_id|rights_class|identity_confidence|intended_review_only_use|operator_verify_required,no,"Open the source/focus refs manually, collect candidate page URL, evidence URL, identity anchor, and conservative rights/identity metadata, then paste complete human-reviewed rows into the action-photo research return intake; do not fetch, download, approve, render, move, or publish.","Do not fetch sources, download images, write assets/headshots, approve candidates, create .approved markers, mark render-ready, move files, or publish.",no,,,,,,,,true,false,false,false,false,false,false,false,false,false,false
37,37,73,europe_top_flight,liga_f_spain,deportivo_abanca,Deportivo Abanca,,P0_OFFICIAL_LEAGUE_ROSTER,2_p0_roster_or_source_verify,official_source_candidate,ligaf.es,https://ligaf.es/equipo/deportivo-femenino/8870/plantilla/2026,"human-provided candidate/source page URL only; not a hotlinked image file, screenshot, cached binary, or thumbnail","caption, recap, roster/profile, source page, match report, or team/player page that supports identity and action context","official roster, player profile, team page, league page, or match/event page that confirms player/team/current context",yes,data/asset_registry/womens_soccer/womens_soccer_athlete_source_priority.csv#row=73,data/asset_registry/womens_soccer/womens_soccer_athlete_candidate_next_action_board.csv#row=73,data/asset_registry/womens_soccer/womens_soccer_athlete_operator_focus.csv#row=37,data/asset_registry/action_photo_candidates/review_only_womens_soccer_action_photo_starter_intake.csv,data/asset_registry/action_photo_candidates/review_only_action_photo_research_return_intake_v1.csv,candidate_photo_url|evidence_url|evidence_summary|identity_anchor_url|source_url|entity_id|rights_class|identity_confidence|intended_review_only_use|operator_verify_required,no,"Open the source/focus refs manually, collect candidate page URL, evidence URL, identity anchor, and conservative rights/identity metadata, then paste complete human-reviewed rows into the action-photo research return intake; do not fetch, download, approve, render, move, or publish.","Do not fetch sources, download images, write assets/headshots, approve candidates, create .approved markers, mark render-ready, move files, or publish.",no,,,,,,,,true,false,false,false,false,false,false,false,false,false,false
38,38,74,europe_top_flight,liga_f_spain,fc_badalona_women,FC Badalona Women,,P0_OFFICIAL_LEAGUE_ROSTER,2_p0_roster_or_source_verify,official_source_candidate,ligaf.es,https://ligaf.es/equipo/levante-las-planas-femenino/20435/plantilla/2026,"human-provided candidate/source page URL only; not a hotlinked image file, screenshot, cached binary, or thumbnail","caption, recap, roster/profile, source page, match report, or team/player page that supports identity and action context","official roster, player profile, team page, league page, or match/event page that confirms player/team/current context",yes,data/asset_registry/womens_soccer/womens_soccer_athlete_source_priority.csv#row=74,data/asset_registry/womens_soccer/womens_soccer_athlete_candidate_next_action_board.csv#row=74,data/asset_registry/womens_soccer/womens_soccer_athlete_operator_focus.csv#row=38,data/asset_registry/action_photo_candidates/review_only_womens_soccer_action_photo_starter_intake.csv,data/asset_registry/action_photo_candidates/review_only_action_photo_research_return_intake_v1.csv,candidate_photo_url|evidence_url|evidence_summary|identity_anchor_url|source_url|entity_id|rights_class|identity_confidence|intended_review_only_use|operator_verify_required,no,"Open the source/focus refs manually, collect candidate page URL, evidence URL, identity anchor, and conservative rights/identity metadata, then paste complete human-reviewed rows into the action-photo research return intake; do not fetch, download, approve, render, move, or publish.","Do not fetch sources, download images, write assets/headshots, approve candidates, create .approved markers, mark render-ready, move files, or publish.",no,,,,,,,,true,false,false,false,false,false,false,false,false,false,false
39,39,75,europe_top_flight,liga_f_spain,fc_barcelona,FC Barcelona,,P0_OFFICIAL_LEAGUE_ROSTER,2_p0_roster_or_source_verify,official_source_candidate,ligaf.es,https://ligaf.es/equipo/fc-barcelona-femenino/8852/plantilla/2026,"human-provided candidate/source page URL only; not a hotlinked image file, screenshot, cached binary, or thumbnail","caption, recap, roster/profile, source page, match report, or team/player page that supports identity and action context","official roster, player profile, team page, league page, or match/event page that confirms player/team/current context",yes,data/asset_registry/womens_soccer/womens_soccer_athlete_source_priority.csv#row=75,data/asset_registry/womens_soccer/womens_soccer_athlete_candidate_next_action_board.csv#row=75,data/asset_registry/womens_soccer/womens_soccer_athlete_operator_focus.csv#row=39,data/asset_registry/action_photo_candidates/review_only_womens_soccer_action_photo_starter_intake.csv,data/asset_registry/action_photo_candidates/review_only_action_photo_research_return_intake_v1.csv,candidate_photo_url|evidence_url|evidence_summary|identity_anchor_url|source_url|entity_id|rights_class|identity_confidence|intended_review_only_use|operator_verify_required,no,"Open the source/focus refs manually, collect candidate page URL, evidence URL, identity anchor, and conservative rights/identity metadata, then paste complete human-reviewed rows into the action-photo research return intake; do not fetch, download, approve, render, move, or publish.","Do not fetch sources, download images, write assets/headshots, approve candidates, create .approved markers, mark render-ready, move files, or publish.",no,,,,,,,,true,false,false,false,false,false,false,false,false,false,false
40,40,76,europe_top_flight,liga_f_spain,granada_cf,Granada CF,,P0_OFFICIAL_LEAGUE_ROSTER,2_p0_roster_or_source_verify,official_source_candidate,ligaf.es,https://ligaf.es/equipo/granada-cf-femenino/8909/plantilla/2026,"human-provided candidate/source page URL only; not a hotlinked image file, screenshot, cached binary, or thumbnail","caption, recap, roster/profile, source page, match report, or team/player page that supports identity and action context","official roster, player profile, team page, league page, or match/event page that confirms player/team/current context",yes,data/asset_registry/womens_soccer/womens_soccer_athlete_source_priority.csv#row=76,data/asset_registry/womens_soccer/womens_soccer_athlete_candidate_next_action_board.csv#row=76,data/asset_registry/womens_soccer/womens_soccer_athlete_operator_focus.csv#row=40,data/asset_registry/action_photo_candidates/review_only_womens_soccer_action_photo_starter_intake.csv,data/asset_registry/action_photo_candidates/review_only_action_photo_research_return_intake_v1.csv,candidate_photo_url|evidence_url|evidence_summary|identity_anchor_url|source_url|entity_id|rights_class|identity_confidence|intended_review_only_use|operator_verify_required,no,"Open the source/focus refs manually, collect candidate page URL, evidence URL, identity anchor, and conservative rights/identity metadata, then paste complete human-reviewed rows into the action-photo research return intake; do not fetch, download, approve, render, move, or publish.","Do not fetch sources, download images, write assets/headshots, approve candidates, create .approved markers, mark render-ready, move files, or publish.",no,,,,,,,,true,false,false,false,false,false,false,false,false,false,false
41,41,77,europe_top_flight,liga_f_spain,levante_ud,Levante UD,,P0_OFFICIAL_LEAGUE_ROSTER,2_p0_roster_or_source_verify,official_source_candidate,ligaf.es,https://ligaf.es/equipo/levante-ud-femenino/8859/plantilla/2026,"human-provided candidate/source page URL only; not a hotlinked image file, screenshot, cached binary, or thumbnail","caption, recap, roster/profile, source page, match report, or team/player page that supports identity and action context","official roster, player profile, team page, league page, or match/event page that confirms player/team/current context",yes,data/asset_registry/womens_soccer/womens_soccer_athlete_source_priority.csv#row=77,data/asset_registry/womens_soccer/womens_soccer_athlete_candidate_next_action_board.csv#row=77,data/asset_registry/womens_soccer/womens_soccer_athlete_operator_focus.csv#row=41,data/asset_registry/action_photo_candidates/review_only_womens_soccer_action_photo_starter_intake.csv,data/asset_registry/action_photo_candidates/review_only_action_photo_research_return_intake_v1.csv,candidate_photo_url|evidence_url|evidence_summary|identity_anchor_url|source_url|entity_id|rights_class|identity_confidence|intended_review_only_use|operator_verify_required,no,"Open the source/focus refs manually, collect candidate page URL, evidence URL, identity anchor, and conservative rights/identity metadata, then paste complete human-reviewed rows into the action-photo research return intake; do not fetch, download, approve, render, move, or publish.","Do not fetch sources, download images, write assets/headshots, approve candidates, create .approved markers, mark render-ready, move files, or publish.",no,,,,,,,,true,false,false,false,false,false,false,false,false,false,false
42,42,78,europe_top_flight,liga_f_spain,madrid_cff,Madrid CFF,,P0_OFFICIAL_LEAGUE_ROSTER,2_p0_roster_or_source_verify,official_source_candidate,ligaf.es,https://ligaf.es/equipo/madrid-cf-femenino/12358/plantilla/2026,"human-provided candidate/source page URL only; not a hotlinked image file, screenshot, cached binary, or thumbnail","caption, recap, roster/profile, source page, match report, or team/player page that supports identity and action context","official roster, player profile, team page, league page, or match/event page that confirms player/team/current context",yes,data/asset_registry/womens_soccer/womens_soccer_athlete_source_priority.csv#row=78,data/asset_registry/womens_soccer/womens_soccer_athlete_candidate_next_action_board.csv#row=78,data/asset_registry/womens_soccer/womens_soccer_athlete_operator_focus.csv#row=42,data/asset_registry/action_photo_candidates/review_only_womens_soccer_action_photo_starter_intake.csv,data/asset_registry/action_photo_candidates/review_only_action_photo_research_return_intake_v1.csv,candidate_photo_url|evidence_url|evidence_summary|identity_anchor_url|source_url|entity_id|rights_class|identity_confidence|intended_review_only_use|operator_verify_required,no,"Open the source/focus refs manually, collect candidate page URL, evidence URL, identity anchor, and conservative rights/identity metadata, then paste complete human-reviewed rows into the action-photo research return intake; do not fetch, download, approve, render, move, or publish.","Do not fetch sources, download images, write assets/headshots, approve candidates, create .approved markers, mark render-ready, move files, or publish.",no,,,,,,,,true,false,false,false,false,false,false,false,false,false,false
43,43,79,europe_top_flight,liga_f_spain,rcd_espanyol_de_barcelona,RCD Espanyol de Barcelona,,P0_OFFICIAL_LEAGUE_ROSTER,2_p0_roster_or_source_verify,official_source_candidate,ligaf.es,https://ligaf.es/equipo/rcd-espanyol-femenino/8847/plantilla/2026,"human-provided candidate/source page URL only; not a hotlinked image file, screenshot, cached binary, or thumbnail","caption, recap, roster/profile, source page, match report, or team/player page that supports identity and action context","official roster, player profile, team page, league page, or match/event page that confirms player/team/current context",yes,data/asset_registry/womens_soccer/womens_soccer_athlete_source_priority.csv#row=79,data/asset_registry/womens_soccer/womens_soccer_athlete_candidate_next_action_board.csv#row=79,data/asset_registry/womens_soccer/womens_soccer_athlete_operator_focus.csv#row=43,data/asset_registry/action_photo_candidates/review_only_womens_soccer_action_photo_starter_intake.csv,data/asset_registry/action_photo_candidates/review_only_action_photo_research_return_intake_v1.csv,candidate_photo_url|evidence_url|evidence_summary|identity_anchor_url|source_url|entity_id|rights_class|identity_confidence|intended_review_only_use|operator_verify_required,no,"Open the source/focus refs manually, collect candidate page URL, evidence URL, identity anchor, and conservative rights/identity metadata, then paste complete human-reviewed rows into the action-photo research return intake; do not fetch, download, approve, render, move, or publish.","Do not fetch sources, download images, write assets/headshots, approve candidates, create .approved markers, mark render-ready, move files, or publish.",no,,,,,,,,true,false,false,false,false,false,false,false,false,false,false
44,44,80,europe_top_flight,liga_f_spain,real_madrid_cf,Real Madrid CF,,P0_OFFICIAL_LEAGUE_ROSTER,2_p0_roster_or_source_verify,official_source_candidate,ligaf.es,https://ligaf.es/equipo/real-madrid-femenino/12364/plantilla/2026,"human-provided candidate/source page URL only; not a hotlinked image file, screenshot, cached binary, or thumbnail","caption, recap, roster/profile, source page, match report, or team/player page that supports identity and action context","official roster, player profile, team page, league page, or match/event page that confirms player/team/current context",yes,data/asset_registry/womens_soccer/womens_soccer_athlete_source_priority.csv#row=80,data/asset_registry/womens_soccer/womens_soccer_athlete_candidate_next_action_board.csv#row=80,data/asset_registry/womens_soccer/womens_soccer_athlete_operator_focus.csv#row=44,data/asset_registry/action_photo_candidates/review_only_womens_soccer_action_photo_starter_intake.csv,data/asset_registry/action_photo_candidates/review_only_action_photo_research_return_intake_v1.csv,candidate_photo_url|evidence_url|evidence_summary|identity_anchor_url|source_url|entity_id|rights_class|identity_confidence|intended_review_only_use|operator_verify_required,no,"Open the source/focus refs manually, collect candidate page URL, evidence URL, identity anchor, and conservative rights/identity metadata, then paste complete human-reviewed rows into the action-photo research return intake; do not fetch, download, approve, render, move, or publish.","Do not fetch sources, download images, write assets/headshots, approve candidates, create .approved markers, mark render-ready, move files, or publish.",no,,,,,,,,true,false,false,false,false,false,false,false,false,false,false
45,45,81,europe_top_flight,liga_f_spain,real_sociedad,Real Sociedad,,P0_OFFICIAL_LEAGUE_ROSTER,2_p0_roster_or_source_verify,official_source_candidate,ligaf.es,https://ligaf.es/equipo/real-sociedad-futbol-femenino/8843/plantilla/2026,"human-provided candidate/source page URL only; not a hotlinked image file, screenshot, cached binary, or thumbnail","caption, recap, roster/profile, source page, match report, or team/player page that supports identity and action context","official roster, player profile, team page, league page, or match/event page that confirms player/team/current context",yes,data/asset_registry/womens_soccer/womens_soccer_athlete_source_priority.csv#row=81,data/asset_registry/womens_soccer/womens_soccer_athlete_candidate_next_action_board.csv#row=81,data/asset_registry/womens_soccer/womens_soccer_athlete_operator_focus.csv#row=45,data/asset_registry/action_photo_candidates/review_only_womens_soccer_action_photo_starter_intake.csv,data/asset_registry/action_photo_candidates/review_only_action_photo_research_return_intake_v1.csv,candidate_photo_url|evidence_url|evidence_summary|identity_anchor_url|source_url|entity_id|rights_class|identity_confidence|intended_review_only_use|operator_verify_required,no,"Open the source/focus refs manually, collect candidate page URL, evidence URL, identity anchor, and conservative rights/identity metadata, then paste complete human-reviewed rows into the action-photo research return intake; do not fetch, download, approve, render, move, or publish.","Do not fetch sources, download images, write assets/headshots, approve candidates, create .approved markers, mark render-ready, move files, or publish.",no,,,,,,,,true,false,false,false,false,false,false,false,false,false,false
46,46,82,europe_top_flight,liga_f_spain,sd_eibar,SD Eibar,,P0_OFFICIAL_LEAGUE_ROSTER,2_p0_roster_or_source_verify,official_source_candidate,ligaf.es,https://ligaf.es/equipo/eibar-femenino/66085/plantilla/2026,"human-provided candidate/source page URL only; not a hotlinked image file, screenshot, cached binary, or thumbnail","caption, recap, roster/profile, source page, match report, or team/player page that supports identity and action context","official roster, player profile, team page, league page, or match/event page that confirms player/team/current context",yes,data/asset_registry/womens_soccer/womens_soccer_athlete_source_priority.csv#row=82,data/asset_registry/womens_soccer/womens_soccer_athlete_candidate_next_action_board.csv#row=82,data/asset_registry/womens_soccer/womens_soccer_athlete_operator_focus.csv#row=46,data/asset_registry/action_photo_candidates/review_only_womens_soccer_action_photo_starter_intake.csv,data/asset_registry/action_photo_candidates/review_only_action_photo_research_return_intake_v1.csv,candidate_photo_url|evidence_url|evidence_summary|identity_anchor_url|source_url|entity_id|rights_class|identity_confidence|intended_review_only_use|operator_verify_required,no,"Open the source/focus refs manually, collect candidate page URL, evidence URL, identity anchor, and conservative rights/identity metadata, then paste complete human-reviewed rows into the action-photo research return intake; do not fetch, download, approve, render, move, or publish.","Do not fetch sources, download images, write assets/headshots, approve candidates, create .approved markers, mark render-ready, move files, or publish.",no,,,,,,,,true,false,false,false,false,false,false,false,false,false,false
47,47,83,europe_top_flight,liga_f_spain,sevilla_fc,Sevilla FC,,P0_OFFICIAL_LEAGUE_ROSTER,2_p0_roster_or_source_verify,official_source_candidate,ligaf.es,https://ligaf.es/equipo/sevilla-fc-femenino-esp/12280/plantilla/2026,"human-provided candidate/source page URL only; not a hotlinked image file, screenshot, cached binary, or thumbnail","caption, recap, roster/profile, source page, match report, or team/player page that supports identity and action context","official roster, player profile, team page, league page, or match/event page that confirms player/team/current context",yes,data/asset_registry/womens_soccer/womens_soccer_athlete_source_priority.csv#row=83,data/asset_registry/womens_soccer/womens_soccer_athlete_candidate_next_action_board.csv#row=83,data/asset_registry/womens_soccer/womens_soccer_athlete_operator_focus.csv#row=47,data/asset_registry/action_photo_candidates/review_only_womens_soccer_action_photo_starter_intake.csv,data/asset_registry/action_photo_candidates/review_only_action_photo_research_return_intake_v1.csv,candidate_photo_url|evidence_url|evidence_summary|identity_anchor_url|source_url|entity_id|rights_class|identity_confidence|intended_review_only_use|operator_verify_required,no,"Open the source/focus refs manually, collect candidate page URL, evidence URL, identity anchor, and conservative rights/identity metadata, then paste complete human-reviewed rows into the action-photo research return intake; do not fetch, download, approve, render, move, or publish.","Do not fetch sources, download images, write assets/headshots, approve candidates, create .approved markers, mark render-ready, move files, or publish.",no,,,,,,,,true,false,false,false,false,false,false,false,false,false,false
48,48,84,europe_top_flight,frauen_bundesliga_germany,1_fc_k_ln_women,1. FC Köln Women,,P0_OFFICIAL_FEDERATION_ROSTER,2_p0_roster_or_source_verify,official_source_candidate,datencenter.dfb.de,https://datencenter.dfb.de/competitions/google-pixel-frauen-bundesliga/seasons/google-pixel-frauen-bundesliga-2025-2026/teams/1-fc-koeln-39074,"human-provided candidate/source page URL only; not a hotlinked image file, screenshot, cached binary, or thumbnail","caption, recap, roster/profile, source page, match report, or team/player page that supports identity and action context","official roster, player profile, team page, league page, or match/event page that confirms player/team/current context",yes,data/asset_registry/womens_soccer/womens_soccer_athlete_source_priority.csv#row=84,data/asset_registry/womens_soccer/womens_soccer_athlete_candidate_next_action_board.csv#row=84,data/asset_registry/womens_soccer/womens_soccer_athlete_operator_focus.csv#row=48,data/asset_registry/action_photo_candidates/review_only_womens_soccer_action_photo_starter_intake.csv,data/asset_registry/action_photo_candidates/review_only_action_photo_research_return_intake_v1.csv,candidate_photo_url|evidence_url|evidence_summary|identity_anchor_url|source_url|entity_id|rights_class|identity_confidence|intended_review_only_use|operator_verify_required,no,"Open the source/focus refs manually, collect candidate page URL, evidence URL, identity anchor, and conservative rights/identity metadata, then paste complete human-reviewed rows into the action-photo research return intake; do not fetch, download, approve, render, move, or publish.","Do not fetch sources, download images, write assets/headshots, approve candidates, create .approved markers, mark render-ready, move files, or publish.",no,,,,,,,,true,false,false,false,false,false,false,false,false,false,false
49,49,85,europe_top_flight,frauen_bundesliga_germany,1_fc_n_rnberg_women,1. FC Nürnberg Women,,P0_OFFICIAL_FEDERATION_ROSTER,2_p0_roster_or_source_verify,official_source_candidate,datencenter.dfb.de,https://datencenter.dfb.de/competitions/google-pixel-frauen-bundesliga/seasons/google-pixel-frauen-bundesliga-2025-2026/teams/1-fc-nuernberg-29267,"human-provided candidate/source page URL only; not a hotlinked image file, screenshot, cached binary, or thumbnail","caption, recap, roster/profile, source page, match report, or team/player page that supports identity and action context","official roster, player profile, team page, league page, or match/event page that confirms player/team/current context",yes,data/asset_registry/womens_soccer/womens_soccer_athlete_source_priority.csv#row=85,data/asset_registry/womens_soccer/womens_soccer_athlete_candidate_next_action_board.csv#row=85,data/asset_registry/womens_soccer/womens_soccer_athlete_operator_focus.csv#row=49,data/asset_registry/action_photo_candidates/review_only_womens_soccer_action_photo_starter_intake.csv,data/asset_registry/action_photo_candidates/review_only_action_photo_research_return_intake_v1.csv,candidate_photo_url|evidence_url|evidence_summary|identity_anchor_url|source_url|entity_id|rights_class|identity_confidence|intended_review_only_use|operator_verify_required,no,"Open the source/focus refs manually, collect candidate page URL, evidence URL, identity anchor, and conservative rights/identity metadata, then paste complete human-reviewed rows into the action-photo research return intake; do not fetch, download, approve, render, move, or publish.","Do not fetch sources, download images, write assets/headshots, approve candidates, create .approved markers, mark render-ready, move files, or publish.",no,,,,,,,,true,false,false,false,false,false,false,false,false,false,false
50,50,86,europe_top_flight,frauen_bundesliga_germany,bayer_04_leverkusen_women,Bayer 04 Leverkusen Women,,P0_OFFICIAL_FEDERATION_ROSTER,2_p0_roster_or_source_verify,official_source_candidate,datencenter.dfb.de,https://datencenter.dfb.de/competitions/google-pixel-frauen-bundesliga/seasons/google-pixel-frauen-bundesliga-2025-2026/teams/bayer-04-leverkusen-21515,"human-provided candidate/source page URL only; not a hotlinked image file, screenshot, cached binary, or thumbnail","caption, recap, roster/profile, source page, match report, or team/player page that supports identity and action context","official roster, player profile, team page, league page, or match/event page that confirms player/team/current context",yes,data/asset_registry/womens_soccer/womens_soccer_athlete_source_priority.csv#row=86,data/asset_registry/womens_soccer/womens_soccer_athlete_candidate_next_action_board.csv#row=86,data/asset_registry/womens_soccer/womens_soccer_athlete_operator_focus.csv#row=50,data/asset_registry/action_photo_candidates/review_only_womens_soccer_action_photo_starter_intake.csv,data/asset_registry/action_photo_candidates/review_only_action_photo_research_return_intake_v1.csv,candidate_photo_url|evidence_url|evidence_summary|identity_anchor_url|source_url|entity_id|rights_class|identity_confidence|intended_review_only_use|operator_verify_required,no,"Open the source/focus refs manually, collect candidate page URL, evidence URL, identity anchor, and conservative rights/identity metadata, then paste complete human-reviewed rows into the action-photo research return intake; do not fetch, download, approve, render, move, or publish.","Do not fetch sources, download images, write assets/headshots, approve candidates, create .approved markers, mark render-ready, move files, or publish.",no,,,,,,,,true,false,false,false,false,false,false,false,false,false,false
51,51,87,europe_top_flight,frauen_bundesliga_germany,eintracht_frankfurt_women,Eintracht Frankfurt Women,,P0_OFFICIAL_FEDERATION_ROSTER,2_p0_roster_or_source_verify,official_source_candidate,datencenter.dfb.de,https://datencenter.dfb.de/competitions/google-pixel-frauen-bundesliga/seasons/google-pixel-frauen-bundesliga-2025-2026/teams/eintracht-frankfurt-31426,"human-provided candidate/source page URL only; not a hotlinked image file, screenshot, cached binary, or thumbnail","caption, recap, roster/profile, source page, match report, or team/player page that supports identity and action context","official roster, player profile, team page, league page, or match/event page that confirms player/team/current context",yes,data/asset_registry/womens_soccer/womens_soccer_athlete_source_priority.csv#row=87,data/asset_registry/womens_soccer/womens_soccer_athlete_candidate_next_action_board.csv#row=87,data/asset_registry/womens_soccer/womens_soccer_athlete_operator_focus.csv#row=51,data/asset_registry/action_photo_candidates/review_only_womens_soccer_action_photo_starter_intake.csv,data/asset_registry/action_photo_candidates/review_only_action_photo_research_return_intake_v1.csv,candidate_photo_url|evidence_url|evidence_summary|identity_anchor_url|source_url|entity_id|rights_class|identity_confidence|intended_review_only_use|operator_verify_required,no,"Open the source/focus refs manually, collect candidate page URL, evidence URL, identity anchor, and conservative rights/identity metadata, then paste complete human-reviewed rows into the action-photo research return intake; do not fetch, download, approve, render, move, or publish.","Do not fetch sources, download images, write assets/headshots, approve candidates, create .approved markers, mark render-ready, move files, or publish.",no,,,,,,,,true,false,false,false,false,false,false,false,false,false,false
52,52,88,europe_top_flight,frauen_bundesliga_germany,fc_bayern_munich_women,FC Bayern Munich Women,,P0_OFFICIAL_FEDERATION_ROSTER,2_p0_roster_or_source_verify,official_source_candidate,datencenter.dfb.de,https://datencenter.dfb.de/competitions/google-pixel-frauen-bundesliga/seasons/google-pixel-frauen-bundesliga-2025-2026/teams/bayern-muenchen-208,"human-provided candidate/source page URL only; not a hotlinked image file, screenshot, cached binary, or thumbnail","caption, recap, roster/profile, source page, match report, or team/player page that supports identity and action context","official roster, player profile, team page, league page, or match/event page that confirms player/team/current context",yes,data/asset_registry/womens_soccer/womens_soccer_athlete_source_priority.csv#row=88,data/asset_registry/womens_soccer/womens_soccer_athlete_candidate_next_action_board.csv#row=88,data/asset_registry/womens_soccer/womens_soccer_athlete_operator_focus.csv#row=52,data/asset_registry/action_photo_candidates/review_only_womens_soccer_action_photo_starter_intake.csv,data/asset_registry/action_photo_candidates/review_only_action_photo_research_return_intake_v1.csv,candidate_photo_url|evidence_url|evidence_summary|identity_anchor_url|source_url|entity_id|rights_class|identity_confidence|intended_review_only_use|operator_verify_required,no,"Open the source/focus refs manually, collect candidate page URL, evidence URL, identity anchor, and conservative rights/identity metadata, then paste complete human-reviewed rows into the action-photo research return intake; do not fetch, download, approve, render, move, or publish.","Do not fetch sources, download images, write assets/headshots, approve candidates, create .approved markers, mark render-ready, move files, or publish.",no,,,,,,,,true,false,false,false,false,false,false,false,false,false,false
53,53,89,europe_top_flight,frauen_bundesliga_germany,fc_carl_zeiss_jena_women,FC Carl Zeiss Jena Women,,P0_OFFICIAL_FEDERATION_ROSTER,2_p0_roster_or_source_verify,official_source_candidate,datencenter.dfb.de,https://datencenter.dfb.de/competitions/google-pixel-frauen-bundesliga/seasons/google-pixel-frauen-bundesliga-2025-2026/teams/fc-carl-zeiss-jena-2237862,"human-provided candidate/source page URL only; not a hotlinked image file, screenshot, cached binary, or thumbnail","caption, recap, roster/profile, source page, match report, or team/player page that supports identity and action context","official roster, player profile, team page, league page, or match/event page that confirms player/team/current context",yes,data/asset_registry/womens_soccer/womens_soccer_athlete_source_priority.csv#row=89,data/asset_registry/womens_soccer/womens_soccer_athlete_candidate_next_action_board.csv#row=89,data/asset_registry/womens_soccer/womens_soccer_athlete_operator_focus.csv#row=53,data/asset_registry/action_photo_candidates/review_only_womens_soccer_action_photo_starter_intake.csv,data/asset_registry/action_photo_candidates/review_only_action_photo_research_return_intake_v1.csv,candidate_photo_url|evidence_url|evidence_summary|identity_anchor_url|source_url|entity_id|rights_class|identity_confidence|intended_review_only_use|operator_verify_required,no,"Open the source/focus refs manually, collect candidate page URL, evidence URL, identity anchor, and conservative rights/identity metadata, then paste complete human-reviewed rows into the action-photo research return intake; do not fetch, download, approve, render, move, or publish.","Do not fetch sources, download images, write assets/headshots, approve candidates, create .approved markers, mark render-ready, move files, or publish.",no,,,,,,,,true,false,false,false,false,false,false,false,false,false,false
54,54,3,europe_top_flight,frauen_bundesliga_germany,hamburger_sv_women,Hamburger SV Women,,P0_OFFICIAL_CLUB_ROSTER,2_p0_roster_or_source_verify,official_source_candidate,hsv.de,https://www.hsv.de/profis/team-hsv-frauen/kader-hsv-frauen,"human-provided candidate/source page URL only; not a hotlinked image file, screenshot, cached binary, or thumbnail","caption, recap, roster/profile, source page, match report, or team/player page that supports identity and action context","official roster, player profile, team page, league page, or match/event page that confirms player/team/current context",yes,data/asset_registry/womens_soccer/womens_soccer_athlete_source_priority.csv#row=32,data/asset_registry/womens_soccer/womens_soccer_athlete_candidate_next_action_board.csv#row=3,data/asset_registry/womens_soccer/womens_soccer_athlete_operator_focus.csv#row=54,data/asset_registry/action_photo_candidates/review_only_womens_soccer_action_photo_starter_intake.csv,data/asset_registry/action_photo_candidates/review_only_action_photo_research_return_intake_v1.csv,candidate_photo_url|evidence_url|evidence_summary|identity_anchor_url|source_url|entity_id|rights_class|identity_confidence|intended_review_only_use|operator_verify_required,no,"Open the source/focus refs manually, collect candidate page URL, evidence URL, identity anchor, and conservative rights/identity metadata, then paste complete human-reviewed rows into the action-photo research return intake; do not fetch, download, approve, render, move, or publish.","Do not fetch sources, download images, write assets/headshots, approve candidates, create .approved markers, mark render-ready, move files, or publish.",no,,,,,,,,true,false,false,false,false,false,false,false,false,false,false
55,55,90,europe_top_flight,frauen_bundesliga_germany,rb_leipzig_women,RB Leipzig Women,,P0_OFFICIAL_FEDERATION_ROSTER,2_p0_roster_or_source_verify,official_source_candidate,datencenter.dfb.de,https://datencenter.dfb.de/competitions/google-pixel-frauen-bundesliga/seasons/google-pixel-frauen-bundesliga-2025-2026/teams/rb-leipzig-2237175,"human-provided candidate/source page URL only; not a hotlinked image file, screenshot, cached binary, or thumbnail","caption, recap, roster/profile, source page, match report, or team/player page that supports identity and action context","official roster, player profile, team page, league page, or match/event page that confirms player/team/current context",yes,data/asset_registry/womens_soccer/womens_soccer_athlete_source_priority.csv#row=90,data/asset_registry/womens_soccer/womens_soccer_athlete_candidate_next_action_board.csv#row=90,data/asset_registry/womens_soccer/womens_soccer_athlete_operator_focus.csv#row=55,data/asset_registry/action_photo_candidates/review_only_womens_soccer_action_photo_starter_intake.csv,data/asset_registry/action_photo_candidates/review_only_action_photo_research_return_intake_v1.csv,candidate_photo_url|evidence_url|evidence_summary|identity_anchor_url|source_url|entity_id|rights_class|identity_confidence|intended_review_only_use|operator_verify_required,no,"Open the source/focus refs manually, collect candidate page URL, evidence URL, identity anchor, and conservative rights/identity metadata, then paste complete human-reviewed rows into the action-photo research return intake; do not fetch, download, approve, render, move, or publish.","Do not fetch sources, download images, write assets/headshots, approve candidates, create .approved markers, mark render-ready, move files, or publish.",no,,,,,,,,true,false,false,false,false,false,false,false,false,false,false
56,56,4,europe_top_flight,frauen_bundesliga_germany,sc_freiburg_women,SC Freiburg Women,,P0_OFFICIAL_CLUB_PAGE,2_p0_roster_or_source_verify,official_source_candidate,scfreiburg.com,https://www.scfreiburg.com/frauen,"human-provided candidate/source page URL only; not a hotlinked image file, screenshot, cached binary, or thumbnail","caption, recap, roster/profile, source page, match report, or team/player page that supports identity and action context","official roster, player profile, team page, league page, or match/event page that confirms player/team/current context",yes,data/asset_registry/womens_soccer/womens_soccer_athlete_source_priority.csv#row=33,data/asset_registry/womens_soccer/womens_soccer_athlete_candidate_next_action_board.csv#row=4,data/asset_registry/womens_soccer/womens_soccer_athlete_operator_focus.csv#row=56,data/asset_registry/action_photo_candidates/review_only_womens_soccer_action_photo_starter_intake.csv,data/asset_registry/action_photo_candidates/review_only_action_photo_research_return_intake_v1.csv,candidate_photo_url|evidence_url|evidence_summary|identity_anchor_url|source_url|entity_id|rights_class|identity_confidence|intended_review_only_use|operator_verify_required,no,"Open the source/focus refs manually, collect candidate page URL, evidence URL, identity anchor, and conservative rights/identity metadata, then paste complete human-reviewed rows into the action-photo research return intake; do not fetch, download, approve, render, move, or publish.","Do not fetch sources, download images, write assets/headshots, approve candidates, create .approved markers, mark render-ready, move files, or publish.",no,,,,,,,,true,false,false,false,false,false,false,false,false,false,false
57,57,91,europe_top_flight,frauen_bundesliga_germany,sgs_essen,SGS Essen,,P0_OFFICIAL_FEDERATION_ROSTER,2_p0_roster_or_source_verify,official_source_candidate,datencenter.dfb.de,https://datencenter.dfb.de/competitions/google-pixel-frauen-bundesliga/seasons/google-pixel-frauen-bundesliga-2025-2026/teams/sgs-essen,"human-provided candidate/source page URL only; not a hotlinked image file, screenshot, cached binary, or thumbnail","caption, recap, roster/profile, source page, match report, or team/player page that supports identity and action context","official roster, player profile, team page, league page, or match/event page that confirms player/team/current context",yes,data/asset_registry/womens_soccer/womens_soccer_athlete_source_priority.csv#row=91,data/asset_registry/womens_soccer/womens_soccer_athlete_candidate_next_action_board.csv#row=91,data/asset_registry/womens_soccer/womens_soccer_athlete_operator_focus.csv#row=57,data/asset_registry/action_photo_candidates/review_only_womens_soccer_action_photo_starter_intake.csv,data/asset_registry/action_photo_candidates/review_only_action_photo_research_return_intake_v1.csv,candidate_photo_url|evidence_url|evidence_summary|identity_anchor_url|source_url|entity_id|rights_class|identity_confidence|intended_review_only_use|operator_verify_required,no,"Open the source/focus refs manually, collect candidate page URL, evidence URL, identity anchor, and conservative rights/identity metadata, then paste complete human-reviewed rows into the action-photo research return intake; do not fetch, download, approve, render, move, or publish.","Do not fetch sources, download images, write assets/headshots, approve candidates, create .approved markers, mark render-ready, move files, or publish.",no,,,,,,,,true,false,false,false,false,false,false,false,false,false,false
58,58,92,europe_top_flight,frauen_bundesliga_germany,sv_werder_bremen_women,SV Werder Bremen Women,,P0_OFFICIAL_FEDERATION_ROSTER,2_p0_roster_or_source_verify,official_source_candidate,datencenter.dfb.de,https://datencenter.dfb.de/competitions/google-pixel-frauen-bundesliga/seasons/google-pixel-frauen-bundesliga-2025-2026/teams/sv-werder-bremen-29374,"human-provided candidate/source page URL only; not a hotlinked image file, screenshot, cached binary, or thumbnail","caption, recap, roster/profile, source page, match report, or team/player page that supports identity and action context","official roster, player profile, team page, league page, or match/event page that confirms player/team/current context",yes,data/asset_registry/womens_soccer/womens_soccer_athlete_source_priority.csv#row=92,data/asset_registry/womens_soccer/womens_soccer_athlete_candidate_next_action_board.csv#row=92,data/asset_registry/womens_soccer/womens_soccer_athlete_operator_focus.csv#row=58,data/asset_registry/action_photo_candidates/review_only_womens_soccer_action_photo_starter_intake.csv,data/asset_registry/action_photo_candidates/review_only_action_photo_research_return_intake_v1.csv,candidate_photo_url|evidence_url|evidence_summary|identity_anchor_url|source_url|entity_id|rights_class|identity_confidence|intended_review_only_use|operator_verify_required,no,"Open the source/focus refs manually, collect candidate page URL, evidence URL, identity anchor, and conservative rights/identity metadata, then paste complete human-reviewed rows into the action-photo research return intake; do not fetch, download, approve, render, move, or publish.","Do not fetch sources, download images, write assets/headshots, approve candidates, create .approved markers, mark render-ready, move files, or publish.",no,,,,,,,,true,false,false,false,false,false,false,false,false,false,false
59,59,5,europe_top_flight,frauen_bundesliga_germany,tsg_hoffenheim_women,TSG Hoffenheim Women,,P0_OFFICIAL_CLUB_ROSTER,2_p0_roster_or_source_verify,official_source_candidate,tsg-hoffenheim.de,https://www.tsg-hoffenheim.de/teams/frauen/bundesliga/team,"human-provided candidate/source page URL only; not a hotlinked image file, screenshot, cached binary, or thumbnail","caption, recap, roster/profile, source page, match report, or team/player page that supports identity and action context","official roster, player profile, team page, league page, or match/event page that confirms player/team/current context",yes,data/asset_registry/womens_soccer/womens_soccer_athlete_source_priority.csv#row=34,data/asset_registry/womens_soccer/womens_soccer_athlete_candidate_next_action_board.csv#row=5,data/asset_registry/womens_soccer/womens_soccer_athlete_operator_focus.csv#row=59,data/asset_registry/action_photo_candidates/review_only_womens_soccer_action_photo_starter_intake.csv,data/asset_registry/action_photo_candidates/review_only_action_photo_research_return_intake_v1.csv,candidate_photo_url|evidence_url|evidence_summary|identity_anchor_url|source_url|entity_id|rights_class|identity_confidence|intended_review_only_use|operator_verify_required,no,"Open the source/focus refs manually, collect candidate page URL, evidence URL, identity anchor, and conservative rights/identity metadata, then paste complete human-reviewed rows into the action-photo research return intake; do not fetch, download, approve, render, move, or publish.","Do not fetch sources, download images, write assets/headshots, approve candidates, create .approved markers, mark render-ready, move files, or publish.",no,,,,,,,,true,false,false,false,false,false,false,false,false,false,false
60,60,93,europe_top_flight,frauen_bundesliga_germany,union_berlin_women,Union Berlin Women,,P0_OFFICIAL_FEDERATION_ROSTER,2_p0_roster_or_source_verify,official_source_candidate,datencenter.dfb.de,https://datencenter.dfb.de/competitions/google-pixel-frauen-bundesliga/seasons/google-pixel-frauen-bundesliga-2025-2026/teams/1-fc-union-berlin-29398,"human-provided candidate/source page URL only; not a hotlinked image file, screenshot, cached binary, or thumbnail","caption, recap, roster/profile, source page, match report, or team/player page that supports identity and action context","official roster, player profile, team page, league page, or match/event page that confirms player/team/current context",yes,data/asset_registry/womens_soccer/womens_soccer_athlete_source_priority.csv#row=93,data/asset_registry/womens_soccer/womens_soccer_athlete_candidate_next_action_board.csv#row=93,data/asset_registry/womens_soccer/womens_soccer_athlete_operator_focus.csv#row=60,data/asset_registry/action_photo_candidates/review_only_womens_soccer_action_photo_starter_intake.csv,data/asset_registry/action_photo_candidates/review_only_action_photo_research_return_intake_v1.csv,candidate_photo_url|evidence_url|evidence_summary|identity_anchor_url|source_url|entity_id|rights_class|identity_confidence|intended_review_only_use|operator_verify_required,no,"Open the source/focus refs manually, collect candidate page URL, evidence URL, identity anchor, and conservative rights/identity metadata, then paste complete human-reviewed rows into the action-photo research return intake; do not fetch, download, approve, render, move, or publish.","Do not fetch sources, download images, write assets/headshots, approve candidates, create .approved markers, mark render-ready, move files, or publish.",no,,,,,,,,true,false,false,false,false,false,false,false,false,false,false
61,61,94,europe_top_flight,frauen_bundesliga_germany,vfl_wolfsburg_women,VfL Wolfsburg Women,,P0_OFFICIAL_FEDERATION_ROSTER,2_p0_roster_or_source_verify,official_source_candidate,datencenter.dfb.de,https://datencenter.dfb.de/competitions/google-pixel-frauen-bundesliga/seasons/google-pixel-frauen-bundesliga-2025-2026/teams/vfl-wolfsburg-2085,"human-provided candidate/source page URL only; not a hotlinked image file, screenshot, cached binary, or thumbnail","caption, recap, roster/profile, source page, match report, or team/player page that supports identity and action context","official roster, player profile, team page, league page, or match/event page that confirms player/team/current context",yes,data/asset_registry/womens_soccer/womens_soccer_athlete_source_priority.csv#row=94,data/asset_registry/womens_soccer/womens_soccer_athlete_candidate_next_action_board.csv#row=94,data/asset_registry/womens_soccer/womens_soccer_athlete_operator_focus.csv#row=61,data/asset_registry/action_photo_candidates/review_only_womens_soccer_action_photo_starter_intake.csv,data/asset_registry/action_photo_candidates/review_only_action_photo_research_return_intake_v1.csv,candidate_photo_url|evidence_url|evidence_summary|identity_anchor_url|source_url|entity_id|rights_class|identity_confidence|intended_review_only_use|operator_verify_required,no,"Open the source/focus refs manually, collect candidate page URL, evidence URL, identity anchor, and conservative rights/identity metadata, then paste complete human-reviewed rows into the action-photo research return intake; do not fetch, download, approve, render, move, or publish.","Do not fetch sources, download images, write assets/headshots, approve candidates, create .approved markers, mark render-ready, move files, or publish.",no,,,,,,,,true,false,false,false,false,false,false,false,false,false,false
62,62,6,europe_top_flight,serie_a_women_italy,ac_milan_women,AC Milan Women,,P0_OFFICIAL_CLUB_ROSTER,2_p0_roster_or_source_verify,official_source_candidate,acmilan.com,https://www.acmilan.com/en/teams/women-first-team/all,"human-provided candidate/source page URL only; not a hotlinked image file, screenshot, cached binary, or thumbnail","caption, recap, roster/profile, source page, match report, or team/player page that supports identity and action context","official roster, player profile, team page, league page, or match/event page that confirms player/team/current context",yes,data/asset_registry/womens_soccer/womens_soccer_athlete_source_priority.csv#row=35,data/asset_registry/womens_soccer/womens_soccer_athlete_candidate_next_action_board.csv#row=6,data/asset_registry/womens_soccer/womens_soccer_athlete_operator_focus.csv#row=62,data/asset_registry/action_photo_candidates/review_only_womens_soccer_action_photo_starter_intake.csv,data/asset_registry/action_photo_candidates/review_only_action_photo_research_return_intake_v1.csv,candidate_photo_url|evidence_url|evidence_summary|identity_anchor_url|source_url|entity_id|rights_class|identity_confidence|intended_review_only_use|operator_verify_required,no,"Open the source/focus refs manually, collect candidate page URL, evidence URL, identity anchor, and conservative rights/identity metadata, then paste complete human-reviewed rows into the action-photo research return intake; do not fetch, download, approve, render, move, or publish.","Do not fetch sources, download images, write assets/headshots, approve candidates, create .approved markers, mark render-ready, move files, or publish.",no,,,,,,,,true,false,false,false,false,false,false,false,false,false,false
63,63,7,europe_top_flight,serie_a_women_italy,as_roma_women,AS Roma Women,,P0_OFFICIAL_CLUB_ROSTER,2_p0_roster_or_source_verify,official_source_candidate,asroma.com,https://www.asroma.com/en/women/players-and-staff,"human-provided candidate/source page URL only; not a hotlinked image file, screenshot, cached binary, or thumbnail","caption, recap, roster/profile, source page, match report, or team/player page that supports identity and action context","official roster, player profile, team page, league page, or match/event page that confirms player/team/current context",yes,data/asset_registry/womens_soccer/womens_soccer_athlete_source_priority.csv#row=36,data/asset_registry/womens_soccer/womens_soccer_athlete_candidate_next_action_board.csv#row=7,data/asset_registry/womens_soccer/womens_soccer_athlete_operator_focus.csv#row=63,data/asset_registry/action_photo_candidates/review_only_womens_soccer_action_photo_starter_intake.csv,data/asset_registry/action_photo_candidates/review_only_action_photo_research_return_intake_v1.csv,candidate_photo_url|evidence_url|evidence_summary|identity_anchor_url|source_url|entity_id|rights_class|identity_confidence|intended_review_only_use|operator_verify_required,no,"Open the source/focus refs manually, collect candidate page URL, evidence URL, identity anchor, and conservative rights/identity metadata, then paste complete human-reviewed rows into the action-photo research return intake; do not fetch, download, approve, render, move, or publish.","Do not fetch sources, download images, write assets/headshots, approve candidates, create .approved markers, mark render-ready, move files, or publish.",no,,,,,,,,true,false,false,false,false,false,false,false,false,false,false
64,64,8,europe_top_flight,serie_a_women_italy,como_women,Como Women,,P0_OFFICIAL_CLUB_ROSTER,2_p0_roster_or_source_verify,official_source_candidate,comowomen.com,https://comowomen.com/en/team-and-staff,"human-provided candidate/source page URL only; not a hotlinked image file, screenshot, cached binary, or thumbnail","caption, recap, roster/profile, source page, match report, or team/player page that supports identity and action context","official roster, player profile, team page, league page, or match/event page that confirms player/team/current context",yes,data/asset_registry/womens_soccer/womens_soccer_athlete_source_priority.csv#row=37,data/asset_registry/womens_soccer/womens_soccer_athlete_candidate_next_action_board.csv#row=8,data/asset_registry/womens_soccer/womens_soccer_athlete_operator_focus.csv#row=64,data/asset_registry/action_photo_candidates/review_only_womens_soccer_action_photo_starter_intake.csv,data/asset_registry/action_photo_candidates/review_only_action_photo_research_return_intake_v1.csv,candidate_photo_url|evidence_url|evidence_summary|identity_anchor_url|source_url|entity_id|rights_class|identity_confidence|intended_review_only_use|operator_verify_required,no,"Open the source/focus refs manually, collect candidate page URL, evidence URL, identity anchor, and conservative rights/identity metadata, then paste complete human-reviewed rows into the action-photo research return intake; do not fetch, download, approve, render, move, or publish.","Do not fetch sources, download images, write assets/headshots, approve candidates, create .approved markers, mark render-ready, move files, or publish.",no,,,,,,,,true,false,false,false,false,false,false,false,false,false,false
65,65,95,europe_top_flight,serie_a_women_italy,fc_internazionale_women,FC Internazionale Women,,P0_OFFICIAL_CLUB_ROSTER,2_p0_roster_or_source_verify,official_source_candidate,inter.it,https://www.inter.it/en/teams/inter-women,"human-provided candidate/source page URL only; not a hotlinked image file, screenshot, cached binary, or thumbnail","caption, recap, roster/profile, source page, match report, or team/player page that supports identity and action context","official roster, player profile, team page, league page, or match/event page that confirms player/team/current context",yes,data/asset_registry/womens_soccer/womens_soccer_athlete_source_priority.csv#row=95,data/asset_registry/womens_soccer/womens_soccer_athlete_candidate_next_action_board.csv#row=95,data/asset_registry/womens_soccer/womens_soccer_athlete_operator_focus.csv#row=65,data/asset_registry/action_photo_candidates/review_only_womens_soccer_action_photo_starter_intake.csv,data/asset_registry/action_photo_candidates/review_only_action_photo_research_return_intake_v1.csv,candidate_photo_url|evidence_url|evidence_summary|identity_anchor_url|source_url|entity_id|rights_class|identity_confidence|intended_review_only_use|operator_verify_required,no,"Open the source/focus refs manually, collect candidate page URL, evidence URL, identity anchor, and conservative rights/identity metadata, then paste complete human-reviewed rows into the action-photo research return intake; do not fetch, download, approve, render, move, or publish.","Do not fetch sources, download images, write assets/headshots, approve candidates, create .approved markers, mark render-ready, move files, or publish.",no,,,,,,,,true,false,false,false,false,false,false,false,false,false,false
66,66,9,europe_top_flight,serie_a_women_italy,fiorentina_women,Fiorentina Women,,P0_OFFICIAL_CLUB_ROSTER,2_p0_roster_or_source_verify,official_source_candidate,acffiorentina.com,https://www.acffiorentina.com/en/fiorentina-women,"human-provided candidate/source page URL only; not a hotlinked image file, screenshot, cached binary, or thumbnail","caption, recap, roster/profile, source page, match report, or team/player page that supports identity and action context","official roster, player profile, team page, league page, or match/event page that confirms player/team/current context",yes,data/asset_registry/womens_soccer/womens_soccer_athlete_source_priority.csv#row=38,data/asset_registry/womens_soccer/womens_soccer_athlete_candidate_next_action_board.csv#row=9,data/asset_registry/womens_soccer/womens_soccer_athlete_operator_focus.csv#row=66,data/asset_registry/action_photo_candidates/review_only_womens_soccer_action_photo_starter_intake.csv,data/asset_registry/action_photo_candidates/review_only_action_photo_research_return_intake_v1.csv,candidate_photo_url|evidence_url|evidence_summary|identity_anchor_url|source_url|entity_id|rights_class|identity_confidence|intended_review_only_use|operator_verify_required,no,"Open the source/focus refs manually, collect candidate page URL, evidence URL, identity anchor, and conservative rights/identity metadata, then paste complete human-reviewed rows into the action-photo research return intake; do not fetch, download, approve, render, move, or publish.","Do not fetch sources, download images, write assets/headshots, approve candidates, create .approved markers, mark render-ready, move files, or publish.",no,,,,,,,,true,false,false,false,false,false,false,false,false,false,false
67,67,10,europe_top_flight,serie_a_women_italy,genoa_women,Genoa Women,,P0_OFFICIAL_CLUB_PAGE,2_p0_roster_or_source_verify,official_source_candidate,genoacfc.it,https://genoacfc.it/prima-squadra-femminile/,"human-provided candidate/source page URL only; not a hotlinked image file, screenshot, cached binary, or thumbnail","caption, recap, roster/profile, source page, match report, or team/player page that supports identity and action context","official roster, player profile, team page, league page, or match/event page that confirms player/team/current context",yes,data/asset_registry/womens_soccer/womens_soccer_athlete_source_priority.csv#row=39,data/asset_registry/womens_soccer/womens_soccer_athlete_candidate_next_action_board.csv#row=10,data/asset_registry/womens_soccer/womens_soccer_athlete_operator_focus.csv#row=67,data/asset_registry/action_photo_candidates/review_only_womens_soccer_action_photo_starter_intake.csv,data/asset_registry/action_photo_candidates/review_only_action_photo_research_return_intake_v1.csv,candidate_photo_url|evidence_url|evidence_summary|identity_anchor_url|source_url|entity_id|rights_class|identity_confidence|intended_review_only_use|operator_verify_required,no,"Open the source/focus refs manually, collect candidate page URL, evidence URL, identity anchor, and conservative rights/identity metadata, then paste complete human-reviewed rows into the action-photo research return intake; do not fetch, download, approve, render, move, or publish.","Do not fetch sources, download images, write assets/headshots, approve candidates, create .approved markers, mark render-ready, move files, or publish.",no,,,,,,,,true,false,false,false,false,false,false,false,false,false,false
68,68,11,europe_top_flight,serie_a_women_italy,juventus_women,Juventus Women,,P0_OFFICIAL_CLUB_ROSTER,2_p0_roster_or_source_verify,official_source_candidate,juventus.com,https://www.juventus.com/en/teams/first-team-women/squad/,"human-provided candidate/source page URL only; not a hotlinked image file, screenshot, cached binary, or thumbnail","caption, recap, roster/profile, source page, match report, or team/player page that supports identity and action context","official roster, player profile, team page, league page, or match/event page that confirms player/team/current context",yes,data/asset_registry/womens_soccer/womens_soccer_athlete_source_priority.csv#row=40,data/asset_registry/womens_soccer/womens_soccer_athlete_candidate_next_action_board.csv#row=11,data/asset_registry/womens_soccer/womens_soccer_athlete_operator_focus.csv#row=68,data/asset_registry/action_photo_candidates/review_only_womens_soccer_action_photo_starter_intake.csv,data/asset_registry/action_photo_candidates/review_only_action_photo_research_return_intake_v1.csv,candidate_photo_url|evidence_url|evidence_summary|identity_anchor_url|source_url|entity_id|rights_class|identity_confidence|intended_review_only_use|operator_verify_required,no,"Open the source/focus refs manually, collect candidate page URL, evidence URL, identity anchor, and conservative rights/identity metadata, then paste complete human-reviewed rows into the action-photo research return intake; do not fetch, download, approve, render, move, or publish.","Do not fetch sources, download images, write assets/headshots, approve candidates, create .approved markers, mark render-ready, move files, or publish.",no,,,,,,,,true,false,false,false,false,false,false,false,false,false,false
69,69,12,europe_top_flight,serie_a_women_italy,lazio_women,Lazio Women,,P0_OFFICIAL_CLUB_ROSTER,2_p0_roster_or_source_verify,official_source_candidate,sslazio.it,https://www.sslazio.it/it/team/lazio-prima-squadra-femminile/squadra,"human-provided candidate/source page URL only; not a hotlinked image file, screenshot, cached binary, or thumbnail","caption, recap, roster/profile, source page, match report, or team/player page that supports identity and action context","official roster, player profile, team page, league page, or match/event page that confirms player/team/current context",yes,data/asset_registry/womens_soccer/womens_soccer_athlete_source_priority.csv#row=41,data/asset_registry/womens_soccer/womens_soccer_athlete_candidate_next_action_board.csv#row=12,data/asset_registry/womens_soccer/womens_soccer_athlete_operator_focus.csv#row=69,data/asset_registry/action_photo_candidates/review_only_womens_soccer_action_photo_starter_intake.csv,data/asset_registry/action_photo_candidates/review_only_action_photo_research_return_intake_v1.csv,candidate_photo_url|evidence_url|evidence_summary|identity_anchor_url|source_url|entity_id|rights_class|identity_confidence|intended_review_only_use|operator_verify_required,no,"Open the source/focus refs manually, collect candidate page URL, evidence URL, identity anchor, and conservative rights/identity metadata, then paste complete human-reviewed rows into the action-photo research return intake; do not fetch, download, approve, render, move, or publish.","Do not fetch sources, download images, write assets/headshots, approve candidates, create .approved markers, mark render-ready, move files, or publish.",no,,,,,,,,true,false,false,false,false,false,false,false,false,false,false
70,70,13,europe_top_flight,serie_a_women_italy,napoli_femminile,Napoli Femminile,,P0_OFFICIAL_CLUB_ROSTER,2_p0_roster_or_source_verify,official_source_candidate,napolifemminile.it,https://napolifemminile.it/rosa/,"human-provided candidate/source page URL only; not a hotlinked image file, screenshot, cached binary, or thumbnail","caption, recap, roster/profile, source page, match report, or team/player page that supports identity and action context","official roster, player profile, team page, league page, or match/event page that confirms player/team/current context",yes,data/asset_registry/womens_soccer/womens_soccer_athlete_source_priority.csv#row=42,data/asset_registry/womens_soccer/womens_soccer_athlete_candidate_next_action_board.csv#row=13,data/asset_registry/womens_soccer/womens_soccer_athlete_operator_focus.csv#row=70,data/asset_registry/action_photo_candidates/review_only_womens_soccer_action_photo_starter_intake.csv,data/asset_registry/action_photo_candidates/review_only_action_photo_research_return_intake_v1.csv,candidate_photo_url|evidence_url|evidence_summary|identity_anchor_url|source_url|entity_id|rights_class|identity_confidence|intended_review_only_use|operator_verify_required,no,"Open the source/focus refs manually, collect candidate page URL, evidence URL, identity anchor, and conservative rights/identity metadata, then paste complete human-reviewed rows into the action-photo research return intake; do not fetch, download, approve, render, move, or publish.","Do not fetch sources, download images, write assets/headshots, approve candidates, create .approved markers, mark render-ready, move files, or publish.",no,,,,,,,,true,false,false,false,false,false,false,false,false,false,false
71,71,14,europe_top_flight,serie_a_women_italy,parma_women,Parma Women,,P0_OFFICIAL_CLUB_ROSTER,2_p0_roster_or_source_verify,official_source_candidate,parmacalcio1913.com,https://www.parmacalcio1913.com/prima-squadra-femminile/,"human-provided candidate/source page URL only; not a hotlinked image file, screenshot, cached binary, or thumbnail","caption, recap, roster/profile, source page, match report, or team/player page that supports identity and action context","official roster, player profile, team page, league page, or match/event page that confirms player/team/current context",yes,data/asset_registry/womens_soccer/womens_soccer_athlete_source_priority.csv#row=43,data/asset_registry/womens_soccer/womens_soccer_athlete_candidate_next_action_board.csv#row=14,data/asset_registry/womens_soccer/womens_soccer_athlete_operator_focus.csv#row=71,data/asset_registry/action_photo_candidates/review_only_womens_soccer_action_photo_starter_intake.csv,data/asset_registry/action_photo_candidates/review_only_action_photo_research_return_intake_v1.csv,candidate_photo_url|evidence_url|evidence_summary|identity_anchor_url|source_url|entity_id|rights_class|identity_confidence|intended_review_only_use|operator_verify_required,no,"Open the source/focus refs manually, collect candidate page URL, evidence URL, identity anchor, and conservative rights/identity metadata, then paste complete human-reviewed rows into the action-photo research return intake; do not fetch, download, approve, render, move, or publish.","Do not fetch sources, download images, write assets/headshots, approve candidates, create .approved markers, mark render-ready, move files, or publish.",no,,,,,,,,true,false,false,false,false,false,false,false,false,false,false
72,72,15,europe_top_flight,arkema_premiere_ligue_france,as_saint_etienne_women,AS Saint-Etienne Women,,P0_OFFICIAL_CLUB_ROSTER,2_p0_roster_or_source_verify,official_source_candidate,asse.fr,https://www.asse.fr/fr/feminines/saison-2025-2026/arkema-premiere-ligue,"human-provided candidate/source page URL only; not a hotlinked image file, screenshot, cached binary, or thumbnail","caption, recap, roster/profile, source page, match report, or team/player page that supports identity and action context","official roster, player profile, team page, league page, or match/event page that confirms player/team/current context",yes,data/asset_registry/womens_soccer/womens_soccer_athlete_source_priority.csv#row=44,data/asset_registry/womens_soccer/womens_soccer_athlete_candidate_next_action_board.csv#row=15,data/asset_registry/womens_soccer/womens_soccer_athlete_operator_focus.csv#row=72,data/asset_registry/action_photo_candidates/review_only_womens_soccer_action_photo_starter_intake.csv,data/asset_registry/action_photo_candidates/review_only_action_photo_research_return_intake_v1.csv,candidate_photo_url|evidence_url|evidence_summary|identity_anchor_url|source_url|entity_id|rights_class|identity_confidence|intended_review_only_use|operator_verify_required,no,"Open the source/focus refs manually, collect candidate page URL, evidence URL, identity anchor, and conservative rights/identity metadata, then paste complete human-reviewed rows into the action-photo research return intake; do not fetch, download, approve, render, move, or publish.","Do not fetch sources, download images, write assets/headshots, approve candidates, create .approved markers, mark render-ready, move files, or publish.",no,,,,,,,,true,false,false,false,false,false,false,false,false,false,false
73,73,16,europe_top_flight,arkema_premiere_ligue_france,dijon_fco_women,Dijon FCO Women,,P0_OFFICIAL_CLUB_ROSTER,2_p0_roster_or_source_verify,official_source_candidate,dfco.fr,https://www.dfco.fr/effectifs/division-1-feminine/,"human-provided candidate/source page URL only; not a hotlinked image file, screenshot, cached binary, or thumbnail","caption, recap, roster/profile, source page, match report, or team/player page that supports identity and action context","official roster, player profile, team page, league page, or match/event page that confirms player/team/current context",yes,data/asset_registry/womens_soccer/womens_soccer_athlete_source_priority.csv#row=45,data/asset_registry/womens_soccer/womens_soccer_athlete_candidate_next_action_board.csv#row=16,data/asset_registry/womens_soccer/womens_soccer_athlete_operator_focus.csv#row=73,data/asset_registry/action_photo_candidates/review_only_womens_soccer_action_photo_starter_intake.csv,data/asset_registry/action_photo_candidates/review_only_action_photo_research_return_intake_v1.csv,candidate_photo_url|evidence_url|evidence_summary|identity_anchor_url|source_url|entity_id|rights_class|identity_confidence|intended_review_only_use|operator_verify_required,no,"Open the source/focus refs manually, collect candidate page URL, evidence URL, identity anchor, and conservative rights/identity metadata, then paste complete human-reviewed rows into the action-photo research return intake; do not fetch, download, approve, render, move, or publish.","Do not fetch sources, download images, write assets/headshots, approve candidates, create .approved markers, mark render-ready, move files, or publish.",no,,,,,,,,true,false,false,false,false,false,false,false,false,false,false
74,74,17,europe_top_flight,arkema_premiere_ligue_france,fc_fleury_91_women,FC Fleury 91 Women,,P0_OFFICIAL_CLUB_ROSTER,2_p0_roster_or_source_verify,official_source_candidate,fcfleury91.fr,https://www.fcfleury91.fr/effectif-arkemapl,"human-provided candidate/source page URL only; not a hotlinked image file, screenshot, cached binary, or thumbnail","caption, recap, roster/profile, source page, match report, or team/player page that supports identity and action context","official roster, player profile, team page, league page, or match/event page that confirms player/team/current context",yes,data/asset_registry/womens_soccer/womens_soccer_athlete_source_priority.csv#row=46,data/asset_registry/womens_soccer/womens_soccer_athlete_candidate_next_action_board.csv#row=17,data/asset_registry/womens_soccer/womens_soccer_athlete_operator_focus.csv#row=74,data/asset_registry/action_photo_candidates/review_only_womens_soccer_action_photo_starter_intake.csv,data/asset_registry/action_photo_candidates/review_only_action_photo_research_return_intake_v1.csv,candidate_photo_url|evidence_url|evidence_summary|identity_anchor_url|source_url|entity_id|rights_class|identity_confidence|intended_review_only_use|operator_verify_required,no,"Open the source/focus refs manually, collect candidate page URL, evidence URL, identity anchor, and conservative rights/identity metadata, then paste complete human-reviewed rows into the action-photo research return intake; do not fetch, download, approve, render, move, or publish.","Do not fetch sources, download images, write assets/headshots, approve candidates, create .approved markers, mark render-ready, move files, or publish.",no,,,,,,,,true,false,false,false,false,false,false,false,false,false,false
75,75,18,europe_top_flight,arkema_premiere_ligue_france,fc_nantes_women,FC Nantes Women,,P0_OFFICIAL_CLUB_ROSTER,2_p0_roster_or_source_verify,official_source_candidate,fcnantes.com,https://www.fcnantes.com/feminines/20252026/effectifD1F.php,"human-provided candidate/source page URL only; not a hotlinked image file, screenshot, cached binary, or thumbnail","caption, recap, roster/profile, source page, match report, or team/player page that supports identity and action context","official roster, player profile, team page, league page, or match/event page that confirms player/team/current context",yes,data/asset_registry/womens_soccer/womens_soccer_athlete_source_priority.csv#row=47,data/asset_registry/womens_soccer/womens_soccer_athlete_candidate_next_action_board.csv#row=18,data/asset_registry/womens_soccer/womens_soccer_athlete_operator_focus.csv#row=75,data/asset_registry/action_photo_candidates/review_only_womens_soccer_action_photo_starter_intake.csv,data/asset_registry/action_photo_candidates/review_only_action_photo_research_return_intake_v1.csv,candidate_photo_url|evidence_url|evidence_summary|identity_anchor_url|source_url|entity_id|rights_class|identity_confidence|intended_review_only_use|operator_verify_required,no,"Open the source/focus refs manually, collect candidate page URL, evidence URL, identity anchor, and conservative rights/identity metadata, then paste complete human-reviewed rows into the action-photo research return intake; do not fetch, download, approve, render, move, or publish.","Do not fetch sources, download images, write assets/headshots, approve candidates, create .approved markers, mark render-ready, move files, or publish.",no,,,,,,,,true,false,false,false,false,false,false,false,false,false,false
76,76,19,europe_top_flight,arkema_premiere_ligue_france,le_havre_ac_women,Le Havre AC Women,,P0_OFFICIAL_CLUB_ROSTER,2_p0_roster_or_source_verify,official_source_candidate,hac.football,https://hac.football/fr/players?competition=FD1,"human-provided candidate/source page URL only; not a hotlinked image file, screenshot, cached binary, or thumbnail","caption, recap, roster/profile, source page, match report, or team/player page that supports identity and action context","official roster, player profile, team page, league page, or match/event page that confirms player/team/current context",yes,data/asset_registry/womens_soccer/womens_soccer_athlete_source_priority.csv#row=48,data/asset_registry/womens_soccer/womens_soccer_athlete_candidate_next_action_board.csv#row=19,data/asset_registry/womens_soccer/womens_soccer_athlete_operator_focus.csv#row=76,data/asset_registry/action_photo_candidates/review_only_womens_soccer_action_photo_starter_intake.csv,data/asset_registry/action_photo_candidates/review_only_action_photo_research_return_intake_v1.csv,candidate_photo_url|evidence_url|evidence_summary|identity_anchor_url|source_url|entity_id|rights_class|identity_confidence|intended_review_only_use|operator_verify_required,no,"Open the source/focus refs manually, collect candidate page URL, evidence URL, identity anchor, and conservative rights/identity metadata, then paste complete human-reviewed rows into the action-photo research return intake; do not fetch, download, approve, render, move, or publish.","Do not fetch sources, download images, write assets/headshots, approve candidates, create .approved markers, mark render-ready, move files, or publish.",no,,,,,,,,true,false,false,false,false,false,false,false,false,false,false
77,77,20,europe_top_flight,arkema_premiere_ligue_france,mhsc_feminines,MHSC Feminines,,P0_OFFICIAL_CLUB_ROSTER,2_p0_roster_or_source_verify,official_source_candidate,mhscfoot.com,https://mhscfoot.com/en/effectif/2025-2026/d1-feminines/,"human-provided candidate/source page URL only; not a hotlinked image file, screenshot, cached binary, or thumbnail","caption, recap, roster/profile, source page, match report, or team/player page that supports identity and action context","official roster, player profile, team page, league page, or match/event page that confirms player/team/current context",yes,data/asset_registry/womens_soccer/womens_soccer_athlete_source_priority.csv#row=49,data/asset_registry/womens_soccer/womens_soccer_athlete_candidate_next_action_board.csv#row=20,data/asset_registry/womens_soccer/womens_soccer_athlete_operator_focus.csv#row=77,data/asset_registry/action_photo_candidates/review_only_womens_soccer_action_photo_starter_intake.csv,data/asset_registry/action_photo_candidates/review_only_action_photo_research_return_intake_v1.csv,candidate_photo_url|evidence_url|evidence_summary|identity_anchor_url|source_url|entity_id|rights_class|identity_confidence|intended_review_only_use|operator_verify_required,no,"Open the source/focus refs manually, collect candidate page URL, evidence URL, identity anchor, and conservative rights/identity metadata, then paste complete human-reviewed rows into the action-photo research return intake; do not fetch, download, approve, render, move, or publish.","Do not fetch sources, download images, write assets/headshots, approve candidates, create .approved markers, mark render-ready, move files, or publish.",no,,,,,,,,true,false,false,false,false,false,false,false,false,false,false
78,78,21,europe_top_flight,arkema_premiere_ligue_france,ol_lyonnes,OL Lyonnes,,P0_OFFICIAL_CLUB_ROSTER,2_p0_roster_or_source_verify,official_source_candidate,ol-lyonnes.com,https://www.ol-lyonnes.com/saison-25-26/effectif/,"human-provided candidate/source page URL only; not a hotlinked image file, screenshot, cached binary, or thumbnail","caption, recap, roster/profile, source page, match report, or team/player page that supports identity and action context","official roster, player profile, team page, league page, or match/event page that confirms player/team/current context",yes,data/asset_registry/womens_soccer/womens_soccer_athlete_source_priority.csv#row=50,data/asset_registry/womens_soccer/womens_soccer_athlete_candidate_next_action_board.csv#row=21,data/asset_registry/womens_soccer/womens_soccer_athlete_operator_focus.csv#row=78,data/asset_registry/action_photo_candidates/review_only_womens_soccer_action_photo_starter_intake.csv,data/asset_registry/action_photo_candidates/review_only_action_photo_research_return_intake_v1.csv,candidate_photo_url|evidence_url|evidence_summary|identity_anchor_url|source_url|entity_id|rights_class|identity_confidence|intended_review_only_use|operator_verify_required,no,"Open the source/focus refs manually, collect candidate page URL, evidence URL, identity anchor, and conservative rights/identity metadata, then paste complete human-reviewed rows into the action-photo research return intake; do not fetch, download, approve, render, move, or publish.","Do not fetch sources, download images, write assets/headshots, approve candidates, create .approved markers, mark render-ready, move files, or publish.",no,,,,,,,,true,false,false,false,false,false,false,false,false,false,false
79,79,22,europe_top_flight,arkema_premiere_ligue_france,olympique_marseille_women,Olympique Marseille Women,,P0_OFFICIAL_CLUB_ROSTER,2_p0_roster_or_source_verify,official_source_candidate,om.fr,https://www.om.fr/en/team/women,"human-provided candidate/source page URL only; not a hotlinked image file, screenshot, cached binary, or thumbnail","caption, recap, roster/profile, source page, match report, or team/player page that supports identity and action context","official roster, player profile, team page, league page, or match/event page that confirms player/team/current context",yes,data/asset_registry/womens_soccer/womens_soccer_athlete_source_priority.csv#row=51,data/asset_registry/womens_soccer/womens_soccer_athlete_candidate_next_action_board.csv#row=22,data/asset_registry/womens_soccer/womens_soccer_athlete_operator_focus.csv#row=79,data/asset_registry/action_photo_candidates/review_only_womens_soccer_action_photo_starter_intake.csv,data/asset_registry/action_photo_candidates/review_only_action_photo_research_return_intake_v1.csv,candidate_photo_url|evidence_url|evidence_summary|identity_anchor_url|source_url|entity_id|rights_class|identity_confidence|intended_review_only_use|operator_verify_required,no,"Open the source/focus refs manually, collect candidate page URL, evidence URL, identity anchor, and conservative rights/identity metadata, then paste complete human-reviewed rows into the action-photo research return intake; do not fetch, download, approve, render, move, or publish.","Do not fetch sources, download images, write assets/headshots, approve candidates, create .approved markers, mark render-ready, move files, or publish.",no,,,,,,,,true,false,false,false,false,false,false,false,false,false,false
80,80,23,europe_top_flight,arkema_premiere_ligue_france,paris_fc_women,Paris FC Women,,P0_OFFICIAL_CLUB_ROSTER,2_p0_roster_or_source_verify,official_source_candidate,parisfc.fr,https://parisfc.fr/pro-femme/joueuses-staff/,"human-provided candidate/source page URL only; not a hotlinked image file, screenshot, cached binary, or thumbnail","caption, recap, roster/profile, source page, match report, or team/player page that supports identity and action context","official roster, player profile, team page, league page, or match/event page that confirms player/team/current context",yes,data/asset_registry/womens_soccer/womens_soccer_athlete_source_priority.csv#row=52,data/asset_registry/womens_soccer/womens_soccer_athlete_candidate_next_action_board.csv#row=23,data/asset_registry/womens_soccer/womens_soccer_athlete_operator_focus.csv#row=80,data/asset_registry/action_photo_candidates/review_only_womens_soccer_action_photo_starter_intake.csv,data/asset_registry/action_photo_candidates/review_only_action_photo_research_return_intake_v1.csv,candidate_photo_url|evidence_url|evidence_summary|identity_anchor_url|source_url|entity_id|rights_class|identity_confidence|intended_review_only_use|operator_verify_required,no,"Open the source/focus refs manually, collect candidate page URL, evidence URL, identity anchor, and conservative rights/identity metadata, then paste complete human-reviewed rows into the action-photo research return intake; do not fetch, download, approve, render, move, or publish.","Do not fetch sources, download images, write assets/headshots, approve candidates, create .approved markers, mark render-ready, move files, or publish.",no,,,,,,,,true,false,false,false,false,false,false,false,false,false,false
81,81,24,europe_top_flight,arkema_premiere_ligue_france,paris_saint_germain_women,Paris Saint-Germain Women,,P0_OFFICIAL_CLUB_ROSTER,2_p0_roster_or_source_verify,official_source_candidate,psg.fr,https://www.psg.fr/football-feminin/effectif,"human-provided candidate/source page URL only; not a hotlinked image file, screenshot, cached binary, or thumbnail","caption, recap, roster/profile, source page, match report, or team/player page that supports identity and action context","official roster, player profile, team page, league page, or match/event page that confirms player/team/current context",yes,data/asset_registry/womens_soccer/womens_soccer_athlete_source_priority.csv#row=53,data/asset_registry/womens_soccer/womens_soccer_athlete_candidate_next_action_board.csv#row=24,data/asset_registry/womens_soccer/womens_soccer_athlete_operator_focus.csv#row=81,data/asset_registry/action_photo_candidates/review_only_womens_soccer_action_photo_starter_intake.csv,data/asset_registry/action_photo_candidates/review_only_action_photo_research_return_intake_v1.csv,candidate_photo_url|evidence_url|evidence_summary|identity_anchor_url|source_url|entity_id|rights_class|identity_confidence|intended_review_only_use|operator_verify_required,no,"Open the source/focus refs manually, collect candidate page URL, evidence URL, identity anchor, and conservative rights/identity metadata, then paste complete human-reviewed rows into the action-photo research return intake; do not fetch, download, approve, render, move, or publish.","Do not fetch sources, download images, write assets/headshots, approve candidates, create .approved markers, mark render-ready, move files, or publish.",no,,,,,,,,true,false,false,false,false,false,false,false,false,false,false
82,82,25,europe_top_flight,arkema_premiere_ligue_france,rc_lens_women,RC Lens Women,,P0_OFFICIAL_CLUB_ROSTER,2_p0_roster_or_source_verify,official_source_candidate,rclens.fr,https://www.rclens.fr/fr/feminines/joueuses,"human-provided candidate/source page URL only; not a hotlinked image file, screenshot, cached binary, or thumbnail","caption, recap, roster/profile, source page, match report, or team/player page that supports identity and action context","official roster, player profile, team page, league page, or match/event page that confirms player/team/current context",yes,data/asset_registry/womens_soccer/womens_soccer_athlete_source_priority.csv#row=54,data/asset_registry/womens_soccer/womens_soccer_athlete_candidate_next_action_board.csv#row=25,data/asset_registry/womens_soccer/womens_soccer_athlete_operator_focus.csv#row=82,data/asset_registry/action_photo_candidates/review_only_womens_soccer_action_photo_starter_intake.csv,data/asset_registry/action_photo_candidates/review_only_action_photo_research_return_intake_v1.csv,candidate_photo_url|evidence_url|evidence_summary|identity_anchor_url|source_url|entity_id|rights_class|identity_confidence|intended_review_only_use|operator_verify_required,no,"Open the source/focus refs manually, collect candidate page URL, evidence URL, identity anchor, and conservative rights/identity metadata, then paste complete human-reviewed rows into the action-photo research return intake; do not fetch, download, approve, render, move, or publish.","Do not fetch sources, download images, write assets/headshots, approve candidates, create .approved markers, mark render-ready, move files, or publish.",no,,,,,,,,true,false,false,false,false,false,false,false,false,false,false
83,83,26,europe_top_flight,arkema_premiere_ligue_france,rc_strasbourg_alsace_women,RC Strasbourg Alsace Women,,P0_OFFICIAL_CLUB_ROSTER,2_p0_roster_or_source_verify,official_source_candidate,rcstrasbourgalsace.fr,https://www.rcstrasbourgalsace.fr/equipe-arkema-premiere-ligue-25-26/,"human-provided candidate/source page URL only; not a hotlinked image file, screenshot, cached binary, or thumbnail","caption, recap, roster/profile, source page, match report, or team/player page that supports identity and action context","official roster, player profile, team page, league page, or match/event page that confirms player/team/current context",yes,data/asset_registry/womens_soccer/womens_soccer_athlete_source_priority.csv#row=55,data/asset_registry/womens_soccer/womens_soccer_athlete_candidate_next_action_board.csv#row=26,data/asset_registry/womens_soccer/womens_soccer_athlete_operator_focus.csv#row=83,data/asset_registry/action_photo_candidates/review_only_womens_soccer_action_photo_starter_intake.csv,data/asset_registry/action_photo_candidates/review_only_action_photo_research_return_intake_v1.csv,candidate_photo_url|evidence_url|evidence_summary|identity_anchor_url|source_url|entity_id|rights_class|identity_confidence|intended_review_only_use|operator_verify_required,no,"Open the source/focus refs manually, collect candidate page URL, evidence URL, identity anchor, and conservative rights/identity metadata, then paste complete human-reviewed rows into the action-photo research return intake; do not fetch, download, approve, render, move, or publish.","Do not fetch sources, download images, write assets/headshots, approve candidates, create .approved markers, mark render-ready, move files, or publish.",no,,,,,,,,true,false,false,false,false,false,false,false,false,false,false
84,84,36,nwsl,nwsl,chicago_stars_fc,Chicago Stars FC,,P1,3_profile_or_official_page_gap,official_source_candidate,chicagostars.com,https://chicagostars.com/roster/,"human-provided candidate/source page URL only; not a hotlinked image file, screenshot, cached binary, or thumbnail","caption, recap, roster/profile, source page, match report, or team/player page that supports identity and action context","official roster, player profile, team page, league page, or match/event page that confirms player/team/current context",yes,data/asset_registry/womens_soccer/womens_soccer_athlete_source_priority.csv#row=22,data/asset_registry/womens_soccer/womens_soccer_athlete_candidate_next_action_board.csv#row=36,data/asset_registry/womens_soccer/womens_soccer_athlete_operator_focus.csv#row=84,data/asset_registry/action_photo_candidates/review_only_womens_soccer_action_photo_starter_intake.csv,data/asset_registry/action_photo_candidates/review_only_action_photo_research_return_intake_v1.csv,candidate_photo_url|evidence_url|evidence_summary|identity_anchor_url|source_url|entity_id|rights_class|identity_confidence|intended_review_only_use|operator_verify_required,no,"Open the source/focus refs manually, collect candidate page URL, evidence URL, identity anchor, and conservative rights/identity metadata, then paste complete human-reviewed rows into the action-photo research return intake; do not fetch, download, approve, render, move, or publish.","Do not fetch sources, download images, write assets/headshots, approve candidates, create .approved markers, mark render-ready, move files, or publish.",no,,,,,,,,true,false,false,false,false,false,false,false,false,false,false
85,85,40,nwsl,nwsl,seattle_reign,Seattle Reign,,P1,3_profile_or_official_page_gap,official_source_candidate,www.reignfc.com,https://www.reignfc.com/roster,"human-provided candidate/source page URL only; not a hotlinked image file, screenshot, cached binary, or thumbnail","caption, recap, roster/profile, source page, match report, or team/player page that supports identity and action context","official roster, player profile, team page, league page, or match/event page that confirms player/team/current context",yes,data/asset_registry/womens_soccer/womens_soccer_athlete_source_priority.csv#row=28,data/asset_registry/womens_soccer/womens_soccer_athlete_candidate_next_action_board.csv#row=40,data/asset_registry/womens_soccer/womens_soccer_athlete_operator_focus.csv#row=85,data/asset_registry/action_photo_candidates/review_only_womens_soccer_action_photo_starter_intake.csv,data/asset_registry/action_photo_candidates/review_only_action_photo_research_return_intake_v1.csv,candidate_photo_url|evidence_url|evidence_summary|identity_anchor_url|source_url|entity_id|rights_class|identity_confidence|intended_review_only_use|operator_verify_required,no,"Open the source/focus refs manually, collect candidate page URL, evidence URL, identity anchor, and conservative rights/identity metadata, then paste complete human-reviewed rows into the action-photo research return intake; do not fetch, download, approve, render, move, or publish.","Do not fetch sources, download images, write assets/headshots, approve candidates, create .approved markers, mark render-ready, move files, or publish.",no,,,,,,,,true,false,false,false,false,false,false,false,false,false,false
86,86,41,nwsl,nwsl,utah_royals_fc,Utah Royals FC,,P1,3_profile_or_official_page_gap,official_source_candidate,www.rsl.com,https://www.rsl.com/utahroyals/roster/,"human-provided candidate/source page URL only; not a hotlinked image file, screenshot, cached binary, or thumbnail","caption, recap, roster/profile, source page, match report, or team/player page that supports identity and action context","official roster, player profile, team page, league page, or match/event page that confirms player/team/current context",yes,data/asset_registry/womens_soccer/womens_soccer_athlete_source_priority.csv#row=29,data/asset_registry/womens_soccer/womens_soccer_athlete_candidate_next_action_board.csv#row=41,data/asset_registry/womens_soccer/womens_soccer_athlete_operator_focus.csv#row=86,data/asset_registry/action_photo_candidates/review_only_womens_soccer_action_photo_starter_intake.csv,data/asset_registry/action_photo_candidates/review_only_action_photo_research_return_intake_v1.csv,candidate_photo_url|evidence_url|evidence_summary|identity_anchor_url|source_url|entity_id|rights_class|identity_confidence|intended_review_only_use|operator_verify_required,no,"Open the source/focus refs manually, collect candidate page URL, evidence URL, identity anchor, and conservative rights/identity metadata, then paste complete human-reviewed rows into the action-photo research return intake; do not fetch, download, approve, render, move, or publish.","Do not fetch sources, download images, write assets/headshots, approve candidates, create .approved markers, mark render-ready, move files, or publish.",no,,,,,,,,true,false,false,false,false,false,false,false,false,false,false
87,87,42,nwsl,nwsl,washington_spirit,Washington Spirit,Heather Stainbrook; Tamara Paranaguá do Carmo,P1,3_profile_or_official_page_gap,official_source_candidate,washingtonspirit.com,https://washingtonspirit.com/roster/,"human-provided candidate/source page URL only; not a hotlinked image file, screenshot, cached binary, or thumbnail","caption, recap, roster/profile, source page, match report, or team/player page that supports identity and action context","official roster, player profile, team page, league page, or match/event page that confirms player/team/current context",yes,data/asset_registry/womens_soccer/womens_soccer_athlete_source_priority.csv#row=30,data/asset_registry/womens_soccer/womens_soccer_athlete_candidate_next_action_board.csv#row=42,data/asset_registry/womens_soccer/womens_soccer_athlete_operator_focus.csv#row=87,data/asset_registry/action_photo_candidates/review_only_womens_soccer_action_photo_starter_intake.csv,data/asset_registry/action_photo_candidates/review_only_action_photo_research_return_intake_v1.csv,candidate_photo_url|evidence_url|evidence_summary|identity_anchor_url|source_url|entity_id|rights_class|identity_confidence|intended_review_only_use|operator_verify_required,no,"Open the source/focus refs manually, collect candidate page URL, evidence URL, identity anchor, and conservative rights/identity metadata, then paste complete human-reviewed rows into the action-photo research return intake; do not fetch, download, approve, render, move, or publish.","Do not fetch sources, download images, write assets/headshots, approve candidates, create .approved markers, mark render-ready, move files, or publish.",no,,,,,,,,true,false,false,false,false,false,false,false,false,false,false
88,88,43,nwsl,nwsl,nwsl_all_teams,nwsl_all_teams; nwsl_all_players,,P1,3_profile_or_official_page_gap,official_source_candidate,www.nwslsoccer.com,https://www.nwslsoccer.com/teams/index,"human-provided candidate/source page URL only; not a hotlinked image file, screenshot, cached binary, or thumbnail","caption, recap, roster/profile, source page, match report, or team/player page that supports identity and action context","official roster, player profile, team page, league page, or match/event page that confirms player/team/current context",yes,data/asset_registry/womens_soccer/womens_soccer_athlete_source_priority.csv#row=31,data/asset_registry/womens_soccer/womens_soccer_athlete_candidate_next_action_board.csv#row=43,data/asset_registry/womens_soccer/womens_soccer_athlete_operator_focus.csv#row=88,data/asset_registry/action_photo_candidates/review_only_womens_soccer_action_photo_starter_intake.csv,data/asset_registry/action_photo_candidates/review_only_action_photo_research_return_intake_v1.csv,candidate_photo_url|evidence_url|evidence_summary|identity_anchor_url|source_url|entity_id|rights_class|identity_confidence|intended_review_only_use|operator_verify_required,no,"Open the source/focus refs manually, collect candidate page URL, evidence URL, identity anchor, and conservative rights/identity metadata, then paste complete human-reviewed rows into the action-photo research return intake; do not fetch, download, approve, render, move, or publish.","Do not fetch sources, download images, write assets/headshots, approve candidates, create .approved markers, mark render-ready, move files, or publish.",no,,,,,,,,true,false,false,false,false,false,false,false,false,false,false
89,89,28,europe_top_flight,wsl_england,all_teams_backup,ALL_TEAMS_BACKUP,,P2_NON_OFFICIAL_LEAGUE_BACKUP,4_gray_area_or_reputable_lead,gray_area_public_lead,soccerdonna.de,https://www.soccerdonna.de/en/womens-super-league/startseite/wettbewerb_ENG1.html,"human-provided candidate/source page URL only; not a hotlinked image file, screenshot, cached binary, or thumbnail","caption, recap, roster/profile, source page, match report, or team/player page that supports identity and action context","official roster, player profile, team page, league page, or match/event page that confirms player/team/current context",yes,data/asset_registry/womens_soccer/womens_soccer_athlete_source_priority.csv#row=14,data/asset_registry/womens_soccer/womens_soccer_athlete_candidate_next_action_board.csv#row=28,data/asset_registry/womens_soccer/womens_soccer_athlete_operator_focus.csv#row=89,data/asset_registry/action_photo_candidates/review_only_womens_soccer_action_photo_starter_intake.csv,data/asset_registry/action_photo_candidates/review_only_action_photo_research_return_intake_v1.csv,candidate_photo_url|evidence_url|evidence_summary|identity_anchor_url|source_url|entity_id|rights_class|identity_confidence|intended_review_only_use|operator_verify_required,no,"Open the source/focus refs manually, collect candidate page URL, evidence URL, identity anchor, and conservative rights/identity metadata, then paste complete human-reviewed rows into the action-photo research return intake; do not fetch, download, approve, render, move, or publish.","Do not fetch sources, download images, write assets/headshots, approve candidates, create .approved markers, mark render-ready, move files, or publish.",no,,,,,,,,true,false,false,false,false,false,false,false,false,false,false
90,90,29,europe_top_flight,liga_f_spain,all_teams_backup,ALL_TEAMS_BACKUP,,P2_NON_OFFICIAL_LEAGUE_BACKUP,4_gray_area_or_reputable_lead,gray_area_public_lead,soccerdonna.de,https://www.soccerdonna.de/en/primera-division-femenina/startseite/wettbewerb_ESP1.html,"human-provided candidate/source page URL only; not a hotlinked image file, screenshot, cached binary, or thumbnail","caption, recap, roster/profile, source page, match report, or team/player page that supports identity and action context","official roster, player profile, team page, league page, or match/event page that confirms player/team/current context",yes,data/asset_registry/womens_soccer/womens_soccer_athlete_source_priority.csv#row=15,data/asset_registry/womens_soccer/womens_soccer_athlete_candidate_next_action_board.csv#row=29,data/asset_registry/womens_soccer/womens_soccer_athlete_operator_focus.csv#row=90,data/asset_registry/action_photo_candidates/review_only_womens_soccer_action_photo_starter_intake.csv,data/asset_registry/action_photo_candidates/review_only_action_photo_research_return_intake_v1.csv,candidate_photo_url|evidence_url|evidence_summary|identity_anchor_url|source_url|entity_id|rights_class|identity_confidence|intended_review_only_use|operator_verify_required,no,"Open the source/focus refs manually, collect candidate page URL, evidence URL, identity anchor, and conservative rights/identity metadata, then paste complete human-reviewed rows into the action-photo research return intake; do not fetch, download, approve, render, move, or publish.","Do not fetch sources, download images, write assets/headshots, approve candidates, create .approved markers, mark render-ready, move files, or publish.",no,,,,,,,,true,false,false,false,false,false,false,false,false,false,false
91,91,30,europe_top_flight,frauen_bundesliga_germany,all_teams_backup,ALL_TEAMS_BACKUP,,P2_GRAY_AREA_LEAGUE_BACKUP,4_gray_area_or_reputable_lead,gray_area_public_lead,globalsportsarchive.com,https://globalsportsarchive.com/en/soccer/competition/google-pixel-frauen-bundesliga-2025-2026/76011,"human-provided candidate/source page URL only; not a hotlinked image file, screenshot, cached binary, or thumbnail","caption, recap, roster/profile, source page, match report, or team/player page that supports identity and action context","official roster, player profile, team page, league page, or match/event page that confirms player/team/current context",yes,data/asset_registry/womens_soccer/womens_soccer_athlete_source_priority.csv#row=16,data/asset_registry/womens_soccer/womens_soccer_athlete_candidate_next_action_board.csv#row=30,data/asset_registry/womens_soccer/womens_soccer_athlete_operator_focus.csv#row=91,data/asset_registry/action_photo_candidates/review_only_womens_soccer_action_photo_starter_intake.csv,data/asset_registry/action_photo_candidates/review_only_action_photo_research_return_intake_v1.csv,candidate_photo_url|evidence_url|evidence_summary|identity_anchor_url|source_url|entity_id|rights_class|identity_confidence|intended_review_only_use|operator_verify_required,no,"Open the source/focus refs manually, collect candidate page URL, evidence URL, identity anchor, and conservative rights/identity metadata, then paste complete human-reviewed rows into the action-photo research return intake; do not fetch, download, approve, render, move, or publish.","Do not fetch sources, download images, write assets/headshots, approve candidates, create .approved markers, mark render-ready, move files, or publish.",no,,,,,,,,true,false,false,false,false,false,false,false,false,false,false
92,92,31,europe_top_flight,serie_a_women_italy,all_teams_backup,ALL_TEAMS_BACKUP,,P2_NON_OFFICIAL_LEAGUE_BACKUP,4_gray_area_or_reputable_lead,gray_area_public_lead,soccerdonna.de,https://www.soccerdonna.de/en/serie-a-women/startseite/wettbewerb_IT1.html,"human-provided candidate/source page URL only; not a hotlinked image file, screenshot, cached binary, or thumbnail","caption, recap, roster/profile, source page, match report, or team/player page that supports identity and action context","official roster, player profile, team page, league page, or match/event page that confirms player/team/current context",yes,data/asset_registry/womens_soccer/womens_soccer_athlete_source_priority.csv#row=17,data/asset_registry/womens_soccer/womens_soccer_athlete_candidate_next_action_board.csv#row=31,data/asset_registry/womens_soccer/womens_soccer_athlete_operator_focus.csv#row=92,data/asset_registry/action_photo_candidates/review_only_womens_soccer_action_photo_starter_intake.csv,data/asset_registry/action_photo_candidates/review_only_action_photo_research_return_intake_v1.csv,candidate_photo_url|evidence_url|evidence_summary|identity_anchor_url|source_url|entity_id|rights_class|identity_confidence|intended_review_only_use|operator_verify_required,no,"Open the source/focus refs manually, collect candidate page URL, evidence URL, identity anchor, and conservative rights/identity metadata, then paste complete human-reviewed rows into the action-photo research return intake; do not fetch, download, approve, render, move, or publish.","Do not fetch sources, download images, write assets/headshots, approve candidates, create .approved markers, mark render-ready, move files, or publish.",no,,,,,,,,true,false,false,false,false,false,false,false,false,false,false
93,93,32,europe_top_flight,serie_a_women_italy,sassuolo_women,Sassuolo Women,,P1_NON_OFFICIAL_ROSTER_BACKUP,4_gray_area_or_reputable_lead,gray_area_public_lead,soccerdonna.de,https://www.soccerdonna.de/en/us-sassuolo/startseite/verein_6329.html,"human-provided candidate/source page URL only; not a hotlinked image file, screenshot, cached binary, or thumbnail","caption, recap, roster/profile, source page, match report, or team/player page that supports identity and action context","official roster, player profile, team page, league page, or match/event page that confirms player/team/current context",yes,data/asset_registry/womens_soccer/womens_soccer_athlete_source_priority.csv#row=18,data/asset_registry/womens_soccer/womens_soccer_athlete_candidate_next_action_board.csv#row=32,data/asset_registry/womens_soccer/womens_soccer_athlete_operator_focus.csv#row=93,data/asset_registry/action_photo_candidates/review_only_womens_soccer_action_photo_starter_intake.csv,data/asset_registry/action_photo_candidates/review_only_action_photo_research_return_intake_v1.csv,candidate_photo_url|evidence_url|evidence_summary|identity_anchor_url|source_url|entity_id|rights_class|identity_confidence|intended_review_only_use|operator_verify_required,no,"Open the source/focus refs manually, collect candidate page URL, evidence URL, identity anchor, and conservative rights/identity metadata, then paste complete human-reviewed rows into the action-photo research return intake; do not fetch, download, approve, render, move, or publish.","Do not fetch sources, download images, write assets/headshots, approve candidates, create .approved markers, mark render-ready, move files, or publish.",no,,,,,,,,true,false,false,false,false,false,false,false,false,false,false
94,94,33,europe_top_flight,serie_a_women_italy,ternana_women,Ternana Women,,P1_NON_OFFICIAL_ROSTER_BACKUP,4_gray_area_or_reputable_lead,gray_area_public_lead,soccerdonna.de,https://www.soccerdonna.de/en/ternana-women/kader/verein_7549.html,"human-provided candidate/source page URL only; not a hotlinked image file, screenshot, cached binary, or thumbnail","caption, recap, roster/profile, source page, match report, or team/player page that supports identity and action context","official roster, player profile, team page, league page, or match/event page that confirms player/team/current context",yes,data/asset_registry/womens_soccer/womens_soccer_athlete_source_priority.csv#row=19,data/asset_registry/womens_soccer/womens_soccer_athlete_candidate_next_action_board.csv#row=33,data/asset_registry/womens_soccer/womens_soccer_athlete_operator_focus.csv#row=94,data/asset_registry/action_photo_candidates/review_only_womens_soccer_action_photo_starter_intake.csv,data/asset_registry/action_photo_candidates/review_only_action_photo_research_return_intake_v1.csv,candidate_photo_url|evidence_url|evidence_summary|identity_anchor_url|source_url|entity_id|rights_class|identity_confidence|intended_review_only_use|operator_verify_required,no,"Open the source/focus refs manually, collect candidate page URL, evidence URL, identity anchor, and conservative rights/identity metadata, then paste complete human-reviewed rows into the action-photo research return intake; do not fetch, download, approve, render, move, or publish.","Do not fetch sources, download images, write assets/headshots, approve candidates, create .approved markers, mark render-ready, move files, or publish.",no,,,,,,,,true,false,false,false,false,false,false,false,false,false,false
95,95,34,europe_top_flight,arkema_premiere_ligue_france,all_teams_backup,ALL_TEAMS_BACKUP,,P2_GRAY_AREA_LEAGUE_BACKUP,4_gray_area_or_reputable_lead,gray_area_public_lead,globalsportsarchive.com,https://globalsportsarchive.com/en/soccer/competition/arkema-premiere-ligue-2025-2026/76150,"human-provided candidate/source page URL only; not a hotlinked image file, screenshot, cached binary, or thumbnail","caption, recap, roster/profile, source page, match report, or team/player page that supports identity and action context","official roster, player profile, team page, league page, or match/event page that confirms player/team/current context",yes,data/asset_registry/womens_soccer/womens_soccer_athlete_source_priority.csv#row=20,data/asset_registry/womens_soccer/womens_soccer_athlete_candidate_next_action_board.csv#row=34,data/asset_registry/womens_soccer/womens_soccer_athlete_operator_focus.csv#row=95,data/asset_registry/action_photo_candidates/review_only_womens_soccer_action_photo_starter_intake.csv,data/asset_registry/action_photo_candidates/review_only_action_photo_research_return_intake_v1.csv,candidate_photo_url|evidence_url|evidence_summary|identity_anchor_url|source_url|entity_id|rights_class|identity_confidence|intended_review_only_use|operator_verify_required,no,"Open the source/focus refs manually, collect candidate page URL, evidence URL, identity anchor, and conservative rights/identity metadata, then paste complete human-reviewed rows into the action-photo research return intake; do not fetch, download, approve, render, move, or publish.","Do not fetch sources, download images, write assets/headshots, approve candidates, create .approved markers, mark render-ready, move files, or publish.",no,,,,,,,,true,false,false,false,false,false,false,false,false,false,false
