athlete_id,display_name,team_id,required_image_type,reason,recommended_path
atlanta_dream_aaliyah_nye_headshot,Aaliyah Nye headshot,atlanta_dream,headshot,approved athlete image missing,assets/leagues/wnba/athletes/atlanta_dream_aaliyah_nye_headshot/headshot.png
atlanta_dream_aaliyah_nye_headshot,Aaliyah Nye headshot,atlanta_dream,cutout,approved athlete image missing,assets/leagues/wnba/athletes/atlanta_dream_aaliyah_nye_headshot/cutout.png
atlanta_dream_allisha_gray_headshot,Allisha Gray headshot,atlanta_dream,headshot,approved athlete image missing,assets/leagues/wnba/athletes/atlanta_dream_allisha_gray_headshot/headshot.png
atlanta_dream_allisha_gray_headshot,Allisha Gray headshot,atlanta_dream,cutout,approved athlete image missing,assets/leagues/wnba/athletes/atlanta_dream_allisha_gray_headshot/cutout.png
atlanta_dream_amy_okonkwo_headshot,Amy Okonkwo headshot,atlanta_dream,headshot,approved athlete image missing,assets/leagues/wnba/athletes/atlanta_dream_amy_okonkwo_headshot/headshot.png
atlanta_dream_amy_okonkwo_headshot,Amy Okonkwo headshot,atlanta_dream,cutout,approved athlete image missing,assets/leagues/wnba/athletes/atlanta_dream_amy_okonkwo_headshot/cutout.png
atlanta_dream_angel_reese_headshot,Angel Reese headshot,atlanta_dream,headshot,approved athlete image missing,assets/leagues/wnba/athletes/atlanta_dream_angel_reese_headshot/headshot.png
atlanta_dream_angel_reese_headshot,Angel Reese headshot,atlanta_dream,cutout,approved athlete image missing,assets/leagues/wnba/athletes/atlanta_dream_angel_reese_headshot/cutout.png
atlanta_dream_atlanta_dream,Atlanta Dream,atlanta_dream,headshot,approved athlete image missing,assets/leagues/wnba/athletes/atlanta_dream_atlanta_dream/headshot.png
atlanta_dream_atlanta_dream,Atlanta Dream,atlanta_dream,cutout,approved athlete image missing,assets/leagues/wnba/athletes/atlanta_dream_atlanta_dream/cutout.png
atlanta_dream_brandi_poole_headshot,Brandi Poole headshot,atlanta_dream,headshot,approved athlete image missing,assets/leagues/wnba/athletes/atlanta_dream_brandi_poole_headshot/headshot.png
atlanta_dream_brandi_poole_headshot,Brandi Poole headshot,atlanta_dream,cutout,approved athlete image missing,assets/leagues/wnba/athletes/atlanta_dream_brandi_poole_headshot/cutout.png
atlanta_dream_brionna_jones_headshot,Brionna Jones headshot,atlanta_dream,headshot,approved athlete image missing,assets/leagues/wnba/athletes/atlanta_dream_brionna_jones_headshot/headshot.png
atlanta_dream_brionna_jones_headshot,Brionna Jones headshot,atlanta_dream,cutout,approved athlete image missing,assets/leagues/wnba/athletes/atlanta_dream_brionna_jones_headshot/cutout.png
atlanta_dream_camryn_brown_headshot,Camryn Brown headshot,atlanta_dream,headshot,approved athlete image missing,assets/leagues/wnba/athletes/atlanta_dream_camryn_brown_headshot/headshot.png
atlanta_dream_camryn_brown_headshot,Camryn Brown headshot,atlanta_dream,cutout,approved athlete image missing,assets/leagues/wnba/athletes/atlanta_dream_camryn_brown_headshot/cutout.png
atlanta_dream_chelsea_lyles_headshot,Chelsea Lyles headshot,atlanta_dream,headshot,approved athlete image missing,assets/leagues/wnba/athletes/atlanta_dream_chelsea_lyles_headshot/headshot.png
atlanta_dream_chelsea_lyles_headshot,Chelsea Lyles headshot,atlanta_dream,cutout,approved athlete image missing,assets/leagues/wnba/athletes/atlanta_dream_chelsea_lyles_headshot/cutout.png
atlanta_dream_indya_nivar_headshot,Indya Nivar headshot,atlanta_dream,headshot,approved athlete image missing,assets/leagues/wnba/athletes/atlanta_dream_indya_nivar_headshot/headshot.png
atlanta_dream_indya_nivar_headshot,Indya Nivar headshot,atlanta_dream,cutout,approved athlete image missing,assets/leagues/wnba/athletes/atlanta_dream_indya_nivar_headshot/cutout.png
atlanta_dream_isobel_borlase_headshot,Isobel Borlase headshot,atlanta_dream,headshot,approved athlete image missing,assets/leagues/wnba/athletes/atlanta_dream_isobel_borlase_headshot/headshot.png
atlanta_dream_isobel_borlase_headshot,Isobel Borlase headshot,atlanta_dream,cutout,approved athlete image missing,assets/leagues/wnba/athletes/atlanta_dream_isobel_borlase_headshot/cutout.png
atlanta_dream_jordin_canada_headshot,Jordin Canada headshot,atlanta_dream,headshot,approved athlete image missing,assets/leagues/wnba/athletes/atlanta_dream_jordin_canada_headshot/headshot.png
atlanta_dream_jordin_canada_headshot,Jordin Canada headshot,atlanta_dream,cutout,approved athlete image missing,assets/leagues/wnba/athletes/atlanta_dream_jordin_canada_headshot/cutout.png
atlanta_dream_karl_smesko_headshot,Karl Smesko headshot,atlanta_dream,headshot,approved athlete image missing,assets/leagues/wnba/athletes/atlanta_dream_karl_smesko_headshot/headshot.png
atlanta_dream_karl_smesko_headshot,Karl Smesko headshot,atlanta_dream,cutout,approved athlete image missing,assets/leagues/wnba/athletes/atlanta_dream_karl_smesko_headshot/cutout.png
atlanta_dream_katie_buria_headshot,Katie Buria headshot,atlanta_dream,headshot,approved athlete image missing,assets/leagues/wnba/athletes/atlanta_dream_katie_buria_headshot/headshot.png
atlanta_dream_katie_buria_headshot,Katie Buria headshot,atlanta_dream,cutout,approved athlete image missing,assets/leagues/wnba/athletes/atlanta_dream_katie_buria_headshot/cutout.png
atlanta_dream_latoya_sanders_headshot,LaToya Sanders headshot,atlanta_dream,headshot,approved athlete image missing,assets/leagues/wnba/athletes/atlanta_dream_latoya_sanders_headshot/headshot.png
atlanta_dream_latoya_sanders_headshot,LaToya Sanders headshot,atlanta_dream,cutout,approved athlete image missing,assets/leagues/wnba/athletes/atlanta_dream_latoya_sanders_headshot/cutout.png
atlanta_dream_madina_okot_headshot,Madina Okot headshot,atlanta_dream,headshot,approved athlete image missing,assets/leagues/wnba/athletes/atlanta_dream_madina_okot_headshot/headshot.png
atlanta_dream_madina_okot_headshot,Madina Okot headshot,atlanta_dream,cutout,approved athlete image missing,assets/leagues/wnba/athletes/atlanta_dream_madina_okot_headshot/cutout.png
atlanta_dream_naz_hillmon_headshot,Naz Hillmon headshot,atlanta_dream,headshot,approved athlete image missing,assets/leagues/wnba/athletes/atlanta_dream_naz_hillmon_headshot/headshot.png
atlanta_dream_naz_hillmon_headshot,Naz Hillmon headshot,atlanta_dream,cutout,approved athlete image missing,assets/leagues/wnba/athletes/atlanta_dream_naz_hillmon_headshot/cutout.png
atlanta_dream_rhyne_howard_headshot,Rhyne Howard headshot,atlanta_dream,headshot,approved athlete image missing,assets/leagues/wnba/athletes/atlanta_dream_rhyne_howard_headshot/headshot.png
atlanta_dream_rhyne_howard_headshot,Rhyne Howard headshot,atlanta_dream,cutout,approved athlete image missing,assets/leagues/wnba/athletes/atlanta_dream_rhyne_howard_headshot/cutout.png
atlanta_dream_sika_kone_headshot,Sika Kone headshot,atlanta_dream,headshot,approved athlete image missing,assets/leagues/wnba/athletes/atlanta_dream_sika_kone_headshot/headshot.png
atlanta_dream_sika_kone_headshot,Sika Kone headshot,atlanta_dream,cutout,approved athlete image missing,assets/leagues/wnba/athletes/atlanta_dream_sika_kone_headshot/cutout.png
atlanta_dream_te_hina_paopao_headshot,Te-Hina Paopao headshot,atlanta_dream,headshot,approved athlete image missing,assets/leagues/wnba/athletes/atlanta_dream_te_hina_paopao_headshot/headshot.png
atlanta_dream_te_hina_paopao_headshot,Te-Hina Paopao headshot,atlanta_dream,cutout,approved athlete image missing,assets/leagues/wnba/athletes/atlanta_dream_te_hina_paopao_headshot/cutout.png
chicago_sky_aicha_coulibaly_headshot,Aicha Coulibaly headshot,chicago_sky,headshot,approved athlete image missing,assets/leagues/wnba/athletes/chicago_sky_aicha_coulibaly_headshot/headshot.png
chicago_sky_aicha_coulibaly_headshot,Aicha Coulibaly headshot,chicago_sky,cutout,approved athlete image missing,assets/leagues/wnba/athletes/chicago_sky_aicha_coulibaly_headshot/cutout.png
chicago_sky_azura_stevens_headshot,Azura Stevens headshot,chicago_sky,headshot,approved athlete image missing,assets/leagues/wnba/athletes/chicago_sky_azura_stevens_headshot/headshot.png
chicago_sky_azura_stevens_headshot,Azura Stevens headshot,chicago_sky,cutout,approved athlete image missing,assets/leagues/wnba/athletes/chicago_sky_azura_stevens_headshot/cutout.png
chicago_sky_chantal_hart_headshot,Chantal Hart headshot,chicago_sky,headshot,approved athlete image missing,assets/leagues/wnba/athletes/chicago_sky_chantal_hart_headshot/headshot.png
chicago_sky_chantal_hart_headshot,Chantal Hart headshot,chicago_sky,cutout,approved athlete image missing,assets/leagues/wnba/athletes/chicago_sky_chantal_hart_headshot/cutout.png
chicago_sky_chicago_sky,Chicago Sky,chicago_sky,headshot,approved athlete image missing,assets/leagues/wnba/athletes/chicago_sky_chicago_sky/headshot.png
chicago_sky_chicago_sky,Chicago Sky,chicago_sky,cutout,approved athlete image missing,assets/leagues/wnba/athletes/chicago_sky_chicago_sky/cutout.png
chicago_sky_courtney_vandersloot_headshot,Courtney Vandersloot headshot,chicago_sky,headshot,approved athlete image missing,assets/leagues/wnba/athletes/chicago_sky_courtney_vandersloot_headshot/headshot.png
chicago_sky_courtney_vandersloot_headshot,Courtney Vandersloot headshot,chicago_sky,cutout,approved athlete image missing,assets/leagues/wnba/athletes/chicago_sky_courtney_vandersloot_headshot/cutout.png
chicago_sky_dijonai_carrington_headshot,DiJonai Carrington headshot,chicago_sky,headshot,approved athlete image missing,assets/leagues/wnba/athletes/chicago_sky_dijonai_carrington_headshot/headshot.png
chicago_sky_dijonai_carrington_headshot,DiJonai Carrington headshot,chicago_sky,cutout,approved athlete image missing,assets/leagues/wnba/athletes/chicago_sky_dijonai_carrington_headshot/cutout.png
chicago_sky_download_on_the_apple_app_store,Download on the Apple App Store,chicago_sky,headshot,approved athlete image missing,assets/leagues/wnba/athletes/chicago_sky_download_on_the_apple_app_store/headshot.png
chicago_sky_download_on_the_apple_app_store,Download on the Apple App Store,chicago_sky,cutout,approved athlete image missing,assets/leagues/wnba/athletes/chicago_sky_download_on_the_apple_app_store/cutout.png
chicago_sky_elizabeth_williams_headshot,Elizabeth Williams headshot,chicago_sky,headshot,approved athlete image missing,assets/leagues/wnba/athletes/chicago_sky_elizabeth_williams_headshot/headshot.png
chicago_sky_elizabeth_williams_headshot,Elizabeth Williams headshot,chicago_sky,cutout,approved athlete image missing,assets/leagues/wnba/athletes/chicago_sky_elizabeth_williams_headshot/cutout.png
chicago_sky_gabriela_jaquez_headshot,Gabriela Jaquez headshot,chicago_sky,headshot,approved athlete image missing,assets/leagues/wnba/athletes/chicago_sky_gabriela_jaquez_headshot/headshot.png
chicago_sky_gabriela_jaquez_headshot,Gabriela Jaquez headshot,chicago_sky,cutout,approved athlete image missing,assets/leagues/wnba/athletes/chicago_sky_gabriela_jaquez_headshot/cutout.png
chicago_sky_get_it_on_google_play,Get it on Google Play,chicago_sky,headshot,approved athlete image missing,assets/leagues/wnba/athletes/chicago_sky_get_it_on_google_play/headshot.png
chicago_sky_get_it_on_google_play,Get it on Google Play,chicago_sky,cutout,approved athlete image missing,assets/leagues/wnba/athletes/chicago_sky_get_it_on_google_play/cutout.png
chicago_sky_jacy_sheldon_headshot,Jacy Sheldon headshot,chicago_sky,headshot,approved athlete image missing,assets/leagues/wnba/athletes/chicago_sky_jacy_sheldon_headshot/headshot.png
chicago_sky_jacy_sheldon_headshot,Jacy Sheldon headshot,chicago_sky,cutout,approved athlete image missing,assets/leagues/wnba/athletes/chicago_sky_jacy_sheldon_headshot/cutout.png
chicago_sky_jhared_simpson_headshot,Jhared Simpson headshot,chicago_sky,headshot,approved athlete image missing,assets/leagues/wnba/athletes/chicago_sky_jhared_simpson_headshot/headshot.png
chicago_sky_jhared_simpson_headshot,Jhared Simpson headshot,chicago_sky,cutout,approved athlete image missing,assets/leagues/wnba/athletes/chicago_sky_jhared_simpson_headshot/cutout.png
chicago_sky_kamilla_cardoso_headshot,Kamilla Cardoso headshot,chicago_sky,headshot,approved athlete image missing,assets/leagues/wnba/athletes/chicago_sky_kamilla_cardoso_headshot/headshot.png
chicago_sky_kamilla_cardoso_headshot,Kamilla Cardoso headshot,chicago_sky,cutout,approved athlete image missing,assets/leagues/wnba/athletes/chicago_sky_kamilla_cardoso_headshot/cutout.png
chicago_sky_kelly_faris_headshot,Kelly Faris headshot,chicago_sky,headshot,approved athlete image missing,assets/leagues/wnba/athletes/chicago_sky_kelly_faris_headshot/headshot.png
chicago_sky_kelly_faris_headshot,Kelly Faris headshot,chicago_sky,cutout,approved athlete image missing,assets/leagues/wnba/athletes/chicago_sky_kelly_faris_headshot/cutout.png
chicago_sky_latricia_trammell_headshot,Latricia Trammell headshot,chicago_sky,headshot,approved athlete image missing,assets/leagues/wnba/athletes/chicago_sky_latricia_trammell_headshot/headshot.png
chicago_sky_latricia_trammell_headshot,Latricia Trammell headshot,chicago_sky,cutout,approved athlete image missing,assets/leagues/wnba/athletes/chicago_sky_latricia_trammell_headshot/cutout.png
chicago_sky_maddy_westbeld_headshot,Maddy Westbeld headshot,chicago_sky,headshot,approved athlete image missing,assets/leagues/wnba/athletes/chicago_sky_maddy_westbeld_headshot/headshot.png
chicago_sky_maddy_westbeld_headshot,Maddy Westbeld headshot,chicago_sky,cutout,approved athlete image missing,assets/leagues/wnba/athletes/chicago_sky_maddy_westbeld_headshot/cutout.png
chicago_sky_matt_repa_headshot,Matt Repa headshot,chicago_sky,headshot,approved athlete image missing,assets/leagues/wnba/athletes/chicago_sky_matt_repa_headshot/headshot.png
chicago_sky_matt_repa_headshot,Matt Repa headshot,chicago_sky,cutout,approved athlete image missing,assets/leagues/wnba/athletes/chicago_sky_matt_repa_headshot/cutout.png
chicago_sky_natasha_cloud_headshot,Natasha Cloud headshot,chicago_sky,headshot,approved athlete image missing,assets/leagues/wnba/athletes/chicago_sky_natasha_cloud_headshot/headshot.png
chicago_sky_natasha_cloud_headshot,Natasha Cloud headshot,chicago_sky,cutout,approved athlete image missing,assets/leagues/wnba/athletes/chicago_sky_natasha_cloud_headshot/cutout.png
chicago_sky_rachel_banham_headshot,Rachel Banham headshot,chicago_sky,headshot,approved athlete image missing,assets/leagues/wnba/athletes/chicago_sky_rachel_banham_headshot/headshot.png
chicago_sky_rachel_banham_headshot,Rachel Banham headshot,chicago_sky,cutout,approved athlete image missing,assets/leagues/wnba/athletes/chicago_sky_rachel_banham_headshot/cutout.png
chicago_sky_rena_wakama_headshot,Rena Wakama headshot,chicago_sky,headshot,approved athlete image missing,assets/leagues/wnba/athletes/chicago_sky_rena_wakama_headshot/headshot.png
chicago_sky_rena_wakama_headshot,Rena Wakama headshot,chicago_sky,cutout,approved athlete image missing,assets/leagues/wnba/athletes/chicago_sky_rena_wakama_headshot/cutout.png
chicago_sky_rickea_jackson_headshot,Rickea Jackson headshot,chicago_sky,headshot,approved athlete image missing,assets/leagues/wnba/athletes/chicago_sky_rickea_jackson_headshot/headshot.png
chicago_sky_rickea_jackson_headshot,Rickea Jackson headshot,chicago_sky,cutout,approved athlete image missing,assets/leagues/wnba/athletes/chicago_sky_rickea_jackson_headshot/cutout.png
chicago_sky_saylor_poffenbarger_headshot,Saylor Poffenbarger headshot,chicago_sky,headshot,approved athlete image missing,assets/leagues/wnba/athletes/chicago_sky_saylor_poffenbarger_headshot/headshot.png
chicago_sky_saylor_poffenbarger_headshot,Saylor Poffenbarger headshot,chicago_sky,cutout,approved athlete image missing,assets/leagues/wnba/athletes/chicago_sky_saylor_poffenbarger_headshot/cutout.png
chicago_sky_skylar_diggins_headshot,Skylar Diggins headshot,chicago_sky,headshot,approved athlete image missing,assets/leagues/wnba/athletes/chicago_sky_skylar_diggins_headshot/headshot.png
chicago_sky_skylar_diggins_headshot,Skylar Diggins headshot,chicago_sky,cutout,approved athlete image missing,assets/leagues/wnba/athletes/chicago_sky_skylar_diggins_headshot/cutout.png
chicago_sky_sydney_taylor_headshot,Sydney Taylor headshot,chicago_sky,headshot,approved athlete image missing,assets/leagues/wnba/athletes/chicago_sky_sydney_taylor_headshot/headshot.png
chicago_sky_sydney_taylor_headshot,Sydney Taylor headshot,chicago_sky,cutout,approved athlete image missing,assets/leagues/wnba/athletes/chicago_sky_sydney_taylor_headshot/cutout.png
chicago_sky_tyler_marsh_headshot,Tyler Marsh headshot,chicago_sky,headshot,approved athlete image missing,assets/leagues/wnba/athletes/chicago_sky_tyler_marsh_headshot/headshot.png
chicago_sky_tyler_marsh_headshot,Tyler Marsh headshot,chicago_sky,cutout,approved athlete image missing,assets/leagues/wnba/athletes/chicago_sky_tyler_marsh_headshot/cutout.png
connecticut_sun_aaliyah_edwards_headshot,Aaliyah Edwards headshot,connecticut_sun,headshot,approved athlete image missing,assets/leagues/wnba/athletes/connecticut_sun_aaliyah_edwards_headshot/headshot.png
connecticut_sun_aaliyah_edwards_headshot,Aaliyah Edwards headshot,connecticut_sun,cutout,approved athlete image missing,assets/leagues/wnba/athletes/connecticut_sun_aaliyah_edwards_headshot/cutout.png
connecticut_sun_aneesah_morrow_headshot,Aneesah Morrow headshot,connecticut_sun,headshot,approved athlete image missing,assets/leagues/wnba/athletes/connecticut_sun_aneesah_morrow_headshot/headshot.png
connecticut_sun_aneesah_morrow_headshot,Aneesah Morrow headshot,connecticut_sun,cutout,approved athlete image missing,assets/leagues/wnba/athletes/connecticut_sun_aneesah_morrow_headshot/cutout.png
connecticut_sun_ashlee_mcgee_headshot,Ashlee McGee headshot,connecticut_sun,headshot,approved athlete image missing,assets/leagues/wnba/athletes/connecticut_sun_ashlee_mcgee_headshot/headshot.png
connecticut_sun_ashlee_mcgee_headshot,Ashlee McGee headshot,connecticut_sun,cutout,approved athlete image missing,assets/leagues/wnba/athletes/connecticut_sun_ashlee_mcgee_headshot/cutout.png
connecticut_sun_ashlon_jackson_headshot,Ashlon Jackson headshot,connecticut_sun,headshot,approved athlete image missing,assets/leagues/wnba/athletes/connecticut_sun_ashlon_jackson_headshot/headshot.png
connecticut_sun_ashlon_jackson_headshot,Ashlon Jackson headshot,connecticut_sun,cutout,approved athlete image missing,assets/leagues/wnba/athletes/connecticut_sun_ashlon_jackson_headshot/cutout.png
connecticut_sun_brianna_robinson_headshot,Brianna Robinson headshot,connecticut_sun,headshot,approved athlete image missing,assets/leagues/wnba/athletes/connecticut_sun_brianna_robinson_headshot/headshot.png
connecticut_sun_brianna_robinson_headshot,Brianna Robinson headshot,connecticut_sun,cutout,approved athlete image missing,assets/leagues/wnba/athletes/connecticut_sun_brianna_robinson_headshot/cutout.png
connecticut_sun_brittney_griner_headshot,Brittney Griner headshot,connecticut_sun,headshot,approved athlete image missing,assets/leagues/wnba/athletes/connecticut_sun_brittney_griner_headshot/headshot.png
connecticut_sun_brittney_griner_headshot,Brittney Griner headshot,connecticut_sun,cutout,approved athlete image missing,assets/leagues/wnba/athletes/connecticut_sun_brittney_griner_headshot/cutout.png
connecticut_sun_charlisse_leger_walker_headshot,Charlisse Leger-Walker headshot,connecticut_sun,headshot,approved athlete image missing,assets/leagues/wnba/athletes/connecticut_sun_charlisse_leger_walker_headshot/headshot.png
connecticut_sun_charlisse_leger_walker_headshot,Charlisse Leger-Walker headshot,connecticut_sun,cutout,approved athlete image missing,assets/leagues/wnba/athletes/connecticut_sun_charlisse_leger_walker_headshot/cutout.png
connecticut_sun_connecticut_sun,Connecticut Sun,connecticut_sun,headshot,approved athlete image missing,assets/leagues/wnba/athletes/connecticut_sun_connecticut_sun/headshot.png
connecticut_sun_connecticut_sun,Connecticut Sun,connecticut_sun,cutout,approved athlete image missing,assets/leagues/wnba/athletes/connecticut_sun_connecticut_sun/cutout.png
connecticut_sun_diamond_miller_headshot,Diamond Miller headshot,connecticut_sun,headshot,approved athlete image missing,assets/leagues/wnba/athletes/connecticut_sun_diamond_miller_headshot/headshot.png
connecticut_sun_diamond_miller_headshot,Diamond Miller headshot,connecticut_sun,cutout,approved athlete image missing,assets/leagues/wnba/athletes/connecticut_sun_diamond_miller_headshot/cutout.png
connecticut_sun_download_on_the_apple_app_store,Download on the Apple App Store,connecticut_sun,headshot,approved athlete image missing,assets/leagues/wnba/athletes/connecticut_sun_download_on_the_apple_app_store/headshot.png
connecticut_sun_download_on_the_apple_app_store,Download on the Apple App Store,connecticut_sun,cutout,approved athlete image missing,assets/leagues/wnba/athletes/connecticut_sun_download_on_the_apple_app_store/cutout.png
connecticut_sun_get_it_on_google_play,Get it on Google Play,connecticut_sun,headshot,approved athlete image missing,assets/leagues/wnba/athletes/connecticut_sun_get_it_on_google_play/headshot.png
connecticut_sun_get_it_on_google_play,Get it on Google Play,connecticut_sun,cutout,approved athlete image missing,assets/leagues/wnba/athletes/connecticut_sun_get_it_on_google_play/cutout.png
connecticut_sun_gianna_kneepkens_headshot,Gianna Kneepkens headshot,connecticut_sun,headshot,approved athlete image missing,assets/leagues/wnba/athletes/connecticut_sun_gianna_kneepkens_headshot/headshot.png
connecticut_sun_gianna_kneepkens_headshot,Gianna Kneepkens headshot,connecticut_sun,cutout,approved athlete image missing,assets/leagues/wnba/athletes/connecticut_sun_gianna_kneepkens_headshot/cutout.png
connecticut_sun_hailey_van_lith_headshot,Hailey Van Lith headshot,connecticut_sun,headshot,approved athlete image missing,assets/leagues/wnba/athletes/connecticut_sun_hailey_van_lith_headshot/headshot.png
connecticut_sun_hailey_van_lith_headshot,Hailey Van Lith headshot,connecticut_sun,cutout,approved athlete image missing,assets/leagues/wnba/athletes/connecticut_sun_hailey_van_lith_headshot/cutout.png
connecticut_sun_kennedy_burke_headshot,Kennedy Burke headshot,connecticut_sun,headshot,approved athlete image missing,assets/leagues/wnba/athletes/connecticut_sun_kennedy_burke_headshot/headshot.png
connecticut_sun_kennedy_burke_headshot,Kennedy Burke headshot,connecticut_sun,cutout,approved athlete image missing,assets/leagues/wnba/athletes/connecticut_sun_kennedy_burke_headshot/cutout.png
connecticut_sun_leila_lacan_headshot,Leila Lacan headshot,connecticut_sun,headshot,approved athlete image missing,assets/leagues/wnba/athletes/connecticut_sun_leila_lacan_headshot/headshot.png
connecticut_sun_leila_lacan_headshot,Leila Lacan headshot,connecticut_sun,cutout,approved athlete image missing,assets/leagues/wnba/athletes/connecticut_sun_leila_lacan_headshot/cutout.png
connecticut_sun_nell_angloma_headshot,Nell Angloma headshot,connecticut_sun,headshot,approved athlete image missing,assets/leagues/wnba/athletes/connecticut_sun_nell_angloma_headshot/headshot.png
connecticut_sun_nell_angloma_headshot,Nell Angloma headshot,connecticut_sun,cutout,approved athlete image missing,assets/leagues/wnba/athletes/connecticut_sun_nell_angloma_headshot/cutout.png
connecticut_sun_olivia_nelson_ododa_headshot,Olivia Nelson-Ododa headshot,connecticut_sun,headshot,approved athlete image missing,assets/leagues/wnba/athletes/connecticut_sun_olivia_nelson_ododa_headshot/headshot.png
connecticut_sun_olivia_nelson_ododa_headshot,Olivia Nelson-Ododa headshot,connecticut_sun,cutout,approved athlete image missing,assets/leagues/wnba/athletes/connecticut_sun_olivia_nelson_ododa_headshot/cutout.png
connecticut_sun_pascal_angillis_headshot,Pascal Angillis headshot,connecticut_sun,headshot,approved athlete image missing,assets/leagues/wnba/athletes/connecticut_sun_pascal_angillis_headshot/headshot.png
connecticut_sun_pascal_angillis_headshot,Pascal Angillis headshot,connecticut_sun,cutout,approved athlete image missing,assets/leagues/wnba/athletes/connecticut_sun_pascal_angillis_headshot/cutout.png
connecticut_sun_rachid_meziane_headshot,Rachid Meziane headshot,connecticut_sun,headshot,approved athlete image missing,assets/leagues/wnba/athletes/connecticut_sun_rachid_meziane_headshot/headshot.png
connecticut_sun_rachid_meziane_headshot,Rachid Meziane headshot,connecticut_sun,cutout,approved athlete image missing,assets/leagues/wnba/athletes/connecticut_sun_rachid_meziane_headshot/cutout.png
connecticut_sun_raegan_beers_headshot,Raegan Beers headshot,connecticut_sun,headshot,approved athlete image missing,assets/leagues/wnba/athletes/connecticut_sun_raegan_beers_headshot/headshot.png
connecticut_sun_raegan_beers_headshot,Raegan Beers headshot,connecticut_sun,cutout,approved athlete image missing,assets/leagues/wnba/athletes/connecticut_sun_raegan_beers_headshot/cutout.png
connecticut_sun_roneeka_hodges_headshot,Roneeka Hodges headshot,connecticut_sun,headshot,approved athlete image missing,assets/leagues/wnba/athletes/connecticut_sun_roneeka_hodges_headshot/headshot.png
connecticut_sun_roneeka_hodges_headshot,Roneeka Hodges headshot,connecticut_sun,cutout,approved athlete image missing,assets/leagues/wnba/athletes/connecticut_sun_roneeka_hodges_headshot/cutout.png
connecticut_sun_saniya_rivers_headshot,Saniya Rivers headshot,connecticut_sun,headshot,approved athlete image missing,assets/leagues/wnba/athletes/connecticut_sun_saniya_rivers_headshot/headshot.png
connecticut_sun_saniya_rivers_headshot,Saniya Rivers headshot,connecticut_sun,cutout,approved athlete image missing,assets/leagues/wnba/athletes/connecticut_sun_saniya_rivers_headshot/cutout.png
connecticut_sun_terri_acosta_headshot,Terri Acosta headshot,connecticut_sun,headshot,approved athlete image missing,assets/leagues/wnba/athletes/connecticut_sun_terri_acosta_headshot/headshot.png
connecticut_sun_terri_acosta_headshot,Terri Acosta headshot,connecticut_sun,cutout,approved athlete image missing,assets/leagues/wnba/athletes/connecticut_sun_terri_acosta_headshot/cutout.png
dallas_wings_aiyana_williams_headshot,Aiyana Williams headshot,dallas_wings,headshot,approved athlete image missing,assets/leagues/wnba/athletes/dallas_wings_aiyana_williams_headshot/headshot.png
dallas_wings_aiyana_williams_headshot,Aiyana Williams headshot,dallas_wings,cutout,approved athlete image missing,assets/leagues/wnba/athletes/dallas_wings_aiyana_williams_headshot/cutout.png
dallas_wings_alanna_smith_headshot,Alanna Smith headshot,dallas_wings,headshot,approved athlete image missing,assets/leagues/wnba/athletes/dallas_wings_alanna_smith_headshot/headshot.png
dallas_wings_alanna_smith_headshot,Alanna Smith headshot,dallas_wings,cutout,approved athlete image missing,assets/leagues/wnba/athletes/dallas_wings_alanna_smith_headshot/cutout.png
dallas_wings_allison_russell_headshot,Allison Russell headshot,dallas_wings,headshot,approved athlete image missing,assets/leagues/wnba/athletes/dallas_wings_allison_russell_headshot/headshot.png
dallas_wings_allison_russell_headshot,Allison Russell headshot,dallas_wings,cutout,approved athlete image missing,assets/leagues/wnba/athletes/dallas_wings_allison_russell_headshot/cutout.png
dallas_wings_alysha_clark_headshot,Alysha Clark headshot,dallas_wings,headshot,approved athlete image missing,assets/leagues/wnba/athletes/dallas_wings_alysha_clark_headshot/headshot.png
dallas_wings_alysha_clark_headshot,Alysha Clark headshot,dallas_wings,cutout,approved athlete image missing,assets/leagues/wnba/athletes/dallas_wings_alysha_clark_headshot/cutout.png
dallas_wings_arike_ogunbowale_headshot,Arike Ogunbowale headshot,dallas_wings,headshot,approved athlete image missing,assets/leagues/wnba/athletes/dallas_wings_arike_ogunbowale_headshot/headshot.png
dallas_wings_arike_ogunbowale_headshot,Arike Ogunbowale headshot,dallas_wings,cutout,approved athlete image missing,assets/leagues/wnba/athletes/dallas_wings_arike_ogunbowale_headshot/cutout.png
dallas_wings_awak_kuier_headshot,Awak Kuier headshot,dallas_wings,headshot,approved athlete image missing,assets/leagues/wnba/athletes/dallas_wings_awak_kuier_headshot/headshot.png
dallas_wings_awak_kuier_headshot,Awak Kuier headshot,dallas_wings,cutout,approved athlete image missing,assets/leagues/wnba/athletes/dallas_wings_awak_kuier_headshot/cutout.png
dallas_wings_aziaha_james_headshot,Aziaha James headshot,dallas_wings,headshot,approved athlete image missing,assets/leagues/wnba/athletes/dallas_wings_aziaha_james_headshot/headshot.png
dallas_wings_aziaha_james_headshot,Aziaha James headshot,dallas_wings,cutout,approved athlete image missing,assets/leagues/wnba/athletes/dallas_wings_aziaha_james_headshot/cutout.png
dallas_wings_azzi_fudd_headshot,Azzi Fudd headshot,dallas_wings,headshot,approved athlete image missing,assets/leagues/wnba/athletes/dallas_wings_azzi_fudd_headshot/headshot.png
dallas_wings_azzi_fudd_headshot,Azzi Fudd headshot,dallas_wings,cutout,approved athlete image missing,assets/leagues/wnba/athletes/dallas_wings_azzi_fudd_headshot/cutout.png
dallas_wings_camille_smith_headshot,Camille Smith headshot,dallas_wings,headshot,approved athlete image missing,assets/leagues/wnba/athletes/dallas_wings_camille_smith_headshot/headshot.png
dallas_wings_camille_smith_headshot,Camille Smith headshot,dallas_wings,cutout,approved athlete image missing,assets/leagues/wnba/athletes/dallas_wings_camille_smith_headshot/cutout.png
dallas_wings_costanza_verona_headshot,Costanza Verona headshot,dallas_wings,headshot,approved athlete image missing,assets/leagues/wnba/athletes/dallas_wings_costanza_verona_headshot/headshot.png
dallas_wings_costanza_verona_headshot,Costanza Verona headshot,dallas_wings,cutout,approved athlete image missing,assets/leagues/wnba/athletes/dallas_wings_costanza_verona_headshot/cutout.png
dallas_wings_dallas_wings,Dallas Wings,dallas_wings,headshot,approved athlete image missing,assets/leagues/wnba/athletes/dallas_wings_dallas_wings/headshot.png
dallas_wings_dallas_wings,Dallas Wings,dallas_wings,cutout,approved athlete image missing,assets/leagues/wnba/athletes/dallas_wings_dallas_wings/cutout.png
dallas_wings_david_adkins_headshot,David Adkins headshot,dallas_wings,headshot,approved athlete image missing,assets/leagues/wnba/athletes/dallas_wings_david_adkins_headshot/headshot.png
dallas_wings_david_adkins_headshot,David Adkins headshot,dallas_wings,cutout,approved athlete image missing,assets/leagues/wnba/athletes/dallas_wings_david_adkins_headshot/cutout.png
dallas_wings_download_on_the_apple_app_store,Download on the Apple App Store,dallas_wings,headshot,approved athlete image missing,assets/leagues/wnba/athletes/dallas_wings_download_on_the_apple_app_store/headshot.png
dallas_wings_download_on_the_apple_app_store,Download on the Apple App Store,dallas_wings,cutout,approved athlete image missing,assets/leagues/wnba/athletes/dallas_wings_download_on_the_apple_app_store/cutout.png
dallas_wings_empress_davenport_headshot,Empress Davenport headshot,dallas_wings,headshot,approved athlete image missing,assets/leagues/wnba/athletes/dallas_wings_empress_davenport_headshot/headshot.png
dallas_wings_empress_davenport_headshot,Empress Davenport headshot,dallas_wings,cutout,approved athlete image missing,assets/leagues/wnba/athletes/dallas_wings_empress_davenport_headshot/cutout.png
dallas_wings_get_it_on_google_play,Get it on Google Play,dallas_wings,headshot,approved athlete image missing,assets/leagues/wnba/athletes/dallas_wings_get_it_on_google_play/headshot.png
dallas_wings_get_it_on_google_play,Get it on Google Play,dallas_wings,cutout,approved athlete image missing,assets/leagues/wnba/athletes/dallas_wings_get_it_on_google_play/cutout.png
dallas_wings_jessica_shepard_headshot,Jessica Shepard headshot,dallas_wings,headshot,approved athlete image missing,assets/leagues/wnba/athletes/dallas_wings_jessica_shepard_headshot/headshot.png
dallas_wings_jessica_shepard_headshot,Jessica Shepard headshot,dallas_wings,cutout,approved athlete image missing,assets/leagues/wnba/athletes/dallas_wings_jessica_shepard_headshot/cutout.png
dallas_wings_jose_fernandez_headshot,Jose Fernandez headshot,dallas_wings,headshot,approved athlete image missing,assets/leagues/wnba/athletes/dallas_wings_jose_fernandez_headshot/headshot.png
dallas_wings_jose_fernandez_headshot,Jose Fernandez headshot,dallas_wings,cutout,approved athlete image missing,assets/leagues/wnba/athletes/dallas_wings_jose_fernandez_headshot/cutout.png
dallas_wings_li_yueru_headshot,Li Yueru headshot,dallas_wings,headshot,approved athlete image missing,assets/leagues/wnba/athletes/dallas_wings_li_yueru_headshot/headshot.png
dallas_wings_li_yueru_headshot,Li Yueru headshot,dallas_wings,cutout,approved athlete image missing,assets/leagues/wnba/athletes/dallas_wings_li_yueru_headshot/cutout.png
dallas_wings_maddy_siegrist_headshot,Maddy Siegrist headshot,dallas_wings,headshot,approved athlete image missing,assets/leagues/wnba/athletes/dallas_wings_maddy_siegrist_headshot/headshot.png
dallas_wings_maddy_siegrist_headshot,Maddy Siegrist headshot,dallas_wings,cutout,approved athlete image missing,assets/leagues/wnba/athletes/dallas_wings_maddy_siegrist_headshot/cutout.png
dallas_wings_mike_neighbors_headshot,Mike Neighbors headshot,dallas_wings,headshot,approved athlete image missing,assets/leagues/wnba/athletes/dallas_wings_mike_neighbors_headshot/headshot.png
dallas_wings_mike_neighbors_headshot,Mike Neighbors headshot,dallas_wings,cutout,approved athlete image missing,assets/leagues/wnba/athletes/dallas_wings_mike_neighbors_headshot/cutout.png
dallas_wings_odyssey_sims_headshot,Odyssey Sims headshot,dallas_wings,headshot,approved athlete image missing,assets/leagues/wnba/athletes/dallas_wings_odyssey_sims_headshot/headshot.png
dallas_wings_odyssey_sims_headshot,Odyssey Sims headshot,dallas_wings,cutout,approved athlete image missing,assets/leagues/wnba/athletes/dallas_wings_odyssey_sims_headshot/cutout.png
dallas_wings_paige_bueckers_headshot,Paige Bueckers headshot,dallas_wings,headshot,approved athlete image missing,assets/leagues/wnba/athletes/dallas_wings_paige_bueckers_headshot/headshot.png
dallas_wings_paige_bueckers_headshot,Paige Bueckers headshot,dallas_wings,cutout,approved athlete image missing,assets/leagues/wnba/athletes/dallas_wings_paige_bueckers_headshot/cutout.png
dallas_wings_sug_sutton_headshot,Sug Sutton headshot,dallas_wings,headshot,approved athlete image missing,assets/leagues/wnba/athletes/dallas_wings_sug_sutton_headshot/headshot.png
dallas_wings_sug_sutton_headshot,Sug Sutton headshot,dallas_wings,cutout,approved athlete image missing,assets/leagues/wnba/athletes/dallas_wings_sug_sutton_headshot/cutout.png
golden_state_valkyries_allison_dekuiper_headshot,Allison DeKuiper headshot,golden_state_valkyries,headshot,approved athlete image missing,assets/leagues/wnba/athletes/golden_state_valkyries_allison_dekuiper_headshot/headshot.png
golden_state_valkyries_allison_dekuiper_headshot,Allison DeKuiper headshot,golden_state_valkyries,cutout,approved athlete image missing,assets/leagues/wnba/athletes/golden_state_valkyries_allison_dekuiper_headshot/cutout.png
golden_state_valkyries_ashten_prechtel_headshot,Ashten Prechtel headshot,golden_state_valkyries,headshot,approved athlete image missing,assets/leagues/wnba/athletes/golden_state_valkyries_ashten_prechtel_headshot/headshot.png
golden_state_valkyries_ashten_prechtel_headshot,Ashten Prechtel headshot,golden_state_valkyries,cutout,approved athlete image missing,assets/leagues/wnba/athletes/golden_state_valkyries_ashten_prechtel_headshot/cutout.png
golden_state_valkyries_cecilia_zandalasini_headshot,Cecilia Zandalasini headshot,golden_state_valkyries,headshot,approved athlete image missing,assets/leagues/wnba/athletes/golden_state_valkyries_cecilia_zandalasini_headshot/headshot.png
golden_state_valkyries_cecilia_zandalasini_headshot,Cecilia Zandalasini headshot,golden_state_valkyries,cutout,approved athlete image missing,assets/leagues/wnba/athletes/golden_state_valkyries_cecilia_zandalasini_headshot/cutout.png
golden_state_valkyries_download_on_the_apple_app_store,Download on the Apple App Store,golden_state_valkyries,headshot,approved athlete image missing,assets/leagues/wnba/athletes/golden_state_valkyries_download_on_the_apple_app_store/headshot.png
golden_state_valkyries_download_on_the_apple_app_store,Download on the Apple App Store,golden_state_valkyries,cutout,approved athlete image missing,assets/leagues/wnba/athletes/golden_state_valkyries_download_on_the_apple_app_store/cutout.png
golden_state_valkyries_gabby_williams_headshot,Gabby Williams headshot,golden_state_valkyries,headshot,approved athlete image missing,assets/leagues/wnba/athletes/golden_state_valkyries_gabby_williams_headshot/headshot.png
golden_state_valkyries_gabby_williams_headshot,Gabby Williams headshot,golden_state_valkyries,cutout,approved athlete image missing,assets/leagues/wnba/athletes/golden_state_valkyries_gabby_williams_headshot/cutout.png
golden_state_valkyries_get_it_on_google_play,Get it on Google Play,golden_state_valkyries,headshot,approved athlete image missing,assets/leagues/wnba/athletes/golden_state_valkyries_get_it_on_google_play/headshot.png
golden_state_valkyries_get_it_on_google_play,Get it on Google Play,golden_state_valkyries,cutout,approved athlete image missing,assets/leagues/wnba/athletes/golden_state_valkyries_get_it_on_google_play/cutout.png
golden_state_valkyries_golden_state_valkyries,Golden State Valkyries,golden_state_valkyries,headshot,approved athlete image missing,assets/leagues/wnba/athletes/golden_state_valkyries_golden_state_valkyries/headshot.png
golden_state_valkyries_golden_state_valkyries,Golden State Valkyries,golden_state_valkyries,cutout,approved athlete image missing,assets/leagues/wnba/athletes/golden_state_valkyries_golden_state_valkyries/cutout.png
golden_state_valkyries_iliana_rupert_headshot,Iliana Rupert headshot,golden_state_valkyries,headshot,approved athlete image missing,assets/leagues/wnba/athletes/golden_state_valkyries_iliana_rupert_headshot/headshot.png
golden_state_valkyries_iliana_rupert_headshot,Iliana Rupert headshot,golden_state_valkyries,cutout,approved athlete image missing,assets/leagues/wnba/athletes/golden_state_valkyries_iliana_rupert_headshot/cutout.png
golden_state_valkyries_janelle_salaun_headshot,Janelle Salaun headshot,golden_state_valkyries,headshot,approved athlete image missing,assets/leagues/wnba/athletes/golden_state_valkyries_janelle_salaun_headshot/headshot.png
golden_state_valkyries_janelle_salaun_headshot,Janelle Salaun headshot,golden_state_valkyries,cutout,approved athlete image missing,assets/leagues/wnba/athletes/golden_state_valkyries_janelle_salaun_headshot/cutout.png
golden_state_valkyries_juste_jocyte_headshot,Juste Jocyte headshot,golden_state_valkyries,headshot,approved athlete image missing,assets/leagues/wnba/athletes/golden_state_valkyries_juste_jocyte_headshot/headshot.png
golden_state_valkyries_juste_jocyte_headshot,Juste Jocyte headshot,golden_state_valkyries,cutout,approved athlete image missing,assets/leagues/wnba/athletes/golden_state_valkyries_juste_jocyte_headshot/cutout.png
golden_state_valkyries_kaila_charles_headshot,Kaila Charles headshot,golden_state_valkyries,headshot,approved athlete image missing,assets/leagues/wnba/athletes/golden_state_valkyries_kaila_charles_headshot/headshot.png
golden_state_valkyries_kaila_charles_headshot,Kaila Charles headshot,golden_state_valkyries,cutout,approved athlete image missing,assets/leagues/wnba/athletes/golden_state_valkyries_kaila_charles_headshot/cutout.png
golden_state_valkyries_kaitlyn_chen_headshot,Kaitlyn Chen headshot,golden_state_valkyries,headshot,approved athlete image missing,assets/leagues/wnba/athletes/golden_state_valkyries_kaitlyn_chen_headshot/headshot.png
golden_state_valkyries_kaitlyn_chen_headshot,Kaitlyn Chen headshot,golden_state_valkyries,cutout,approved athlete image missing,assets/leagues/wnba/athletes/golden_state_valkyries_kaitlyn_chen_headshot/cutout.png
golden_state_valkyries_kasib_powell_headshot,Kasib Powell headshot,golden_state_valkyries,headshot,approved athlete image missing,assets/leagues/wnba/athletes/golden_state_valkyries_kasib_powell_headshot/headshot.png
golden_state_valkyries_kasib_powell_headshot,Kasib Powell headshot,golden_state_valkyries,cutout,approved athlete image missing,assets/leagues/wnba/athletes/golden_state_valkyries_kasib_powell_headshot/cutout.png
golden_state_valkyries_katelin_knox_headshot,Katelin Knox headshot,golden_state_valkyries,headshot,approved athlete image missing,assets/leagues/wnba/athletes/golden_state_valkyries_katelin_knox_headshot/headshot.png
golden_state_valkyries_katelin_knox_headshot,Katelin Knox headshot,golden_state_valkyries,cutout,approved athlete image missing,assets/leagues/wnba/athletes/golden_state_valkyries_katelin_knox_headshot/cutout.png
golden_state_valkyries_kayla_thornton_headshot,Kayla Thornton headshot,golden_state_valkyries,headshot,approved athlete image missing,assets/leagues/wnba/athletes/golden_state_valkyries_kayla_thornton_headshot/headshot.png
golden_state_valkyries_kayla_thornton_headshot,Kayla Thornton headshot,golden_state_valkyries,cutout,approved athlete image missing,assets/leagues/wnba/athletes/golden_state_valkyries_kayla_thornton_headshot/cutout.png
golden_state_valkyries_kiah_stokes_headshot,Kiah Stokes headshot,golden_state_valkyries,headshot,approved athlete image missing,assets/leagues/wnba/athletes/golden_state_valkyries_kiah_stokes_headshot/headshot.png
golden_state_valkyries_kiah_stokes_headshot,Kiah Stokes headshot,golden_state_valkyries,cutout,approved athlete image missing,assets/leagues/wnba/athletes/golden_state_valkyries_kiah_stokes_headshot/cutout.png
golden_state_valkyries_laeticia_amihere_headshot,Laeticia Amihere headshot,golden_state_valkyries,headshot,approved athlete image missing,assets/leagues/wnba/athletes/golden_state_valkyries_laeticia_amihere_headshot/headshot.png
golden_state_valkyries_laeticia_amihere_headshot,Laeticia Amihere headshot,golden_state_valkyries,cutout,approved athlete image missing,assets/leagues/wnba/athletes/golden_state_valkyries_laeticia_amihere_headshot/cutout.png
golden_state_valkyries_landon_tatum_headshot,Landon Tatum headshot,golden_state_valkyries,headshot,approved athlete image missing,assets/leagues/wnba/athletes/golden_state_valkyries_landon_tatum_headshot/headshot.png
golden_state_valkyries_landon_tatum_headshot,Landon Tatum headshot,golden_state_valkyries,cutout,approved athlete image missing,assets/leagues/wnba/athletes/golden_state_valkyries_landon_tatum_headshot/cutout.png
golden_state_valkyries_miela_sowah_headshot,Miela Sowah headshot,golden_state_valkyries,headshot,approved athlete image missing,assets/leagues/wnba/athletes/golden_state_valkyries_miela_sowah_headshot/headshot.png
golden_state_valkyries_miela_sowah_headshot,Miela Sowah headshot,golden_state_valkyries,cutout,approved athlete image missing,assets/leagues/wnba/athletes/golden_state_valkyries_miela_sowah_headshot/cutout.png
golden_state_valkyries_nadia_fingall_headshot,Nadia Fingall headshot,golden_state_valkyries,headshot,approved athlete image missing,assets/leagues/wnba/athletes/golden_state_valkyries_nadia_fingall_headshot/headshot.png
golden_state_valkyries_nadia_fingall_headshot,Nadia Fingall headshot,golden_state_valkyries,cutout,approved athlete image missing,assets/leagues/wnba/athletes/golden_state_valkyries_nadia_fingall_headshot/cutout.png
golden_state_valkyries_natalie_nakase_headshot,Natalie Nakase headshot,golden_state_valkyries,headshot,approved athlete image missing,assets/leagues/wnba/athletes/golden_state_valkyries_natalie_nakase_headshot/headshot.png
golden_state_valkyries_natalie_nakase_headshot,Natalie Nakase headshot,golden_state_valkyries,cutout,approved athlete image missing,assets/leagues/wnba/athletes/golden_state_valkyries_natalie_nakase_headshot/cutout.png
golden_state_valkyries_sugar_rodgers_headshot,Sugar Rodgers headshot,golden_state_valkyries,headshot,approved athlete image missing,assets/leagues/wnba/athletes/golden_state_valkyries_sugar_rodgers_headshot/headshot.png
golden_state_valkyries_sugar_rodgers_headshot,Sugar Rodgers headshot,golden_state_valkyries,cutout,approved athlete image missing,assets/leagues/wnba/athletes/golden_state_valkyries_sugar_rodgers_headshot/cutout.png
golden_state_valkyries_tiffany_hayes_headshot,Tiffany Hayes headshot,golden_state_valkyries,headshot,approved athlete image missing,assets/leagues/wnba/athletes/golden_state_valkyries_tiffany_hayes_headshot/headshot.png
golden_state_valkyries_tiffany_hayes_headshot,Tiffany Hayes headshot,golden_state_valkyries,cutout,approved athlete image missing,assets/leagues/wnba/athletes/golden_state_valkyries_tiffany_hayes_headshot/cutout.png
golden_state_valkyries_veronica_burton_headshot,Veronica Burton headshot,golden_state_valkyries,headshot,approved athlete image missing,assets/leagues/wnba/athletes/golden_state_valkyries_veronica_burton_headshot/headshot.png
golden_state_valkyries_veronica_burton_headshot,Veronica Burton headshot,golden_state_valkyries,cutout,approved athlete image missing,assets/leagues/wnba/athletes/golden_state_valkyries_veronica_burton_headshot/cutout.png
indiana_fever_aliyah_boston_headshot,Aliyah Boston headshot,indiana_fever,headshot,approved athlete image missing,assets/leagues/wnba/athletes/indiana_fever_aliyah_boston_headshot/headshot.png
indiana_fever_aliyah_boston_headshot,Aliyah Boston headshot,indiana_fever,cutout,approved athlete image missing,assets/leagues/wnba/athletes/indiana_fever_aliyah_boston_headshot/cutout.png
indiana_fever_austin_kelly_headshot,Austin Kelly headshot,indiana_fever,headshot,approved athlete image missing,assets/leagues/wnba/athletes/indiana_fever_austin_kelly_headshot/headshot.png
indiana_fever_austin_kelly_headshot,Austin Kelly headshot,indiana_fever,cutout,approved athlete image missing,assets/leagues/wnba/athletes/indiana_fever_austin_kelly_headshot/cutout.png
indiana_fever_bree_hall_headshot,Bree Hall headshot,indiana_fever,headshot,approved athlete image missing,assets/leagues/wnba/athletes/indiana_fever_bree_hall_headshot/headshot.png
indiana_fever_bree_hall_headshot,Bree Hall headshot,indiana_fever,cutout,approved athlete image missing,assets/leagues/wnba/athletes/indiana_fever_bree_hall_headshot/cutout.png
indiana_fever_briann_january_headshot,Briann January headshot,indiana_fever,headshot,approved athlete image missing,assets/leagues/wnba/athletes/indiana_fever_briann_january_headshot/headshot.png
indiana_fever_briann_january_headshot,Briann January headshot,indiana_fever,cutout,approved athlete image missing,assets/leagues/wnba/athletes/indiana_fever_briann_january_headshot/cutout.png
indiana_fever_caitlin_clark_headshot,Caitlin Clark headshot,indiana_fever,headshot,approved athlete image missing,assets/leagues/wnba/athletes/indiana_fever_caitlin_clark_headshot/headshot.png
indiana_fever_caitlin_clark_headshot,Caitlin Clark headshot,indiana_fever,cutout,approved athlete image missing,assets/leagues/wnba/athletes/indiana_fever_caitlin_clark_headshot/cutout.png
indiana_fever_damiris_dantas_headshot,Damiris Dantas headshot,indiana_fever,headshot,approved athlete image missing,assets/leagues/wnba/athletes/indiana_fever_damiris_dantas_headshot/headshot.png
indiana_fever_damiris_dantas_headshot,Damiris Dantas headshot,indiana_fever,cutout,approved athlete image missing,assets/leagues/wnba/athletes/indiana_fever_damiris_dantas_headshot/cutout.png
indiana_fever_download_on_the_apple_app_store,Download on the Apple App Store,indiana_fever,headshot,approved athlete image missing,assets/leagues/wnba/athletes/indiana_fever_download_on_the_apple_app_store/headshot.png
indiana_fever_download_on_the_apple_app_store,Download on the Apple App Store,indiana_fever,cutout,approved athlete image missing,assets/leagues/wnba/athletes/indiana_fever_download_on_the_apple_app_store/cutout.png
indiana_fever_get_it_on_google_play,Get it on Google Play,indiana_fever,headshot,approved athlete image missing,assets/leagues/wnba/athletes/indiana_fever_get_it_on_google_play/headshot.png
indiana_fever_get_it_on_google_play,Get it on Google Play,indiana_fever,cutout,approved athlete image missing,assets/leagues/wnba/athletes/indiana_fever_get_it_on_google_play/cutout.png
indiana_fever_grace_vanslooten_headshot,Grace VanSlooten headshot,indiana_fever,headshot,approved athlete image missing,assets/leagues/wnba/athletes/indiana_fever_grace_vanslooten_headshot/headshot.png
indiana_fever_grace_vanslooten_headshot,Grace VanSlooten headshot,indiana_fever,cutout,approved athlete image missing,assets/leagues/wnba/athletes/indiana_fever_grace_vanslooten_headshot/cutout.png
indiana_fever_indiana_fever,Indiana Fever,indiana_fever,headshot,approved athlete image missing,assets/leagues/wnba/athletes/indiana_fever_indiana_fever/headshot.png
indiana_fever_indiana_fever,Indiana Fever,indiana_fever,cutout,approved athlete image missing,assets/leagues/wnba/athletes/indiana_fever_indiana_fever/cutout.png
indiana_fever_justine_pissott_headshot,Justine Pissott headshot,indiana_fever,headshot,approved athlete image missing,assets/leagues/wnba/athletes/indiana_fever_justine_pissott_headshot/headshot.png
indiana_fever_justine_pissott_headshot,Justine Pissott headshot,indiana_fever,cutout,approved athlete image missing,assets/leagues/wnba/athletes/indiana_fever_justine_pissott_headshot/cutout.png
indiana_fever_karima_christmas_kelly_headshot,Karima Christmas-Kelly headshot,indiana_fever,headshot,approved athlete image missing,assets/leagues/wnba/athletes/indiana_fever_karima_christmas_kelly_headshot/headshot.png
indiana_fever_karima_christmas_kelly_headshot,Karima Christmas-Kelly headshot,indiana_fever,cutout,approved athlete image missing,assets/leagues/wnba/athletes/indiana_fever_karima_christmas_kelly_headshot/cutout.png
indiana_fever_kelsey_mitchell_headshot,Kelsey Mitchell headshot,indiana_fever,headshot,approved athlete image missing,assets/leagues/wnba/athletes/indiana_fever_kelsey_mitchell_headshot/headshot.png
indiana_fever_kelsey_mitchell_headshot,Kelsey Mitchell headshot,indiana_fever,cutout,approved athlete image missing,assets/leagues/wnba/athletes/indiana_fever_kelsey_mitchell_headshot/cutout.png
indiana_fever_lexie_hull_headshot,Lexie Hull headshot,indiana_fever,headshot,approved athlete image missing,assets/leagues/wnba/athletes/indiana_fever_lexie_hull_headshot/headshot.png
indiana_fever_lexie_hull_headshot,Lexie Hull headshot,indiana_fever,cutout,approved athlete image missing,assets/leagues/wnba/athletes/indiana_fever_lexie_hull_headshot/cutout.png
indiana_fever_makayla_timpson_headshot,Makayla Timpson headshot,indiana_fever,headshot,approved athlete image missing,assets/leagues/wnba/athletes/indiana_fever_makayla_timpson_headshot/headshot.png
indiana_fever_makayla_timpson_headshot,Makayla Timpson headshot,indiana_fever,cutout,approved athlete image missing,assets/leagues/wnba/athletes/indiana_fever_makayla_timpson_headshot/cutout.png
indiana_fever_monique_billings_headshot,Monique Billings headshot,indiana_fever,headshot,approved athlete image missing,assets/leagues/wnba/athletes/indiana_fever_monique_billings_headshot/headshot.png
indiana_fever_monique_billings_headshot,Monique Billings headshot,indiana_fever,cutout,approved athlete image missing,assets/leagues/wnba/athletes/indiana_fever_monique_billings_headshot/cutout.png
indiana_fever_myisha_hines_allen_headshot,Myisha Hines-Allen headshot,indiana_fever,headshot,approved athlete image missing,assets/leagues/wnba/athletes/indiana_fever_myisha_hines_allen_headshot/headshot.png
indiana_fever_myisha_hines_allen_headshot,Myisha Hines-Allen headshot,indiana_fever,cutout,approved athlete image missing,assets/leagues/wnba/athletes/indiana_fever_myisha_hines_allen_headshot/cutout.png
indiana_fever_raven_johnson_headshot,Raven Johnson headshot,indiana_fever,headshot,approved athlete image missing,assets/leagues/wnba/athletes/indiana_fever_raven_johnson_headshot/headshot.png
indiana_fever_raven_johnson_headshot,Raven Johnson headshot,indiana_fever,cutout,approved athlete image missing,assets/leagues/wnba/athletes/indiana_fever_raven_johnson_headshot/cutout.png
indiana_fever_sophie_cunningham_headshot,Sophie Cunningham headshot,indiana_fever,headshot,approved athlete image missing,assets/leagues/wnba/athletes/indiana_fever_sophie_cunningham_headshot/headshot.png
indiana_fever_sophie_cunningham_headshot,Sophie Cunningham headshot,indiana_fever,cutout,approved athlete image missing,assets/leagues/wnba/athletes/indiana_fever_sophie_cunningham_headshot/cutout.png
indiana_fever_stephanie_white_headshot,Stephanie White headshot,indiana_fever,headshot,approved athlete image missing,assets/leagues/wnba/athletes/indiana_fever_stephanie_white_headshot/headshot.png
indiana_fever_stephanie_white_headshot,Stephanie White headshot,indiana_fever,cutout,approved athlete image missing,assets/leagues/wnba/athletes/indiana_fever_stephanie_white_headshot/cutout.png
indiana_fever_tyasha_harris_headshot,Tyasha Harris headshot,indiana_fever,headshot,approved athlete image missing,assets/leagues/wnba/athletes/indiana_fever_tyasha_harris_headshot/headshot.png
indiana_fever_tyasha_harris_headshot,Tyasha Harris headshot,indiana_fever,cutout,approved athlete image missing,assets/leagues/wnba/athletes/indiana_fever_tyasha_harris_headshot/cutout.png
las_vegas_aces_becky_hammon_headshot,Becky Hammon headshot,las_vegas_aces,headshot,approved athlete image missing,assets/leagues/wnba/athletes/las_vegas_aces_becky_hammon_headshot/headshot.png
las_vegas_aces_becky_hammon_headshot,Becky Hammon headshot,las_vegas_aces,cutout,approved athlete image missing,assets/leagues/wnba/athletes/las_vegas_aces_becky_hammon_headshot/cutout.png
las_vegas_aces_brianna_turner_headshot,Brianna Turner headshot,las_vegas_aces,headshot,approved athlete image missing,assets/leagues/wnba/athletes/las_vegas_aces_brianna_turner_headshot/headshot.png
las_vegas_aces_brianna_turner_headshot,Brianna Turner headshot,las_vegas_aces,cutout,approved athlete image missing,assets/leagues/wnba/athletes/las_vegas_aces_brianna_turner_headshot/cutout.png
las_vegas_aces_bryson_creer_headshot,Bryson Creer headshot,las_vegas_aces,headshot,approved athlete image missing,assets/leagues/wnba/athletes/las_vegas_aces_bryson_creer_headshot/headshot.png
las_vegas_aces_bryson_creer_headshot,Bryson Creer headshot,las_vegas_aces,cutout,approved athlete image missing,assets/leagues/wnba/athletes/las_vegas_aces_bryson_creer_headshot/cutout.png
las_vegas_aces_charlene_thomas_swinson_headshot,Charlene Thomas-Swinson headshot,las_vegas_aces,headshot,approved athlete image missing,assets/leagues/wnba/athletes/las_vegas_aces_charlene_thomas_swinson_headshot/headshot.png
las_vegas_aces_charlene_thomas_swinson_headshot,Charlene Thomas-Swinson headshot,las_vegas_aces,cutout,approved athlete image missing,assets/leagues/wnba/athletes/las_vegas_aces_charlene_thomas_swinson_headshot/cutout.png
las_vegas_aces_chelsea_gray_headshot,Chelsea Gray headshot,las_vegas_aces,headshot,approved athlete image missing,assets/leagues/wnba/athletes/las_vegas_aces_chelsea_gray_headshot/headshot.png
las_vegas_aces_chelsea_gray_headshot,Chelsea Gray headshot,las_vegas_aces,cutout,approved athlete image missing,assets/leagues/wnba/athletes/las_vegas_aces_chelsea_gray_headshot/cutout.png
las_vegas_aces_chennedy_carter_headshot,Chennedy Carter headshot,las_vegas_aces,headshot,approved athlete image missing,assets/leagues/wnba/athletes/las_vegas_aces_chennedy_carter_headshot/headshot.png
las_vegas_aces_chennedy_carter_headshot,Chennedy Carter headshot,las_vegas_aces,cutout,approved athlete image missing,assets/leagues/wnba/athletes/las_vegas_aces_chennedy_carter_headshot/cutout.png
las_vegas_aces_cheyenne_parker_tyus_headshot,Cheyenne Parker-Tyus headshot,las_vegas_aces,headshot,approved athlete image missing,assets/leagues/wnba/athletes/las_vegas_aces_cheyenne_parker_tyus_headshot/headshot.png
las_vegas_aces_cheyenne_parker_tyus_headshot,Cheyenne Parker-Tyus headshot,las_vegas_aces,cutout,approved athlete image missing,assets/leagues/wnba/athletes/las_vegas_aces_cheyenne_parker_tyus_headshot/cutout.png
las_vegas_aces_ciara_burgi_headshot,Ciara Burgi headshot,las_vegas_aces,headshot,approved athlete image missing,assets/leagues/wnba/athletes/las_vegas_aces_ciara_burgi_headshot/headshot.png
las_vegas_aces_ciara_burgi_headshot,Ciara Burgi headshot,las_vegas_aces,cutout,approved athlete image missing,assets/leagues/wnba/athletes/las_vegas_aces_ciara_burgi_headshot/cutout.png
las_vegas_aces_dana_evans_headshot,Dana Evans headshot,las_vegas_aces,headshot,approved athlete image missing,assets/leagues/wnba/athletes/las_vegas_aces_dana_evans_headshot/headshot.png
las_vegas_aces_dana_evans_headshot,Dana Evans headshot,las_vegas_aces,cutout,approved athlete image missing,assets/leagues/wnba/athletes/las_vegas_aces_dana_evans_headshot/cutout.png
las_vegas_aces_download_on_the_apple_app_store,Download on the Apple App Store,las_vegas_aces,headshot,approved athlete image missing,assets/leagues/wnba/athletes/las_vegas_aces_download_on_the_apple_app_store/headshot.png
las_vegas_aces_download_on_the_apple_app_store,Download on the Apple App Store,las_vegas_aces,cutout,approved athlete image missing,assets/leagues/wnba/athletes/las_vegas_aces_download_on_the_apple_app_store/cutout.png
las_vegas_aces_get_it_on_google_play,Get it on Google Play,las_vegas_aces,headshot,approved athlete image missing,assets/leagues/wnba/athletes/las_vegas_aces_get_it_on_google_play/headshot.png
las_vegas_aces_get_it_on_google_play,Get it on Google Play,las_vegas_aces,cutout,approved athlete image missing,assets/leagues/wnba/athletes/las_vegas_aces_get_it_on_google_play/cutout.png
las_vegas_aces_jackie_young_headshot,Jackie Young headshot,las_vegas_aces,headshot,approved athlete image missing,assets/leagues/wnba/athletes/las_vegas_aces_jackie_young_headshot/headshot.png
las_vegas_aces_jackie_young_headshot,Jackie Young headshot,las_vegas_aces,cutout,approved athlete image missing,assets/leagues/wnba/athletes/las_vegas_aces_jackie_young_headshot/cutout.png
las_vegas_aces_janiah_barker_headshot,Janiah Barker headshot,las_vegas_aces,headshot,approved athlete image missing,assets/leagues/wnba/athletes/las_vegas_aces_janiah_barker_headshot/headshot.png
las_vegas_aces_janiah_barker_headshot,Janiah Barker headshot,las_vegas_aces,cutout,approved athlete image missing,assets/leagues/wnba/athletes/las_vegas_aces_janiah_barker_headshot/cutout.png
las_vegas_aces_jerrica_thomas_headshot,Jerrica Thomas headshot,las_vegas_aces,headshot,approved athlete image missing,assets/leagues/wnba/athletes/las_vegas_aces_jerrica_thomas_headshot/headshot.png
las_vegas_aces_jerrica_thomas_headshot,Jerrica Thomas headshot,las_vegas_aces,cutout,approved athlete image missing,assets/leagues/wnba/athletes/las_vegas_aces_jerrica_thomas_headshot/cutout.png
las_vegas_aces_jewell_loyd_headshot,Jewell Loyd headshot,las_vegas_aces,headshot,approved athlete image missing,assets/leagues/wnba/athletes/las_vegas_aces_jewell_loyd_headshot/headshot.png
las_vegas_aces_jewell_loyd_headshot,Jewell Loyd headshot,las_vegas_aces,cutout,approved athlete image missing,assets/leagues/wnba/athletes/las_vegas_aces_jewell_loyd_headshot/cutout.png
las_vegas_aces_kierstan_bell_headshot,Kierstan Bell headshot,las_vegas_aces,headshot,approved athlete image missing,assets/leagues/wnba/athletes/las_vegas_aces_kierstan_bell_headshot/headshot.png
las_vegas_aces_kierstan_bell_headshot,Kierstan Bell headshot,las_vegas_aces,cutout,approved athlete image missing,assets/leagues/wnba/athletes/las_vegas_aces_kierstan_bell_headshot/cutout.png
las_vegas_aces_larry_lewis_headshot,Larry Lewis headshot,las_vegas_aces,headshot,approved athlete image missing,assets/leagues/wnba/athletes/las_vegas_aces_larry_lewis_headshot/headshot.png
las_vegas_aces_larry_lewis_headshot,Larry Lewis headshot,las_vegas_aces,cutout,approved athlete image missing,assets/leagues/wnba/athletes/las_vegas_aces_larry_lewis_headshot/cutout.png
las_vegas_aces_las_vegas_aces,Las Vegas Aces,las_vegas_aces,headshot,approved athlete image missing,assets/leagues/wnba/athletes/las_vegas_aces_las_vegas_aces/headshot.png
las_vegas_aces_las_vegas_aces,Las Vegas Aces,las_vegas_aces,cutout,approved athlete image missing,assets/leagues/wnba/athletes/las_vegas_aces_las_vegas_aces/cutout.png
las_vegas_aces_micah_fraction_headshot,Micah Fraction headshot,las_vegas_aces,headshot,approved athlete image missing,assets/leagues/wnba/athletes/las_vegas_aces_micah_fraction_headshot/headshot.png
las_vegas_aces_micah_fraction_headshot,Micah Fraction headshot,las_vegas_aces,cutout,approved athlete image missing,assets/leagues/wnba/athletes/las_vegas_aces_micah_fraction_headshot/cutout.png
las_vegas_aces_nalyssa_smith_headshot,NaLyssa Smith headshot,las_vegas_aces,headshot,approved athlete image missing,assets/leagues/wnba/athletes/las_vegas_aces_nalyssa_smith_headshot/headshot.png
las_vegas_aces_nalyssa_smith_headshot,NaLyssa Smith headshot,las_vegas_aces,cutout,approved athlete image missing,assets/leagues/wnba/athletes/las_vegas_aces_nalyssa_smith_headshot/cutout.png
las_vegas_aces_nola_henry_headshot,Nola Henry headshot,las_vegas_aces,headshot,approved athlete image missing,assets/leagues/wnba/athletes/las_vegas_aces_nola_henry_headshot/headshot.png
las_vegas_aces_nola_henry_headshot,Nola Henry headshot,las_vegas_aces,cutout,approved athlete image missing,assets/leagues/wnba/athletes/las_vegas_aces_nola_henry_headshot/cutout.png
las_vegas_aces_stephanie_talbot_headshot,Stephanie Talbot headshot,las_vegas_aces,headshot,approved athlete image missing,assets/leagues/wnba/athletes/las_vegas_aces_stephanie_talbot_headshot/headshot.png
las_vegas_aces_stephanie_talbot_headshot,Stephanie Talbot headshot,las_vegas_aces,cutout,approved athlete image missing,assets/leagues/wnba/athletes/las_vegas_aces_stephanie_talbot_headshot/cutout.png
las_vegas_aces_ty_ellis_headshot,Ty Ellis headshot,las_vegas_aces,headshot,approved athlete image missing,assets/leagues/wnba/athletes/las_vegas_aces_ty_ellis_headshot/headshot.png
las_vegas_aces_ty_ellis_headshot,Ty Ellis headshot,las_vegas_aces,cutout,approved athlete image missing,assets/leagues/wnba/athletes/las_vegas_aces_ty_ellis_headshot/cutout.png
los_angeles_sparks_ariel_atkins_headshot,Ariel Atkins headshot,los_angeles_sparks,headshot,approved athlete image missing,assets/leagues/wnba/athletes/los_angeles_sparks_ariel_atkins_headshot/headshot.png
los_angeles_sparks_ariel_atkins_headshot,Ariel Atkins headshot,los_angeles_sparks,cutout,approved athlete image missing,assets/leagues/wnba/athletes/los_angeles_sparks_ariel_atkins_headshot/cutout.png
los_angeles_sparks_cameron_brink_headshot,Cameron Brink headshot,los_angeles_sparks,headshot,approved athlete image missing,assets/leagues/wnba/athletes/los_angeles_sparks_cameron_brink_headshot/headshot.png
los_angeles_sparks_cameron_brink_headshot,Cameron Brink headshot,los_angeles_sparks,cutout,approved athlete image missing,assets/leagues/wnba/athletes/los_angeles_sparks_cameron_brink_headshot/cutout.png
los_angeles_sparks_chance_gray_headshot,Chance Gray headshot,los_angeles_sparks,headshot,approved athlete image missing,assets/leagues/wnba/athletes/los_angeles_sparks_chance_gray_headshot/headshot.png
los_angeles_sparks_chance_gray_headshot,Chance Gray headshot,los_angeles_sparks,cutout,approved athlete image missing,assets/leagues/wnba/athletes/los_angeles_sparks_chance_gray_headshot/cutout.png
los_angeles_sparks_dearica_hamby_headshot,Dearica Hamby headshot,los_angeles_sparks,headshot,approved athlete image missing,assets/leagues/wnba/athletes/los_angeles_sparks_dearica_hamby_headshot/headshot.png
los_angeles_sparks_dearica_hamby_headshot,Dearica Hamby headshot,los_angeles_sparks,cutout,approved athlete image missing,assets/leagues/wnba/athletes/los_angeles_sparks_dearica_hamby_headshot/cutout.png
los_angeles_sparks_ebony_hoffman_headshot,Ebony Hoffman headshot,los_angeles_sparks,headshot,approved athlete image missing,assets/leagues/wnba/athletes/los_angeles_sparks_ebony_hoffman_headshot/headshot.png
los_angeles_sparks_ebony_hoffman_headshot,Ebony Hoffman headshot,los_angeles_sparks,cutout,approved athlete image missing,assets/leagues/wnba/athletes/los_angeles_sparks_ebony_hoffman_headshot/cutout.png
los_angeles_sparks_emma_cannon_headshot,Emma Cannon headshot,los_angeles_sparks,headshot,approved athlete image missing,assets/leagues/wnba/athletes/los_angeles_sparks_emma_cannon_headshot/headshot.png
los_angeles_sparks_emma_cannon_headshot,Emma Cannon headshot,los_angeles_sparks,cutout,approved athlete image missing,assets/leagues/wnba/athletes/los_angeles_sparks_emma_cannon_headshot/cutout.png
los_angeles_sparks_erica_wheeler_headshot,Erica Wheeler headshot,los_angeles_sparks,headshot,approved athlete image missing,assets/leagues/wnba/athletes/los_angeles_sparks_erica_wheeler_headshot/headshot.png
los_angeles_sparks_erica_wheeler_headshot,Erica Wheeler headshot,los_angeles_sparks,cutout,approved athlete image missing,assets/leagues/wnba/athletes/los_angeles_sparks_erica_wheeler_headshot/cutout.png
los_angeles_sparks_jihyun_park_headshot,Jihyun Park headshot,los_angeles_sparks,headshot,approved athlete image missing,assets/leagues/wnba/athletes/los_angeles_sparks_jihyun_park_headshot/headshot.png
los_angeles_sparks_jihyun_park_headshot,Jihyun Park headshot,los_angeles_sparks,cutout,approved athlete image missing,assets/leagues/wnba/athletes/los_angeles_sparks_jihyun_park_headshot/cutout.png
los_angeles_sparks_karrisa_scherer_headshot,Karrisa Scherer headshot,los_angeles_sparks,headshot,approved athlete image missing,assets/leagues/wnba/athletes/los_angeles_sparks_karrisa_scherer_headshot/headshot.png
los_angeles_sparks_karrisa_scherer_headshot,Karrisa Scherer headshot,los_angeles_sparks,cutout,approved athlete image missing,assets/leagues/wnba/athletes/los_angeles_sparks_karrisa_scherer_headshot/cutout.png
los_angeles_sparks_kate_martin_headshot,Kate Martin headshot,los_angeles_sparks,headshot,approved athlete image missing,assets/leagues/wnba/athletes/los_angeles_sparks_kate_martin_headshot/headshot.png
los_angeles_sparks_kate_martin_headshot,Kate Martin headshot,los_angeles_sparks,cutout,approved athlete image missing,assets/leagues/wnba/athletes/los_angeles_sparks_kate_martin_headshot/cutout.png
los_angeles_sparks_kelsey_plum_headshot,Kelsey Plum headshot,los_angeles_sparks,headshot,approved athlete image missing,assets/leagues/wnba/athletes/los_angeles_sparks_kelsey_plum_headshot/headshot.png
los_angeles_sparks_kelsey_plum_headshot,Kelsey Plum headshot,los_angeles_sparks,cutout,approved athlete image missing,assets/leagues/wnba/athletes/los_angeles_sparks_kelsey_plum_headshot/cutout.png
los_angeles_sparks_laura_ziegler_headshot,Laura Ziegler headshot,los_angeles_sparks,headshot,approved athlete image missing,assets/leagues/wnba/athletes/los_angeles_sparks_laura_ziegler_headshot/headshot.png
los_angeles_sparks_laura_ziegler_headshot,Laura Ziegler headshot,los_angeles_sparks,cutout,approved athlete image missing,assets/leagues/wnba/athletes/los_angeles_sparks_laura_ziegler_headshot/cutout.png
los_angeles_sparks_los_angeles_sparks,Los Angeles Sparks,los_angeles_sparks,headshot,approved athlete image missing,assets/leagues/wnba/athletes/los_angeles_sparks_los_angeles_sparks/headshot.png
los_angeles_sparks_los_angeles_sparks,Los Angeles Sparks,los_angeles_sparks,cutout,approved athlete image missing,assets/leagues/wnba/athletes/los_angeles_sparks_los_angeles_sparks/cutout.png
los_angeles_sparks_lynne_roberts_headshot,Lynne Roberts headshot,los_angeles_sparks,headshot,approved athlete image missing,assets/leagues/wnba/athletes/los_angeles_sparks_lynne_roberts_headshot/headshot.png
los_angeles_sparks_lynne_roberts_headshot,Lynne Roberts headshot,los_angeles_sparks,cutout,approved athlete image missing,assets/leagues/wnba/athletes/los_angeles_sparks_lynne_roberts_headshot/cutout.png
los_angeles_sparks_nneka_ogwumike_headshot,Nneka Ogwumike headshot,los_angeles_sparks,headshot,approved athlete image missing,assets/leagues/wnba/athletes/los_angeles_sparks_nneka_ogwumike_headshot/headshot.png
los_angeles_sparks_nneka_ogwumike_headshot,Nneka Ogwumike headshot,los_angeles_sparks,cutout,approved athlete image missing,assets/leagues/wnba/athletes/los_angeles_sparks_nneka_ogwumike_headshot/cutout.png
los_angeles_sparks_rae_burrell_headshot,Rae Burrell headshot,los_angeles_sparks,headshot,approved athlete image missing,assets/leagues/wnba/athletes/los_angeles_sparks_rae_burrell_headshot/headshot.png
los_angeles_sparks_rae_burrell_headshot,Rae Burrell headshot,los_angeles_sparks,cutout,approved athlete image missing,assets/leagues/wnba/athletes/los_angeles_sparks_rae_burrell_headshot/cutout.png
los_angeles_sparks_sania_feagin_headshot,Sania Feagin headshot,los_angeles_sparks,headshot,approved athlete image missing,assets/leagues/wnba/athletes/los_angeles_sparks_sania_feagin_headshot/headshot.png
los_angeles_sparks_sania_feagin_headshot,Sania Feagin headshot,los_angeles_sparks,cutout,approved athlete image missing,assets/leagues/wnba/athletes/los_angeles_sparks_sania_feagin_headshot/cutout.png
los_angeles_sparks_tavon_spears_headshot,Tavon Spears headshot,los_angeles_sparks,headshot,approved athlete image missing,assets/leagues/wnba/athletes/los_angeles_sparks_tavon_spears_headshot/headshot.png
los_angeles_sparks_tavon_spears_headshot,Tavon Spears headshot,los_angeles_sparks,cutout,approved athlete image missing,assets/leagues/wnba/athletes/los_angeles_sparks_tavon_spears_headshot/cutout.png
los_angeles_sparks_zak_buncik_headshot,Zak Buncik headshot,los_angeles_sparks,headshot,approved athlete image missing,assets/leagues/wnba/athletes/los_angeles_sparks_zak_buncik_headshot/headshot.png
los_angeles_sparks_zak_buncik_headshot,Zak Buncik headshot,los_angeles_sparks,cutout,approved athlete image missing,assets/leagues/wnba/athletes/los_angeles_sparks_zak_buncik_headshot/cutout.png
minnesota_lynx_anastasiia_olairi_kosu_headshot,Anastasiia Olairi Kosu headshot,minnesota_lynx,headshot,approved athlete image missing,assets/leagues/wnba/athletes/minnesota_lynx_anastasiia_olairi_kosu_headshot/headshot.png
minnesota_lynx_anastasiia_olairi_kosu_headshot,Anastasiia Olairi Kosu headshot,minnesota_lynx,cutout,approved athlete image missing,assets/leagues/wnba/athletes/minnesota_lynx_anastasiia_olairi_kosu_headshot/cutout.png
minnesota_lynx_antonia_delaere_headshot,Antonia Delaere headshot,minnesota_lynx,headshot,approved athlete image missing,assets/leagues/wnba/athletes/minnesota_lynx_antonia_delaere_headshot/headshot.png
minnesota_lynx_antonia_delaere_headshot,Antonia Delaere headshot,minnesota_lynx,cutout,approved athlete image missing,assets/leagues/wnba/athletes/minnesota_lynx_antonia_delaere_headshot/cutout.png
minnesota_lynx_cheryl_reeve_headshot,Cheryl Reeve headshot,minnesota_lynx,headshot,approved athlete image missing,assets/leagues/wnba/athletes/minnesota_lynx_cheryl_reeve_headshot/headshot.png
minnesota_lynx_cheryl_reeve_headshot,Cheryl Reeve headshot,minnesota_lynx,cutout,approved athlete image missing,assets/leagues/wnba/athletes/minnesota_lynx_cheryl_reeve_headshot/cutout.png
minnesota_lynx_chuck_barta_headshot,Chuck Barta headshot,minnesota_lynx,headshot,approved athlete image missing,assets/leagues/wnba/athletes/minnesota_lynx_chuck_barta_headshot/headshot.png
minnesota_lynx_chuck_barta_headshot,Chuck Barta headshot,minnesota_lynx,cutout,approved athlete image missing,assets/leagues/wnba/athletes/minnesota_lynx_chuck_barta_headshot/cutout.png
minnesota_lynx_courtney_williams_headshot,Courtney Williams headshot,minnesota_lynx,headshot,approved athlete image missing,assets/leagues/wnba/athletes/minnesota_lynx_courtney_williams_headshot/headshot.png
minnesota_lynx_courtney_williams_headshot,Courtney Williams headshot,minnesota_lynx,cutout,approved athlete image missing,assets/leagues/wnba/athletes/minnesota_lynx_courtney_williams_headshot/cutout.png
minnesota_lynx_dorka_juhasz_headshot,Dorka Juhasz headshot,minnesota_lynx,headshot,approved athlete image missing,assets/leagues/wnba/athletes/minnesota_lynx_dorka_juhasz_headshot/headshot.png
minnesota_lynx_dorka_juhasz_headshot,Dorka Juhasz headshot,minnesota_lynx,cutout,approved athlete image missing,assets/leagues/wnba/athletes/minnesota_lynx_dorka_juhasz_headshot/cutout.png
minnesota_lynx_download_on_the_apple_app_store,Download on the Apple App Store,minnesota_lynx,headshot,approved athlete image missing,assets/leagues/wnba/athletes/minnesota_lynx_download_on_the_apple_app_store/headshot.png
minnesota_lynx_download_on_the_apple_app_store,Download on the Apple App Store,minnesota_lynx,cutout,approved athlete image missing,assets/leagues/wnba/athletes/minnesota_lynx_download_on_the_apple_app_store/cutout.png
minnesota_lynx_eliska_hamzova_headshot,Eliska Hamzova headshot,minnesota_lynx,headshot,approved athlete image missing,assets/leagues/wnba/athletes/minnesota_lynx_eliska_hamzova_headshot/headshot.png
minnesota_lynx_eliska_hamzova_headshot,Eliska Hamzova headshot,minnesota_lynx,cutout,approved athlete image missing,assets/leagues/wnba/athletes/minnesota_lynx_eliska_hamzova_headshot/cutout.png
minnesota_lynx_emma_cechova_headshot,Emma Cechova headshot,minnesota_lynx,headshot,approved athlete image missing,assets/leagues/wnba/athletes/minnesota_lynx_emma_cechova_headshot/headshot.png
minnesota_lynx_emma_cechova_headshot,Emma Cechova headshot,minnesota_lynx,cutout,approved athlete image missing,assets/leagues/wnba/athletes/minnesota_lynx_emma_cechova_headshot/cutout.png
minnesota_lynx_eric_thibault_headshot,Eric Thibault headshot,minnesota_lynx,headshot,approved athlete image missing,assets/leagues/wnba/athletes/minnesota_lynx_eric_thibault_headshot/headshot.png
minnesota_lynx_eric_thibault_headshot,Eric Thibault headshot,minnesota_lynx,cutout,approved athlete image missing,assets/leagues/wnba/athletes/minnesota_lynx_eric_thibault_headshot/cutout.png
minnesota_lynx_get_it_on_google_play,Get it on Google Play,minnesota_lynx,headshot,approved athlete image missing,assets/leagues/wnba/athletes/minnesota_lynx_get_it_on_google_play/headshot.png
minnesota_lynx_get_it_on_google_play,Get it on Google Play,minnesota_lynx,cutout,approved athlete image missing,assets/leagues/wnba/athletes/minnesota_lynx_get_it_on_google_play/cutout.png
minnesota_lynx_janel_mccarville_headshot,Janel McCarville headshot,minnesota_lynx,headshot,approved athlete image missing,assets/leagues/wnba/athletes/minnesota_lynx_janel_mccarville_headshot/headshot.png
minnesota_lynx_janel_mccarville_headshot,Janel McCarville headshot,minnesota_lynx,cutout,approved athlete image missing,assets/leagues/wnba/athletes/minnesota_lynx_janel_mccarville_headshot/cutout.png
minnesota_lynx_kayla_mcbride_headshot,Kayla McBride headshot,minnesota_lynx,headshot,approved athlete image missing,assets/leagues/wnba/athletes/minnesota_lynx_kayla_mcbride_headshot/headshot.png
minnesota_lynx_kayla_mcbride_headshot,Kayla McBride headshot,minnesota_lynx,cutout,approved athlete image missing,assets/leagues/wnba/athletes/minnesota_lynx_kayla_mcbride_headshot/cutout.png
minnesota_lynx_liatu_king_headshot,Liatu King headshot,minnesota_lynx,headshot,approved athlete image missing,assets/leagues/wnba/athletes/minnesota_lynx_liatu_king_headshot/headshot.png
minnesota_lynx_liatu_king_headshot,Liatu King headshot,minnesota_lynx,cutout,approved athlete image missing,assets/leagues/wnba/athletes/minnesota_lynx_liatu_king_headshot/cutout.png
minnesota_lynx_lindsay_whalen_headshot,Lindsay Whalen headshot,minnesota_lynx,headshot,approved athlete image missing,assets/leagues/wnba/athletes/minnesota_lynx_lindsay_whalen_headshot/headshot.png
minnesota_lynx_lindsay_whalen_headshot,Lindsay Whalen headshot,minnesota_lynx,cutout,approved athlete image missing,assets/leagues/wnba/athletes/minnesota_lynx_lindsay_whalen_headshot/cutout.png
minnesota_lynx_maya_caldwell_headshot,Maya Caldwell headshot,minnesota_lynx,headshot,approved athlete image missing,assets/leagues/wnba/athletes/minnesota_lynx_maya_caldwell_headshot/headshot.png
minnesota_lynx_maya_caldwell_headshot,Maya Caldwell headshot,minnesota_lynx,cutout,approved athlete image missing,assets/leagues/wnba/athletes/minnesota_lynx_maya_caldwell_headshot/cutout.png
minnesota_lynx_minnesota_lynx,Minnesota Lynx,minnesota_lynx,headshot,approved athlete image missing,assets/leagues/wnba/athletes/minnesota_lynx_minnesota_lynx/headshot.png
minnesota_lynx_minnesota_lynx,Minnesota Lynx,minnesota_lynx,cutout,approved athlete image missing,assets/leagues/wnba/athletes/minnesota_lynx_minnesota_lynx/cutout.png
minnesota_lynx_napheesa_collier_headshot,Napheesa Collier headshot,minnesota_lynx,headshot,approved athlete image missing,assets/leagues/wnba/athletes/minnesota_lynx_napheesa_collier_headshot/headshot.png
minnesota_lynx_napheesa_collier_headshot,Napheesa Collier headshot,minnesota_lynx,cutout,approved athlete image missing,assets/leagues/wnba/athletes/minnesota_lynx_napheesa_collier_headshot/cutout.png
minnesota_lynx_natasha_howard_headshot,Natasha Howard headshot,minnesota_lynx,headshot,approved athlete image missing,assets/leagues/wnba/athletes/minnesota_lynx_natasha_howard_headshot/headshot.png
minnesota_lynx_natasha_howard_headshot,Natasha Howard headshot,minnesota_lynx,cutout,approved athlete image missing,assets/leagues/wnba/athletes/minnesota_lynx_natasha_howard_headshot/cutout.png
minnesota_lynx_nia_coffey_headshot,Nia Coffey headshot,minnesota_lynx,headshot,approved athlete image missing,assets/leagues/wnba/athletes/minnesota_lynx_nia_coffey_headshot/headshot.png
minnesota_lynx_nia_coffey_headshot,Nia Coffey headshot,minnesota_lynx,cutout,approved athlete image missing,assets/leagues/wnba/athletes/minnesota_lynx_nia_coffey_headshot/cutout.png
minnesota_lynx_olivia_miles_headshot,Olivia Miles headshot,minnesota_lynx,headshot,approved athlete image missing,assets/leagues/wnba/athletes/minnesota_lynx_olivia_miles_headshot/headshot.png
minnesota_lynx_olivia_miles_headshot,Olivia Miles headshot,minnesota_lynx,cutout,approved athlete image missing,assets/leagues/wnba/athletes/minnesota_lynx_olivia_miles_headshot/cutout.png
minnesota_lynx_rebekkah_brunson_headshot,Rebekkah Brunson headshot,minnesota_lynx,headshot,approved athlete image missing,assets/leagues/wnba/athletes/minnesota_lynx_rebekkah_brunson_headshot/headshot.png
minnesota_lynx_rebekkah_brunson_headshot,Rebekkah Brunson headshot,minnesota_lynx,cutout,approved athlete image missing,assets/leagues/wnba/athletes/minnesota_lynx_rebekkah_brunson_headshot/cutout.png
minnesota_lynx_teaira_mccowan_headshot,Teaira McCowan headshot,minnesota_lynx,headshot,approved athlete image missing,assets/leagues/wnba/athletes/minnesota_lynx_teaira_mccowan_headshot/headshot.png
minnesota_lynx_teaira_mccowan_headshot,Teaira McCowan headshot,minnesota_lynx,cutout,approved athlete image missing,assets/leagues/wnba/athletes/minnesota_lynx_teaira_mccowan_headshot/cutout.png
new_york_liberty_addi_walters_headshot,Addi Walters headshot,new_york_liberty,headshot,approved athlete image missing,assets/leagues/wnba/athletes/new_york_liberty_addi_walters_headshot/headshot.png
new_york_liberty_addi_walters_headshot,Addi Walters headshot,new_york_liberty,cutout,approved athlete image missing,assets/leagues/wnba/athletes/new_york_liberty_addi_walters_headshot/cutout.png
new_york_liberty_andrew_wade_headshot,Andrew Wade headshot,new_york_liberty,headshot,approved athlete image missing,assets/leagues/wnba/athletes/new_york_liberty_andrew_wade_headshot/headshot.png
new_york_liberty_andrew_wade_headshot,Andrew Wade headshot,new_york_liberty,cutout,approved athlete image missing,assets/leagues/wnba/athletes/new_york_liberty_andrew_wade_headshot/cutout.png
new_york_liberty_anneli_maley_headshot,Anneli Maley headshot,new_york_liberty,headshot,approved athlete image missing,assets/leagues/wnba/athletes/new_york_liberty_anneli_maley_headshot/headshot.png
new_york_liberty_anneli_maley_headshot,Anneli Maley headshot,new_york_liberty,cutout,approved athlete image missing,assets/leagues/wnba/athletes/new_york_liberty_anneli_maley_headshot/cutout.png
new_york_liberty_betnijah_laney_hamilton_headshot,Betnijah Laney-Hamilton headshot,new_york_liberty,headshot,approved athlete image missing,assets/leagues/wnba/athletes/new_york_liberty_betnijah_laney_hamilton_headshot/headshot.png
new_york_liberty_betnijah_laney_hamilton_headshot,Betnijah Laney-Hamilton headshot,new_york_liberty,cutout,approved athlete image missing,assets/leagues/wnba/athletes/new_york_liberty_betnijah_laney_hamilton_headshot/cutout.png
new_york_liberty_breanna_stewart_headshot,Breanna Stewart headshot,new_york_liberty,headshot,approved athlete image missing,assets/leagues/wnba/athletes/new_york_liberty_breanna_stewart_headshot/headshot.png
new_york_liberty_breanna_stewart_headshot,Breanna Stewart headshot,new_york_liberty,cutout,approved athlete image missing,assets/leagues/wnba/athletes/new_york_liberty_breanna_stewart_headshot/cutout.png
new_york_liberty_chris_demarco_headshot,Chris DeMarco headshot,new_york_liberty,headshot,approved athlete image missing,assets/leagues/wnba/athletes/new_york_liberty_chris_demarco_headshot/headshot.png
new_york_liberty_chris_demarco_headshot,Chris DeMarco headshot,new_york_liberty,cutout,approved athlete image missing,assets/leagues/wnba/athletes/new_york_liberty_chris_demarco_headshot/cutout.png
new_york_liberty_courtney_paris_headshot,Courtney Paris headshot,new_york_liberty,headshot,approved athlete image missing,assets/leagues/wnba/athletes/new_york_liberty_courtney_paris_headshot/headshot.png
new_york_liberty_courtney_paris_headshot,Courtney Paris headshot,new_york_liberty,cutout,approved athlete image missing,assets/leagues/wnba/athletes/new_york_liberty_courtney_paris_headshot/cutout.png
new_york_liberty_download_on_the_apple_app_store,Download on the Apple App Store,new_york_liberty,headshot,approved athlete image missing,assets/leagues/wnba/athletes/new_york_liberty_download_on_the_apple_app_store/headshot.png
new_york_liberty_download_on_the_apple_app_store,Download on the Apple App Store,new_york_liberty,cutout,approved athlete image missing,assets/leagues/wnba/athletes/new_york_liberty_download_on_the_apple_app_store/cutout.png
new_york_liberty_get_it_on_google_play,Get it on Google Play,new_york_liberty,headshot,approved athlete image missing,assets/leagues/wnba/athletes/new_york_liberty_get_it_on_google_play/headshot.png
new_york_liberty_get_it_on_google_play,Get it on Google Play,new_york_liberty,cutout,approved athlete image missing,assets/leagues/wnba/athletes/new_york_liberty_get_it_on_google_play/cutout.png
new_york_liberty_han_xu_headshot,Han Xu headshot,new_york_liberty,headshot,approved athlete image missing,assets/leagues/wnba/athletes/new_york_liberty_han_xu_headshot/headshot.png
new_york_liberty_han_xu_headshot,Han Xu headshot,new_york_liberty,cutout,approved athlete image missing,assets/leagues/wnba/athletes/new_york_liberty_han_xu_headshot/cutout.png
new_york_liberty_jonquel_jones_headshot,Jonquel Jones headshot,new_york_liberty,headshot,approved athlete image missing,assets/leagues/wnba/athletes/new_york_liberty_jonquel_jones_headshot/headshot.png
new_york_liberty_jonquel_jones_headshot,Jonquel Jones headshot,new_york_liberty,cutout,approved athlete image missing,assets/leagues/wnba/athletes/new_york_liberty_jonquel_jones_headshot/cutout.png
new_york_liberty_leonie_fiebich_headshot,Leonie Fiebich headshot,new_york_liberty,headshot,approved athlete image missing,assets/leagues/wnba/athletes/new_york_liberty_leonie_fiebich_headshot/headshot.png
new_york_liberty_leonie_fiebich_headshot,Leonie Fiebich headshot,new_york_liberty,cutout,approved athlete image missing,assets/leagues/wnba/athletes/new_york_liberty_leonie_fiebich_headshot/cutout.png
new_york_liberty_marine_fauthoux_headshot,Marine Fauthoux headshot,new_york_liberty,headshot,approved athlete image missing,assets/leagues/wnba/athletes/new_york_liberty_marine_fauthoux_headshot/headshot.png
new_york_liberty_marine_fauthoux_headshot,Marine Fauthoux headshot,new_york_liberty,cutout,approved athlete image missing,assets/leagues/wnba/athletes/new_york_liberty_marine_fauthoux_headshot/cutout.png
new_york_liberty_marine_johannes_headshot,Marine Johannes headshot,new_york_liberty,headshot,approved athlete image missing,assets/leagues/wnba/athletes/new_york_liberty_marine_johannes_headshot/headshot.png
new_york_liberty_marine_johannes_headshot,Marine Johannes headshot,new_york_liberty,cutout,approved athlete image missing,assets/leagues/wnba/athletes/new_york_liberty_marine_johannes_headshot/cutout.png
new_york_liberty_new_york_liberty,New York Liberty,new_york_liberty,headshot,approved athlete image missing,assets/leagues/wnba/athletes/new_york_liberty_new_york_liberty/headshot.png
new_york_liberty_new_york_liberty,New York Liberty,new_york_liberty,cutout,approved athlete image missing,assets/leagues/wnba/athletes/new_york_liberty_new_york_liberty/cutout.png
new_york_liberty_norielis_subero_headshot,Norielis Subero headshot,new_york_liberty,headshot,approved athlete image missing,assets/leagues/wnba/athletes/new_york_liberty_norielis_subero_headshot/headshot.png
new_york_liberty_norielis_subero_headshot,Norielis Subero headshot,new_york_liberty,cutout,approved athlete image missing,assets/leagues/wnba/athletes/new_york_liberty_norielis_subero_headshot/cutout.png
new_york_liberty_pauline_astier_headshot,Pauline Astier headshot,new_york_liberty,headshot,approved athlete image missing,assets/leagues/wnba/athletes/new_york_liberty_pauline_astier_headshot/headshot.png
new_york_liberty_pauline_astier_headshot,Pauline Astier headshot,new_york_liberty,cutout,approved athlete image missing,assets/leagues/wnba/athletes/new_york_liberty_pauline_astier_headshot/cutout.png
new_york_liberty_raquel_carrera_headshot,Raquel Carrera headshot,new_york_liberty,headshot,approved athlete image missing,assets/leagues/wnba/athletes/new_york_liberty_raquel_carrera_headshot/headshot.png
new_york_liberty_raquel_carrera_headshot,Raquel Carrera headshot,new_york_liberty,cutout,approved athlete image missing,assets/leagues/wnba/athletes/new_york_liberty_raquel_carrera_headshot/cutout.png
new_york_liberty_rebecca_allen_headshot,Rebecca Allen headshot,new_york_liberty,headshot,approved athlete image missing,assets/leagues/wnba/athletes/new_york_liberty_rebecca_allen_headshot/headshot.png
new_york_liberty_rebecca_allen_headshot,Rebecca Allen headshot,new_york_liberty,cutout,approved athlete image missing,assets/leagues/wnba/athletes/new_york_liberty_rebecca_allen_headshot/cutout.png
new_york_liberty_rebekah_gardner_headshot,Rebekah Gardner headshot,new_york_liberty,headshot,approved athlete image missing,assets/leagues/wnba/athletes/new_york_liberty_rebekah_gardner_headshot/headshot.png
new_york_liberty_rebekah_gardner_headshot,Rebekah Gardner headshot,new_york_liberty,cutout,approved athlete image missing,assets/leagues/wnba/athletes/new_york_liberty_rebekah_gardner_headshot/cutout.png
new_york_liberty_sabrina_ionescu_headshot,Sabrina Ionescu headshot,new_york_liberty,headshot,approved athlete image missing,assets/leagues/wnba/athletes/new_york_liberty_sabrina_ionescu_headshot/headshot.png
new_york_liberty_sabrina_ionescu_headshot,Sabrina Ionescu headshot,new_york_liberty,cutout,approved athlete image missing,assets/leagues/wnba/athletes/new_york_liberty_sabrina_ionescu_headshot/cutout.png
new_york_liberty_satou_sabally_headshot,Satou Sabally headshot,new_york_liberty,headshot,approved athlete image missing,assets/leagues/wnba/athletes/new_york_liberty_satou_sabally_headshot/headshot.png
new_york_liberty_satou_sabally_headshot,Satou Sabally headshot,new_york_liberty,cutout,approved athlete image missing,assets/leagues/wnba/athletes/new_york_liberty_satou_sabally_headshot/cutout.png
new_york_liberty_will_sheehey_headshot,Will Sheehey headshot,new_york_liberty,headshot,approved athlete image missing,assets/leagues/wnba/athletes/new_york_liberty_will_sheehey_headshot/headshot.png
new_york_liberty_will_sheehey_headshot,Will Sheehey headshot,new_york_liberty,cutout,approved athlete image missing,assets/leagues/wnba/athletes/new_york_liberty_will_sheehey_headshot/cutout.png
phoenix_mercury_alyssa_thomas_headshot,Alyssa Thomas headshot,phoenix_mercury,headshot,approved athlete image missing,assets/leagues/wnba/athletes/phoenix_mercury_alyssa_thomas_headshot/headshot.png
phoenix_mercury_alyssa_thomas_headshot,Alyssa Thomas headshot,phoenix_mercury,cutout,approved athlete image missing,assets/leagues/wnba/athletes/phoenix_mercury_alyssa_thomas_headshot/cutout.png
phoenix_mercury_chevelle_saunsoci_headshot,Chevelle Saunsoci headshot,phoenix_mercury,headshot,approved athlete image missing,assets/leagues/wnba/athletes/phoenix_mercury_chevelle_saunsoci_headshot/headshot.png
phoenix_mercury_chevelle_saunsoci_headshot,Chevelle Saunsoci headshot,phoenix_mercury,cutout,approved athlete image missing,assets/leagues/wnba/athletes/phoenix_mercury_chevelle_saunsoci_headshot/cutout.png
phoenix_mercury_dewanna_bonner_headshot,DeWanna Bonner headshot,phoenix_mercury,headshot,approved athlete image missing,assets/leagues/wnba/athletes/phoenix_mercury_dewanna_bonner_headshot/headshot.png
phoenix_mercury_dewanna_bonner_headshot,DeWanna Bonner headshot,phoenix_mercury,cutout,approved athlete image missing,assets/leagues/wnba/athletes/phoenix_mercury_dewanna_bonner_headshot/cutout.png
phoenix_mercury_download_on_the_apple_app_store,Download on the Apple App Store,phoenix_mercury,headshot,approved athlete image missing,assets/leagues/wnba/athletes/phoenix_mercury_download_on_the_apple_app_store/headshot.png
phoenix_mercury_download_on_the_apple_app_store,Download on the Apple App Store,phoenix_mercury,cutout,approved athlete image missing,assets/leagues/wnba/athletes/phoenix_mercury_download_on_the_apple_app_store/cutout.png
phoenix_mercury_get_it_on_google_play,Get it on Google Play,phoenix_mercury,headshot,approved athlete image missing,assets/leagues/wnba/athletes/phoenix_mercury_get_it_on_google_play/headshot.png
phoenix_mercury_get_it_on_google_play,Get it on Google Play,phoenix_mercury,cutout,approved athlete image missing,assets/leagues/wnba/athletes/phoenix_mercury_get_it_on_google_play/cutout.png
phoenix_mercury_hannah_wengertsman_headshot,Hannah Wengertsman headshot,phoenix_mercury,headshot,approved athlete image missing,assets/leagues/wnba/athletes/phoenix_mercury_hannah_wengertsman_headshot/headshot.png
phoenix_mercury_hannah_wengertsman_headshot,Hannah Wengertsman headshot,phoenix_mercury,cutout,approved athlete image missing,assets/leagues/wnba/athletes/phoenix_mercury_hannah_wengertsman_headshot/cutout.png
phoenix_mercury_john_mccullough_headshot,John McCullough headshot,phoenix_mercury,headshot,approved athlete image missing,assets/leagues/wnba/athletes/phoenix_mercury_john_mccullough_headshot/headshot.png
phoenix_mercury_john_mccullough_headshot,John McCullough headshot,phoenix_mercury,cutout,approved athlete image missing,assets/leagues/wnba/athletes/phoenix_mercury_john_mccullough_headshot/cutout.png
phoenix_mercury_jovana_nogic_headshot,Jovana Nogic headshot,phoenix_mercury,headshot,approved athlete image missing,assets/leagues/wnba/athletes/phoenix_mercury_jovana_nogic_headshot/headshot.png
phoenix_mercury_jovana_nogic_headshot,Jovana Nogic headshot,phoenix_mercury,cutout,approved athlete image missing,assets/leagues/wnba/athletes/phoenix_mercury_jovana_nogic_headshot/cutout.png
phoenix_mercury_kahleah_copper_headshot,Kahleah Copper headshot,phoenix_mercury,headshot,approved athlete image missing,assets/leagues/wnba/athletes/phoenix_mercury_kahleah_copper_headshot/headshot.png
phoenix_mercury_kahleah_copper_headshot,Kahleah Copper headshot,phoenix_mercury,cutout,approved athlete image missing,assets/leagues/wnba/athletes/phoenix_mercury_kahleah_copper_headshot/cutout.png
phoenix_mercury_kiana_williams_headshot,Kiana Williams headshot,phoenix_mercury,headshot,approved athlete image missing,assets/leagues/wnba/athletes/phoenix_mercury_kiana_williams_headshot/headshot.png
phoenix_mercury_kiana_williams_headshot,Kiana Williams headshot,phoenix_mercury,cutout,approved athlete image missing,assets/leagues/wnba/athletes/phoenix_mercury_kiana_williams_headshot/cutout.png
phoenix_mercury_kristi_toliver_headshot,Kristi Toliver headshot,phoenix_mercury,headshot,approved athlete image missing,assets/leagues/wnba/athletes/phoenix_mercury_kristi_toliver_headshot/headshot.png
phoenix_mercury_kristi_toliver_headshot,Kristi Toliver headshot,phoenix_mercury,cutout,approved athlete image missing,assets/leagues/wnba/athletes/phoenix_mercury_kristi_toliver_headshot/cutout.png
phoenix_mercury_kyara_linskens_headshot,Kyara Linskens headshot,phoenix_mercury,headshot,approved athlete image missing,assets/leagues/wnba/athletes/phoenix_mercury_kyara_linskens_headshot/headshot.png
phoenix_mercury_kyara_linskens_headshot,Kyara Linskens headshot,phoenix_mercury,cutout,approved athlete image missing,assets/leagues/wnba/athletes/phoenix_mercury_kyara_linskens_headshot/cutout.png
phoenix_mercury_lexi_held_headshot,Lexi Held headshot,phoenix_mercury,headshot,approved athlete image missing,assets/leagues/wnba/athletes/phoenix_mercury_lexi_held_headshot/headshot.png
phoenix_mercury_lexi_held_headshot,Lexi Held headshot,phoenix_mercury,cutout,approved athlete image missing,assets/leagues/wnba/athletes/phoenix_mercury_lexi_held_headshot/cutout.png
phoenix_mercury_marta_suarez_headshot,Marta Suarez headshot,phoenix_mercury,headshot,approved athlete image missing,assets/leagues/wnba/athletes/phoenix_mercury_marta_suarez_headshot/headshot.png
phoenix_mercury_marta_suarez_headshot,Marta Suarez headshot,phoenix_mercury,cutout,approved athlete image missing,assets/leagues/wnba/athletes/phoenix_mercury_marta_suarez_headshot/cutout.png
phoenix_mercury_megan_vogel_headshot,Megan Vogel headshot,phoenix_mercury,headshot,approved athlete image missing,assets/leagues/wnba/athletes/phoenix_mercury_megan_vogel_headshot/headshot.png
phoenix_mercury_megan_vogel_headshot,Megan Vogel headshot,phoenix_mercury,cutout,approved athlete image missing,assets/leagues/wnba/athletes/phoenix_mercury_megan_vogel_headshot/cutout.png
phoenix_mercury_monique_akoa_makani_headshot,Monique Akoa Makani headshot,phoenix_mercury,headshot,approved athlete image missing,assets/leagues/wnba/athletes/phoenix_mercury_monique_akoa_makani_headshot/headshot.png
phoenix_mercury_monique_akoa_makani_headshot,Monique Akoa Makani headshot,phoenix_mercury,cutout,approved athlete image missing,assets/leagues/wnba/athletes/phoenix_mercury_monique_akoa_makani_headshot/cutout.png
phoenix_mercury_natasha_mack_headshot,Natasha Mack headshot,phoenix_mercury,headshot,approved athlete image missing,assets/leagues/wnba/athletes/phoenix_mercury_natasha_mack_headshot/headshot.png
phoenix_mercury_natasha_mack_headshot,Natasha Mack headshot,phoenix_mercury,cutout,approved athlete image missing,assets/leagues/wnba/athletes/phoenix_mercury_natasha_mack_headshot/cutout.png
phoenix_mercury_nate_tibbetts_headshot,Nate Tibbetts headshot,phoenix_mercury,headshot,approved athlete image missing,assets/leagues/wnba/athletes/phoenix_mercury_nate_tibbetts_headshot/headshot.png
phoenix_mercury_nate_tibbetts_headshot,Nate Tibbetts headshot,phoenix_mercury,cutout,approved athlete image missing,assets/leagues/wnba/athletes/phoenix_mercury_nate_tibbetts_headshot/cutout.png
phoenix_mercury_noemie_brochant_headshot,Noemie Brochant headshot,phoenix_mercury,headshot,approved athlete image missing,assets/leagues/wnba/athletes/phoenix_mercury_noemie_brochant_headshot/headshot.png
phoenix_mercury_noemie_brochant_headshot,Noemie Brochant headshot,phoenix_mercury,cutout,approved athlete image missing,assets/leagues/wnba/athletes/phoenix_mercury_noemie_brochant_headshot/cutout.png
phoenix_mercury_phoenix_mercury,Phoenix Mercury,phoenix_mercury,headshot,approved athlete image missing,assets/leagues/wnba/athletes/phoenix_mercury_phoenix_mercury/headshot.png
phoenix_mercury_phoenix_mercury,Phoenix Mercury,phoenix_mercury,cutout,approved athlete image missing,assets/leagues/wnba/athletes/phoenix_mercury_phoenix_mercury/cutout.png
phoenix_mercury_quionche_carter_headshot,Quionche Carter headshot,phoenix_mercury,headshot,approved athlete image missing,assets/leagues/wnba/athletes/phoenix_mercury_quionche_carter_headshot/headshot.png
phoenix_mercury_quionche_carter_headshot,Quionche Carter headshot,phoenix_mercury,cutout,approved athlete image missing,assets/leagues/wnba/athletes/phoenix_mercury_quionche_carter_headshot/cutout.png
phoenix_mercury_sami_whitcomb_headshot,Sami Whitcomb headshot,phoenix_mercury,headshot,approved athlete image missing,assets/leagues/wnba/athletes/phoenix_mercury_sami_whitcomb_headshot/headshot.png
phoenix_mercury_sami_whitcomb_headshot,Sami Whitcomb headshot,phoenix_mercury,cutout,approved athlete image missing,assets/leagues/wnba/athletes/phoenix_mercury_sami_whitcomb_headshot/cutout.png
phoenix_mercury_tc_swirsky_headshot,TC Swirsky headshot,phoenix_mercury,headshot,approved athlete image missing,assets/leagues/wnba/athletes/phoenix_mercury_tc_swirsky_headshot/headshot.png
phoenix_mercury_tc_swirsky_headshot,TC Swirsky headshot,phoenix_mercury,cutout,approved athlete image missing,assets/leagues/wnba/athletes/phoenix_mercury_tc_swirsky_headshot/cutout.png
phoenix_mercury_tangela_smith_headshot,Tangela Smith headshot,phoenix_mercury,headshot,approved athlete image missing,assets/leagues/wnba/athletes/phoenix_mercury_tangela_smith_headshot/headshot.png
phoenix_mercury_tangela_smith_headshot,Tangela Smith headshot,phoenix_mercury,cutout,approved athlete image missing,assets/leagues/wnba/athletes/phoenix_mercury_tangela_smith_headshot/cutout.png
phoenix_mercury_valeriane_ayayi_headshot,Valeriane Ayayi headshot,phoenix_mercury,headshot,approved athlete image missing,assets/leagues/wnba/athletes/phoenix_mercury_valeriane_ayayi_headshot/headshot.png
phoenix_mercury_valeriane_ayayi_headshot,Valeriane Ayayi headshot,phoenix_mercury,cutout,approved athlete image missing,assets/leagues/wnba/athletes/phoenix_mercury_valeriane_ayayi_headshot/cutout.png
portland_fire_alex_sarama_headshot,Alex Sarama headshot,portland_fire,headshot,approved athlete image missing,assets/leagues/wnba/athletes/portland_fire_alex_sarama_headshot/headshot.png
portland_fire_alex_sarama_headshot,Alex Sarama headshot,portland_fire,cutout,approved athlete image missing,assets/leagues/wnba/athletes/portland_fire_alex_sarama_headshot/cutout.png
portland_fire_bridget_carleton_headshot,Bridget Carleton headshot,portland_fire,headshot,approved athlete image missing,assets/leagues/wnba/athletes/portland_fire_bridget_carleton_headshot/headshot.png
portland_fire_bridget_carleton_headshot,Bridget Carleton headshot,portland_fire,cutout,approved athlete image missing,assets/leagues/wnba/athletes/portland_fire_bridget_carleton_headshot/cutout.png
portland_fire_brittni_donaldson_headshot,Brittni Donaldson headshot,portland_fire,headshot,approved athlete image missing,assets/leagues/wnba/athletes/portland_fire_brittni_donaldson_headshot/headshot.png
portland_fire_brittni_donaldson_headshot,Brittni Donaldson headshot,portland_fire,cutout,approved athlete image missing,assets/leagues/wnba/athletes/portland_fire_brittni_donaldson_headshot/cutout.png
portland_fire_carla_leite_headshot,Carla Leite headshot,portland_fire,headshot,approved athlete image missing,assets/leagues/wnba/athletes/portland_fire_carla_leite_headshot/headshot.png
portland_fire_carla_leite_headshot,Carla Leite headshot,portland_fire,cutout,approved athlete image missing,assets/leagues/wnba/athletes/portland_fire_carla_leite_headshot/cutout.png
portland_fire_danielle_boiago_headshot,Danielle Boiago headshot,portland_fire,headshot,approved athlete image missing,assets/leagues/wnba/athletes/portland_fire_danielle_boiago_headshot/headshot.png
portland_fire_danielle_boiago_headshot,Danielle Boiago headshot,portland_fire,cutout,approved athlete image missing,assets/leagues/wnba/athletes/portland_fire_danielle_boiago_headshot/cutout.png
portland_fire_emily_engstler_headshot,Emily Engstler headshot,portland_fire,headshot,approved athlete image missing,assets/leagues/wnba/athletes/portland_fire_emily_engstler_headshot/headshot.png
portland_fire_emily_engstler_headshot,Emily Engstler headshot,portland_fire,cutout,approved athlete image missing,assets/leagues/wnba/athletes/portland_fire_emily_engstler_headshot/cutout.png
portland_fire_frieda_buhner_headshot,Frieda Buhner headshot,portland_fire,headshot,approved athlete image missing,assets/leagues/wnba/athletes/portland_fire_frieda_buhner_headshot/headshot.png
portland_fire_frieda_buhner_headshot,Frieda Buhner headshot,portland_fire,cutout,approved athlete image missing,assets/leagues/wnba/athletes/portland_fire_frieda_buhner_headshot/cutout.png
portland_fire_holly_winterburn_headshot,Holly Winterburn headshot,portland_fire,headshot,approved athlete image missing,assets/leagues/wnba/athletes/portland_fire_holly_winterburn_headshot/headshot.png
portland_fire_holly_winterburn_headshot,Holly Winterburn headshot,portland_fire,cutout,approved athlete image missing,assets/leagues/wnba/athletes/portland_fire_holly_winterburn_headshot/cutout.png
portland_fire_jordan_harrison_headshot,Jordan Harrison headshot,portland_fire,headshot,approved athlete image missing,assets/leagues/wnba/athletes/portland_fire_jordan_harrison_headshot/headshot.png
portland_fire_jordan_harrison_headshot,Jordan Harrison headshot,portland_fire,cutout,approved athlete image missing,assets/leagues/wnba/athletes/portland_fire_jordan_harrison_headshot/cutout.png
portland_fire_karlie_samuelson_headshot,Karlie Samuelson headshot,portland_fire,headshot,approved athlete image missing,assets/leagues/wnba/athletes/portland_fire_karlie_samuelson_headshot/headshot.png
portland_fire_karlie_samuelson_headshot,Karlie Samuelson headshot,portland_fire,cutout,approved athlete image missing,assets/leagues/wnba/athletes/portland_fire_karlie_samuelson_headshot/cutout.png
portland_fire_luisa_geiselsoder_headshot,Luisa Geiselsoder headshot,portland_fire,headshot,approved athlete image missing,assets/leagues/wnba/athletes/portland_fire_luisa_geiselsoder_headshot/headshot.png
portland_fire_luisa_geiselsoder_headshot,Luisa Geiselsoder headshot,portland_fire,cutout,approved athlete image missing,assets/leagues/wnba/athletes/portland_fire_luisa_geiselsoder_headshot/cutout.png
portland_fire_megan_gustafson_headshot,Megan Gustafson headshot,portland_fire,headshot,approved athlete image missing,assets/leagues/wnba/athletes/portland_fire_megan_gustafson_headshot/headshot.png
portland_fire_megan_gustafson_headshot,Megan Gustafson headshot,portland_fire,cutout,approved athlete image missing,assets/leagues/wnba/athletes/portland_fire_megan_gustafson_headshot/cutout.png
portland_fire_nyadiew_puoch_headshot,Nyadiew Puoch headshot,portland_fire,headshot,approved athlete image missing,assets/leagues/wnba/athletes/portland_fire_nyadiew_puoch_headshot/headshot.png
portland_fire_nyadiew_puoch_headshot,Nyadiew Puoch headshot,portland_fire,cutout,approved athlete image missing,assets/leagues/wnba/athletes/portland_fire_nyadiew_puoch_headshot/cutout.png
portland_fire_portland_fire,Portland Fire,portland_fire,headshot,approved athlete image missing,assets/leagues/wnba/athletes/portland_fire_portland_fire/headshot.png
portland_fire_portland_fire,Portland Fire,portland_fire,cutout,approved athlete image missing,assets/leagues/wnba/athletes/portland_fire_portland_fire/cutout.png
portland_fire_sarah_ashlee_barker_headshot,Sarah Ashlee Barker headshot,portland_fire,headshot,approved athlete image missing,assets/leagues/wnba/athletes/portland_fire_sarah_ashlee_barker_headshot/headshot.png
portland_fire_sarah_ashlee_barker_headshot,Sarah Ashlee Barker headshot,portland_fire,cutout,approved athlete image missing,assets/leagues/wnba/athletes/portland_fire_sarah_ashlee_barker_headshot/cutout.png
portland_fire_sefu_bernard_headshot,Sefu Bernard headshot,portland_fire,headshot,approved athlete image missing,assets/leagues/wnba/athletes/portland_fire_sefu_bernard_headshot/headshot.png
portland_fire_sefu_bernard_headshot,Sefu Bernard headshot,portland_fire,cutout,approved athlete image missing,assets/leagues/wnba/athletes/portland_fire_sefu_bernard_headshot/cutout.png
portland_fire_serah_williams_headshot,Serah Williams headshot,portland_fire,headshot,approved athlete image missing,assets/leagues/wnba/athletes/portland_fire_serah_williams_headshot/headshot.png
portland_fire_serah_williams_headshot,Serah Williams headshot,portland_fire,cutout,approved athlete image missing,assets/leagues/wnba/athletes/portland_fire_serah_williams_headshot/cutout.png
portland_fire_sylvia_fowles_headshot,Sylvia Fowles headshot,portland_fire,headshot,approved athlete image missing,assets/leagues/wnba/athletes/portland_fire_sylvia_fowles_headshot/headshot.png
portland_fire_sylvia_fowles_headshot,Sylvia Fowles headshot,portland_fire,cutout,approved athlete image missing,assets/leagues/wnba/athletes/portland_fire_sylvia_fowles_headshot/cutout.png
portland_fire_teja_oblak_headshot,Teja Oblak headshot,portland_fire,headshot,approved athlete image missing,assets/leagues/wnba/athletes/portland_fire_teja_oblak_headshot/headshot.png
portland_fire_teja_oblak_headshot,Teja Oblak headshot,portland_fire,cutout,approved athlete image missing,assets/leagues/wnba/athletes/portland_fire_teja_oblak_headshot/cutout.png
seattle_storm_awa_fam_headshot,Awa Fam headshot,seattle_storm,headshot,approved athlete image missing,assets/leagues/wnba/athletes/seattle_storm_awa_fam_headshot/headshot.png
seattle_storm_awa_fam_headshot,Awa Fam headshot,seattle_storm,cutout,approved athlete image missing,assets/leagues/wnba/athletes/seattle_storm_awa_fam_headshot/cutout.png
seattle_storm_dominique_malonga_headshot,Dominique Malonga headshot,seattle_storm,headshot,approved athlete image missing,assets/leagues/wnba/athletes/seattle_storm_dominique_malonga_headshot/headshot.png
seattle_storm_dominique_malonga_headshot,Dominique Malonga headshot,seattle_storm,cutout,approved athlete image missing,assets/leagues/wnba/athletes/seattle_storm_dominique_malonga_headshot/cutout.png
seattle_storm_download_on_the_apple_app_store,Download on the Apple App Store,seattle_storm,headshot,approved athlete image missing,assets/leagues/wnba/athletes/seattle_storm_download_on_the_apple_app_store/headshot.png
seattle_storm_download_on_the_apple_app_store,Download on the Apple App Store,seattle_storm,cutout,approved athlete image missing,assets/leagues/wnba/athletes/seattle_storm_download_on_the_apple_app_store/cutout.png
seattle_storm_ezi_magbegor_headshot,Ezi Magbegor headshot,seattle_storm,headshot,approved athlete image missing,assets/leagues/wnba/athletes/seattle_storm_ezi_magbegor_headshot/headshot.png
seattle_storm_ezi_magbegor_headshot,Ezi Magbegor headshot,seattle_storm,cutout,approved athlete image missing,assets/leagues/wnba/athletes/seattle_storm_ezi_magbegor_headshot/cutout.png
seattle_storm_get_it_on_google_play,Get it on Google Play,seattle_storm,headshot,approved athlete image missing,assets/leagues/wnba/athletes/seattle_storm_get_it_on_google_play/headshot.png
seattle_storm_get_it_on_google_play,Get it on Google Play,seattle_storm,cutout,approved athlete image missing,assets/leagues/wnba/athletes/seattle_storm_get_it_on_google_play/cutout.png
seattle_storm_jade_melbourne_headshot,Jade Melbourne headshot,seattle_storm,headshot,approved athlete image missing,assets/leagues/wnba/athletes/seattle_storm_jade_melbourne_headshot/headshot.png
seattle_storm_jade_melbourne_headshot,Jade Melbourne headshot,seattle_storm,cutout,approved athlete image missing,assets/leagues/wnba/athletes/seattle_storm_jade_melbourne_headshot/cutout.png
seattle_storm_jarell_christian_headshot,Jarell Christian headshot,seattle_storm,headshot,approved athlete image missing,assets/leagues/wnba/athletes/seattle_storm_jarell_christian_headshot/headshot.png
seattle_storm_jarell_christian_headshot,Jarell Christian headshot,seattle_storm,cutout,approved athlete image missing,assets/leagues/wnba/athletes/seattle_storm_jarell_christian_headshot/cutout.png
seattle_storm_jordan_horston_headshot,Jordan Horston headshot,seattle_storm,headshot,approved athlete image missing,assets/leagues/wnba/athletes/seattle_storm_jordan_horston_headshot/headshot.png
seattle_storm_jordan_horston_headshot,Jordan Horston headshot,seattle_storm,cutout,approved athlete image missing,assets/leagues/wnba/athletes/seattle_storm_jordan_horston_headshot/cutout.png
seattle_storm_katie_lou_samuelson_headshot,Katie Lou Samuelson headshot,seattle_storm,headshot,approved athlete image missing,assets/leagues/wnba/athletes/seattle_storm_katie_lou_samuelson_headshot/headshot.png
seattle_storm_katie_lou_samuelson_headshot,Katie Lou Samuelson headshot,seattle_storm,cutout,approved athlete image missing,assets/leagues/wnba/athletes/seattle_storm_katie_lou_samuelson_headshot/cutout.png
seattle_storm_laura_mancuso_headshot,Laura Mancuso headshot,seattle_storm,headshot,approved athlete image missing,assets/leagues/wnba/athletes/seattle_storm_laura_mancuso_headshot/headshot.png
seattle_storm_laura_mancuso_headshot,Laura Mancuso headshot,seattle_storm,cutout,approved athlete image missing,assets/leagues/wnba/athletes/seattle_storm_laura_mancuso_headshot/cutout.png
seattle_storm_mackenzie_holmes_headshot,Mackenzie Holmes headshot,seattle_storm,headshot,approved athlete image missing,assets/leagues/wnba/athletes/seattle_storm_mackenzie_holmes_headshot/headshot.png
seattle_storm_mackenzie_holmes_headshot,Mackenzie Holmes headshot,seattle_storm,cutout,approved athlete image missing,assets/leagues/wnba/athletes/seattle_storm_mackenzie_holmes_headshot/cutout.png
seattle_storm_michael_joiner_headshot,Michael Joiner headshot,seattle_storm,headshot,approved athlete image missing,assets/leagues/wnba/athletes/seattle_storm_michael_joiner_headshot/headshot.png
seattle_storm_michael_joiner_headshot,Michael Joiner headshot,seattle_storm,cutout,approved athlete image missing,assets/leagues/wnba/athletes/seattle_storm_michael_joiner_headshot/cutout.png
seattle_storm_natalie_achonwa_headshot,Natalie Achonwa headshot,seattle_storm,headshot,approved athlete image missing,assets/leagues/wnba/athletes/seattle_storm_natalie_achonwa_headshot/headshot.png
seattle_storm_natalie_achonwa_headshot,Natalie Achonwa headshot,seattle_storm,cutout,approved athlete image missing,assets/leagues/wnba/athletes/seattle_storm_natalie_achonwa_headshot/cutout.png
seattle_storm_natisha_hiedeman_headshot,Natisha Hiedeman headshot,seattle_storm,headshot,approved athlete image missing,assets/leagues/wnba/athletes/seattle_storm_natisha_hiedeman_headshot/headshot.png
seattle_storm_natisha_hiedeman_headshot,Natisha Hiedeman headshot,seattle_storm,cutout,approved athlete image missing,assets/leagues/wnba/athletes/seattle_storm_natisha_hiedeman_headshot/cutout.png
seattle_storm_seattle_storm,Seattle Storm,seattle_storm,headshot,approved athlete image missing,assets/leagues/wnba/athletes/seattle_storm_seattle_storm/headshot.png
seattle_storm_seattle_storm,Seattle Storm,seattle_storm,cutout,approved athlete image missing,assets/leagues/wnba/athletes/seattle_storm_seattle_storm/cutout.png
seattle_storm_sonia_raman_headshot,Sonia Raman headshot,seattle_storm,headshot,approved athlete image missing,assets/leagues/wnba/athletes/seattle_storm_sonia_raman_headshot/headshot.png
seattle_storm_sonia_raman_headshot,Sonia Raman headshot,seattle_storm,cutout,approved athlete image missing,assets/leagues/wnba/athletes/seattle_storm_sonia_raman_headshot/cutout.png
seattle_storm_stefanie_dolson_headshot,Stefanie Dolson headshot,seattle_storm,headshot,approved athlete image missing,assets/leagues/wnba/athletes/seattle_storm_stefanie_dolson_headshot/headshot.png
seattle_storm_stefanie_dolson_headshot,Stefanie Dolson headshot,seattle_storm,cutout,approved athlete image missing,assets/leagues/wnba/athletes/seattle_storm_stefanie_dolson_headshot/cutout.png
seattle_storm_taina_mair_headshot,Taina Mair headshot,seattle_storm,headshot,approved athlete image missing,assets/leagues/wnba/athletes/seattle_storm_taina_mair_headshot/headshot.png
seattle_storm_taina_mair_headshot,Taina Mair headshot,seattle_storm,cutout,approved athlete image missing,assets/leagues/wnba/athletes/seattle_storm_taina_mair_headshot/cutout.png
seattle_storm_taylor_thierry_headshot,Taylor Thierry headshot,seattle_storm,headshot,approved athlete image missing,assets/leagues/wnba/athletes/seattle_storm_taylor_thierry_headshot/headshot.png
seattle_storm_taylor_thierry_headshot,Taylor Thierry headshot,seattle_storm,cutout,approved athlete image missing,assets/leagues/wnba/athletes/seattle_storm_taylor_thierry_headshot/cutout.png
seattle_storm_zia_cooke_headshot,Zia Cooke headshot,seattle_storm,headshot,approved athlete image missing,assets/leagues/wnba/athletes/seattle_storm_zia_cooke_headshot/headshot.png
seattle_storm_zia_cooke_headshot,Zia Cooke headshot,seattle_storm,cutout,approved athlete image missing,assets/leagues/wnba/athletes/seattle_storm_zia_cooke_headshot/cutout.png
toronto_tempo_brian_lankton_headshot,Brian Lankton headshot,toronto_tempo,headshot,approved athlete image missing,assets/leagues/wnba/athletes/toronto_tempo_brian_lankton_headshot/headshot.png
toronto_tempo_brian_lankton_headshot,Brian Lankton headshot,toronto_tempo,cutout,approved athlete image missing,assets/leagues/wnba/athletes/toronto_tempo_brian_lankton_headshot/cutout.png
toronto_tempo_brittney_sykes_headshot,Brittney Sykes headshot,toronto_tempo,headshot,approved athlete image missing,assets/leagues/wnba/athletes/toronto_tempo_brittney_sykes_headshot/headshot.png
toronto_tempo_brittney_sykes_headshot,Brittney Sykes headshot,toronto_tempo,cutout,approved athlete image missing,assets/leagues/wnba/athletes/toronto_tempo_brittney_sykes_headshot/cutout.png
toronto_tempo_carly_clarke_headshot,Carly Clarke headshot,toronto_tempo,headshot,approved athlete image missing,assets/leagues/wnba/athletes/toronto_tempo_carly_clarke_headshot/headshot.png
toronto_tempo_carly_clarke_headshot,Carly Clarke headshot,toronto_tempo,cutout,approved athlete image missing,assets/leagues/wnba/athletes/toronto_tempo_carly_clarke_headshot/cutout.png
toronto_tempo_ciara_carl_headshot,Ciara Carl headshot,toronto_tempo,headshot,approved athlete image missing,assets/leagues/wnba/athletes/toronto_tempo_ciara_carl_headshot/headshot.png
toronto_tempo_ciara_carl_headshot,Ciara Carl headshot,toronto_tempo,cutout,approved athlete image missing,assets/leagues/wnba/athletes/toronto_tempo_ciara_carl_headshot/cutout.png
toronto_tempo_isabelle_harrison_headshot,Isabelle Harrison headshot,toronto_tempo,headshot,approved athlete image missing,assets/leagues/wnba/athletes/toronto_tempo_isabelle_harrison_headshot/headshot.png
toronto_tempo_isabelle_harrison_headshot,Isabelle Harrison headshot,toronto_tempo,cutout,approved athlete image missing,assets/leagues/wnba/athletes/toronto_tempo_isabelle_harrison_headshot/cutout.png
toronto_tempo_julie_allemand_headshot,Julie Allemand headshot,toronto_tempo,headshot,approved athlete image missing,assets/leagues/wnba/athletes/toronto_tempo_julie_allemand_headshot/headshot.png
toronto_tempo_julie_allemand_headshot,Julie Allemand headshot,toronto_tempo,cutout,approved athlete image missing,assets/leagues/wnba/athletes/toronto_tempo_julie_allemand_headshot/cutout.png
toronto_tempo_kia_nurse_headshot,Kia Nurse headshot,toronto_tempo,headshot,approved athlete image missing,assets/leagues/wnba/athletes/toronto_tempo_kia_nurse_headshot/headshot.png
toronto_tempo_kia_nurse_headshot,Kia Nurse headshot,toronto_tempo,cutout,approved athlete image missing,assets/leagues/wnba/athletes/toronto_tempo_kia_nurse_headshot/cutout.png
toronto_tempo_kiki_rice_headshot,Kiki Rice headshot,toronto_tempo,headshot,approved athlete image missing,assets/leagues/wnba/athletes/toronto_tempo_kiki_rice_headshot/headshot.png
toronto_tempo_kiki_rice_headshot,Kiki Rice headshot,toronto_tempo,cutout,approved athlete image missing,assets/leagues/wnba/athletes/toronto_tempo_kiki_rice_headshot/cutout.png
toronto_tempo_laura_juskaite_headshot,Laura Juskaite headshot,toronto_tempo,headshot,approved athlete image missing,assets/leagues/wnba/athletes/toronto_tempo_laura_juskaite_headshot/headshot.png
toronto_tempo_laura_juskaite_headshot,Laura Juskaite headshot,toronto_tempo,cutout,approved athlete image missing,assets/leagues/wnba/athletes/toronto_tempo_laura_juskaite_headshot/cutout.png
toronto_tempo_maria_conde_headshot,Maria Conde headshot,toronto_tempo,headshot,approved athlete image missing,assets/leagues/wnba/athletes/toronto_tempo_maria_conde_headshot/headshot.png
toronto_tempo_maria_conde_headshot,Maria Conde headshot,toronto_tempo,cutout,approved athlete image missing,assets/leagues/wnba/athletes/toronto_tempo_maria_conde_headshot/cutout.png
toronto_tempo_marina_mabrey_headshot,Marina Mabrey headshot,toronto_tempo,headshot,approved athlete image missing,assets/leagues/wnba/athletes/toronto_tempo_marina_mabrey_headshot/headshot.png
toronto_tempo_marina_mabrey_headshot,Marina Mabrey headshot,toronto_tempo,cutout,approved athlete image missing,assets/leagues/wnba/athletes/toronto_tempo_marina_mabrey_headshot/cutout.png
toronto_tempo_nyara_sabally_headshot,Nyara Sabally headshot,toronto_tempo,headshot,approved athlete image missing,assets/leagues/wnba/athletes/toronto_tempo_nyara_sabally_headshot/headshot.png
toronto_tempo_nyara_sabally_headshot,Nyara Sabally headshot,toronto_tempo,cutout,approved athlete image missing,assets/leagues/wnba/athletes/toronto_tempo_nyara_sabally_headshot/cutout.png
toronto_tempo_olaf_lange_headshot,Olaf Lange headshot,toronto_tempo,headshot,approved athlete image missing,assets/leagues/wnba/athletes/toronto_tempo_olaf_lange_headshot/headshot.png
toronto_tempo_olaf_lange_headshot,Olaf Lange headshot,toronto_tempo,cutout,approved athlete image missing,assets/leagues/wnba/athletes/toronto_tempo_olaf_lange_headshot/cutout.png
toronto_tempo_sadie_edwards_headshot,Sadie Edwards headshot,toronto_tempo,headshot,approved athlete image missing,assets/leagues/wnba/athletes/toronto_tempo_sadie_edwards_headshot/headshot.png
toronto_tempo_sadie_edwards_headshot,Sadie Edwards headshot,toronto_tempo,cutout,approved athlete image missing,assets/leagues/wnba/athletes/toronto_tempo_sadie_edwards_headshot/cutout.png
toronto_tempo_sandy_brondello_headshot,Sandy Brondello headshot,toronto_tempo,headshot,approved athlete image missing,assets/leagues/wnba/athletes/toronto_tempo_sandy_brondello_headshot/headshot.png
toronto_tempo_sandy_brondello_headshot,Sandy Brondello headshot,toronto_tempo,cutout,approved athlete image missing,assets/leagues/wnba/athletes/toronto_tempo_sandy_brondello_headshot/cutout.png
toronto_tempo_temi_fagbenle_headshot,Temi Fagbenle headshot,toronto_tempo,headshot,approved athlete image missing,assets/leagues/wnba/athletes/toronto_tempo_temi_fagbenle_headshot/headshot.png
toronto_tempo_temi_fagbenle_headshot,Temi Fagbenle headshot,toronto_tempo,cutout,approved athlete image missing,assets/leagues/wnba/athletes/toronto_tempo_temi_fagbenle_headshot/cutout.png
toronto_tempo_teonni_key_headshot,Teonni Key headshot,toronto_tempo,headshot,approved athlete image missing,assets/leagues/wnba/athletes/toronto_tempo_teonni_key_headshot/headshot.png
toronto_tempo_teonni_key_headshot,Teonni Key headshot,toronto_tempo,cutout,approved athlete image missing,assets/leagues/wnba/athletes/toronto_tempo_teonni_key_headshot/cutout.png
toronto_tempo_tima_pouye_headshot,Tima Pouye headshot,toronto_tempo,headshot,approved athlete image missing,assets/leagues/wnba/athletes/toronto_tempo_tima_pouye_headshot/headshot.png
toronto_tempo_tima_pouye_headshot,Tima Pouye headshot,toronto_tempo,cutout,approved athlete image missing,assets/leagues/wnba/athletes/toronto_tempo_tima_pouye_headshot/cutout.png
toronto_tempo_toronto_tempo,Toronto Tempo,toronto_tempo,headshot,approved athlete image missing,assets/leagues/wnba/athletes/toronto_tempo_toronto_tempo/headshot.png
toronto_tempo_toronto_tempo,Toronto Tempo,toronto_tempo,cutout,approved athlete image missing,assets/leagues/wnba/athletes/toronto_tempo_toronto_tempo/cutout.png
washington_mystics_alicia_florez_headshot,Alicia Florez headshot,washington_mystics,headshot,approved athlete image missing,assets/leagues/wnba/athletes/washington_mystics_alicia_florez_headshot/headshot.png
washington_mystics_alicia_florez_headshot,Alicia Florez headshot,washington_mystics,cutout,approved athlete image missing,assets/leagues/wnba/athletes/washington_mystics_alicia_florez_headshot/cutout.png
washington_mystics_angela_dugalic_headshot,Angela Dugalic headshot,washington_mystics,headshot,approved athlete image missing,assets/leagues/wnba/athletes/washington_mystics_angela_dugalic_headshot/headshot.png
washington_mystics_angela_dugalic_headshot,Angela Dugalic headshot,washington_mystics,cutout,approved athlete image missing,assets/leagues/wnba/athletes/washington_mystics_angela_dugalic_headshot/cutout.png
washington_mystics_barbara_turner_headshot,Barbara Turner headshot,washington_mystics,headshot,approved athlete image missing,assets/leagues/wnba/athletes/washington_mystics_barbara_turner_headshot/headshot.png
washington_mystics_barbara_turner_headshot,Barbara Turner headshot,washington_mystics,cutout,approved athlete image missing,assets/leagues/wnba/athletes/washington_mystics_barbara_turner_headshot/cutout.png
washington_mystics_cassandre_prosper_headshot,Cassandre Prosper headshot,washington_mystics,headshot,approved athlete image missing,assets/leagues/wnba/athletes/washington_mystics_cassandre_prosper_headshot/headshot.png
washington_mystics_cassandre_prosper_headshot,Cassandre Prosper headshot,washington_mystics,cutout,approved athlete image missing,assets/leagues/wnba/athletes/washington_mystics_cassandre_prosper_headshot/cutout.png
washington_mystics_cotie_mcmahon_headshot,Cotie McMahon headshot,washington_mystics,headshot,approved athlete image missing,assets/leagues/wnba/athletes/washington_mystics_cotie_mcmahon_headshot/headshot.png
washington_mystics_cotie_mcmahon_headshot,Cotie McMahon headshot,washington_mystics,cutout,approved athlete image missing,assets/leagues/wnba/athletes/washington_mystics_cotie_mcmahon_headshot/cutout.png
washington_mystics_darianna_littlepage_buggs_headshot,Darianna Littlepage-Buggs headshot,washington_mystics,headshot,approved athlete image missing,assets/leagues/wnba/athletes/washington_mystics_darianna_littlepage_buggs_headshot/headshot.png
washington_mystics_darianna_littlepage_buggs_headshot,Darianna Littlepage-Buggs headshot,washington_mystics,cutout,approved athlete image missing,assets/leagues/wnba/athletes/washington_mystics_darianna_littlepage_buggs_headshot/cutout.png
washington_mystics_download_on_the_apple_app_store,Download on the Apple App Store,washington_mystics,headshot,approved athlete image missing,assets/leagues/wnba/athletes/washington_mystics_download_on_the_apple_app_store/headshot.png
washington_mystics_download_on_the_apple_app_store,Download on the Apple App Store,washington_mystics,cutout,approved athlete image missing,assets/leagues/wnba/athletes/washington_mystics_download_on_the_apple_app_store/cutout.png
washington_mystics_emre_vatansever_headshot,Emre Vatansever headshot,washington_mystics,headshot,approved athlete image missing,assets/leagues/wnba/athletes/washington_mystics_emre_vatansever_headshot/headshot.png
washington_mystics_emre_vatansever_headshot,Emre Vatansever headshot,washington_mystics,cutout,approved athlete image missing,assets/leagues/wnba/athletes/washington_mystics_emre_vatansever_headshot/cutout.png
washington_mystics_georgia_amoore_headshot,Georgia Amoore headshot,washington_mystics,headshot,approved athlete image missing,assets/leagues/wnba/athletes/washington_mystics_georgia_amoore_headshot/headshot.png
washington_mystics_georgia_amoore_headshot,Georgia Amoore headshot,washington_mystics,cutout,approved athlete image missing,assets/leagues/wnba/athletes/washington_mystics_georgia_amoore_headshot/cutout.png
washington_mystics_get_it_on_google_play,Get it on Google Play,washington_mystics,headshot,approved athlete image missing,assets/leagues/wnba/athletes/washington_mystics_get_it_on_google_play/headshot.png
washington_mystics_get_it_on_google_play,Get it on Google Play,washington_mystics,cutout,approved athlete image missing,assets/leagues/wnba/athletes/washington_mystics_get_it_on_google_play/cutout.png
washington_mystics_jessie_miller_headshot,Jessie Miller headshot,washington_mystics,headshot,approved athlete image missing,assets/leagues/wnba/athletes/washington_mystics_jessie_miller_headshot/headshot.png
washington_mystics_jessie_miller_headshot,Jessie Miller headshot,washington_mystics,cutout,approved athlete image missing,assets/leagues/wnba/athletes/washington_mystics_jessie_miller_headshot/cutout.png
washington_mystics_kiki_iriafen_headshot,Kiki Iriafen headshot,washington_mystics,headshot,approved athlete image missing,assets/leagues/wnba/athletes/washington_mystics_kiki_iriafen_headshot/headshot.png
washington_mystics_kiki_iriafen_headshot,Kiki Iriafen headshot,washington_mystics,cutout,approved athlete image missing,assets/leagues/wnba/athletes/washington_mystics_kiki_iriafen_headshot/cutout.png
washington_mystics_lauren_betts_headshot,Lauren Betts headshot,washington_mystics,headshot,approved athlete image missing,assets/leagues/wnba/athletes/washington_mystics_lauren_betts_headshot/headshot.png
washington_mystics_lauren_betts_headshot,Lauren Betts headshot,washington_mystics,cutout,approved athlete image missing,assets/leagues/wnba/athletes/washington_mystics_lauren_betts_headshot/cutout.png
washington_mystics_lucy_olsen_headshot,Lucy Olsen headshot,washington_mystics,headshot,approved athlete image missing,assets/leagues/wnba/athletes/washington_mystics_lucy_olsen_headshot/headshot.png
washington_mystics_lucy_olsen_headshot,Lucy Olsen headshot,washington_mystics,cutout,approved athlete image missing,assets/leagues/wnba/athletes/washington_mystics_lucy_olsen_headshot/cutout.png
washington_mystics_michaela_onyenwere_headshot,Michaela Onyenwere headshot,washington_mystics,headshot,approved athlete image missing,assets/leagues/wnba/athletes/washington_mystics_michaela_onyenwere_headshot/headshot.png
washington_mystics_michaela_onyenwere_headshot,Michaela Onyenwere headshot,washington_mystics,cutout,approved athlete image missing,assets/leagues/wnba/athletes/washington_mystics_michaela_onyenwere_headshot/cutout.png
washington_mystics_rori_harmon_headshot,Rori Harmon headshot,washington_mystics,headshot,approved athlete image missing,assets/leagues/wnba/athletes/washington_mystics_rori_harmon_headshot/headshot.png
washington_mystics_rori_harmon_headshot,Rori Harmon headshot,washington_mystics,cutout,approved athlete image missing,assets/leagues/wnba/athletes/washington_mystics_rori_harmon_headshot/cutout.png
washington_mystics_shakira_austin_headshot,Shakira Austin headshot,washington_mystics,headshot,approved athlete image missing,assets/leagues/wnba/athletes/washington_mystics_shakira_austin_headshot/headshot.png
washington_mystics_shakira_austin_headshot,Shakira Austin headshot,washington_mystics,cutout,approved athlete image missing,assets/leagues/wnba/athletes/washington_mystics_shakira_austin_headshot/cutout.png
washington_mystics_sonia_citron_headshot,Sonia Citron headshot,washington_mystics,headshot,approved athlete image missing,assets/leagues/wnba/athletes/washington_mystics_sonia_citron_headshot/headshot.png
washington_mystics_sonia_citron_headshot,Sonia Citron headshot,washington_mystics,cutout,approved athlete image missing,assets/leagues/wnba/athletes/washington_mystics_sonia_citron_headshot/cutout.png
washington_mystics_sydney_johnson_headshot,Sydney Johnson headshot,washington_mystics,headshot,approved athlete image missing,assets/leagues/wnba/athletes/washington_mystics_sydney_johnson_headshot/headshot.png
washington_mystics_sydney_johnson_headshot,Sydney Johnson headshot,washington_mystics,cutout,approved athlete image missing,assets/leagues/wnba/athletes/washington_mystics_sydney_johnson_headshot/cutout.png
washington_mystics_washington_mystics,Washington Mystics,washington_mystics,headshot,approved athlete image missing,assets/leagues/wnba/athletes/washington_mystics_washington_mystics/headshot.png
washington_mystics_washington_mystics,Washington Mystics,washington_mystics,cutout,approved athlete image missing,assets/leagues/wnba/athletes/washington_mystics_washington_mystics/cutout.png
