asset_domain,league,entity_type,entity_id,entity_name,asset_kind,asset_path,finding,severity,approval_status,format_status,dimension_status,renderer_coverage,recommended_next_step,evidence
player_photo,WNBA,athlete,atlanta_dream_aaliyah_nye,Aaliyah Nye,cutout,assets/leagues/wnba/athletes/atlanta_dream_aaliyah_nye/cutout.png,missing_local_player_asset,error,missing,missing_file,not_available,review_only_not_renderable_until_approved,keep_photo_slot_disabled_until_asset_and_marker_are_reviewed,athlete_images_registry; source_note=missing_review_required; asset_file_missing; cutout_slot_requires_manual_crop_review; path_missing
player_photo,WNBA,athlete,atlanta_dream_aaliyah_nye,Aaliyah Nye,cutout,assets/leagues/wnba/athletes/atlanta_dream_aaliyah_nye/cutout.png,player_photo_format_problem,warning,missing,missing_file,not_available,review_only_not_renderable_until_approved,replace_with_decodable_png_jpg_or_webp_before_renderer_use,athlete_images_registry; source_note=missing_review_required; asset_file_missing; cutout_slot_requires_manual_crop_review; path_missing
player_photo,WNBA,athlete,atlanta_dream_aaliyah_nye,Aaliyah Nye,headshot,assets/leagues/wnba/athletes/atlanta_dream_aaliyah_nye/headshot.png,suspicious_or_default_player_approval,warning,approved,valid_raster,meets_player_photo_floor,review_only_manual_source_recheck_required: default_decision_source_manual_recheck_required,recheck_decision_source_source_file_and_approval_timestamp,approved_assets_registry; decision_source=default; source_file=outputs/latest/review_files/athlete_image_approval_pack/downloads/atlanta_dream/atlanta_dream_aaliyah_nye__1642801.png; approved_at_utc=2026-06-16T04:22:55.096421+00:00; approved_marker_present; headshot_slot_requires_identity_and_crop_review; image_size=260x190; meets_headshot_floor; default_decision_source_manual_recheck_required; bytes=14139; image_size=260x190
player_photo,WNBA,athlete,atlanta_dream_allisha_gray,Allisha Gray,cutout,assets/leagues/wnba/athletes/atlanta_dream_allisha_gray/cutout.png,missing_local_player_asset,error,missing,missing_file,not_available,review_only_not_renderable_until_approved,keep_photo_slot_disabled_until_asset_and_marker_are_reviewed,athlete_images_registry; source_note=missing_review_required; asset_file_missing; cutout_slot_requires_manual_crop_review; path_missing
player_photo,WNBA,athlete,atlanta_dream_allisha_gray,Allisha Gray,cutout,assets/leagues/wnba/athletes/atlanta_dream_allisha_gray/cutout.png,player_photo_format_problem,warning,missing,missing_file,not_available,review_only_not_renderable_until_approved,replace_with_decodable_png_jpg_or_webp_before_renderer_use,athlete_images_registry; source_note=missing_review_required; asset_file_missing; cutout_slot_requires_manual_crop_review; path_missing
player_photo,WNBA,athlete,atlanta_dream_allisha_gray,Allisha Gray,headshot,assets/leagues/wnba/athletes/atlanta_dream_allisha_gray/headshot.png,suspicious_or_default_player_approval,warning,approved,valid_raster,meets_player_photo_floor,review_only_manual_source_recheck_required: default_decision_source_manual_recheck_required,recheck_decision_source_source_file_and_approval_timestamp,approved_assets_registry; decision_source=default; source_file=outputs/latest/review_files/athlete_image_approval_pack/downloads/atlanta_dream/atlanta_dream_allisha_gray__1628277.png; approved_at_utc=2026-06-16T04:22:55.095267+00:00; approved_marker_present; headshot_slot_requires_identity_and_crop_review; image_size=260x190; meets_headshot_floor; default_decision_source_manual_recheck_required; bytes=28002; image_size=260x190
player_photo,WNBA,athlete,atlanta_dream_amy_okonkwo,Amy Okonkwo,cutout,assets/leagues/wnba/athletes/atlanta_dream_amy_okonkwo/cutout.png,missing_local_player_asset,error,missing,missing_file,not_available,review_only_not_renderable_until_approved,keep_photo_slot_disabled_until_asset_and_marker_are_reviewed,athlete_images_registry; source_note=missing_review_required; asset_file_missing; cutout_slot_requires_manual_crop_review; path_missing
player_photo,WNBA,athlete,atlanta_dream_amy_okonkwo,Amy Okonkwo,cutout,assets/leagues/wnba/athletes/atlanta_dream_amy_okonkwo/cutout.png,player_photo_format_problem,warning,missing,missing_file,not_available,review_only_not_renderable_until_approved,replace_with_decodable_png_jpg_or_webp_before_renderer_use,athlete_images_registry; source_note=missing_review_required; asset_file_missing; cutout_slot_requires_manual_crop_review; path_missing
player_photo,WNBA,athlete,atlanta_dream_amy_okonkwo,Amy Okonkwo,headshot,assets/leagues/wnba/athletes/atlanta_dream_amy_okonkwo/headshot.png,suspicious_or_default_player_approval,warning,approved,valid_raster,meets_player_photo_floor,review_only_manual_source_recheck_required: default_decision_source_manual_recheck_required,recheck_decision_source_source_file_and_approval_timestamp,approved_assets_registry; decision_source=default; source_file=outputs/latest/review_files/athlete_image_approval_pack/downloads/atlanta_dream/atlanta_dream_amy_okonkwo__1629539.png; approved_at_utc=2026-06-16T04:22:55.093339+00:00; approved_marker_present; headshot_slot_requires_identity_and_crop_review; image_size=260x190; meets_headshot_floor; default_decision_source_manual_recheck_required; bytes=21525; image_size=260x190
player_photo,WNBA,athlete,atlanta_dream_angel_reese,Angel Reese,cutout,assets/leagues/wnba/athletes/atlanta_dream_angel_reese/cutout.png,missing_local_player_asset,error,missing,missing_file,not_available,review_only_not_renderable_until_approved,keep_photo_slot_disabled_until_asset_and_marker_are_reviewed,athlete_images_registry; source_note=missing_review_required; asset_file_missing; cutout_slot_requires_manual_crop_review; path_missing
player_photo,WNBA,athlete,atlanta_dream_angel_reese,Angel Reese,cutout,assets/leagues/wnba/athletes/atlanta_dream_angel_reese/cutout.png,player_photo_format_problem,warning,missing,missing_file,not_available,review_only_not_renderable_until_approved,replace_with_decodable_png_jpg_or_webp_before_renderer_use,athlete_images_registry; source_note=missing_review_required; asset_file_missing; cutout_slot_requires_manual_crop_review; path_missing
player_photo,WNBA,athlete,atlanta_dream_angel_reese,Angel Reese,headshot,assets/leagues/wnba/athletes/atlanta_dream_angel_reese/headshot.png,suspicious_or_default_player_approval,warning,approved,valid_raster,meets_player_photo_floor,review_only_manual_source_recheck_required: default_decision_source_manual_recheck_required,recheck_decision_source_source_file_and_approval_timestamp,approved_assets_registry; decision_source=default; source_file=outputs/latest/review_files/athlete_image_approval_pack/downloads/atlanta_dream/atlanta_dream_angel_reese__1642291.png; approved_at_utc=2026-06-16T04:22:55.094316+00:00; approved_marker_present; headshot_slot_requires_identity_and_crop_review; image_size=260x190; meets_headshot_floor; default_decision_source_manual_recheck_required; bytes=18879; image_size=260x190
player_photo,WNBA,athlete,atlanta_dream_brionna_jones,Brionna Jones,cutout,assets/leagues/wnba/athletes/atlanta_dream_brionna_jones/cutout.png,missing_local_player_asset,error,missing,missing_file,not_available,review_only_not_renderable_until_approved,keep_photo_slot_disabled_until_asset_and_marker_are_reviewed,athlete_images_registry; source_note=missing_review_required; asset_file_missing; cutout_slot_requires_manual_crop_review; path_missing
player_photo,WNBA,athlete,atlanta_dream_brionna_jones,Brionna Jones,cutout,assets/leagues/wnba/athletes/atlanta_dream_brionna_jones/cutout.png,player_photo_format_problem,warning,missing,missing_file,not_available,review_only_not_renderable_until_approved,replace_with_decodable_png_jpg_or_webp_before_renderer_use,athlete_images_registry; source_note=missing_review_required; asset_file_missing; cutout_slot_requires_manual_crop_review; path_missing
player_photo,WNBA,athlete,atlanta_dream_brionna_jones,Brionna Jones,headshot,assets/leagues/wnba/athletes/atlanta_dream_brionna_jones/headshot.png,suspicious_or_default_player_approval,warning,approved,valid_raster,meets_player_photo_floor,review_only_manual_source_recheck_required: default_decision_source_manual_recheck_required,recheck_decision_source_source_file_and_approval_timestamp,approved_assets_registry; decision_source=default; source_file=outputs/latest/review_files/athlete_image_approval_pack/downloads/atlanta_dream/atlanta_dream_brionna_jones__1628280.png; approved_at_utc=2026-06-16T04:22:55.096732+00:00; approved_marker_present; headshot_slot_requires_identity_and_crop_review; image_size=260x190; meets_headshot_floor; default_decision_source_manual_recheck_required; bytes=21843; image_size=260x190
player_photo,WNBA,athlete,atlanta_dream_indya_nivar,Indya Nivar,cutout,assets/leagues/wnba/athletes/atlanta_dream_indya_nivar/cutout.png,missing_local_player_asset,error,missing,missing_file,not_available,review_only_not_renderable_until_approved,keep_photo_slot_disabled_until_asset_and_marker_are_reviewed,athlete_images_registry; source_note=missing_review_required; asset_file_missing; cutout_slot_requires_manual_crop_review; path_missing
player_photo,WNBA,athlete,atlanta_dream_indya_nivar,Indya Nivar,cutout,assets/leagues/wnba/athletes/atlanta_dream_indya_nivar/cutout.png,player_photo_format_problem,warning,missing,missing_file,not_available,review_only_not_renderable_until_approved,replace_with_decodable_png_jpg_or_webp_before_renderer_use,athlete_images_registry; source_note=missing_review_required; asset_file_missing; cutout_slot_requires_manual_crop_review; path_missing
player_photo,WNBA,athlete,atlanta_dream_indya_nivar,Indya Nivar,headshot,assets/leagues/wnba/athletes/atlanta_dream_indya_nivar/headshot.png,suspicious_or_default_player_approval,warning,approved,valid_raster,meets_player_photo_floor,review_only_manual_source_recheck_required: default_decision_source_manual_recheck_required,recheck_decision_source_source_file_and_approval_timestamp,approved_assets_registry; decision_source=default; source_file=outputs/latest/review_files/athlete_image_approval_pack/downloads/atlanta_dream/atlanta_dream_indya_nivar__1643469.png; approved_at_utc=2026-06-16T04:22:55.095866+00:00; approved_marker_present; headshot_slot_requires_identity_and_crop_review; image_size=260x190; meets_headshot_floor; default_decision_source_manual_recheck_required; bytes=22022; image_size=260x190
player_photo,WNBA,athlete,atlanta_dream_isobel_borlase,Isobel Borlase,cutout,assets/leagues/wnba/athletes/atlanta_dream_isobel_borlase/cutout.png,missing_local_player_asset,error,missing,missing_file,not_available,review_only_not_renderable_until_approved,keep_photo_slot_disabled_until_asset_and_marker_are_reviewed,athlete_images_registry; source_note=missing_review_required; asset_file_missing; cutout_slot_requires_manual_crop_review; path_missing
player_photo,WNBA,athlete,atlanta_dream_isobel_borlase,Isobel Borlase,cutout,assets/leagues/wnba/athletes/atlanta_dream_isobel_borlase/cutout.png,player_photo_format_problem,warning,missing,missing_file,not_available,review_only_not_renderable_until_approved,replace_with_decodable_png_jpg_or_webp_before_renderer_use,athlete_images_registry; source_note=missing_review_required; asset_file_missing; cutout_slot_requires_manual_crop_review; path_missing
player_photo,WNBA,athlete,atlanta_dream_isobel_borlase,Isobel Borlase,headshot,assets/leagues/wnba/athletes/atlanta_dream_isobel_borlase/headshot.png,suspicious_or_default_player_approval,warning,approved,valid_raster,meets_player_photo_floor,review_only_manual_source_recheck_required: default_decision_source_manual_recheck_required,recheck_decision_source_source_file_and_approval_timestamp,approved_assets_registry; decision_source=default; source_file=outputs/latest/review_files/athlete_image_approval_pack/downloads/atlanta_dream/atlanta_dream_isobel_borlase__1642302.png; approved_at_utc=2026-06-16T04:22:55.095564+00:00; approved_marker_present; headshot_slot_requires_identity_and_crop_review; image_size=260x190; meets_headshot_floor; default_decision_source_manual_recheck_required; bytes=21035; image_size=260x190
player_photo,WNBA,athlete,atlanta_dream_jordin_canada,Jordin Canada,cutout,assets/leagues/wnba/athletes/atlanta_dream_jordin_canada/cutout.png,missing_local_player_asset,error,missing,missing_file,not_available,review_only_not_renderable_until_approved,keep_photo_slot_disabled_until_asset_and_marker_are_reviewed,athlete_images_registry; source_note=missing_review_required; asset_file_missing; cutout_slot_requires_manual_crop_review; path_missing
player_photo,WNBA,athlete,atlanta_dream_jordin_canada,Jordin Canada,cutout,assets/leagues/wnba/athletes/atlanta_dream_jordin_canada/cutout.png,player_photo_format_problem,warning,missing,missing_file,not_available,review_only_not_renderable_until_approved,replace_with_decodable_png_jpg_or_webp_before_renderer_use,athlete_images_registry; source_note=missing_review_required; asset_file_missing; cutout_slot_requires_manual_crop_review; path_missing
player_photo,WNBA,athlete,atlanta_dream_jordin_canada,Jordin Canada,headshot,assets/leagues/wnba/athletes/atlanta_dream_jordin_canada/headshot.png,suspicious_or_default_player_approval,warning,approved,valid_raster,meets_player_photo_floor,review_only_manual_source_recheck_required: default_decision_source_manual_recheck_required,recheck_decision_source_source_file_and_approval_timestamp,approved_assets_registry; decision_source=default; source_file=outputs/latest/review_files/athlete_image_approval_pack/downloads/atlanta_dream/atlanta_dream_jordin_canada__1628886.png; approved_at_utc=2026-06-16T04:22:55.094019+00:00; approved_marker_present; headshot_slot_requires_identity_and_crop_review; image_size=260x190; meets_headshot_floor; default_decision_source_manual_recheck_required; bytes=20228; image_size=260x190
player_photo,WNBA,athlete,atlanta_dream_madina_okot,Madina Okot,cutout,assets/leagues/wnba/athletes/atlanta_dream_madina_okot/cutout.png,missing_local_player_asset,error,missing,missing_file,not_available,review_only_not_renderable_until_approved,keep_photo_slot_disabled_until_asset_and_marker_are_reviewed,athlete_images_registry; source_note=missing_review_required; asset_file_missing; cutout_slot_requires_manual_crop_review; path_missing
player_photo,WNBA,athlete,atlanta_dream_madina_okot,Madina Okot,cutout,assets/leagues/wnba/athletes/atlanta_dream_madina_okot/cutout.png,player_photo_format_problem,warning,missing,missing_file,not_available,review_only_not_renderable_until_approved,replace_with_decodable_png_jpg_or_webp_before_renderer_use,athlete_images_registry; source_note=missing_review_required; asset_file_missing; cutout_slot_requires_manual_crop_review; path_missing
player_photo,WNBA,athlete,atlanta_dream_madina_okot,Madina Okot,headshot,assets/leagues/wnba/athletes/atlanta_dream_madina_okot/headshot.png,suspicious_or_default_player_approval,warning,approved,valid_raster,meets_player_photo_floor,review_only_manual_source_recheck_required: default_decision_source_manual_recheck_required,recheck_decision_source_source_file_and_approval_timestamp,approved_assets_registry; decision_source=default; source_file=outputs/latest/review_files/athlete_image_approval_pack/downloads/atlanta_dream/atlanta_dream_madina_okot__1643431.png; approved_at_utc=2026-06-16T04:22:55.094933+00:00; approved_marker_present; headshot_slot_requires_identity_and_crop_review; image_size=260x190; meets_headshot_floor; default_decision_source_manual_recheck_required; bytes=18826; image_size=260x190
player_photo,WNBA,athlete,atlanta_dream_naz_hillmon,Naz Hillmon,cutout,assets/leagues/wnba/athletes/atlanta_dream_naz_hillmon/cutout.png,missing_local_player_asset,error,missing,missing_file,not_available,review_only_not_renderable_until_approved,keep_photo_slot_disabled_until_asset_and_marker_are_reviewed,athlete_images_registry; source_note=missing_review_required; asset_file_missing; cutout_slot_requires_manual_crop_review; path_missing
player_photo,WNBA,athlete,atlanta_dream_naz_hillmon,Naz Hillmon,cutout,assets/leagues/wnba/athletes/atlanta_dream_naz_hillmon/cutout.png,player_photo_format_problem,warning,missing,missing_file,not_available,review_only_not_renderable_until_approved,replace_with_decodable_png_jpg_or_webp_before_renderer_use,athlete_images_registry; source_note=missing_review_required; asset_file_missing; cutout_slot_requires_manual_crop_review; path_missing
player_photo,WNBA,athlete,atlanta_dream_naz_hillmon,Naz Hillmon,headshot,assets/leagues/wnba/athletes/atlanta_dream_naz_hillmon/headshot.png,suspicious_or_default_player_approval,warning,approved,valid_raster,meets_player_photo_floor,review_only_manual_source_recheck_required: default_decision_source_manual_recheck_required,recheck_decision_source_source_file_and_approval_timestamp,approved_assets_registry; decision_source=default; source_file=outputs/latest/review_files/athlete_image_approval_pack/downloads/atlanta_dream/atlanta_dream_naz_hillmon__1631044.png; approved_at_utc=2026-06-16T04:22:55.093000+00:00; approved_marker_present; headshot_slot_requires_identity_and_crop_review; image_size=260x190; meets_headshot_floor; default_decision_source_manual_recheck_required; bytes=20762; image_size=260x190
player_photo,WNBA,athlete,atlanta_dream_rhyne_howard,Rhyne Howard,cutout,assets/leagues/wnba/athletes/atlanta_dream_rhyne_howard/cutout.png,missing_local_player_asset,error,missing,missing_file,not_available,review_only_not_renderable_until_approved,keep_photo_slot_disabled_until_asset_and_marker_are_reviewed,athlete_images_registry; source_note=missing_review_required; asset_file_missing; cutout_slot_requires_manual_crop_review; path_missing
player_photo,WNBA,athlete,atlanta_dream_rhyne_howard,Rhyne Howard,cutout,assets/leagues/wnba/athletes/atlanta_dream_rhyne_howard/cutout.png,player_photo_format_problem,warning,missing,missing_file,not_available,review_only_not_renderable_until_approved,replace_with_decodable_png_jpg_or_webp_before_renderer_use,athlete_images_registry; source_note=missing_review_required; asset_file_missing; cutout_slot_requires_manual_crop_review; path_missing
player_photo,WNBA,athlete,atlanta_dream_rhyne_howard,Rhyne Howard,headshot,assets/leagues/wnba/athletes/atlanta_dream_rhyne_howard/headshot.png,suspicious_or_default_player_approval,warning,approved,valid_raster,meets_player_photo_floor,review_only_manual_source_recheck_required: default_decision_source_manual_recheck_required,recheck_decision_source_source_file_and_approval_timestamp,approved_assets_registry; decision_source=default; source_file=outputs/latest/review_files/athlete_image_approval_pack/downloads/atlanta_dream/atlanta_dream_rhyne_howard__1631009.png; approved_at_utc=2026-06-16T04:22:55.094617+00:00; approved_marker_present; headshot_slot_requires_identity_and_crop_review; image_size=260x190; meets_headshot_floor; default_decision_source_manual_recheck_required; bytes=19472; image_size=260x190
player_photo,WNBA,athlete,atlanta_dream_sika_kone,Sika Kone,cutout,assets/leagues/wnba/athletes/atlanta_dream_sika_kone/cutout.png,missing_local_player_asset,error,missing,missing_file,not_available,review_only_not_renderable_until_approved,keep_photo_slot_disabled_until_asset_and_marker_are_reviewed,athlete_images_registry; source_note=missing_review_required; asset_file_missing; cutout_slot_requires_manual_crop_review; path_missing
player_photo,WNBA,athlete,atlanta_dream_sika_kone,Sika Kone,cutout,assets/leagues/wnba/athletes/atlanta_dream_sika_kone/cutout.png,player_photo_format_problem,warning,missing,missing_file,not_available,review_only_not_renderable_until_approved,replace_with_decodable_png_jpg_or_webp_before_renderer_use,athlete_images_registry; source_note=missing_review_required; asset_file_missing; cutout_slot_requires_manual_crop_review; path_missing
player_photo,WNBA,athlete,atlanta_dream_sika_kone,Sika Kone,headshot,assets/leagues/wnba/athletes/atlanta_dream_sika_kone/headshot.png,suspicious_or_default_player_approval,warning,approved,valid_raster,meets_player_photo_floor,review_only_manual_source_recheck_required: default_decision_source_manual_recheck_required,recheck_decision_source_source_file_and_approval_timestamp,approved_assets_registry; decision_source=default; source_file=outputs/latest/review_files/athlete_image_approval_pack/downloads/atlanta_dream/atlanta_dream_sika_kone__1631021.png; approved_at_utc=2026-06-16T04:22:55.096142+00:00; approved_marker_present; headshot_slot_requires_identity_and_crop_review; image_size=260x190; meets_headshot_floor; default_decision_source_manual_recheck_required; bytes=18782; image_size=260x190
player_photo,WNBA,athlete,atlanta_dream_te_hina_paopao,Te-Hina Paopao,cutout,assets/leagues/wnba/athletes/atlanta_dream_te_hina_paopao/cutout.png,missing_local_player_asset,error,missing,missing_file,not_available,review_only_not_renderable_until_approved,keep_photo_slot_disabled_until_asset_and_marker_are_reviewed,athlete_images_registry; source_note=missing_review_required; asset_file_missing; cutout_slot_requires_manual_crop_review; path_missing
player_photo,WNBA,athlete,atlanta_dream_te_hina_paopao,Te-Hina Paopao,cutout,assets/leagues/wnba/athletes/atlanta_dream_te_hina_paopao/cutout.png,player_photo_format_problem,warning,missing,missing_file,not_available,review_only_not_renderable_until_approved,replace_with_decodable_png_jpg_or_webp_before_renderer_use,athlete_images_registry; source_note=missing_review_required; asset_file_missing; cutout_slot_requires_manual_crop_review; path_missing
player_photo,WNBA,athlete,atlanta_dream_te_hina_paopao,Te-Hina Paopao,headshot,assets/leagues/wnba/athletes/atlanta_dream_te_hina_paopao/headshot.png,suspicious_or_default_player_approval,warning,approved,valid_raster,meets_player_photo_floor,review_only_manual_source_recheck_required: default_decision_source_manual_recheck_required,recheck_decision_source_source_file_and_approval_timestamp,approved_assets_registry; decision_source=default; source_file=outputs/latest/review_files/athlete_image_approval_pack/downloads/atlanta_dream/atlanta_dream_te_hina_paopao__1642804.png; approved_at_utc=2026-06-16T04:22:55.093696+00:00; approved_marker_present; headshot_slot_requires_identity_and_crop_review; image_size=260x190; meets_headshot_floor; default_decision_source_manual_recheck_required; bytes=23028; image_size=260x190
player_photo,WNBA,athlete,chicago_sky_aicha_coulibaly,Aicha Coulibaly,cutout,assets/leagues/wnba/athletes/chicago_sky_aicha_coulibaly/cutout.png,missing_local_player_asset,error,missing,missing_file,not_available,review_only_not_renderable_until_approved,keep_photo_slot_disabled_until_asset_and_marker_are_reviewed,athlete_images_registry; source_note=missing_review_required; asset_file_missing; cutout_slot_requires_manual_crop_review; path_missing
player_photo,WNBA,athlete,chicago_sky_aicha_coulibaly,Aicha Coulibaly,cutout,assets/leagues/wnba/athletes/chicago_sky_aicha_coulibaly/cutout.png,player_photo_format_problem,warning,missing,missing_file,not_available,review_only_not_renderable_until_approved,replace_with_decodable_png_jpg_or_webp_before_renderer_use,athlete_images_registry; source_note=missing_review_required; asset_file_missing; cutout_slot_requires_manual_crop_review; path_missing
player_photo,WNBA,athlete,chicago_sky_aicha_coulibaly,Aicha Coulibaly,headshot,assets/leagues/wnba/athletes/chicago_sky_aicha_coulibaly/headshot.png,suspicious_or_default_player_approval,warning,approved,valid_raster,meets_player_photo_floor,review_only_manual_source_recheck_required: default_decision_source_manual_recheck_required,recheck_decision_source_source_file_and_approval_timestamp,approved_assets_registry; decision_source=default; source_file=outputs/latest/review_files/athlete_image_approval_pack/downloads/chicago_sky/chicago_sky_aicha_coulibaly__1642786.png; approved_at_utc=2026-06-16T04:22:55.101037+00:00; approved_marker_present; headshot_slot_requires_identity_and_crop_review; image_size=260x190; meets_headshot_floor; default_decision_source_manual_recheck_required; bytes=17365; image_size=260x190
player_photo,WNBA,athlete,chicago_sky_azura_stevens,Azura Stevens,cutout,assets/leagues/wnba/athletes/chicago_sky_azura_stevens/cutout.png,missing_local_player_asset,error,missing,missing_file,not_available,review_only_not_renderable_until_approved,keep_photo_slot_disabled_until_asset_and_marker_are_reviewed,athlete_images_registry; source_note=missing_review_required; asset_file_missing; cutout_slot_requires_manual_crop_review; path_missing
player_photo,WNBA,athlete,chicago_sky_azura_stevens,Azura Stevens,cutout,assets/leagues/wnba/athletes/chicago_sky_azura_stevens/cutout.png,player_photo_format_problem,warning,missing,missing_file,not_available,review_only_not_renderable_until_approved,replace_with_decodable_png_jpg_or_webp_before_renderer_use,athlete_images_registry; source_note=missing_review_required; asset_file_missing; cutout_slot_requires_manual_crop_review; path_missing
player_photo,WNBA,athlete,chicago_sky_azura_stevens,Azura Stevens,headshot,assets/leagues/wnba/athletes/chicago_sky_azura_stevens/headshot.png,suspicious_or_default_player_approval,warning,approved,valid_raster,meets_player_photo_floor,review_only_manual_source_recheck_required: default_decision_source_manual_recheck_required,recheck_decision_source_source_file_and_approval_timestamp,approved_assets_registry; decision_source=default; source_file=outputs/latest/review_files/athlete_image_approval_pack/downloads/chicago_sky/chicago_sky_azura_stevens__1628922.png; approved_at_utc=2026-06-16T04:22:55.100768+00:00; approved_marker_present; headshot_slot_requires_identity_and_crop_review; image_size=260x190; meets_headshot_floor; default_decision_source_manual_recheck_required; bytes=20605; image_size=260x190
player_photo,WNBA,athlete,chicago_sky_courtney_vandersloot,Courtney Vandersloot,cutout,assets/leagues/wnba/athletes/chicago_sky_courtney_vandersloot/cutout.png,missing_local_player_asset,error,missing,missing_file,not_available,review_only_not_renderable_until_approved,keep_photo_slot_disabled_until_asset_and_marker_are_reviewed,athlete_images_registry; source_note=missing_review_required; asset_file_missing; cutout_slot_requires_manual_crop_review; path_missing
player_photo,WNBA,athlete,chicago_sky_courtney_vandersloot,Courtney Vandersloot,cutout,assets/leagues/wnba/athletes/chicago_sky_courtney_vandersloot/cutout.png,player_photo_format_problem,warning,missing,missing_file,not_available,review_only_not_renderable_until_approved,replace_with_decodable_png_jpg_or_webp_before_renderer_use,athlete_images_registry; source_note=missing_review_required; asset_file_missing; cutout_slot_requires_manual_crop_review; path_missing
player_photo,WNBA,athlete,chicago_sky_courtney_vandersloot,Courtney Vandersloot,headshot,assets/leagues/wnba/athletes/chicago_sky_courtney_vandersloot/headshot.png,suspicious_or_default_player_approval,warning,approved,valid_raster,meets_player_photo_floor,review_only_manual_source_recheck_required: default_decision_source_manual_recheck_required,recheck_decision_source_source_file_and_approval_timestamp,approved_assets_registry; decision_source=default; source_file=outputs/latest/review_files/athlete_image_approval_pack/downloads/chicago_sky/chicago_sky_courtney_vandersloot__202664.png; approved_at_utc=2026-06-16T04:22:55.100200+00:00; approved_marker_present; headshot_slot_requires_identity_and_crop_review; image_size=260x190; meets_headshot_floor; default_decision_source_manual_recheck_required; bytes=15316; image_size=260x190
player_photo,WNBA,athlete,chicago_sky_dijonai_carrington,DiJonai Carrington,cutout,assets/leagues/wnba/athletes/chicago_sky_dijonai_carrington/cutout.png,missing_local_player_asset,error,missing,missing_file,not_available,review_only_not_renderable_until_approved,keep_photo_slot_disabled_until_asset_and_marker_are_reviewed,athlete_images_registry; source_note=missing_review_required; asset_file_missing; cutout_slot_requires_manual_crop_review; path_missing
player_photo,WNBA,athlete,chicago_sky_dijonai_carrington,DiJonai Carrington,cutout,assets/leagues/wnba/athletes/chicago_sky_dijonai_carrington/cutout.png,player_photo_format_problem,warning,missing,missing_file,not_available,review_only_not_renderable_until_approved,replace_with_decodable_png_jpg_or_webp_before_renderer_use,athlete_images_registry; source_note=missing_review_required; asset_file_missing; cutout_slot_requires_manual_crop_review; path_missing
player_photo,WNBA,athlete,chicago_sky_dijonai_carrington,DiJonai Carrington,headshot,assets/leagues/wnba/athletes/chicago_sky_dijonai_carrington/headshot.png,suspicious_or_default_player_approval,warning,approved,valid_raster,meets_player_photo_floor,review_only_manual_source_recheck_required: default_decision_source_manual_recheck_required,recheck_decision_source_source_file_and_approval_timestamp,approved_assets_registry; decision_source=default; source_file=outputs/latest/review_files/athlete_image_approval_pack/downloads/chicago_sky/chicago_sky_dijonai_carrington__1630096.png; approved_at_utc=2026-06-16T04:22:55.098507+00:00; approved_marker_present; headshot_slot_requires_identity_and_crop_review; image_size=260x190; meets_headshot_floor; default_decision_source_manual_recheck_required; bytes=18253; image_size=260x190
player_photo,WNBA,athlete,chicago_sky_elizabeth_williams,Elizabeth Williams,cutout,assets/leagues/wnba/athletes/chicago_sky_elizabeth_williams/cutout.png,missing_local_player_asset,error,missing,missing_file,not_available,review_only_not_renderable_until_approved,keep_photo_slot_disabled_until_asset_and_marker_are_reviewed,athlete_images_registry; source_note=missing_review_required; asset_file_missing; cutout_slot_requires_manual_crop_review; path_missing
player_photo,WNBA,athlete,chicago_sky_elizabeth_williams,Elizabeth Williams,cutout,assets/leagues/wnba/athletes/chicago_sky_elizabeth_williams/cutout.png,player_photo_format_problem,warning,missing,missing_file,not_available,review_only_not_renderable_until_approved,replace_with_decodable_png_jpg_or_webp_before_renderer_use,athlete_images_registry; source_note=missing_review_required; asset_file_missing; cutout_slot_requires_manual_crop_review; path_missing
player_photo,WNBA,athlete,chicago_sky_elizabeth_williams,Elizabeth Williams,headshot,assets/leagues/wnba/athletes/chicago_sky_elizabeth_williams/headshot.png,suspicious_or_default_player_approval,warning,approved,valid_raster,meets_player_photo_floor,review_only_manual_source_recheck_required: default_decision_source_manual_recheck_required,recheck_decision_source_source_file_and_approval_timestamp,approved_assets_registry; decision_source=default; source_file=outputs/latest/review_files/athlete_image_approval_pack/downloads/chicago_sky/chicago_sky_elizabeth_williams__204322.png; approved_at_utc=2026-06-16T04:22:55.097300+00:00; approved_marker_present; headshot_slot_requires_identity_and_crop_review; image_size=260x190; meets_headshot_floor; default_decision_source_manual_recheck_required; bytes=18098; image_size=260x190
player_photo,WNBA,athlete,chicago_sky_gabriela_jaquez,Gabriela Jaquez,cutout,assets/leagues/wnba/athletes/chicago_sky_gabriela_jaquez/cutout.png,missing_local_player_asset,error,missing,missing_file,not_available,review_only_not_renderable_until_approved,keep_photo_slot_disabled_until_asset_and_marker_are_reviewed,athlete_images_registry; source_note=missing_review_required; asset_file_missing; cutout_slot_requires_manual_crop_review; path_missing
player_photo,WNBA,athlete,chicago_sky_gabriela_jaquez,Gabriela Jaquez,cutout,assets/leagues/wnba/athletes/chicago_sky_gabriela_jaquez/cutout.png,player_photo_format_problem,warning,missing,missing_file,not_available,review_only_not_renderable_until_approved,replace_with_decodable_png_jpg_or_webp_before_renderer_use,athlete_images_registry; source_note=missing_review_required; asset_file_missing; cutout_slot_requires_manual_crop_review; path_missing
player_photo,WNBA,athlete,chicago_sky_gabriela_jaquez,Gabriela Jaquez,headshot,assets/leagues/wnba/athletes/chicago_sky_gabriela_jaquez/headshot.png,suspicious_or_default_player_approval,warning,approved,valid_raster,meets_player_photo_floor,review_only_manual_source_recheck_required: default_decision_source_manual_recheck_required,recheck_decision_source_source_file_and_approval_timestamp,approved_assets_registry; decision_source=default; source_file=outputs/latest/review_files/athlete_image_approval_pack/downloads/chicago_sky/chicago_sky_gabriela_jaquez__1643447.png; approved_at_utc=2026-06-16T04:22:55.099359+00:00; approved_marker_present; headshot_slot_requires_identity_and_crop_review; image_size=260x190; meets_headshot_floor; default_decision_source_manual_recheck_required; bytes=19320; image_size=260x190
player_photo,WNBA,athlete,chicago_sky_jacy_sheldon,Jacy Sheldon,cutout,assets/leagues/wnba/athletes/chicago_sky_jacy_sheldon/cutout.png,missing_local_player_asset,error,missing,missing_file,not_available,review_only_not_renderable_until_approved,keep_photo_slot_disabled_until_asset_and_marker_are_reviewed,athlete_images_registry; source_note=missing_review_required; asset_file_missing; cutout_slot_requires_manual_crop_review; path_missing
player_photo,WNBA,athlete,chicago_sky_jacy_sheldon,Jacy Sheldon,cutout,assets/leagues/wnba/athletes/chicago_sky_jacy_sheldon/cutout.png,player_photo_format_problem,warning,missing,missing_file,not_available,review_only_not_renderable_until_approved,replace_with_decodable_png_jpg_or_webp_before_renderer_use,athlete_images_registry; source_note=missing_review_required; asset_file_missing; cutout_slot_requires_manual_crop_review; path_missing
player_photo,WNBA,athlete,chicago_sky_jacy_sheldon,Jacy Sheldon,headshot,assets/leagues/wnba/athletes/chicago_sky_jacy_sheldon/headshot.png,suspicious_or_default_player_approval,warning,approved,valid_raster,meets_player_photo_floor,review_only_manual_source_recheck_required: default_decision_source_manual_recheck_required,recheck_decision_source_source_file_and_approval_timestamp,approved_assets_registry; decision_source=default; source_file=outputs/latest/review_files/athlete_image_approval_pack/downloads/chicago_sky/chicago_sky_jacy_sheldon__1642292.png; approved_at_utc=2026-06-16T04:22:55.097021+00:00; approved_marker_present; headshot_slot_requires_identity_and_crop_review; image_size=260x190; meets_headshot_floor; default_decision_source_manual_recheck_required; bytes=22839; image_size=260x190
player_photo,WNBA,athlete,chicago_sky_kamilla_cardoso,Kamilla Cardoso,cutout,assets/leagues/wnba/athletes/chicago_sky_kamilla_cardoso/cutout.png,missing_local_player_asset,error,missing,missing_file,not_available,review_only_not_renderable_until_approved,keep_photo_slot_disabled_until_asset_and_marker_are_reviewed,athlete_images_registry; source_note=missing_review_required; asset_file_missing; cutout_slot_requires_manual_crop_review; path_missing
player_photo,WNBA,athlete,chicago_sky_kamilla_cardoso,Kamilla Cardoso,cutout,assets/leagues/wnba/athletes/chicago_sky_kamilla_cardoso/cutout.png,player_photo_format_problem,warning,missing,missing_file,not_available,review_only_not_renderable_until_approved,replace_with_decodable_png_jpg_or_webp_before_renderer_use,athlete_images_registry; source_note=missing_review_required; asset_file_missing; cutout_slot_requires_manual_crop_review; path_missing
player_photo,WNBA,athlete,chicago_sky_kamilla_cardoso,Kamilla Cardoso,headshot,assets/leagues/wnba/athletes/chicago_sky_kamilla_cardoso/headshot.png,suspicious_or_default_player_approval,warning,approved,valid_raster,meets_player_photo_floor,review_only_manual_source_recheck_required: default_decision_source_manual_recheck_required,recheck_decision_source_source_file_and_approval_timestamp,approved_assets_registry; decision_source=default; source_file=outputs/latest/review_files/athlete_image_approval_pack/downloads/chicago_sky/chicago_sky_kamilla_cardoso__1642289.png; approved_at_utc=2026-06-16T04:22:55.099092+00:00; approved_marker_present; headshot_slot_requires_identity_and_crop_review; image_size=260x190; meets_headshot_floor; default_decision_source_manual_recheck_required; bytes=21040; image_size=260x190
player_photo,WNBA,athlete,chicago_sky_maddy_westbeld,Maddy Westbeld,cutout,assets/leagues/wnba/athletes/chicago_sky_maddy_westbeld/cutout.png,missing_local_player_asset,error,missing,missing_file,not_available,review_only_not_renderable_until_approved,keep_photo_slot_disabled_until_asset_and_marker_are_reviewed,athlete_images_registry; source_note=missing_review_required; asset_file_missing; cutout_slot_requires_manual_crop_review; path_missing
player_photo,WNBA,athlete,chicago_sky_maddy_westbeld,Maddy Westbeld,cutout,assets/leagues/wnba/athletes/chicago_sky_maddy_westbeld/cutout.png,player_photo_format_problem,warning,missing,missing_file,not_available,review_only_not_renderable_until_approved,replace_with_decodable_png_jpg_or_webp_before_renderer_use,athlete_images_registry; source_note=missing_review_required; asset_file_missing; cutout_slot_requires_manual_crop_review; path_missing
player_photo,WNBA,athlete,chicago_sky_maddy_westbeld,Maddy Westbeld,headshot,assets/leagues/wnba/athletes/chicago_sky_maddy_westbeld/headshot.png,suspicious_or_default_player_approval,warning,approved,valid_raster,meets_player_photo_floor,review_only_manual_source_recheck_required: default_decision_source_manual_recheck_required,recheck_decision_source_source_file_and_approval_timestamp,approved_assets_registry; decision_source=default; source_file=outputs/latest/review_files/athlete_image_approval_pack/downloads/chicago_sky/chicago_sky_maddy_westbeld__1642818.png; approved_at_utc=2026-06-16T04:22:55.099924+00:00; approved_marker_present; headshot_slot_requires_identity_and_crop_review; image_size=260x190; meets_headshot_floor; default_decision_source_manual_recheck_required; bytes=25005; image_size=260x190
player_photo,WNBA,athlete,chicago_sky_natasha_cloud,Natasha Cloud,cutout,assets/leagues/wnba/athletes/chicago_sky_natasha_cloud/cutout.png,missing_local_player_asset,error,missing,missing_file,not_available,review_only_not_renderable_until_approved,keep_photo_slot_disabled_until_asset_and_marker_are_reviewed,athlete_images_registry; source_note=missing_review_required; asset_file_missing; cutout_slot_requires_manual_crop_review; path_missing
player_photo,WNBA,athlete,chicago_sky_natasha_cloud,Natasha Cloud,cutout,assets/leagues/wnba/athletes/chicago_sky_natasha_cloud/cutout.png,player_photo_format_problem,warning,missing,missing_file,not_available,review_only_not_renderable_until_approved,replace_with_decodable_png_jpg_or_webp_before_renderer_use,athlete_images_registry; source_note=missing_review_required; asset_file_missing; cutout_slot_requires_manual_crop_review; path_missing
player_photo,WNBA,athlete,chicago_sky_natasha_cloud,Natasha Cloud,headshot,assets/leagues/wnba/athletes/chicago_sky_natasha_cloud/headshot.png,suspicious_or_default_player_approval,warning,approved,valid_raster,meets_player_photo_floor,review_only_manual_source_recheck_required: default_decision_source_manual_recheck_required,recheck_decision_source_source_file_and_approval_timestamp,approved_assets_registry; decision_source=default; source_file=outputs/latest/review_files/athlete_image_approval_pack/downloads/chicago_sky/chicago_sky_natasha_cloud__204333.png; approved_at_utc=2026-06-16T04:22:55.098805+00:00; approved_marker_present; headshot_slot_requires_identity_and_crop_review; image_size=260x190; meets_headshot_floor; default_decision_source_manual_recheck_required; bytes=15339; image_size=260x190
player_photo,WNBA,athlete,chicago_sky_rachel_banham,Rachel Banham,cutout,assets/leagues/wnba/athletes/chicago_sky_rachel_banham/cutout.png,missing_local_player_asset,error,missing,missing_file,not_available,review_only_not_renderable_until_approved,keep_photo_slot_disabled_until_asset_and_marker_are_reviewed,athlete_images_registry; source_note=missing_review_required; asset_file_missing; cutout_slot_requires_manual_crop_review; path_missing
player_photo,WNBA,athlete,chicago_sky_rachel_banham,Rachel Banham,cutout,assets/leagues/wnba/athletes/chicago_sky_rachel_banham/cutout.png,player_photo_format_problem,warning,missing,missing_file,not_available,review_only_not_renderable_until_approved,replace_with_decodable_png_jpg_or_webp_before_renderer_use,athlete_images_registry; source_note=missing_review_required; asset_file_missing; cutout_slot_requires_manual_crop_review; path_missing
player_photo,WNBA,athlete,chicago_sky_rachel_banham,Rachel Banham,headshot,assets/leagues/wnba/athletes/chicago_sky_rachel_banham/headshot.png,suspicious_or_default_player_approval,warning,approved,valid_raster,meets_player_photo_floor,review_only_manual_source_recheck_required: default_decision_source_manual_recheck_required,recheck_decision_source_source_file_and_approval_timestamp,approved_assets_registry; decision_source=default; source_file=outputs/latest/review_files/athlete_image_approval_pack/downloads/chicago_sky/chicago_sky_rachel_banham__1627671.png; approved_at_utc=2026-06-16T04:22:55.100472+00:00; approved_marker_present; headshot_slot_requires_identity_and_crop_review; image_size=260x190; meets_headshot_floor; default_decision_source_manual_recheck_required; bytes=17044; image_size=260x190
player_photo,WNBA,athlete,chicago_sky_rickea_jackson,Rickea Jackson,cutout,assets/leagues/wnba/athletes/chicago_sky_rickea_jackson/cutout.png,missing_local_player_asset,error,missing,missing_file,not_available,review_only_not_renderable_until_approved,keep_photo_slot_disabled_until_asset_and_marker_are_reviewed,athlete_images_registry; source_note=missing_review_required; asset_file_missing; cutout_slot_requires_manual_crop_review; path_missing
player_photo,WNBA,athlete,chicago_sky_rickea_jackson,Rickea Jackson,cutout,assets/leagues/wnba/athletes/chicago_sky_rickea_jackson/cutout.png,player_photo_format_problem,warning,missing,missing_file,not_available,review_only_not_renderable_until_approved,replace_with_decodable_png_jpg_or_webp_before_renderer_use,athlete_images_registry; source_note=missing_review_required; asset_file_missing; cutout_slot_requires_manual_crop_review; path_missing
player_photo,WNBA,athlete,chicago_sky_rickea_jackson,Rickea Jackson,headshot,assets/leagues/wnba/athletes/chicago_sky_rickea_jackson/headshot.png,suspicious_or_default_player_approval,warning,approved,valid_raster,meets_player_photo_floor,review_only_manual_source_recheck_required: default_decision_source_manual_recheck_required,recheck_decision_source_source_file_and_approval_timestamp,approved_assets_registry; decision_source=default; source_file=outputs/latest/review_files/athlete_image_approval_pack/downloads/chicago_sky/chicago_sky_rickea_jackson__1642288.png; approved_at_utc=2026-06-16T04:22:55.097952+00:00; approved_marker_present; headshot_slot_requires_identity_and_crop_review; image_size=260x190; meets_headshot_floor; default_decision_source_manual_recheck_required; bytes=19096; image_size=260x190
player_photo,WNBA,athlete,chicago_sky_saylor_poffenbarger,Saylor Poffenbarger,cutout,assets/leagues/wnba/athletes/chicago_sky_saylor_poffenbarger/cutout.png,missing_local_player_asset,error,missing,missing_file,not_available,review_only_not_renderable_until_approved,keep_photo_slot_disabled_until_asset_and_marker_are_reviewed,athlete_images_registry; source_note=missing_review_required; asset_file_missing; cutout_slot_requires_manual_crop_review; path_missing
player_photo,WNBA,athlete,chicago_sky_saylor_poffenbarger,Saylor Poffenbarger,cutout,assets/leagues/wnba/athletes/chicago_sky_saylor_poffenbarger/cutout.png,player_photo_format_problem,warning,missing,missing_file,not_available,review_only_not_renderable_until_approved,replace_with_decodable_png_jpg_or_webp_before_renderer_use,athlete_images_registry; source_note=missing_review_required; asset_file_missing; cutout_slot_requires_manual_crop_review; path_missing
player_photo,WNBA,athlete,chicago_sky_saylor_poffenbarger,Saylor Poffenbarger,headshot,assets/leagues/wnba/athletes/chicago_sky_saylor_poffenbarger/headshot.png,suspicious_or_default_player_approval,warning,approved,valid_raster,meets_player_photo_floor,review_only_manual_source_recheck_required: default_decision_source_manual_recheck_required,recheck_decision_source_source_file_and_approval_timestamp,approved_assets_registry; decision_source=default; source_file=outputs/latest/review_files/athlete_image_approval_pack/downloads/chicago_sky/chicago_sky_saylor_poffenbarger__1643458.png; approved_at_utc=2026-06-16T04:22:55.098228+00:00; approved_marker_present; headshot_slot_requires_identity_and_crop_review; image_size=260x190; meets_headshot_floor; default_decision_source_manual_recheck_required; bytes=18023; image_size=260x190
player_photo,WNBA,athlete,chicago_sky_skylar_diggins,Skylar Diggins,cutout,assets/leagues/wnba/athletes/chicago_sky_skylar_diggins/cutout.png,missing_local_player_asset,error,missing,missing_file,not_available,review_only_not_renderable_until_approved,keep_photo_slot_disabled_until_asset_and_marker_are_reviewed,athlete_images_registry; source_note=missing_review_required; asset_file_missing; cutout_slot_requires_manual_crop_review; path_missing
player_photo,WNBA,athlete,chicago_sky_skylar_diggins,Skylar Diggins,cutout,assets/leagues/wnba/athletes/chicago_sky_skylar_diggins/cutout.png,player_photo_format_problem,warning,missing,missing_file,not_available,review_only_not_renderable_until_approved,replace_with_decodable_png_jpg_or_webp_before_renderer_use,athlete_images_registry; source_note=missing_review_required; asset_file_missing; cutout_slot_requires_manual_crop_review; path_missing
player_photo,WNBA,athlete,chicago_sky_skylar_diggins,Skylar Diggins,headshot,assets/leagues/wnba/athletes/chicago_sky_skylar_diggins/headshot.png,suspicious_or_default_player_approval,warning,approved,valid_raster,meets_player_photo_floor,review_only_manual_source_recheck_required: default_decision_source_manual_recheck_required,recheck_decision_source_source_file_and_approval_timestamp,approved_assets_registry; decision_source=default; source_file=outputs/latest/review_files/athlete_image_approval_pack/downloads/chicago_sky/chicago_sky_skylar_diggins__203400.png; approved_at_utc=2026-06-16T04:22:55.097592+00:00; approved_marker_present; headshot_slot_requires_identity_and_crop_review; image_size=260x190; meets_headshot_floor; default_decision_source_manual_recheck_required; bytes=17665; image_size=260x190
player_photo,WNBA,athlete,chicago_sky_sydney_taylor,Sydney Taylor,cutout,assets/leagues/wnba/athletes/chicago_sky_sydney_taylor/cutout.png,missing_local_player_asset,error,missing,missing_file,not_available,review_only_not_renderable_until_approved,keep_photo_slot_disabled_until_asset_and_marker_are_reviewed,athlete_images_registry; source_note=missing_review_required; asset_file_missing; cutout_slot_requires_manual_crop_review; path_missing
player_photo,WNBA,athlete,chicago_sky_sydney_taylor,Sydney Taylor,cutout,assets/leagues/wnba/athletes/chicago_sky_sydney_taylor/cutout.png,player_photo_format_problem,warning,missing,missing_file,not_available,review_only_not_renderable_until_approved,replace_with_decodable_png_jpg_or_webp_before_renderer_use,athlete_images_registry; source_note=missing_review_required; asset_file_missing; cutout_slot_requires_manual_crop_review; path_missing
player_photo,WNBA,athlete,chicago_sky_sydney_taylor,Sydney Taylor,headshot,assets/leagues/wnba/athletes/chicago_sky_sydney_taylor/headshot.png,suspicious_or_default_player_approval,warning,approved,valid_raster,meets_player_photo_floor,review_only_manual_source_recheck_required: default_decision_source_manual_recheck_required,recheck_decision_source_source_file_and_approval_timestamp,approved_assets_registry; decision_source=default; source_file=outputs/latest/review_files/athlete_image_approval_pack/downloads/chicago_sky/chicago_sky_sydney_taylor__1642321.png; approved_at_utc=2026-06-16T04:22:55.099626+00:00; approved_marker_present; headshot_slot_requires_identity_and_crop_review; image_size=260x190; meets_headshot_floor; default_decision_source_manual_recheck_required; bytes=16183; image_size=260x190
player_photo,WNBA,athlete,connecticut_sun_aaliyah_edwards,Aaliyah Edwards,cutout,assets/leagues/wnba/athletes/connecticut_sun_aaliyah_edwards/cutout.png,missing_local_player_asset,error,missing,missing_file,not_available,review_only_not_renderable_until_approved,keep_photo_slot_disabled_until_asset_and_marker_are_reviewed,athlete_images_registry; source_note=missing_review_required; asset_file_missing; cutout_slot_requires_manual_crop_review; path_missing
player_photo,WNBA,athlete,connecticut_sun_aaliyah_edwards,Aaliyah Edwards,cutout,assets/leagues/wnba/athletes/connecticut_sun_aaliyah_edwards/cutout.png,player_photo_format_problem,warning,missing,missing_file,not_available,review_only_not_renderable_until_approved,replace_with_decodable_png_jpg_or_webp_before_renderer_use,athlete_images_registry; source_note=missing_review_required; asset_file_missing; cutout_slot_requires_manual_crop_review; path_missing
player_photo,WNBA,athlete,connecticut_sun_aaliyah_edwards,Aaliyah Edwards,headshot,assets/leagues/wnba/athletes/connecticut_sun_aaliyah_edwards/headshot.png,suspicious_or_default_player_approval,warning,approved,valid_raster,meets_player_photo_floor,review_only_manual_source_recheck_required: default_decision_source_manual_recheck_required,recheck_decision_source_source_file_and_approval_timestamp,approved_assets_registry; decision_source=default; source_file=outputs/latest/review_files/athlete_image_approval_pack/downloads/connecticut_sun/connecticut_sun_aaliyah_edwards__1642290.png; approved_at_utc=2026-06-16T04:22:55.102770+00:00; approved_marker_present; headshot_slot_requires_identity_and_crop_review; image_size=260x190; meets_headshot_floor; default_decision_source_manual_recheck_required; bytes=16097; image_size=260x190
player_photo,WNBA,athlete,connecticut_sun_aneesah_morrow,Aneesah Morrow,cutout,assets/leagues/wnba/athletes/connecticut_sun_aneesah_morrow/cutout.png,missing_local_player_asset,error,missing,missing_file,not_available,review_only_not_renderable_until_approved,keep_photo_slot_disabled_until_asset_and_marker_are_reviewed,athlete_images_registry; source_note=missing_review_required; asset_file_missing; cutout_slot_requires_manual_crop_review; path_missing
player_photo,WNBA,athlete,connecticut_sun_aneesah_morrow,Aneesah Morrow,cutout,assets/leagues/wnba/athletes/connecticut_sun_aneesah_morrow/cutout.png,player_photo_format_problem,warning,missing,missing_file,not_available,review_only_not_renderable_until_approved,replace_with_decodable_png_jpg_or_webp_before_renderer_use,athlete_images_registry; source_note=missing_review_required; asset_file_missing; cutout_slot_requires_manual_crop_review; path_missing
player_photo,WNBA,athlete,connecticut_sun_aneesah_morrow,Aneesah Morrow,headshot,assets/leagues/wnba/athletes/connecticut_sun_aneesah_morrow/headshot.png,suspicious_or_default_player_approval,warning,approved,valid_raster,meets_player_photo_floor,review_only_manual_source_recheck_required: default_decision_source_manual_recheck_required,recheck_decision_source_source_file_and_approval_timestamp,approved_assets_registry; decision_source=default; source_file=outputs/latest/review_files/athlete_image_approval_pack/downloads/connecticut_sun/connecticut_sun_aneesah_morrow__1642800.png; approved_at_utc=2026-06-16T04:22:55.103954+00:00; approved_marker_present; headshot_slot_requires_identity_and_crop_review; image_size=260x190; meets_headshot_floor; default_decision_source_manual_recheck_required; bytes=19056; image_size=260x190
player_photo,WNBA,athlete,connecticut_sun_ashlon_jackson,Ashlon Jackson,cutout,assets/leagues/wnba/athletes/connecticut_sun_ashlon_jackson/cutout.png,missing_local_player_asset,error,missing,missing_file,not_available,review_only_not_renderable_until_approved,keep_photo_slot_disabled_until_asset_and_marker_are_reviewed,athlete_images_registry; source_note=missing_review_required; asset_file_missing; cutout_slot_requires_manual_crop_review; path_missing
player_photo,WNBA,athlete,connecticut_sun_ashlon_jackson,Ashlon Jackson,cutout,assets/leagues/wnba/athletes/connecticut_sun_ashlon_jackson/cutout.png,player_photo_format_problem,warning,missing,missing_file,not_available,review_only_not_renderable_until_approved,replace_with_decodable_png_jpg_or_webp_before_renderer_use,athlete_images_registry; source_note=missing_review_required; asset_file_missing; cutout_slot_requires_manual_crop_review; path_missing
player_photo,WNBA,athlete,connecticut_sun_ashlon_jackson,Ashlon Jackson,headshot,assets/leagues/wnba/athletes/connecticut_sun_ashlon_jackson/headshot.png,suspicious_or_default_player_approval,warning,approved,valid_raster,meets_player_photo_floor,review_only_manual_source_recheck_required: default_decision_source_manual_recheck_required,recheck_decision_source_source_file_and_approval_timestamp,approved_assets_registry; decision_source=default; source_file=outputs/latest/review_files/athlete_image_approval_pack/downloads/connecticut_sun/connecticut_sun_ashlon_jackson__1643437.png; approved_at_utc=2026-06-16T04:22:55.101890+00:00; approved_marker_present; headshot_slot_requires_identity_and_crop_review; image_size=260x190; meets_headshot_floor; default_decision_source_manual_recheck_required; bytes=19203; image_size=260x190
player_photo,WNBA,athlete,connecticut_sun_brittney_griner,Brittney Griner,cutout,assets/leagues/wnba/athletes/connecticut_sun_brittney_griner/cutout.png,missing_local_player_asset,error,missing,missing_file,not_available,review_only_not_renderable_until_approved,keep_photo_slot_disabled_until_asset_and_marker_are_reviewed,athlete_images_registry; source_note=missing_review_required; asset_file_missing; cutout_slot_requires_manual_crop_review; path_missing
player_photo,WNBA,athlete,connecticut_sun_brittney_griner,Brittney Griner,cutout,assets/leagues/wnba/athletes/connecticut_sun_brittney_griner/cutout.png,player_photo_format_problem,warning,missing,missing_file,not_available,review_only_not_renderable_until_approved,replace_with_decodable_png_jpg_or_webp_before_renderer_use,athlete_images_registry; source_note=missing_review_required; asset_file_missing; cutout_slot_requires_manual_crop_review; path_missing
player_photo,WNBA,athlete,connecticut_sun_brittney_griner,Brittney Griner,headshot,assets/leagues/wnba/athletes/connecticut_sun_brittney_griner/headshot.png,suspicious_or_default_player_approval,warning,approved,valid_raster,meets_player_photo_floor,review_only_manual_source_recheck_required: default_decision_source_manual_recheck_required,recheck_decision_source_source_file_and_approval_timestamp,approved_assets_registry; decision_source=default; source_file=outputs/latest/review_files/athlete_image_approval_pack/downloads/connecticut_sun/connecticut_sun_brittney_griner__203398.png; approved_at_utc=2026-06-16T04:22:55.104806+00:00; approved_marker_present; headshot_slot_requires_identity_and_crop_review; image_size=260x190; meets_headshot_floor; default_decision_source_manual_recheck_required; bytes=19270; image_size=260x190
player_photo,WNBA,athlete,connecticut_sun_charlisse_leger_walker,Charlisse Leger-Walker,cutout,assets/leagues/wnba/athletes/connecticut_sun_charlisse_leger_walker/cutout.png,missing_local_player_asset,error,missing,missing_file,not_available,review_only_not_renderable_until_approved,keep_photo_slot_disabled_until_asset_and_marker_are_reviewed,athlete_images_registry; source_note=missing_review_required; asset_file_missing; cutout_slot_requires_manual_crop_review; path_missing
player_photo,WNBA,athlete,connecticut_sun_charlisse_leger_walker,Charlisse Leger-Walker,cutout,assets/leagues/wnba/athletes/connecticut_sun_charlisse_leger_walker/cutout.png,player_photo_format_problem,warning,missing,missing_file,not_available,review_only_not_renderable_until_approved,replace_with_decodable_png_jpg_or_webp_before_renderer_use,athlete_images_registry; source_note=missing_review_required; asset_file_missing; cutout_slot_requires_manual_crop_review; path_missing
player_photo,WNBA,athlete,connecticut_sun_charlisse_leger_walker,Charlisse Leger-Walker,headshot,assets/leagues/wnba/athletes/connecticut_sun_charlisse_leger_walker/headshot.png,suspicious_or_default_player_approval,warning,approved,valid_raster,meets_player_photo_floor,review_only_manual_source_recheck_required: default_decision_source_manual_recheck_required,recheck_decision_source_source_file_and_approval_timestamp,approved_assets_registry; decision_source=default; source_file=outputs/latest/review_files/athlete_image_approval_pack/downloads/connecticut_sun/connecticut_sun_charlisse_leger_walker__1643449.png; approved_at_utc=2026-06-16T04:22:55.102174+00:00; approved_marker_present; headshot_slot_requires_identity_and_crop_review; image_size=260x190; meets_headshot_floor; default_decision_source_manual_recheck_required; bytes=24513; image_size=260x190
player_photo,WNBA,athlete,connecticut_sun_diamond_miller,Diamond Miller,cutout,assets/leagues/wnba/athletes/connecticut_sun_diamond_miller/cutout.png,missing_local_player_asset,error,missing,missing_file,not_available,review_only_not_renderable_until_approved,keep_photo_slot_disabled_until_asset_and_marker_are_reviewed,athlete_images_registry; source_note=missing_review_required; asset_file_missing; cutout_slot_requires_manual_crop_review; path_missing
player_photo,WNBA,athlete,connecticut_sun_diamond_miller,Diamond Miller,cutout,assets/leagues/wnba/athletes/connecticut_sun_diamond_miller/cutout.png,player_photo_format_problem,warning,missing,missing_file,not_available,review_only_not_renderable_until_approved,replace_with_decodable_png_jpg_or_webp_before_renderer_use,athlete_images_registry; source_note=missing_review_required; asset_file_missing; cutout_slot_requires_manual_crop_review; path_missing
player_photo,WNBA,athlete,connecticut_sun_diamond_miller,Diamond Miller,headshot,assets/leagues/wnba/athletes/connecticut_sun_diamond_miller/headshot.png,suspicious_or_default_player_approval,warning,approved,valid_raster,meets_player_photo_floor,review_only_manual_source_recheck_required: default_decision_source_manual_recheck_required,recheck_decision_source_source_file_and_approval_timestamp,approved_assets_registry; decision_source=default; source_file=outputs/latest/review_files/athlete_image_approval_pack/downloads/connecticut_sun/connecticut_sun_diamond_miller__1641649.png; approved_at_utc=2026-06-16T04:22:55.101317+00:00; approved_marker_present; headshot_slot_requires_identity_and_crop_review; image_size=260x190; meets_headshot_floor; default_decision_source_manual_recheck_required; bytes=19697; image_size=260x190
player_photo,WNBA,athlete,connecticut_sun_gianna_kneepkens,Gianna Kneepkens,cutout,assets/leagues/wnba/athletes/connecticut_sun_gianna_kneepkens/cutout.png,missing_local_player_asset,error,missing,missing_file,not_available,review_only_not_renderable_until_approved,keep_photo_slot_disabled_until_asset_and_marker_are_reviewed,athlete_images_registry; source_note=missing_review_required; asset_file_missing; cutout_slot_requires_manual_crop_review; path_missing
player_photo,WNBA,athlete,connecticut_sun_gianna_kneepkens,Gianna Kneepkens,cutout,assets/leagues/wnba/athletes/connecticut_sun_gianna_kneepkens/cutout.png,player_photo_format_problem,warning,missing,missing_file,not_available,review_only_not_renderable_until_approved,replace_with_decodable_png_jpg_or_webp_before_renderer_use,athlete_images_registry; source_note=missing_review_required; asset_file_missing; cutout_slot_requires_manual_crop_review; path_missing
player_photo,WNBA,athlete,connecticut_sun_gianna_kneepkens,Gianna Kneepkens,headshot,assets/leagues/wnba/athletes/connecticut_sun_gianna_kneepkens/headshot.png,suspicious_or_default_player_approval,warning,approved,valid_raster,meets_player_photo_floor,review_only_manual_source_recheck_required: default_decision_source_manual_recheck_required,recheck_decision_source_source_file_and_approval_timestamp,approved_assets_registry; decision_source=default; source_file=outputs/latest/review_files/athlete_image_approval_pack/downloads/connecticut_sun/connecticut_sun_gianna_kneepkens__1643429.png; approved_at_utc=2026-06-16T04:22:55.102452+00:00; approved_marker_present; headshot_slot_requires_identity_and_crop_review; image_size=260x190; meets_headshot_floor; default_decision_source_manual_recheck_required; bytes=20364; image_size=260x190
player_photo,WNBA,athlete,connecticut_sun_hailey_van_lith,Hailey Van Lith,cutout,assets/leagues/wnba/athletes/connecticut_sun_hailey_van_lith/cutout.png,missing_local_player_asset,error,missing,missing_file,not_available,review_only_not_renderable_until_approved,keep_photo_slot_disabled_until_asset_and_marker_are_reviewed,athlete_images_registry; source_note=missing_review_required; asset_file_missing; cutout_slot_requires_manual_crop_review; path_missing
player_photo,WNBA,athlete,connecticut_sun_hailey_van_lith,Hailey Van Lith,cutout,assets/leagues/wnba/athletes/connecticut_sun_hailey_van_lith/cutout.png,player_photo_format_problem,warning,missing,missing_file,not_available,review_only_not_renderable_until_approved,replace_with_decodable_png_jpg_or_webp_before_renderer_use,athlete_images_registry; source_note=missing_review_required; asset_file_missing; cutout_slot_requires_manual_crop_review; path_missing
player_photo,WNBA,athlete,connecticut_sun_hailey_van_lith,Hailey Van Lith,headshot,assets/leagues/wnba/athletes/connecticut_sun_hailey_van_lith/headshot.png,suspicious_or_default_player_approval,warning,approved,valid_raster,meets_player_photo_floor,review_only_manual_source_recheck_required: default_decision_source_manual_recheck_required,recheck_decision_source_source_file_and_approval_timestamp,approved_assets_registry; decision_source=default; source_file=outputs/latest/review_files/athlete_image_approval_pack/downloads/connecticut_sun/connecticut_sun_hailey_van_lith__1642817.png; approved_at_utc=2026-06-16T04:22:55.101590+00:00; approved_marker_present; headshot_slot_requires_identity_and_crop_review; image_size=260x190; meets_headshot_floor; default_decision_source_manual_recheck_required; bytes=19019; image_size=260x190
player_photo,WNBA,athlete,connecticut_sun_kennedy_burke,Kennedy Burke,cutout,assets/leagues/wnba/athletes/connecticut_sun_kennedy_burke/cutout.png,missing_local_player_asset,error,missing,missing_file,not_available,review_only_not_renderable_until_approved,keep_photo_slot_disabled_until_asset_and_marker_are_reviewed,athlete_images_registry; source_note=missing_review_required; asset_file_missing; cutout_slot_requires_manual_crop_review; path_missing
player_photo,WNBA,athlete,connecticut_sun_kennedy_burke,Kennedy Burke,cutout,assets/leagues/wnba/athletes/connecticut_sun_kennedy_burke/cutout.png,player_photo_format_problem,warning,missing,missing_file,not_available,review_only_not_renderable_until_approved,replace_with_decodable_png_jpg_or_webp_before_renderer_use,athlete_images_registry; source_note=missing_review_required; asset_file_missing; cutout_slot_requires_manual_crop_review; path_missing
player_photo,WNBA,athlete,connecticut_sun_kennedy_burke,Kennedy Burke,headshot,assets/leagues/wnba/athletes/connecticut_sun_kennedy_burke/headshot.png,suspicious_or_default_player_approval,warning,approved,valid_raster,meets_player_photo_floor,review_only_manual_source_recheck_required: default_decision_source_manual_recheck_required,recheck_decision_source_source_file_and_approval_timestamp,approved_assets_registry; decision_source=default; source_file=outputs/latest/review_files/athlete_image_approval_pack/downloads/connecticut_sun/connecticut_sun_kennedy_burke__1629568.png; approved_at_utc=2026-06-16T04:22:55.104225+00:00; approved_marker_present; headshot_slot_requires_identity_and_crop_review; image_size=260x190; meets_headshot_floor; default_decision_source_manual_recheck_required; bytes=16436; image_size=260x190
player_photo,WNBA,athlete,connecticut_sun_leila_lacan,Leila Lacan,cutout,assets/leagues/wnba/athletes/connecticut_sun_leila_lacan/cutout.png,missing_local_player_asset,error,missing,missing_file,not_available,review_only_not_renderable_until_approved,keep_photo_slot_disabled_until_asset_and_marker_are_reviewed,athlete_images_registry; source_note=missing_review_required; asset_file_missing; cutout_slot_requires_manual_crop_review; path_missing
player_photo,WNBA,athlete,connecticut_sun_leila_lacan,Leila Lacan,cutout,assets/leagues/wnba/athletes/connecticut_sun_leila_lacan/cutout.png,player_photo_format_problem,warning,missing,missing_file,not_available,review_only_not_renderable_until_approved,replace_with_decodable_png_jpg_or_webp_before_renderer_use,athlete_images_registry; source_note=missing_review_required; asset_file_missing; cutout_slot_requires_manual_crop_review; path_missing
player_photo,WNBA,athlete,connecticut_sun_leila_lacan,Leila Lacan,headshot,assets/leagues/wnba/athletes/connecticut_sun_leila_lacan/headshot.png,suspicious_or_default_player_approval,warning,approved,valid_raster,meets_player_photo_floor,review_only_manual_source_recheck_required: default_decision_source_manual_recheck_required,recheck_decision_source_source_file_and_approval_timestamp,approved_assets_registry; decision_source=default; source_file=outputs/latest/review_files/athlete_image_approval_pack/downloads/connecticut_sun/connecticut_sun_leila_lacan__1642303.png; approved_at_utc=2026-06-16T04:22:55.105077+00:00; approved_marker_present; headshot_slot_requires_identity_and_crop_review; image_size=260x190; meets_headshot_floor; default_decision_source_manual_recheck_required; bytes=15654; image_size=260x190
player_photo,WNBA,athlete,connecticut_sun_nell_angloma,Nell Angloma,cutout,assets/leagues/wnba/athletes/connecticut_sun_nell_angloma/cutout.png,missing_local_player_asset,error,missing,missing_file,not_available,review_only_not_renderable_until_approved,keep_photo_slot_disabled_until_asset_and_marker_are_reviewed,athlete_images_registry; source_note=missing_review_required; asset_file_missing; cutout_slot_requires_manual_crop_review; path_missing
player_photo,WNBA,athlete,connecticut_sun_nell_angloma,Nell Angloma,cutout,assets/leagues/wnba/athletes/connecticut_sun_nell_angloma/cutout.png,player_photo_format_problem,warning,missing,missing_file,not_available,review_only_not_renderable_until_approved,replace_with_decodable_png_jpg_or_webp_before_renderer_use,athlete_images_registry; source_note=missing_review_required; asset_file_missing; cutout_slot_requires_manual_crop_review; path_missing
player_photo,WNBA,athlete,connecticut_sun_nell_angloma,Nell Angloma,headshot,assets/leagues/wnba/athletes/connecticut_sun_nell_angloma/headshot.png,suspicious_or_default_player_approval,warning,approved,valid_raster,meets_player_photo_floor,review_only_manual_source_recheck_required: default_decision_source_manual_recheck_required,recheck_decision_source_source_file_and_approval_timestamp,approved_assets_registry; decision_source=default; source_file=outputs/latest/review_files/athlete_image_approval_pack/downloads/connecticut_sun/connecticut_sun_nell_angloma__1643448.png; approved_at_utc=2026-06-16T04:22:55.104509+00:00; approved_marker_present; headshot_slot_requires_identity_and_crop_review; image_size=260x190; meets_headshot_floor; default_decision_source_manual_recheck_required; bytes=15340; image_size=260x190
player_photo,WNBA,athlete,connecticut_sun_olivia_nelson_ododa,Olivia Nelson-Ododa,cutout,assets/leagues/wnba/athletes/connecticut_sun_olivia_nelson_ododa/cutout.png,missing_local_player_asset,error,missing,missing_file,not_available,review_only_not_renderable_until_approved,keep_photo_slot_disabled_until_asset_and_marker_are_reviewed,athlete_images_registry; source_note=missing_review_required; asset_file_missing; cutout_slot_requires_manual_crop_review; path_missing
player_photo,WNBA,athlete,connecticut_sun_olivia_nelson_ododa,Olivia Nelson-Ododa,cutout,assets/leagues/wnba/athletes/connecticut_sun_olivia_nelson_ododa/cutout.png,player_photo_format_problem,warning,missing,missing_file,not_available,review_only_not_renderable_until_approved,replace_with_decodable_png_jpg_or_webp_before_renderer_use,athlete_images_registry; source_note=missing_review_required; asset_file_missing; cutout_slot_requires_manual_crop_review; path_missing
player_photo,WNBA,athlete,connecticut_sun_olivia_nelson_ododa,Olivia Nelson-Ododa,headshot,assets/leagues/wnba/athletes/connecticut_sun_olivia_nelson_ododa/headshot.png,suspicious_or_default_player_approval,warning,approved,valid_raster,meets_player_photo_floor,review_only_manual_source_recheck_required: default_decision_source_manual_recheck_required,recheck_decision_source_source_file_and_approval_timestamp,approved_assets_registry; decision_source=default; source_file=outputs/latest/review_files/athlete_image_approval_pack/downloads/connecticut_sun/connecticut_sun_olivia_nelson_ododa__1631135.png; approved_at_utc=2026-06-16T04:22:55.103044+00:00; approved_marker_present; headshot_slot_requires_identity_and_crop_review; image_size=260x190; meets_headshot_floor; default_decision_source_manual_recheck_required; bytes=18832; image_size=260x190
player_photo,WNBA,athlete,connecticut_sun_raegan_beers,Raegan Beers,cutout,assets/leagues/wnba/athletes/connecticut_sun_raegan_beers/cutout.png,missing_local_player_asset,error,missing,missing_file,not_available,review_only_not_renderable_until_approved,keep_photo_slot_disabled_until_asset_and_marker_are_reviewed,athlete_images_registry; source_note=missing_review_required; asset_file_missing; cutout_slot_requires_manual_crop_review; path_missing
player_photo,WNBA,athlete,connecticut_sun_raegan_beers,Raegan Beers,cutout,assets/leagues/wnba/athletes/connecticut_sun_raegan_beers/cutout.png,player_photo_format_problem,warning,missing,missing_file,not_available,review_only_not_renderable_until_approved,replace_with_decodable_png_jpg_or_webp_before_renderer_use,athlete_images_registry; source_note=missing_review_required; asset_file_missing; cutout_slot_requires_manual_crop_review; path_missing
player_photo,WNBA,athlete,connecticut_sun_raegan_beers,Raegan Beers,headshot,assets/leagues/wnba/athletes/connecticut_sun_raegan_beers/headshot.png,suspicious_or_default_player_approval,warning,approved,valid_raster,meets_player_photo_floor,review_only_manual_source_recheck_required: default_decision_source_manual_recheck_required,recheck_decision_source_source_file_and_approval_timestamp,approved_assets_registry; decision_source=default; source_file=outputs/latest/review_files/athlete_image_approval_pack/downloads/connecticut_sun/connecticut_sun_raegan_beers__1643441.png; approved_at_utc=2026-06-16T04:22:55.103324+00:00; approved_marker_present; headshot_slot_requires_identity_and_crop_review; image_size=260x190; meets_headshot_floor; default_decision_source_manual_recheck_required; bytes=21001; image_size=260x190
player_photo,WNBA,athlete,connecticut_sun_saniya_rivers,Saniya Rivers,cutout,assets/leagues/wnba/athletes/connecticut_sun_saniya_rivers/cutout.png,missing_local_player_asset,error,missing,missing_file,not_available,review_only_not_renderable_until_approved,keep_photo_slot_disabled_until_asset_and_marker_are_reviewed,athlete_images_registry; source_note=missing_review_required; asset_file_missing; cutout_slot_requires_manual_crop_review; path_missing
player_photo,WNBA,athlete,connecticut_sun_saniya_rivers,Saniya Rivers,cutout,assets/leagues/wnba/athletes/connecticut_sun_saniya_rivers/cutout.png,player_photo_format_problem,warning,missing,missing_file,not_available,review_only_not_renderable_until_approved,replace_with_decodable_png_jpg_or_webp_before_renderer_use,athlete_images_registry; source_note=missing_review_required; asset_file_missing; cutout_slot_requires_manual_crop_review; path_missing
player_photo,WNBA,athlete,connecticut_sun_saniya_rivers,Saniya Rivers,headshot,assets/leagues/wnba/athletes/connecticut_sun_saniya_rivers/headshot.png,suspicious_or_default_player_approval,warning,approved,valid_raster,meets_player_photo_floor,review_only_manual_source_recheck_required: default_decision_source_manual_recheck_required,recheck_decision_source_source_file_and_approval_timestamp,approved_assets_registry; decision_source=default; source_file=outputs/latest/review_files/athlete_image_approval_pack/downloads/connecticut_sun/connecticut_sun_saniya_rivers__1642809.png; approved_at_utc=2026-06-16T04:22:55.103594+00:00; approved_marker_present; headshot_slot_requires_identity_and_crop_review; image_size=260x190; meets_headshot_floor; default_decision_source_manual_recheck_required; bytes=20009; image_size=260x190
player_photo,WNBA,athlete,dallas_wings_alanna_smith,Alanna Smith,cutout,assets/leagues/wnba/athletes/dallas_wings_alanna_smith/cutout.png,missing_local_player_asset,error,missing,missing_file,not_available,review_only_not_renderable_until_approved,keep_photo_slot_disabled_until_asset_and_marker_are_reviewed,athlete_images_registry; source_note=missing_review_required; asset_file_missing; cutout_slot_requires_manual_crop_review; path_missing
player_photo,WNBA,athlete,dallas_wings_alanna_smith,Alanna Smith,cutout,assets/leagues/wnba/athletes/dallas_wings_alanna_smith/cutout.png,player_photo_format_problem,warning,missing,missing_file,not_available,review_only_not_renderable_until_approved,replace_with_decodable_png_jpg_or_webp_before_renderer_use,athlete_images_registry; source_note=missing_review_required; asset_file_missing; cutout_slot_requires_manual_crop_review; path_missing
player_photo,WNBA,athlete,dallas_wings_alanna_smith,Alanna Smith,headshot,assets/leagues/wnba/athletes/dallas_wings_alanna_smith/headshot.png,suspicious_or_default_player_approval,warning,approved,valid_raster,meets_player_photo_floor,review_only_manual_source_recheck_required: default_decision_source_manual_recheck_required,recheck_decision_source_source_file_and_approval_timestamp,approved_assets_registry; decision_source=default; source_file=outputs/latest/review_files/athlete_image_approval_pack/downloads/dallas_wings/dallas_wings_alanna_smith__1629501.png; approved_at_utc=2026-06-16T04:22:55.121734+00:00; approved_marker_present; headshot_slot_requires_identity_and_crop_review; image_size=260x190; meets_headshot_floor; default_decision_source_manual_recheck_required; bytes=20975; image_size=260x190
player_photo,WNBA,athlete,dallas_wings_alysha_clark,Alysha Clark,cutout,assets/leagues/wnba/athletes/dallas_wings_alysha_clark/cutout.png,missing_local_player_asset,error,missing,missing_file,not_available,review_only_not_renderable_until_approved,keep_photo_slot_disabled_until_asset_and_marker_are_reviewed,athlete_images_registry; source_note=missing_review_required; asset_file_missing; cutout_slot_requires_manual_crop_review; path_missing
player_photo,WNBA,athlete,dallas_wings_alysha_clark,Alysha Clark,cutout,assets/leagues/wnba/athletes/dallas_wings_alysha_clark/cutout.png,player_photo_format_problem,warning,missing,missing_file,not_available,review_only_not_renderable_until_approved,replace_with_decodable_png_jpg_or_webp_before_renderer_use,athlete_images_registry; source_note=missing_review_required; asset_file_missing; cutout_slot_requires_manual_crop_review; path_missing
player_photo,WNBA,athlete,dallas_wings_alysha_clark,Alysha Clark,headshot,assets/leagues/wnba/athletes/dallas_wings_alysha_clark/headshot.png,suspicious_or_default_player_approval,warning,approved,valid_raster,meets_player_photo_floor,review_only_manual_source_recheck_required: default_decision_source_manual_recheck_required,recheck_decision_source_source_file_and_approval_timestamp,approved_assets_registry; decision_source=default; source_file=outputs/latest/review_files/athlete_image_approval_pack/downloads/dallas_wings/dallas_wings_alysha_clark__202252.png; approved_at_utc=2026-06-16T04:22:55.121423+00:00; approved_marker_present; headshot_slot_requires_identity_and_crop_review; image_size=260x190; meets_headshot_floor; default_decision_source_manual_recheck_required; bytes=12038; image_size=260x190
player_photo,WNBA,athlete,dallas_wings_arike_ogunbowale,Arike Ogunbowale,cutout,assets/leagues/wnba/athletes/dallas_wings_arike_ogunbowale/cutout.png,missing_local_player_asset,error,missing,missing_file,not_available,review_only_not_renderable_until_approved,keep_photo_slot_disabled_until_asset_and_marker_are_reviewed,athlete_images_registry; source_note=missing_review_required; asset_file_missing; cutout_slot_requires_manual_crop_review; path_missing
player_photo,WNBA,athlete,dallas_wings_arike_ogunbowale,Arike Ogunbowale,cutout,assets/leagues/wnba/athletes/dallas_wings_arike_ogunbowale/cutout.png,player_photo_format_problem,warning,missing,missing_file,not_available,review_only_not_renderable_until_approved,replace_with_decodable_png_jpg_or_webp_before_renderer_use,athlete_images_registry; source_note=missing_review_required; asset_file_missing; cutout_slot_requires_manual_crop_review; path_missing
player_photo,WNBA,athlete,dallas_wings_arike_ogunbowale,Arike Ogunbowale,headshot,assets/leagues/wnba/athletes/dallas_wings_arike_ogunbowale/headshot.png,suspicious_or_default_player_approval,warning,approved,valid_raster,meets_player_photo_floor,review_only_manual_source_recheck_required: default_decision_source_manual_recheck_required,recheck_decision_source_source_file_and_approval_timestamp,approved_assets_registry; decision_source=default; source_file=outputs/latest/review_files/athlete_image_approval_pack/downloads/dallas_wings/dallas_wings_arike_ogunbowale__1629481.png; approved_at_utc=2026-06-16T04:22:55.122650+00:00; approved_marker_present; headshot_slot_requires_identity_and_crop_review; image_size=260x190; meets_headshot_floor; default_decision_source_manual_recheck_required; bytes=22521; image_size=260x190
player_photo,WNBA,athlete,dallas_wings_awak_kuier,Awak Kuier,cutout,assets/leagues/wnba/athletes/dallas_wings_awak_kuier/cutout.png,missing_local_player_asset,error,missing,missing_file,not_available,review_only_not_renderable_until_approved,keep_photo_slot_disabled_until_asset_and_marker_are_reviewed,athlete_images_registry; source_note=missing_review_required; asset_file_missing; cutout_slot_requires_manual_crop_review; path_missing
player_photo,WNBA,athlete,dallas_wings_awak_kuier,Awak Kuier,cutout,assets/leagues/wnba/athletes/dallas_wings_awak_kuier/cutout.png,player_photo_format_problem,warning,missing,missing_file,not_available,review_only_not_renderable_until_approved,replace_with_decodable_png_jpg_or_webp_before_renderer_use,athlete_images_registry; source_note=missing_review_required; asset_file_missing; cutout_slot_requires_manual_crop_review; path_missing
player_photo,WNBA,athlete,dallas_wings_awak_kuier,Awak Kuier,headshot,assets/leagues/wnba/athletes/dallas_wings_awak_kuier/headshot.png,suspicious_or_default_player_approval,warning,approved,valid_raster,meets_player_photo_floor,review_only_manual_source_recheck_required: default_decision_source_manual_recheck_required,recheck_decision_source_source_file_and_approval_timestamp,approved_assets_registry; decision_source=default; source_file=outputs/latest/review_files/athlete_image_approval_pack/downloads/dallas_wings/dallas_wings_awak_kuier__1630386.png; approved_at_utc=2026-06-16T04:22:55.123463+00:00; approved_marker_present; headshot_slot_requires_identity_and_crop_review; image_size=260x190; meets_headshot_floor; default_decision_source_manual_recheck_required; bytes=19588; image_size=260x190
player_photo,WNBA,athlete,dallas_wings_aziaha_james,Aziaha James,cutout,assets/leagues/wnba/athletes/dallas_wings_aziaha_james/cutout.png,missing_local_player_asset,error,missing,missing_file,not_available,review_only_not_renderable_until_approved,keep_photo_slot_disabled_until_asset_and_marker_are_reviewed,athlete_images_registry; source_note=missing_review_required; asset_file_missing; cutout_slot_requires_manual_crop_review; path_missing
player_photo,WNBA,athlete,dallas_wings_aziaha_james,Aziaha James,cutout,assets/leagues/wnba/athletes/dallas_wings_aziaha_james/cutout.png,player_photo_format_problem,warning,missing,missing_file,not_available,review_only_not_renderable_until_approved,replace_with_decodable_png_jpg_or_webp_before_renderer_use,athlete_images_registry; source_note=missing_review_required; asset_file_missing; cutout_slot_requires_manual_crop_review; path_missing
player_photo,WNBA,athlete,dallas_wings_aziaha_james,Aziaha James,headshot,assets/leagues/wnba/athletes/dallas_wings_aziaha_james/headshot.png,suspicious_or_default_player_approval,warning,approved,valid_raster,meets_player_photo_floor,review_only_manual_source_recheck_required: default_decision_source_manual_recheck_required,recheck_decision_source_source_file_and_approval_timestamp,approved_assets_registry; decision_source=default; source_file=outputs/latest/review_files/athlete_image_approval_pack/downloads/dallas_wings/dallas_wings_aziaha_james__1642793.png; approved_at_utc=2026-06-16T04:22:55.122011+00:00; approved_marker_present; headshot_slot_requires_identity_and_crop_review; image_size=260x190; meets_headshot_floor; default_decision_source_manual_recheck_required; bytes=14288; image_size=260x190
player_photo,WNBA,athlete,dallas_wings_azzi_fudd,Azzi Fudd,cutout,assets/leagues/wnba/athletes/dallas_wings_azzi_fudd/cutout.png,missing_local_player_asset,error,missing,missing_file,not_available,review_only_not_renderable_until_approved,keep_photo_slot_disabled_until_asset_and_marker_are_reviewed,athlete_images_registry; source_note=missing_review_required; asset_file_missing; cutout_slot_requires_manual_crop_review; path_missing
player_photo,WNBA,athlete,dallas_wings_azzi_fudd,Azzi Fudd,cutout,assets/leagues/wnba/athletes/dallas_wings_azzi_fudd/cutout.png,player_photo_format_problem,warning,missing,missing_file,not_available,review_only_not_renderable_until_approved,replace_with_decodable_png_jpg_or_webp_before_renderer_use,athlete_images_registry; source_note=missing_review_required; asset_file_missing; cutout_slot_requires_manual_crop_review; path_missing
player_photo,WNBA,athlete,dallas_wings_azzi_fudd,Azzi Fudd,headshot,assets/leagues/wnba/athletes/dallas_wings_azzi_fudd/headshot.png,suspicious_or_default_player_approval,warning,approved,valid_raster,meets_player_photo_floor,review_only_manual_source_recheck_required: default_decision_source_manual_recheck_required,recheck_decision_source_source_file_and_approval_timestamp,approved_assets_registry; decision_source=default; source_file=outputs/latest/review_files/athlete_image_approval_pack/downloads/dallas_wings/dallas_wings_azzi_fudd__1643425.png; approved_at_utc=2026-06-16T04:22:55.123754+00:00; approved_marker_present; headshot_slot_requires_identity_and_crop_review; image_size=260x190; meets_headshot_floor; default_decision_source_manual_recheck_required; bytes=16060; image_size=260x190
player_photo,WNBA,athlete,dallas_wings_costanza_verona,Costanza Verona,cutout,assets/leagues/wnba/athletes/dallas_wings_costanza_verona/cutout.png,missing_local_player_asset,error,missing,missing_file,not_available,review_only_not_renderable_until_approved,keep_photo_slot_disabled_until_asset_and_marker_are_reviewed,athlete_images_registry; source_note=missing_review_required; asset_file_missing; cutout_slot_requires_manual_crop_review; path_missing
player_photo,WNBA,athlete,dallas_wings_costanza_verona,Costanza Verona,cutout,assets/leagues/wnba/athletes/dallas_wings_costanza_verona/cutout.png,player_photo_format_problem,warning,missing,missing_file,not_available,review_only_not_renderable_until_approved,replace_with_decodable_png_jpg_or_webp_before_renderer_use,athlete_images_registry; source_note=missing_review_required; asset_file_missing; cutout_slot_requires_manual_crop_review; path_missing
player_photo,WNBA,athlete,dallas_wings_costanza_verona,Costanza Verona,headshot,assets/leagues/wnba/athletes/dallas_wings_costanza_verona/headshot.png,suspicious_or_default_player_approval,warning,approved,valid_raster,meets_player_photo_floor,review_only_manual_source_recheck_required: default_decision_source_manual_recheck_required,recheck_decision_source_source_file_and_approval_timestamp,approved_assets_registry; decision_source=default; source_file=outputs/latest/review_files/athlete_image_approval_pack/downloads/dallas_wings/dallas_wings_costanza_verona__1643424.png; approved_at_utc=2026-06-16T04:22:55.121156+00:00; approved_marker_present; headshot_slot_requires_identity_and_crop_review; image_size=260x190; meets_headshot_floor; default_decision_source_manual_recheck_required; bytes=20766; image_size=260x190
player_photo,WNBA,athlete,dallas_wings_jessica_shepard,Jessica Shepard,cutout,assets/leagues/wnba/athletes/dallas_wings_jessica_shepard/cutout.png,missing_local_player_asset,error,missing,missing_file,not_available,review_only_not_renderable_until_approved,keep_photo_slot_disabled_until_asset_and_marker_are_reviewed,athlete_images_registry; source_note=missing_review_required; asset_file_missing; cutout_slot_requires_manual_crop_review; path_missing
player_photo,WNBA,athlete,dallas_wings_jessica_shepard,Jessica Shepard,cutout,assets/leagues/wnba/athletes/dallas_wings_jessica_shepard/cutout.png,player_photo_format_problem,warning,missing,missing_file,not_available,review_only_not_renderable_until_approved,replace_with_decodable_png_jpg_or_webp_before_renderer_use,athlete_images_registry; source_note=missing_review_required; asset_file_missing; cutout_slot_requires_manual_crop_review; path_missing
player_photo,WNBA,athlete,dallas_wings_jessica_shepard,Jessica Shepard,headshot,assets/leagues/wnba/athletes/dallas_wings_jessica_shepard/headshot.png,suspicious_or_default_player_approval,warning,approved,valid_raster,meets_player_photo_floor,review_only_manual_source_recheck_required: default_decision_source_manual_recheck_required,recheck_decision_source_source_file_and_approval_timestamp,approved_assets_registry; decision_source=default; source_file=outputs/latest/review_files/athlete_image_approval_pack/downloads/dallas_wings/dallas_wings_jessica_shepard__1629491.png; approved_at_utc=2026-06-16T04:22:55.123197+00:00; approved_marker_present; headshot_slot_requires_identity_and_crop_review; image_size=260x190; meets_headshot_floor; default_decision_source_manual_recheck_required; bytes=14516; image_size=260x190
player_photo,WNBA,athlete,dallas_wings_li_yueru,Li Yueru,cutout,assets/leagues/wnba/athletes/dallas_wings_li_yueru/cutout.png,missing_local_player_asset,error,missing,missing_file,not_available,review_only_not_renderable_until_approved,keep_photo_slot_disabled_until_asset_and_marker_are_reviewed,athlete_images_registry; source_note=missing_review_required; asset_file_missing; cutout_slot_requires_manual_crop_review; path_missing
player_photo,WNBA,athlete,dallas_wings_li_yueru,Li Yueru,cutout,assets/leagues/wnba/athletes/dallas_wings_li_yueru/cutout.png,player_photo_format_problem,warning,missing,missing_file,not_available,review_only_not_renderable_until_approved,replace_with_decodable_png_jpg_or_webp_before_renderer_use,athlete_images_registry; source_note=missing_review_required; asset_file_missing; cutout_slot_requires_manual_crop_review; path_missing
player_photo,WNBA,athlete,dallas_wings_li_yueru,Li Yueru,headshot,assets/leagues/wnba/athletes/dallas_wings_li_yueru/headshot.png,suspicious_or_default_player_approval,warning,approved,valid_raster,meets_player_photo_floor,review_only_manual_source_recheck_required: default_decision_source_manual_recheck_required,recheck_decision_source_source_file_and_approval_timestamp,approved_assets_registry; decision_source=default; source_file=outputs/latest/review_files/athlete_image_approval_pack/downloads/dallas_wings/dallas_wings_li_yueru__1629574.png; approved_at_utc=2026-06-16T04:22:55.122930+00:00; approved_marker_present; headshot_slot_requires_identity_and_crop_review; image_size=260x190; meets_headshot_floor; default_decision_source_manual_recheck_required; bytes=16899; image_size=260x190
player_photo,WNBA,athlete,dallas_wings_maddy_siegrist,Maddy Siegrist,cutout,assets/leagues/wnba/athletes/dallas_wings_maddy_siegrist/cutout.png,missing_local_player_asset,error,missing,missing_file,not_available,review_only_not_renderable_until_approved,keep_photo_slot_disabled_until_asset_and_marker_are_reviewed,athlete_images_registry; source_note=missing_review_required; asset_file_missing; cutout_slot_requires_manual_crop_review; path_missing
player_photo,WNBA,athlete,dallas_wings_maddy_siegrist,Maddy Siegrist,cutout,assets/leagues/wnba/athletes/dallas_wings_maddy_siegrist/cutout.png,player_photo_format_problem,warning,missing,missing_file,not_available,review_only_not_renderable_until_approved,replace_with_decodable_png_jpg_or_webp_before_renderer_use,athlete_images_registry; source_note=missing_review_required; asset_file_missing; cutout_slot_requires_manual_crop_review; path_missing
player_photo,WNBA,athlete,dallas_wings_maddy_siegrist,Maddy Siegrist,headshot,assets/leagues/wnba/athletes/dallas_wings_maddy_siegrist/headshot.png,suspicious_or_default_player_approval,warning,approved,valid_raster,meets_player_photo_floor,review_only_manual_source_recheck_required: default_decision_source_manual_recheck_required,recheck_decision_source_source_file_and_approval_timestamp,approved_assets_registry; decision_source=default; source_file=outputs/latest/review_files/athlete_image_approval_pack/downloads/dallas_wings/dallas_wings_maddy_siegrist__1641652.png; approved_at_utc=2026-06-16T04:22:55.122364+00:00; approved_marker_present; headshot_slot_requires_identity_and_crop_review; image_size=260x190; meets_headshot_floor; default_decision_source_manual_recheck_required; bytes=21424; image_size=260x190
player_photo,WNBA,athlete,dallas_wings_odyssey_sims,Odyssey Sims,cutout,assets/leagues/wnba/athletes/dallas_wings_odyssey_sims/cutout.png,missing_local_player_asset,error,missing,missing_file,not_available,review_only_not_renderable_until_approved,keep_photo_slot_disabled_until_asset_and_marker_are_reviewed,athlete_images_registry; source_note=missing_review_required; asset_file_missing; cutout_slot_requires_manual_crop_review; path_missing
player_photo,WNBA,athlete,dallas_wings_odyssey_sims,Odyssey Sims,cutout,assets/leagues/wnba/athletes/dallas_wings_odyssey_sims/cutout.png,player_photo_format_problem,warning,missing,missing_file,not_available,review_only_not_renderable_until_approved,replace_with_decodable_png_jpg_or_webp_before_renderer_use,athlete_images_registry; source_note=missing_review_required; asset_file_missing; cutout_slot_requires_manual_crop_review; path_missing
player_photo,WNBA,athlete,dallas_wings_odyssey_sims,Odyssey Sims,headshot,assets/leagues/wnba/athletes/dallas_wings_odyssey_sims/headshot.png,suspicious_or_default_player_approval,warning,approved,valid_raster,meets_player_photo_floor,review_only_manual_source_recheck_required: default_decision_source_manual_recheck_required,recheck_decision_source_source_file_and_approval_timestamp,approved_assets_registry; decision_source=default; source_file=outputs/latest/review_files/athlete_image_approval_pack/downloads/dallas_wings/dallas_wings_odyssey_sims__203824.png; approved_at_utc=2026-06-16T04:22:55.120243+00:00; approved_marker_present; headshot_slot_requires_identity_and_crop_review; image_size=260x190; meets_headshot_floor; default_decision_source_manual_recheck_required; bytes=18532; image_size=260x190
player_photo,WNBA,athlete,dallas_wings_paige_bueckers,Paige Bueckers,cutout,assets/leagues/wnba/athletes/dallas_wings_paige_bueckers/cutout.png,missing_local_player_asset,error,missing,missing_file,not_available,review_only_not_renderable_until_approved,keep_photo_slot_disabled_until_asset_and_marker_are_reviewed,athlete_images_registry; source_note=missing_review_required; asset_file_missing; cutout_slot_requires_manual_crop_review; path_missing
player_photo,WNBA,athlete,dallas_wings_paige_bueckers,Paige Bueckers,cutout,assets/leagues/wnba/athletes/dallas_wings_paige_bueckers/cutout.png,player_photo_format_problem,warning,missing,missing_file,not_available,review_only_not_renderable_until_approved,replace_with_decodable_png_jpg_or_webp_before_renderer_use,athlete_images_registry; source_note=missing_review_required; asset_file_missing; cutout_slot_requires_manual_crop_review; path_missing
player_photo,WNBA,athlete,dallas_wings_paige_bueckers,Paige Bueckers,headshot,assets/leagues/wnba/athletes/dallas_wings_paige_bueckers/headshot.png,suspicious_or_default_player_approval,warning,approved,valid_raster,meets_player_photo_floor,review_only_manual_source_recheck_required: default_decision_source_manual_recheck_required,recheck_decision_source_source_file_and_approval_timestamp,approved_assets_registry; decision_source=default; source_file=outputs/latest/review_files/athlete_image_approval_pack/downloads/dallas_wings/dallas_wings_paige_bueckers__1642784.png; approved_at_utc=2026-06-16T04:22:55.120834+00:00; approved_marker_present; headshot_slot_requires_identity_and_crop_review; image_size=260x190; meets_headshot_floor; default_decision_source_manual_recheck_required; bytes=19997; image_size=260x190
player_photo,WNBA,athlete,dallas_wings_sug_sutton,Sug Sutton,cutout,assets/leagues/wnba/athletes/dallas_wings_sug_sutton/cutout.png,missing_local_player_asset,error,missing,missing_file,not_available,review_only_not_renderable_until_approved,keep_photo_slot_disabled_until_asset_and_marker_are_reviewed,athlete_images_registry; source_note=missing_review_required; asset_file_missing; cutout_slot_requires_manual_crop_review; path_missing
player_photo,WNBA,athlete,dallas_wings_sug_sutton,Sug Sutton,cutout,assets/leagues/wnba/athletes/dallas_wings_sug_sutton/cutout.png,player_photo_format_problem,warning,missing,missing_file,not_available,review_only_not_renderable_until_approved,replace_with_decodable_png_jpg_or_webp_before_renderer_use,athlete_images_registry; source_note=missing_review_required; asset_file_missing; cutout_slot_requires_manual_crop_review; path_missing
player_photo,WNBA,athlete,dallas_wings_sug_sutton,Sug Sutton,headshot,assets/leagues/wnba/athletes/dallas_wings_sug_sutton/headshot.png,suspicious_or_default_player_approval,warning,approved,valid_raster,meets_player_photo_floor,review_only_manual_source_recheck_required: default_decision_source_manual_recheck_required,recheck_decision_source_source_file_and_approval_timestamp,approved_assets_registry; decision_source=default; source_file=outputs/latest/review_files/athlete_image_approval_pack/downloads/dallas_wings/dallas_wings_sug_sutton__1630134.png; approved_at_utc=2026-06-16T04:22:55.120516+00:00; approved_marker_present; headshot_slot_requires_identity_and_crop_review; image_size=260x190; meets_headshot_floor; default_decision_source_manual_recheck_required; bytes=15335; image_size=260x190
player_photo,WNBA,athlete,golden_state_valkyries_ashten_prechtel,Ashten Prechtel,cutout,assets/leagues/wnba/athletes/golden_state_valkyries_ashten_prechtel/cutout.png,missing_local_player_asset,error,missing,missing_file,not_available,review_only_not_renderable_until_approved,keep_photo_slot_disabled_until_asset_and_marker_are_reviewed,athlete_images_registry; source_note=missing_review_required; asset_file_missing; cutout_slot_requires_manual_crop_review; path_missing
player_photo,WNBA,athlete,golden_state_valkyries_ashten_prechtel,Ashten Prechtel,cutout,assets/leagues/wnba/athletes/golden_state_valkyries_ashten_prechtel/cutout.png,player_photo_format_problem,warning,missing,missing_file,not_available,review_only_not_renderable_until_approved,replace_with_decodable_png_jpg_or_webp_before_renderer_use,athlete_images_registry; source_note=missing_review_required; asset_file_missing; cutout_slot_requires_manual_crop_review; path_missing
player_photo,WNBA,athlete,golden_state_valkyries_ashten_prechtel,Ashten Prechtel,headshot,assets/leagues/wnba/athletes/golden_state_valkyries_ashten_prechtel/headshot.png,suspicious_or_default_player_approval,warning,approved,valid_raster,meets_player_photo_floor,review_only_manual_source_recheck_required: default_decision_source_manual_recheck_required,recheck_decision_source_source_file_and_approval_timestamp,approved_assets_registry; decision_source=default; source_file=outputs/latest/review_files/athlete_image_approval_pack/downloads/golden_state_valkyries/golden_state_valkyries_ashten_prechtel__1641695.png; approved_at_utc=2026-06-16T04:22:55.125841+00:00; approved_marker_present; headshot_slot_requires_identity_and_crop_review; image_size=260x190; meets_headshot_floor; default_decision_source_manual_recheck_required; bytes=20756; image_size=260x190
player_photo,WNBA,athlete,golden_state_valkyries_cecilia_zandalasini,Cecilia Zandalasini,cutout,assets/leagues/wnba/athletes/golden_state_valkyries_cecilia_zandalasini/cutout.png,missing_local_player_asset,error,missing,missing_file,not_available,review_only_not_renderable_until_approved,keep_photo_slot_disabled_until_asset_and_marker_are_reviewed,athlete_images_registry; source_note=missing_review_required; asset_file_missing; cutout_slot_requires_manual_crop_review; path_missing
player_photo,WNBA,athlete,golden_state_valkyries_cecilia_zandalasini,Cecilia Zandalasini,cutout,assets/leagues/wnba/athletes/golden_state_valkyries_cecilia_zandalasini/cutout.png,player_photo_format_problem,warning,missing,missing_file,not_available,review_only_not_renderable_until_approved,replace_with_decodable_png_jpg_or_webp_before_renderer_use,athlete_images_registry; source_note=missing_review_required; asset_file_missing; cutout_slot_requires_manual_crop_review; path_missing
player_photo,WNBA,athlete,golden_state_valkyries_cecilia_zandalasini,Cecilia Zandalasini,headshot,assets/leagues/wnba/athletes/golden_state_valkyries_cecilia_zandalasini/headshot.png,suspicious_or_default_player_approval,warning,approved,valid_raster,meets_player_photo_floor,review_only_manual_source_recheck_required: default_decision_source_manual_recheck_required,recheck_decision_source_source_file_and_approval_timestamp,approved_assets_registry; decision_source=default; source_file=outputs/latest/review_files/athlete_image_approval_pack/downloads/golden_state_valkyries/golden_state_valkyries_cecilia_zandalasini__1628508.png; approved_at_utc=2026-06-16T04:22:55.127224+00:00; approved_marker_present; headshot_slot_requires_identity_and_crop_review; image_size=260x190; meets_headshot_floor; default_decision_source_manual_recheck_required; bytes=14070; image_size=260x190
player_photo,WNBA,athlete,golden_state_valkyries_gabby_williams,Gabby Williams,cutout,assets/leagues/wnba/athletes/golden_state_valkyries_gabby_williams/cutout.png,missing_local_player_asset,error,missing,missing_file,not_available,review_only_not_renderable_until_approved,keep_photo_slot_disabled_until_asset_and_marker_are_reviewed,athlete_images_registry; source_note=missing_review_required; asset_file_missing; cutout_slot_requires_manual_crop_review; path_missing
player_photo,WNBA,athlete,golden_state_valkyries_gabby_williams,Gabby Williams,cutout,assets/leagues/wnba/athletes/golden_state_valkyries_gabby_williams/cutout.png,player_photo_format_problem,warning,missing,missing_file,not_available,review_only_not_renderable_until_approved,replace_with_decodable_png_jpg_or_webp_before_renderer_use,athlete_images_registry; source_note=missing_review_required; asset_file_missing; cutout_slot_requires_manual_crop_review; path_missing
player_photo,WNBA,athlete,golden_state_valkyries_gabby_williams,Gabby Williams,headshot,assets/leagues/wnba/athletes/golden_state_valkyries_gabby_williams/headshot.png,suspicious_or_default_player_approval,warning,approved,valid_raster,meets_player_photo_floor,review_only_manual_source_recheck_required: default_decision_source_manual_recheck_required,recheck_decision_source_source_file_and_approval_timestamp,approved_assets_registry; decision_source=default; source_file=outputs/latest/review_files/athlete_image_approval_pack/downloads/golden_state_valkyries/golden_state_valkyries_gabby_williams__1628931.png; approved_at_utc=2026-06-16T04:22:55.124115+00:00; approved_marker_present; headshot_slot_requires_identity_and_crop_review; image_size=260x190; meets_headshot_floor; default_decision_source_manual_recheck_required; bytes=19817; image_size=260x190
player_photo,WNBA,athlete,golden_state_valkyries_iliana_rupert,Iliana Rupert,cutout,assets/leagues/wnba/athletes/golden_state_valkyries_iliana_rupert/cutout.png,missing_local_player_asset,error,missing,missing_file,not_available,review_only_not_renderable_until_approved,keep_photo_slot_disabled_until_asset_and_marker_are_reviewed,athlete_images_registry; source_note=missing_review_required; asset_file_missing; cutout_slot_requires_manual_crop_review; path_missing
player_photo,WNBA,athlete,golden_state_valkyries_iliana_rupert,Iliana Rupert,cutout,assets/leagues/wnba/athletes/golden_state_valkyries_iliana_rupert/cutout.png,player_photo_format_problem,warning,missing,missing_file,not_available,review_only_not_renderable_until_approved,replace_with_decodable_png_jpg_or_webp_before_renderer_use,athlete_images_registry; source_note=missing_review_required; asset_file_missing; cutout_slot_requires_manual_crop_review; path_missing
player_photo,WNBA,athlete,golden_state_valkyries_iliana_rupert,Iliana Rupert,headshot,assets/leagues/wnba/athletes/golden_state_valkyries_iliana_rupert/headshot.png,suspicious_or_default_player_approval,warning,approved,valid_raster,meets_player_photo_floor,review_only_manual_source_recheck_required: default_decision_source_manual_recheck_required,recheck_decision_source_source_file_and_approval_timestamp,approved_assets_registry; decision_source=default; source_file=outputs/latest/review_files/athlete_image_approval_pack/downloads/golden_state_valkyries/golden_state_valkyries_iliana_rupert__1630387.png; approved_at_utc=2026-06-16T04:22:55.126121+00:00; approved_marker_present; headshot_slot_requires_identity_and_crop_review; image_size=260x190; meets_headshot_floor; default_decision_source_manual_recheck_required; bytes=14848; image_size=260x190
player_photo,WNBA,athlete,golden_state_valkyries_janelle_salaun,Janelle Salaun,cutout,assets/leagues/wnba/athletes/golden_state_valkyries_janelle_salaun/cutout.png,missing_local_player_asset,error,missing,missing_file,not_available,review_only_not_renderable_until_approved,keep_photo_slot_disabled_until_asset_and_marker_are_reviewed,athlete_images_registry; source_note=missing_review_required; asset_file_missing; cutout_slot_requires_manual_crop_review; path_missing
player_photo,WNBA,athlete,golden_state_valkyries_janelle_salaun,Janelle Salaun,cutout,assets/leagues/wnba/athletes/golden_state_valkyries_janelle_salaun/cutout.png,player_photo_format_problem,warning,missing,missing_file,not_available,review_only_not_renderable_until_approved,replace_with_decodable_png_jpg_or_webp_before_renderer_use,athlete_images_registry; source_note=missing_review_required; asset_file_missing; cutout_slot_requires_manual_crop_review; path_missing
player_photo,WNBA,athlete,golden_state_valkyries_janelle_salaun,Janelle Salaun,headshot,assets/leagues/wnba/athletes/golden_state_valkyries_janelle_salaun/headshot.png,suspicious_or_default_player_approval,warning,approved,valid_raster,meets_player_photo_floor,review_only_manual_source_recheck_required: default_decision_source_manual_recheck_required,recheck_decision_source_source_file_and_approval_timestamp,approved_assets_registry; decision_source=default; source_file=outputs/latest/review_files/athlete_image_approval_pack/downloads/golden_state_valkyries/golden_state_valkyries_janelle_salaun__1642767.png; approved_at_utc=2026-06-16T04:22:55.126393+00:00; approved_marker_present; headshot_slot_requires_identity_and_crop_review; image_size=260x190; meets_headshot_floor; default_decision_source_manual_recheck_required; bytes=21926; image_size=260x190
player_photo,WNBA,athlete,golden_state_valkyries_juste_jocyte,Juste Jocyte,cutout,assets/leagues/wnba/athletes/golden_state_valkyries_juste_jocyte/cutout.png,missing_local_player_asset,error,missing,missing_file,not_available,review_only_not_renderable_until_approved,keep_photo_slot_disabled_until_asset_and_marker_are_reviewed,athlete_images_registry; source_note=missing_review_required; asset_file_missing; cutout_slot_requires_manual_crop_review; path_missing
player_photo,WNBA,athlete,golden_state_valkyries_juste_jocyte,Juste Jocyte,cutout,assets/leagues/wnba/athletes/golden_state_valkyries_juste_jocyte/cutout.png,player_photo_format_problem,warning,missing,missing_file,not_available,review_only_not_renderable_until_approved,replace_with_decodable_png_jpg_or_webp_before_renderer_use,athlete_images_registry; source_note=missing_review_required; asset_file_missing; cutout_slot_requires_manual_crop_review; path_missing
player_photo,WNBA,athlete,golden_state_valkyries_juste_jocyte,Juste Jocyte,headshot,assets/leagues/wnba/athletes/golden_state_valkyries_juste_jocyte/headshot.png,missing_local_player_asset,error,missing,missing_file,not_available,review_only_not_renderable_until_approved,keep_photo_slot_disabled_until_asset_and_marker_are_reviewed,match_review_registry; status=needs_human_approval; image_url=https://cdn.wnba.com/headshots/wnba/latest/260x190/1642794.png; confidence=0.72; asset_file_missing; headshot_slot_requires_identity_and_crop_review; path_missing
player_photo,WNBA,athlete,golden_state_valkyries_juste_jocyte,Juste Jocyte,headshot,assets/leagues/wnba/athletes/golden_state_valkyries_juste_jocyte/headshot.png,player_photo_format_problem,warning,missing,missing_file,not_available,review_only_not_renderable_until_approved,replace_with_decodable_png_jpg_or_webp_before_renderer_use,match_review_registry; status=needs_human_approval; image_url=https://cdn.wnba.com/headshots/wnba/latest/260x190/1642794.png; confidence=0.72; asset_file_missing; headshot_slot_requires_identity_and_crop_review; path_missing
player_photo,WNBA,athlete,golden_state_valkyries_kaila_charles,Kaila Charles,cutout,assets/leagues/wnba/athletes/golden_state_valkyries_kaila_charles/cutout.png,missing_local_player_asset,error,missing,missing_file,not_available,review_only_not_renderable_until_approved,keep_photo_slot_disabled_until_asset_and_marker_are_reviewed,athlete_images_registry; source_note=missing_review_required; asset_file_missing; cutout_slot_requires_manual_crop_review; path_missing
player_photo,WNBA,athlete,golden_state_valkyries_kaila_charles,Kaila Charles,cutout,assets/leagues/wnba/athletes/golden_state_valkyries_kaila_charles/cutout.png,player_photo_format_problem,warning,missing,missing_file,not_available,review_only_not_renderable_until_approved,replace_with_decodable_png_jpg_or_webp_before_renderer_use,athlete_images_registry; source_note=missing_review_required; asset_file_missing; cutout_slot_requires_manual_crop_review; path_missing
player_photo,WNBA,athlete,golden_state_valkyries_kaila_charles,Kaila Charles,headshot,assets/leagues/wnba/athletes/golden_state_valkyries_kaila_charles/headshot.png,suspicious_or_default_player_approval,warning,approved,valid_raster,meets_player_photo_floor,review_only_manual_source_recheck_required: default_decision_source_manual_recheck_required,recheck_decision_source_source_file_and_approval_timestamp,approved_assets_registry; decision_source=default; source_file=outputs/latest/review_files/athlete_image_approval_pack/downloads/golden_state_valkyries/golden_state_valkyries_kaila_charles__1630097.png; approved_at_utc=2026-06-16T04:22:55.125256+00:00; approved_marker_present; headshot_slot_requires_identity_and_crop_review; image_size=260x190; meets_headshot_floor; default_decision_source_manual_recheck_required; bytes=20261; image_size=260x190
player_photo,WNBA,athlete,golden_state_valkyries_kaitlyn_chen,Kaitlyn Chen,cutout,assets/leagues/wnba/athletes/golden_state_valkyries_kaitlyn_chen/cutout.png,missing_local_player_asset,error,missing,missing_file,not_available,review_only_not_renderable_until_approved,keep_photo_slot_disabled_until_asset_and_marker_are_reviewed,athlete_images_registry; source_note=missing_review_required; asset_file_missing; cutout_slot_requires_manual_crop_review; path_missing
player_photo,WNBA,athlete,golden_state_valkyries_kaitlyn_chen,Kaitlyn Chen,cutout,assets/leagues/wnba/athletes/golden_state_valkyries_kaitlyn_chen/cutout.png,player_photo_format_problem,warning,missing,missing_file,not_available,review_only_not_renderable_until_approved,replace_with_decodable_png_jpg_or_webp_before_renderer_use,athlete_images_registry; source_note=missing_review_required; asset_file_missing; cutout_slot_requires_manual_crop_review; path_missing
player_photo,WNBA,athlete,golden_state_valkyries_kaitlyn_chen,Kaitlyn Chen,headshot,assets/leagues/wnba/athletes/golden_state_valkyries_kaitlyn_chen/headshot.png,suspicious_or_default_player_approval,warning,approved,valid_raster,meets_player_photo_floor,review_only_manual_source_recheck_required: default_decision_source_manual_recheck_required,recheck_decision_source_source_file_and_approval_timestamp,approved_assets_registry; decision_source=default; source_file=outputs/latest/review_files/athlete_image_approval_pack/downloads/golden_state_valkyries/golden_state_valkyries_kaitlyn_chen__1642822.png; approved_at_utc=2026-06-16T04:22:55.124392+00:00; approved_marker_present; headshot_slot_requires_identity_and_crop_review; image_size=260x190; meets_headshot_floor; default_decision_source_manual_recheck_required; bytes=18656; image_size=260x190
player_photo,WNBA,athlete,golden_state_valkyries_kayla_thornton,Kayla Thornton,cutout,assets/leagues/wnba/athletes/golden_state_valkyries_kayla_thornton/cutout.png,missing_local_player_asset,error,missing,missing_file,not_available,review_only_not_renderable_until_approved,keep_photo_slot_disabled_until_asset_and_marker_are_reviewed,athlete_images_registry; source_note=missing_review_required; asset_file_missing; cutout_slot_requires_manual_crop_review; path_missing
player_photo,WNBA,athlete,golden_state_valkyries_kayla_thornton,Kayla Thornton,cutout,assets/leagues/wnba/athletes/golden_state_valkyries_kayla_thornton/cutout.png,player_photo_format_problem,warning,missing,missing_file,not_available,review_only_not_renderable_until_approved,replace_with_decodable_png_jpg_or_webp_before_renderer_use,athlete_images_registry; source_note=missing_review_required; asset_file_missing; cutout_slot_requires_manual_crop_review; path_missing
player_photo,WNBA,athlete,golden_state_valkyries_kayla_thornton,Kayla Thornton,headshot,assets/leagues/wnba/athletes/golden_state_valkyries_kayla_thornton/headshot.png,suspicious_or_default_player_approval,warning,approved,valid_raster,meets_player_photo_floor,review_only_manual_source_recheck_required: default_decision_source_manual_recheck_required,recheck_decision_source_source_file_and_approval_timestamp,approved_assets_registry; decision_source=default; source_file=outputs/latest/review_files/athlete_image_approval_pack/downloads/golden_state_valkyries/golden_state_valkyries_kayla_thornton__203866.png; approved_at_utc=2026-06-16T04:22:55.124988+00:00; approved_marker_present; headshot_slot_requires_identity_and_crop_review; image_size=260x190; meets_headshot_floor; default_decision_source_manual_recheck_required; bytes=27338; image_size=260x190
player_photo,WNBA,athlete,golden_state_valkyries_kiah_stokes,Kiah Stokes,cutout,assets/leagues/wnba/athletes/golden_state_valkyries_kiah_stokes/cutout.png,missing_local_player_asset,error,missing,missing_file,not_available,review_only_not_renderable_until_approved,keep_photo_slot_disabled_until_asset_and_marker_are_reviewed,athlete_images_registry; source_note=missing_review_required; asset_file_missing; cutout_slot_requires_manual_crop_review; path_missing
player_photo,WNBA,athlete,golden_state_valkyries_kiah_stokes,Kiah Stokes,cutout,assets/leagues/wnba/athletes/golden_state_valkyries_kiah_stokes/cutout.png,player_photo_format_problem,warning,missing,missing_file,not_available,review_only_not_renderable_until_approved,replace_with_decodable_png_jpg_or_webp_before_renderer_use,athlete_images_registry; source_note=missing_review_required; asset_file_missing; cutout_slot_requires_manual_crop_review; path_missing
player_photo,WNBA,athlete,golden_state_valkyries_kiah_stokes,Kiah Stokes,headshot,assets/leagues/wnba/athletes/golden_state_valkyries_kiah_stokes/headshot.png,suspicious_or_default_player_approval,warning,approved,valid_raster,meets_player_photo_floor,review_only_manual_source_recheck_required: default_decision_source_manual_recheck_required,recheck_decision_source_source_file_and_approval_timestamp,approved_assets_registry; decision_source=default; source_file=outputs/latest/review_files/athlete_image_approval_pack/downloads/golden_state_valkyries/golden_state_valkyries_kiah_stokes__204329.png; approved_at_utc=2026-06-16T04:22:55.127496+00:00; approved_marker_present; headshot_slot_requires_identity_and_crop_review; image_size=260x190; meets_headshot_floor; default_decision_source_manual_recheck_required; bytes=19350; image_size=260x190
player_photo,WNBA,athlete,golden_state_valkyries_laeticia_amihere,Laeticia Amihere,cutout,assets/leagues/wnba/athletes/golden_state_valkyries_laeticia_amihere/cutout.png,missing_local_player_asset,error,missing,missing_file,not_available,review_only_not_renderable_until_approved,keep_photo_slot_disabled_until_asset_and_marker_are_reviewed,athlete_images_registry; source_note=missing_review_required; asset_file_missing; cutout_slot_requires_manual_crop_review; path_missing
player_photo,WNBA,athlete,golden_state_valkyries_laeticia_amihere,Laeticia Amihere,cutout,assets/leagues/wnba/athletes/golden_state_valkyries_laeticia_amihere/cutout.png,player_photo_format_problem,warning,missing,missing_file,not_available,review_only_not_renderable_until_approved,replace_with_decodable_png_jpg_or_webp_before_renderer_use,athlete_images_registry; source_note=missing_review_required; asset_file_missing; cutout_slot_requires_manual_crop_review; path_missing
player_photo,WNBA,athlete,golden_state_valkyries_laeticia_amihere,Laeticia Amihere,headshot,assets/leagues/wnba/athletes/golden_state_valkyries_laeticia_amihere/headshot.png,suspicious_or_default_player_approval,warning,approved,valid_raster,meets_player_photo_floor,review_only_manual_source_recheck_required: default_decision_source_manual_recheck_required,recheck_decision_source_source_file_and_approval_timestamp,approved_assets_registry; decision_source=default; source_file=outputs/latest/review_files/athlete_image_approval_pack/downloads/golden_state_valkyries/golden_state_valkyries_laeticia_amihere__1641656.png; approved_at_utc=2026-06-16T04:22:55.124693+00:00; approved_marker_present; headshot_slot_requires_identity_and_crop_review; image_size=260x190; meets_headshot_floor; default_decision_source_manual_recheck_required; bytes=21363; image_size=260x190
player_photo,WNBA,athlete,golden_state_valkyries_miela_sowah,Miela Sowah,cutout,assets/leagues/wnba/athletes/golden_state_valkyries_miela_sowah/cutout.png,missing_local_player_asset,error,missing,missing_file,not_available,review_only_not_renderable_until_approved,keep_photo_slot_disabled_until_asset_and_marker_are_reviewed,athlete_images_registry; source_note=missing_review_required; asset_file_missing; cutout_slot_requires_manual_crop_review; path_missing
player_photo,WNBA,athlete,golden_state_valkyries_miela_sowah,Miela Sowah,cutout,assets/leagues/wnba/athletes/golden_state_valkyries_miela_sowah/cutout.png,player_photo_format_problem,warning,missing,missing_file,not_available,review_only_not_renderable_until_approved,replace_with_decodable_png_jpg_or_webp_before_renderer_use,athlete_images_registry; source_note=missing_review_required; asset_file_missing; cutout_slot_requires_manual_crop_review; path_missing
player_photo,WNBA,athlete,golden_state_valkyries_miela_sowah,Miela Sowah,headshot,assets/leagues/wnba/athletes/golden_state_valkyries_miela_sowah/headshot.png,suspicious_or_default_player_approval,warning,approved,valid_raster,meets_player_photo_floor,review_only_manual_source_recheck_required: default_decision_source_manual_recheck_required,recheck_decision_source_source_file_and_approval_timestamp,approved_assets_registry; decision_source=default; source_file=outputs/latest/review_files/athlete_image_approval_pack/downloads/golden_state_valkyries/golden_state_valkyries_miela_sowah__1631039.png; approved_at_utc=2026-06-16T04:22:55.125527+00:00; approved_marker_present; headshot_slot_requires_identity_and_crop_review; image_size=260x190; meets_headshot_floor; default_decision_source_manual_recheck_required; bytes=19944; image_size=260x190
player_photo,WNBA,athlete,golden_state_valkyries_nadia_fingall,Nadia Fingall,cutout,assets/leagues/wnba/athletes/golden_state_valkyries_nadia_fingall/cutout.png,missing_local_player_asset,error,missing,missing_file,not_available,review_only_not_renderable_until_approved,keep_photo_slot_disabled_until_asset_and_marker_are_reviewed,athlete_images_registry; source_note=missing_review_required; asset_file_missing; cutout_slot_requires_manual_crop_review; path_missing
player_photo,WNBA,athlete,golden_state_valkyries_nadia_fingall,Nadia Fingall,cutout,assets/leagues/wnba/athletes/golden_state_valkyries_nadia_fingall/cutout.png,player_photo_format_problem,warning,missing,missing_file,not_available,review_only_not_renderable_until_approved,replace_with_decodable_png_jpg_or_webp_before_renderer_use,athlete_images_registry; source_note=missing_review_required; asset_file_missing; cutout_slot_requires_manual_crop_review; path_missing
player_photo,WNBA,athlete,golden_state_valkyries_nadia_fingall,Nadia Fingall,headshot,assets/leagues/wnba/athletes/golden_state_valkyries_nadia_fingall/headshot.png,missing_local_player_asset,error,missing,missing_file,not_available,review_only_not_renderable_until_approved,keep_photo_slot_disabled_until_asset_and_marker_are_reviewed,match_review_registry; status=needs_human_approval; image_url=https://cdn.wnba.com/headshots/wnba/latest/260x190/1643686.png; confidence=0.72; asset_file_missing; headshot_slot_requires_identity_and_crop_review; path_missing
player_photo,WNBA,athlete,golden_state_valkyries_nadia_fingall,Nadia Fingall,headshot,assets/leagues/wnba/athletes/golden_state_valkyries_nadia_fingall/headshot.png,player_photo_format_problem,warning,missing,missing_file,not_available,review_only_not_renderable_until_approved,replace_with_decodable_png_jpg_or_webp_before_renderer_use,match_review_registry; status=needs_human_approval; image_url=https://cdn.wnba.com/headshots/wnba/latest/260x190/1643686.png; confidence=0.72; asset_file_missing; headshot_slot_requires_identity_and_crop_review; path_missing
player_photo,WNBA,athlete,golden_state_valkyries_tiffany_hayes,Tiffany Hayes,cutout,assets/leagues/wnba/athletes/golden_state_valkyries_tiffany_hayes/cutout.png,missing_local_player_asset,error,missing,missing_file,not_available,review_only_not_renderable_until_approved,keep_photo_slot_disabled_until_asset_and_marker_are_reviewed,athlete_images_registry; source_note=missing_review_required; asset_file_missing; cutout_slot_requires_manual_crop_review; path_missing
player_photo,WNBA,athlete,golden_state_valkyries_tiffany_hayes,Tiffany Hayes,cutout,assets/leagues/wnba/athletes/golden_state_valkyries_tiffany_hayes/cutout.png,player_photo_format_problem,warning,missing,missing_file,not_available,review_only_not_renderable_until_approved,replace_with_decodable_png_jpg_or_webp_before_renderer_use,athlete_images_registry; source_note=missing_review_required; asset_file_missing; cutout_slot_requires_manual_crop_review; path_missing
player_photo,WNBA,athlete,golden_state_valkyries_tiffany_hayes,Tiffany Hayes,headshot,assets/leagues/wnba/athletes/golden_state_valkyries_tiffany_hayes/headshot.png,suspicious_or_default_player_approval,warning,approved,valid_raster,meets_player_photo_floor,review_only_manual_source_recheck_required: default_decision_source_manual_recheck_required,recheck_decision_source_source_file_and_approval_timestamp,approved_assets_registry; decision_source=default; source_file=outputs/latest/review_files/athlete_image_approval_pack/downloads/golden_state_valkyries/golden_state_valkyries_tiffany_hayes__203026.png; approved_at_utc=2026-06-16T04:22:55.126685+00:00; approved_marker_present; headshot_slot_requires_identity_and_crop_review; image_size=260x190; meets_headshot_floor; default_decision_source_manual_recheck_required; bytes=17179; image_size=260x190
player_photo,WNBA,athlete,golden_state_valkyries_veronica_burton,Veronica Burton,cutout,assets/leagues/wnba/athletes/golden_state_valkyries_veronica_burton/cutout.png,missing_local_player_asset,error,missing,missing_file,not_available,review_only_not_renderable_until_approved,keep_photo_slot_disabled_until_asset_and_marker_are_reviewed,athlete_images_registry; source_note=missing_review_required; asset_file_missing; cutout_slot_requires_manual_crop_review; path_missing
player_photo,WNBA,athlete,golden_state_valkyries_veronica_burton,Veronica Burton,cutout,assets/leagues/wnba/athletes/golden_state_valkyries_veronica_burton/cutout.png,player_photo_format_problem,warning,missing,missing_file,not_available,review_only_not_renderable_until_approved,replace_with_decodable_png_jpg_or_webp_before_renderer_use,athlete_images_registry; source_note=missing_review_required; asset_file_missing; cutout_slot_requires_manual_crop_review; path_missing
player_photo,WNBA,athlete,golden_state_valkyries_veronica_burton,Veronica Burton,headshot,assets/leagues/wnba/athletes/golden_state_valkyries_veronica_burton/headshot.png,suspicious_or_default_player_approval,warning,approved,valid_raster,meets_player_photo_floor,review_only_manual_source_recheck_required: default_decision_source_manual_recheck_required,recheck_decision_source_source_file_and_approval_timestamp,approved_assets_registry; decision_source=default; source_file=outputs/latest/review_files/athlete_image_approval_pack/downloads/golden_state_valkyries/golden_state_valkyries_veronica_burton__1631007.png; approved_at_utc=2026-06-16T04:22:55.126957+00:00; approved_marker_present; headshot_slot_requires_identity_and_crop_review; image_size=260x190; meets_headshot_floor; default_decision_source_manual_recheck_required; bytes=19733; image_size=260x190
player_photo,WNBA,athlete,indiana_fever_aliyah_boston,Aliyah Boston,cutout,assets/leagues/wnba/athletes/indiana_fever_aliyah_boston/cutout.png,missing_local_player_asset,error,missing,missing_file,not_available,review_only_not_renderable_until_approved,keep_photo_slot_disabled_until_asset_and_marker_are_reviewed,athlete_images_registry; source_note=missing_review_required; asset_file_missing; cutout_slot_requires_manual_crop_review; path_missing
player_photo,WNBA,athlete,indiana_fever_aliyah_boston,Aliyah Boston,cutout,assets/leagues/wnba/athletes/indiana_fever_aliyah_boston/cutout.png,player_photo_format_problem,warning,missing,missing_file,not_available,review_only_not_renderable_until_approved,replace_with_decodable_png_jpg_or_webp_before_renderer_use,athlete_images_registry; source_note=missing_review_required; asset_file_missing; cutout_slot_requires_manual_crop_review; path_missing
player_photo,WNBA,athlete,indiana_fever_aliyah_boston,Aliyah Boston,headshot,assets/leagues/wnba/athletes/indiana_fever_aliyah_boston/headshot.png,suspicious_or_default_player_approval,warning,approved,valid_raster,meets_player_photo_floor,review_only_manual_source_recheck_required: default_decision_source_manual_recheck_required,recheck_decision_source_source_file_and_approval_timestamp,approved_assets_registry; decision_source=default; source_file=outputs/latest/review_files/athlete_image_approval_pack/downloads/indiana_fever/indiana_fever_aliyah_boston__1641648.png; approved_at_utc=2026-06-16T04:22:55.106220+00:00; approved_marker_present; headshot_slot_requires_identity_and_crop_review; image_size=260x190; meets_headshot_floor; default_decision_source_manual_recheck_required; bytes=19742; image_size=260x190
player_photo,WNBA,athlete,indiana_fever_bree_hall,Bree Hall,cutout,assets/leagues/wnba/athletes/indiana_fever_bree_hall/cutout.png,missing_local_player_asset,error,missing,missing_file,not_available,review_only_not_renderable_until_approved,keep_photo_slot_disabled_until_asset_and_marker_are_reviewed,athlete_images_registry; source_note=missing_review_required; asset_file_missing; cutout_slot_requires_manual_crop_review; path_missing
player_photo,WNBA,athlete,indiana_fever_bree_hall,Bree Hall,cutout,assets/leagues/wnba/athletes/indiana_fever_bree_hall/cutout.png,player_photo_format_problem,warning,missing,missing_file,not_available,review_only_not_renderable_until_approved,replace_with_decodable_png_jpg_or_webp_before_renderer_use,athlete_images_registry; source_note=missing_review_required; asset_file_missing; cutout_slot_requires_manual_crop_review; path_missing
player_photo,WNBA,athlete,indiana_fever_bree_hall,Bree Hall,headshot,assets/leagues/wnba/athletes/indiana_fever_bree_hall/headshot.png,suspicious_or_default_player_approval,warning,approved,valid_raster,meets_player_photo_floor,review_only_manual_source_recheck_required: default_decision_source_manual_recheck_required,recheck_decision_source_source_file_and_approval_timestamp,approved_assets_registry; decision_source=default; source_file=outputs/latest/review_files/athlete_image_approval_pack/downloads/indiana_fever/indiana_fever_bree_hall__1642788.png; approved_at_utc=2026-06-16T04:22:55.108427+00:00; approved_marker_present; headshot_slot_requires_identity_and_crop_review; image_size=260x190; meets_headshot_floor; default_decision_source_manual_recheck_required; bytes=16876; image_size=260x190
player_photo,WNBA,athlete,indiana_fever_caitlin_clark,Caitlin Clark,cutout,assets/leagues/wnba/athletes/indiana_fever_caitlin_clark/cutout.png,missing_local_player_asset,error,missing,missing_file,not_available,review_only_not_renderable_until_approved,keep_photo_slot_disabled_until_asset_and_marker_are_reviewed,athlete_images_registry; source_note=missing_review_required; asset_file_missing; cutout_slot_requires_manual_crop_review; path_missing
player_photo,WNBA,athlete,indiana_fever_caitlin_clark,Caitlin Clark,cutout,assets/leagues/wnba/athletes/indiana_fever_caitlin_clark/cutout.png,player_photo_format_problem,warning,missing,missing_file,not_available,review_only_not_renderable_until_approved,replace_with_decodable_png_jpg_or_webp_before_renderer_use,athlete_images_registry; source_note=missing_review_required; asset_file_missing; cutout_slot_requires_manual_crop_review; path_missing
player_photo,WNBA,athlete,indiana_fever_caitlin_clark,Caitlin Clark,headshot,assets/leagues/wnba/athletes/indiana_fever_caitlin_clark/headshot.png,suspicious_or_default_player_approval,warning,approved,valid_raster,meets_player_photo_floor,review_only_manual_source_recheck_required: default_decision_source_manual_recheck_required,recheck_decision_source_source_file_and_approval_timestamp,approved_assets_registry; decision_source=default; source_file=outputs/latest/review_files/athlete_image_approval_pack/downloads/indiana_fever/indiana_fever_caitlin_clark__1642286.png; approved_at_utc=2026-06-16T04:22:55.108163+00:00; approved_marker_present; headshot_slot_requires_identity_and_crop_review; image_size=260x190; meets_headshot_floor; default_decision_source_manual_recheck_required; bytes=17210; image_size=260x190
player_photo,WNBA,athlete,indiana_fever_damiris_dantas,Damiris Dantas,cutout,assets/leagues/wnba/athletes/indiana_fever_damiris_dantas/cutout.png,missing_local_player_asset,error,missing,missing_file,not_available,review_only_not_renderable_until_approved,keep_photo_slot_disabled_until_asset_and_marker_are_reviewed,athlete_images_registry; source_note=missing_review_required; asset_file_missing; cutout_slot_requires_manual_crop_review; path_missing
player_photo,WNBA,athlete,indiana_fever_damiris_dantas,Damiris Dantas,cutout,assets/leagues/wnba/athletes/indiana_fever_damiris_dantas/cutout.png,player_photo_format_problem,warning,missing,missing_file,not_available,review_only_not_renderable_until_approved,replace_with_decodable_png_jpg_or_webp_before_renderer_use,athlete_images_registry; source_note=missing_review_required; asset_file_missing; cutout_slot_requires_manual_crop_review; path_missing
player_photo,WNBA,athlete,indiana_fever_damiris_dantas,Damiris Dantas,headshot,assets/leagues/wnba/athletes/indiana_fever_damiris_dantas/headshot.png,suspicious_or_default_player_approval,warning,approved,valid_raster,meets_player_photo_floor,review_only_manual_source_recheck_required: default_decision_source_manual_recheck_required,recheck_decision_source_source_file_and_approval_timestamp,approved_assets_registry; decision_source=default; source_file=outputs/latest/review_files/athlete_image_approval_pack/downloads/indiana_fever/indiana_fever_damiris_dantas__203024.png; approved_at_utc=2026-06-16T04:22:55.107059+00:00; approved_marker_present; headshot_slot_requires_identity_and_crop_review; image_size=260x190; meets_headshot_floor; default_decision_source_manual_recheck_required; bytes=13055; image_size=260x190
player_photo,WNBA,athlete,indiana_fever_grace_vanslooten,Grace VanSlooten,cutout,assets/leagues/wnba/athletes/indiana_fever_grace_vanslooten/cutout.png,missing_local_player_asset,error,missing,missing_file,not_available,review_only_not_renderable_until_approved,keep_photo_slot_disabled_until_asset_and_marker_are_reviewed,athlete_images_registry; source_note=missing_review_required; asset_file_missing; cutout_slot_requires_manual_crop_review; path_missing
player_photo,WNBA,athlete,indiana_fever_grace_vanslooten,Grace VanSlooten,cutout,assets/leagues/wnba/athletes/indiana_fever_grace_vanslooten/cutout.png,player_photo_format_problem,warning,missing,missing_file,not_available,review_only_not_renderable_until_approved,replace_with_decodable_png_jpg_or_webp_before_renderer_use,athlete_images_registry; source_note=missing_review_required; asset_file_missing; cutout_slot_requires_manual_crop_review; path_missing
player_photo,WNBA,athlete,indiana_fever_grace_vanslooten,Grace VanSlooten,headshot,assets/leagues/wnba/athletes/indiana_fever_grace_vanslooten/headshot.png,suspicious_or_default_player_approval,warning,approved,valid_raster,meets_player_photo_floor,review_only_manual_source_recheck_required: default_decision_source_manual_recheck_required,recheck_decision_source_source_file_and_approval_timestamp,approved_assets_registry; decision_source=default; source_file=outputs/latest/review_files/athlete_image_approval_pack/downloads/indiana_fever/indiana_fever_grace_vanslooten__1643453.png; approved_at_utc=2026-06-16T04:22:55.107605+00:00; approved_marker_present; headshot_slot_requires_identity_and_crop_review; image_size=260x190; meets_headshot_floor; default_decision_source_manual_recheck_required; bytes=19860; image_size=260x190
player_photo,WNBA,athlete,indiana_fever_justine_pissott,Justine Pissott,cutout,assets/leagues/wnba/athletes/indiana_fever_justine_pissott/cutout.png,missing_local_player_asset,error,missing,missing_file,not_available,review_only_not_renderable_until_approved,keep_photo_slot_disabled_until_asset_and_marker_are_reviewed,athlete_images_registry; source_note=missing_review_required; asset_file_missing; cutout_slot_requires_manual_crop_review; path_missing
player_photo,WNBA,athlete,indiana_fever_justine_pissott,Justine Pissott,cutout,assets/leagues/wnba/athletes/indiana_fever_justine_pissott/cutout.png,player_photo_format_problem,warning,missing,missing_file,not_available,review_only_not_renderable_until_approved,replace_with_decodable_png_jpg_or_webp_before_renderer_use,athlete_images_registry; source_note=missing_review_required; asset_file_missing; cutout_slot_requires_manual_crop_review; path_missing
player_photo,WNBA,athlete,indiana_fever_justine_pissott,Justine Pissott,headshot,assets/leagues/wnba/athletes/indiana_fever_justine_pissott/headshot.png,suspicious_or_default_player_approval,warning,approved,valid_raster,meets_player_photo_floor,review_only_manual_source_recheck_required: default_decision_source_manual_recheck_required,recheck_decision_source_source_file_and_approval_timestamp,approved_assets_registry; decision_source=default; source_file=outputs/latest/review_files/athlete_image_approval_pack/downloads/indiana_fever/indiana_fever_justine_pissott__1643495.png; approved_at_utc=2026-06-16T04:22:55.107341+00:00; approved_marker_present; headshot_slot_requires_identity_and_crop_review; image_size=260x190; meets_headshot_floor; default_decision_source_manual_recheck_required; bytes=20701; image_size=260x190
player_photo,WNBA,athlete,indiana_fever_kelsey_mitchell,Kelsey Mitchell,cutout,assets/leagues/wnba/athletes/indiana_fever_kelsey_mitchell/cutout.png,missing_local_player_asset,error,missing,missing_file,not_available,review_only_not_renderable_until_approved,keep_photo_slot_disabled_until_asset_and_marker_are_reviewed,athlete_images_registry; source_note=missing_review_required; asset_file_missing; cutout_slot_requires_manual_crop_review; path_missing
player_photo,WNBA,athlete,indiana_fever_kelsey_mitchell,Kelsey Mitchell,cutout,assets/leagues/wnba/athletes/indiana_fever_kelsey_mitchell/cutout.png,player_photo_format_problem,warning,missing,missing_file,not_available,review_only_not_renderable_until_approved,replace_with_decodable_png_jpg_or_webp_before_renderer_use,athlete_images_registry; source_note=missing_review_required; asset_file_missing; cutout_slot_requires_manual_crop_review; path_missing
player_photo,WNBA,athlete,indiana_fever_kelsey_mitchell,Kelsey Mitchell,headshot,assets/leagues/wnba/athletes/indiana_fever_kelsey_mitchell/headshot.png,suspicious_or_default_player_approval,warning,approved,valid_raster,meets_player_photo_floor,review_only_manual_source_recheck_required: default_decision_source_manual_recheck_required,recheck_decision_source_source_file_and_approval_timestamp,approved_assets_registry; decision_source=default; source_file=outputs/latest/review_files/athlete_image_approval_pack/downloads/indiana_fever/indiana_fever_kelsey_mitchell__1628909.png; approved_at_utc=2026-06-16T04:22:55.105349+00:00; approved_marker_present; headshot_slot_requires_identity_and_crop_review; image_size=260x190; meets_headshot_floor; default_decision_source_manual_recheck_required; bytes=18350; image_size=260x190
player_photo,WNBA,athlete,indiana_fever_lexie_hull,Lexie Hull,cutout,assets/leagues/wnba/athletes/indiana_fever_lexie_hull/cutout.png,missing_local_player_asset,error,missing,missing_file,not_available,review_only_not_renderable_until_approved,keep_photo_slot_disabled_until_asset_and_marker_are_reviewed,athlete_images_registry; source_note=missing_review_required; asset_file_missing; cutout_slot_requires_manual_crop_review; path_missing
player_photo,WNBA,athlete,indiana_fever_lexie_hull,Lexie Hull,cutout,assets/leagues/wnba/athletes/indiana_fever_lexie_hull/cutout.png,player_photo_format_problem,warning,missing,missing_file,not_available,review_only_not_renderable_until_approved,replace_with_decodable_png_jpg_or_webp_before_renderer_use,athlete_images_registry; source_note=missing_review_required; asset_file_missing; cutout_slot_requires_manual_crop_review; path_missing
player_photo,WNBA,athlete,indiana_fever_lexie_hull,Lexie Hull,headshot,assets/leagues/wnba/athletes/indiana_fever_lexie_hull/headshot.png,suspicious_or_default_player_approval,warning,approved,valid_raster,meets_player_photo_floor,review_only_manual_source_recheck_required: default_decision_source_manual_recheck_required,recheck_decision_source_source_file_and_approval_timestamp,approved_assets_registry; decision_source=default; source_file=outputs/latest/review_files/athlete_image_approval_pack/downloads/indiana_fever/indiana_fever_lexie_hull__1631086.png; approved_at_utc=2026-06-16T04:22:55.106786+00:00; approved_marker_present; headshot_slot_requires_identity_and_crop_review; image_size=260x190; meets_headshot_floor; default_decision_source_manual_recheck_required; bytes=21042; image_size=260x190
player_photo,WNBA,athlete,indiana_fever_makayla_timpson,Makayla Timpson,cutout,assets/leagues/wnba/athletes/indiana_fever_makayla_timpson/cutout.png,missing_local_player_asset,error,missing,missing_file,not_available,review_only_not_renderable_until_approved,keep_photo_slot_disabled_until_asset_and_marker_are_reviewed,athlete_images_registry; source_note=missing_review_required; asset_file_missing; cutout_slot_requires_manual_crop_review; path_missing
player_photo,WNBA,athlete,indiana_fever_makayla_timpson,Makayla Timpson,cutout,assets/leagues/wnba/athletes/indiana_fever_makayla_timpson/cutout.png,player_photo_format_problem,warning,missing,missing_file,not_available,review_only_not_renderable_until_approved,replace_with_decodable_png_jpg_or_webp_before_renderer_use,athlete_images_registry; source_note=missing_review_required; asset_file_missing; cutout_slot_requires_manual_crop_review; path_missing
player_photo,WNBA,athlete,indiana_fever_makayla_timpson,Makayla Timpson,headshot,assets/leagues/wnba/athletes/indiana_fever_makayla_timpson/headshot.png,suspicious_or_default_player_approval,warning,approved,valid_raster,meets_player_photo_floor,review_only_manual_source_recheck_required: default_decision_source_manual_recheck_required,recheck_decision_source_source_file_and_approval_timestamp,approved_assets_registry; decision_source=default; source_file=outputs/latest/review_files/athlete_image_approval_pack/downloads/indiana_fever/indiana_fever_makayla_timpson__1642815.png; approved_at_utc=2026-06-16T04:22:55.107897+00:00; approved_marker_present; headshot_slot_requires_identity_and_crop_review; image_size=260x190; meets_headshot_floor; default_decision_source_manual_recheck_required; bytes=15364; image_size=260x190
player_photo,WNBA,athlete,indiana_fever_monique_billings,Monique Billings,cutout,assets/leagues/wnba/athletes/indiana_fever_monique_billings/cutout.png,missing_local_player_asset,error,missing,missing_file,not_available,review_only_not_renderable_until_approved,keep_photo_slot_disabled_until_asset_and_marker_are_reviewed,athlete_images_registry; source_note=missing_review_required; asset_file_missing; cutout_slot_requires_manual_crop_review; path_missing
player_photo,WNBA,athlete,indiana_fever_monique_billings,Monique Billings,cutout,assets/leagues/wnba/athletes/indiana_fever_monique_billings/cutout.png,player_photo_format_problem,warning,missing,missing_file,not_available,review_only_not_renderable_until_approved,replace_with_decodable_png_jpg_or_webp_before_renderer_use,athlete_images_registry; source_note=missing_review_required; asset_file_missing; cutout_slot_requires_manual_crop_review; path_missing
player_photo,WNBA,athlete,indiana_fever_monique_billings,Monique Billings,headshot,assets/leagues/wnba/athletes/indiana_fever_monique_billings/headshot.png,suspicious_or_default_player_approval,warning,approved,valid_raster,meets_player_photo_floor,review_only_manual_source_recheck_required: default_decision_source_manual_recheck_required,recheck_decision_source_source_file_and_approval_timestamp,approved_assets_registry; decision_source=default; source_file=outputs/latest/review_files/athlete_image_approval_pack/downloads/indiana_fever/indiana_fever_monique_billings__1628881.png; approved_at_utc=2026-06-16T04:22:55.108715+00:00; approved_marker_present; headshot_slot_requires_identity_and_crop_review; image_size=260x190; meets_headshot_floor; default_decision_source_manual_recheck_required; bytes=23059; image_size=260x190
player_photo,WNBA,athlete,indiana_fever_myisha_hines_allen,Myisha Hines-Allen,cutout,assets/leagues/wnba/athletes/indiana_fever_myisha_hines_allen/cutout.png,missing_local_player_asset,error,missing,missing_file,not_available,review_only_not_renderable_until_approved,keep_photo_slot_disabled_until_asset_and_marker_are_reviewed,athlete_images_registry; source_note=missing_review_required; asset_file_missing; cutout_slot_requires_manual_crop_review; path_missing
player_photo,WNBA,athlete,indiana_fever_myisha_hines_allen,Myisha Hines-Allen,cutout,assets/leagues/wnba/athletes/indiana_fever_myisha_hines_allen/cutout.png,player_photo_format_problem,warning,missing,missing_file,not_available,review_only_not_renderable_until_approved,replace_with_decodable_png_jpg_or_webp_before_renderer_use,athlete_images_registry; source_note=missing_review_required; asset_file_missing; cutout_slot_requires_manual_crop_review; path_missing
player_photo,WNBA,athlete,indiana_fever_myisha_hines_allen,Myisha Hines-Allen,headshot,assets/leagues/wnba/athletes/indiana_fever_myisha_hines_allen/headshot.png,suspicious_or_default_player_approval,warning,approved,valid_raster,meets_player_photo_floor,review_only_manual_source_recheck_required: default_decision_source_manual_recheck_required,recheck_decision_source_source_file_and_approval_timestamp,approved_assets_registry; decision_source=default; source_file=outputs/latest/review_files/athlete_image_approval_pack/downloads/indiana_fever/indiana_fever_myisha_hines_allen__1628899.png; approved_at_utc=2026-06-16T04:22:55.105650+00:00; approved_marker_present; headshot_slot_requires_identity_and_crop_review; image_size=260x190; meets_headshot_floor; default_decision_source_manual_recheck_required; bytes=16942; image_size=260x190
player_photo,WNBA,athlete,indiana_fever_raven_johnson,Raven Johnson,cutout,assets/leagues/wnba/athletes/indiana_fever_raven_johnson/cutout.png,missing_local_player_asset,error,missing,missing_file,not_available,review_only_not_renderable_until_approved,keep_photo_slot_disabled_until_asset_and_marker_are_reviewed,athlete_images_registry; source_note=missing_review_required; asset_file_missing; cutout_slot_requires_manual_crop_review; path_missing
player_photo,WNBA,athlete,indiana_fever_raven_johnson,Raven Johnson,cutout,assets/leagues/wnba/athletes/indiana_fever_raven_johnson/cutout.png,player_photo_format_problem,warning,missing,missing_file,not_available,review_only_not_renderable_until_approved,replace_with_decodable_png_jpg_or_webp_before_renderer_use,athlete_images_registry; source_note=missing_review_required; asset_file_missing; cutout_slot_requires_manual_crop_review; path_missing
player_photo,WNBA,athlete,indiana_fever_raven_johnson,Raven Johnson,headshot,assets/leagues/wnba/athletes/indiana_fever_raven_johnson/headshot.png,suspicious_or_default_player_approval,warning,approved,valid_raster,meets_player_photo_floor,review_only_manual_source_recheck_required: default_decision_source_manual_recheck_required,recheck_decision_source_source_file_and_approval_timestamp,approved_assets_registry; decision_source=default; source_file=outputs/latest/review_files/athlete_image_approval_pack/downloads/indiana_fever/indiana_fever_raven_johnson__1643433.png; approved_at_utc=2026-06-16T04:22:55.105940+00:00; approved_marker_present; headshot_slot_requires_identity_and_crop_review; image_size=260x190; meets_headshot_floor; default_decision_source_manual_recheck_required; bytes=23915; image_size=260x190
player_photo,WNBA,athlete,indiana_fever_sophie_cunningham,Sophie Cunningham,cutout,assets/leagues/wnba/athletes/indiana_fever_sophie_cunningham/cutout.png,missing_local_player_asset,error,missing,missing_file,not_available,review_only_not_renderable_until_approved,keep_photo_slot_disabled_until_asset_and_marker_are_reviewed,athlete_images_registry; source_note=missing_review_required; asset_file_missing; cutout_slot_requires_manual_crop_review; path_missing
player_photo,WNBA,athlete,indiana_fever_sophie_cunningham,Sophie Cunningham,cutout,assets/leagues/wnba/athletes/indiana_fever_sophie_cunningham/cutout.png,player_photo_format_problem,warning,missing,missing_file,not_available,review_only_not_renderable_until_approved,replace_with_decodable_png_jpg_or_webp_before_renderer_use,athlete_images_registry; source_note=missing_review_required; asset_file_missing; cutout_slot_requires_manual_crop_review; path_missing
player_photo,WNBA,athlete,indiana_fever_sophie_cunningham,Sophie Cunningham,headshot,assets/leagues/wnba/athletes/indiana_fever_sophie_cunningham/headshot.png,suspicious_or_default_player_approval,warning,approved,valid_raster,meets_player_photo_floor,review_only_manual_source_recheck_required: default_decision_source_manual_recheck_required,recheck_decision_source_source_file_and_approval_timestamp,approved_assets_registry; decision_source=default; source_file=outputs/latest/review_files/athlete_image_approval_pack/downloads/indiana_fever/indiana_fever_sophie_cunningham__1629482.png; approved_at_utc=2026-06-16T04:22:55.106488+00:00; approved_marker_present; headshot_slot_requires_identity_and_crop_review; image_size=260x190; meets_headshot_floor; default_decision_source_manual_recheck_required; bytes=18152; image_size=260x190
player_photo,WNBA,athlete,indiana_fever_tyasha_harris,Tyasha Harris,cutout,assets/leagues/wnba/athletes/indiana_fever_tyasha_harris/cutout.png,missing_local_player_asset,error,missing,missing_file,not_available,review_only_not_renderable_until_approved,keep_photo_slot_disabled_until_asset_and_marker_are_reviewed,athlete_images_registry; source_note=missing_review_required; asset_file_missing; cutout_slot_requires_manual_crop_review; path_missing
player_photo,WNBA,athlete,indiana_fever_tyasha_harris,Tyasha Harris,cutout,assets/leagues/wnba/athletes/indiana_fever_tyasha_harris/cutout.png,player_photo_format_problem,warning,missing,missing_file,not_available,review_only_not_renderable_until_approved,replace_with_decodable_png_jpg_or_webp_before_renderer_use,athlete_images_registry; source_note=missing_review_required; asset_file_missing; cutout_slot_requires_manual_crop_review; path_missing
player_photo,WNBA,athlete,indiana_fever_tyasha_harris,Tyasha Harris,headshot,assets/leagues/wnba/athletes/indiana_fever_tyasha_harris/headshot.png,suspicious_or_default_player_approval,warning,approved,valid_raster,meets_player_photo_floor,review_only_manual_source_recheck_required: default_decision_source_manual_recheck_required,recheck_decision_source_source_file_and_approval_timestamp,approved_assets_registry; decision_source=default; source_file=outputs/latest/review_files/athlete_image_approval_pack/downloads/indiana_fever/indiana_fever_tyasha_harris__1630112.png; approved_at_utc=2026-06-16T04:22:55.108995+00:00; approved_marker_present; headshot_slot_requires_identity_and_crop_review; image_size=260x190; meets_headshot_floor; default_decision_source_manual_recheck_required; bytes=16505; image_size=260x190
player_photo,WNBA,athlete,las_vegas_aces_a_ja_wilson,A'ja Wilson,cutout,assets/leagues/wnba/athletes/las_vegas_aces_a_ja_wilson/cutout.png,missing_local_player_asset,error,missing,missing_file,not_available,review_only_not_renderable_until_approved,keep_photo_slot_disabled_until_asset_and_marker_are_reviewed,athlete_images_registry; source_note=missing_review_required; asset_file_missing; cutout_slot_requires_manual_crop_review; path_missing
player_photo,WNBA,athlete,las_vegas_aces_a_ja_wilson,A'ja Wilson,cutout,assets/leagues/wnba/athletes/las_vegas_aces_a_ja_wilson/cutout.png,player_photo_format_problem,warning,missing,missing_file,not_available,review_only_not_renderable_until_approved,replace_with_decodable_png_jpg_or_webp_before_renderer_use,athlete_images_registry; source_note=missing_review_required; asset_file_missing; cutout_slot_requires_manual_crop_review; path_missing
player_photo,WNBA,athlete,las_vegas_aces_a_ja_wilson,A'ja Wilson,headshot,assets/leagues/wnba/athletes/las_vegas_aces_a_ja_wilson/headshot.png,suspicious_or_default_player_approval,warning,approved,valid_raster,meets_player_photo_floor,review_only_manual_source_recheck_required: default_decision_source_manual_recheck_required,recheck_decision_source_source_file_and_approval_timestamp,approved_assets_registry; decision_source=default; source_file=outputs/latest/review_files/athlete_image_approval_pack/downloads/las_vegas_aces/las_vegas_aces_a_ja_wilson__1628932.png; approved_at_utc=2026-06-16T04:22:55.130000+00:00; approved_marker_present; headshot_slot_requires_identity_and_crop_review; image_size=260x190; meets_headshot_floor; default_decision_source_manual_recheck_required; bytes=23416; image_size=260x190
player_photo,WNBA,athlete,las_vegas_aces_brianna_turner,Brianna Turner,cutout,assets/leagues/wnba/athletes/las_vegas_aces_brianna_turner/cutout.png,missing_local_player_asset,error,missing,missing_file,not_available,review_only_not_renderable_until_approved,keep_photo_slot_disabled_until_asset_and_marker_are_reviewed,athlete_images_registry; source_note=missing_review_required; asset_file_missing; cutout_slot_requires_manual_crop_review; path_missing
player_photo,WNBA,athlete,las_vegas_aces_brianna_turner,Brianna Turner,cutout,assets/leagues/wnba/athletes/las_vegas_aces_brianna_turner/cutout.png,player_photo_format_problem,warning,missing,missing_file,not_available,review_only_not_renderable_until_approved,replace_with_decodable_png_jpg_or_webp_before_renderer_use,athlete_images_registry; source_note=missing_review_required; asset_file_missing; cutout_slot_requires_manual_crop_review; path_missing
player_photo,WNBA,athlete,las_vegas_aces_brianna_turner,Brianna Turner,headshot,assets/leagues/wnba/athletes/las_vegas_aces_brianna_turner/headshot.png,suspicious_or_default_player_approval,warning,approved,valid_raster,meets_player_photo_floor,review_only_manual_source_recheck_required: default_decision_source_manual_recheck_required,recheck_decision_source_source_file_and_approval_timestamp,approved_assets_registry; decision_source=default; source_file=outputs/latest/review_files/athlete_image_approval_pack/downloads/las_vegas_aces/las_vegas_aces_brianna_turner__1629488.png; approved_at_utc=2026-06-16T04:22:55.129718+00:00; approved_marker_present; headshot_slot_requires_identity_and_crop_review; image_size=260x190; meets_headshot_floor; default_decision_source_manual_recheck_required; bytes=18927; image_size=260x190
player_photo,WNBA,athlete,las_vegas_aces_chelsea_gray,Chelsea Gray,cutout,assets/leagues/wnba/athletes/las_vegas_aces_chelsea_gray/cutout.png,missing_local_player_asset,error,missing,missing_file,not_available,review_only_not_renderable_until_approved,keep_photo_slot_disabled_until_asset_and_marker_are_reviewed,athlete_images_registry; source_note=missing_review_required; asset_file_missing; cutout_slot_requires_manual_crop_review; path_missing
player_photo,WNBA,athlete,las_vegas_aces_chelsea_gray,Chelsea Gray,cutout,assets/leagues/wnba/athletes/las_vegas_aces_chelsea_gray/cutout.png,player_photo_format_problem,warning,missing,missing_file,not_available,review_only_not_renderable_until_approved,replace_with_decodable_png_jpg_or_webp_before_renderer_use,athlete_images_registry; source_note=missing_review_required; asset_file_missing; cutout_slot_requires_manual_crop_review; path_missing
player_photo,WNBA,athlete,las_vegas_aces_chelsea_gray,Chelsea Gray,headshot,assets/leagues/wnba/athletes/las_vegas_aces_chelsea_gray/headshot.png,suspicious_or_default_player_approval,warning,approved,valid_raster,meets_player_photo_floor,review_only_manual_source_recheck_required: default_decision_source_manual_recheck_required,recheck_decision_source_source_file_and_approval_timestamp,approved_assets_registry; decision_source=default; source_file=outputs/latest/review_files/athlete_image_approval_pack/downloads/las_vegas_aces/las_vegas_aces_chelsea_gray__203833.png; approved_at_utc=2026-06-16T04:22:55.129427+00:00; approved_marker_present; headshot_slot_requires_identity_and_crop_review; image_size=260x190; meets_headshot_floor; default_decision_source_manual_recheck_required; bytes=19536; image_size=260x190
player_photo,WNBA,athlete,las_vegas_aces_chennedy_carter,Chennedy Carter,cutout,assets/leagues/wnba/athletes/las_vegas_aces_chennedy_carter/cutout.png,missing_local_player_asset,error,missing,missing_file,not_available,review_only_not_renderable_until_approved,keep_photo_slot_disabled_until_asset_and_marker_are_reviewed,athlete_images_registry; source_note=missing_review_required; asset_file_missing; cutout_slot_requires_manual_crop_review; path_missing
player_photo,WNBA,athlete,las_vegas_aces_chennedy_carter,Chennedy Carter,cutout,assets/leagues/wnba/athletes/las_vegas_aces_chennedy_carter/cutout.png,player_photo_format_problem,warning,missing,missing_file,not_available,review_only_not_renderable_until_approved,replace_with_decodable_png_jpg_or_webp_before_renderer_use,athlete_images_registry; source_note=missing_review_required; asset_file_missing; cutout_slot_requires_manual_crop_review; path_missing
player_photo,WNBA,athlete,las_vegas_aces_chennedy_carter,Chennedy Carter,headshot,assets/leagues/wnba/athletes/las_vegas_aces_chennedy_carter/headshot.png,suspicious_or_default_player_approval,warning,approved,valid_raster,meets_player_photo_floor,review_only_manual_source_recheck_required: default_decision_source_manual_recheck_required,recheck_decision_source_source_file_and_approval_timestamp,approved_assets_registry; decision_source=default; source_file=outputs/latest/review_files/athlete_image_approval_pack/downloads/las_vegas_aces/las_vegas_aces_chennedy_carter__1630150.png; approved_at_utc=2026-06-16T04:22:55.130290+00:00; approved_marker_present; headshot_slot_requires_identity_and_crop_review; image_size=260x190; meets_headshot_floor; default_decision_source_manual_recheck_required; bytes=20784; image_size=260x190
player_photo,WNBA,athlete,las_vegas_aces_cheyenne_parker_tyus,Cheyenne Parker-Tyus,cutout,assets/leagues/wnba/athletes/las_vegas_aces_cheyenne_parker_tyus/cutout.png,missing_local_player_asset,error,missing,missing_file,not_available,review_only_not_renderable_until_approved,keep_photo_slot_disabled_until_asset_and_marker_are_reviewed,athlete_images_registry; source_note=missing_review_required; asset_file_missing; cutout_slot_requires_manual_crop_review; path_missing
player_photo,WNBA,athlete,las_vegas_aces_cheyenne_parker_tyus,Cheyenne Parker-Tyus,cutout,assets/leagues/wnba/athletes/las_vegas_aces_cheyenne_parker_tyus/cutout.png,player_photo_format_problem,warning,missing,missing_file,not_available,review_only_not_renderable_until_approved,replace_with_decodable_png_jpg_or_webp_before_renderer_use,athlete_images_registry; source_note=missing_review_required; asset_file_missing; cutout_slot_requires_manual_crop_review; path_missing
player_photo,WNBA,athlete,las_vegas_aces_cheyenne_parker_tyus,Cheyenne Parker-Tyus,headshot,assets/leagues/wnba/athletes/las_vegas_aces_cheyenne_parker_tyus/headshot.png,suspicious_or_default_player_approval,warning,approved,valid_raster,meets_player_photo_floor,review_only_manual_source_recheck_required: default_decision_source_manual_recheck_required,recheck_decision_source_source_file_and_approval_timestamp,approved_assets_registry; decision_source=default; source_file=outputs/latest/review_files/athlete_image_approval_pack/downloads/las_vegas_aces/las_vegas_aces_cheyenne_parker_tyus__204323.png; approved_at_utc=2026-06-16T04:22:55.130947+00:00; approved_marker_present; headshot_slot_requires_identity_and_crop_review; image_size=260x190; meets_headshot_floor; default_decision_source_manual_recheck_required; bytes=21953; image_size=260x190
player_photo,WNBA,athlete,las_vegas_aces_dana_evans,Dana Evans,cutout,assets/leagues/wnba/athletes/las_vegas_aces_dana_evans/cutout.png,missing_local_player_asset,error,missing,missing_file,not_available,review_only_not_renderable_until_approved,keep_photo_slot_disabled_until_asset_and_marker_are_reviewed,athlete_images_registry; source_note=missing_review_required; asset_file_missing; cutout_slot_requires_manual_crop_review; path_missing
player_photo,WNBA,athlete,las_vegas_aces_dana_evans,Dana Evans,cutout,assets/leagues/wnba/athletes/las_vegas_aces_dana_evans/cutout.png,player_photo_format_problem,warning,missing,missing_file,not_available,review_only_not_renderable_until_approved,replace_with_decodable_png_jpg_or_webp_before_renderer_use,athlete_images_registry; source_note=missing_review_required; asset_file_missing; cutout_slot_requires_manual_crop_review; path_missing
player_photo,WNBA,athlete,las_vegas_aces_dana_evans,Dana Evans,headshot,assets/leagues/wnba/athletes/las_vegas_aces_dana_evans/headshot.png,suspicious_or_default_player_approval,warning,approved,valid_raster,meets_player_photo_floor,review_only_manual_source_recheck_required: default_decision_source_manual_recheck_required,recheck_decision_source_source_file_and_approval_timestamp,approved_assets_registry; decision_source=default; source_file=outputs/latest/review_files/athlete_image_approval_pack/downloads/las_vegas_aces/las_vegas_aces_dana_evans__1630389.png; approved_at_utc=2026-06-16T04:22:55.129160+00:00; approved_marker_present; headshot_slot_requires_identity_and_crop_review; image_size=260x190; meets_headshot_floor; default_decision_source_manual_recheck_required; bytes=21499; image_size=260x190
player_photo,WNBA,athlete,las_vegas_aces_jackie_young,Jackie Young,cutout,assets/leagues/wnba/athletes/las_vegas_aces_jackie_young/cutout.png,missing_local_player_asset,error,missing,missing_file,not_available,review_only_not_renderable_until_approved,keep_photo_slot_disabled_until_asset_and_marker_are_reviewed,athlete_images_registry; source_note=missing_review_required; asset_file_missing; cutout_slot_requires_manual_crop_review; path_missing
player_photo,WNBA,athlete,las_vegas_aces_jackie_young,Jackie Young,cutout,assets/leagues/wnba/athletes/las_vegas_aces_jackie_young/cutout.png,player_photo_format_problem,warning,missing,missing_file,not_available,review_only_not_renderable_until_approved,replace_with_decodable_png_jpg_or_webp_before_renderer_use,athlete_images_registry; source_note=missing_review_required; asset_file_missing; cutout_slot_requires_manual_crop_review; path_missing
player_photo,WNBA,athlete,las_vegas_aces_jackie_young,Jackie Young,headshot,assets/leagues/wnba/athletes/las_vegas_aces_jackie_young/headshot.png,suspicious_or_default_player_approval,warning,approved,valid_raster,meets_player_photo_floor,review_only_manual_source_recheck_required: default_decision_source_manual_recheck_required,recheck_decision_source_source_file_and_approval_timestamp,approved_assets_registry; decision_source=default; source_file=outputs/latest/review_files/athlete_image_approval_pack/downloads/las_vegas_aces/las_vegas_aces_jackie_young__1629498.png; approved_at_utc=2026-06-16T04:22:55.127802+00:00; approved_marker_present; headshot_slot_requires_identity_and_crop_review; image_size=260x190; meets_headshot_floor; default_decision_source_manual_recheck_required; bytes=19544; image_size=260x190
player_photo,WNBA,athlete,las_vegas_aces_janiah_barker,Janiah Barker,cutout,assets/leagues/wnba/athletes/las_vegas_aces_janiah_barker/cutout.png,missing_local_player_asset,error,missing,missing_file,not_available,review_only_not_renderable_until_approved,keep_photo_slot_disabled_until_asset_and_marker_are_reviewed,athlete_images_registry; source_note=missing_review_required; asset_file_missing; cutout_slot_requires_manual_crop_review; path_missing
player_photo,WNBA,athlete,las_vegas_aces_janiah_barker,Janiah Barker,cutout,assets/leagues/wnba/athletes/las_vegas_aces_janiah_barker/cutout.png,player_photo_format_problem,warning,missing,missing_file,not_available,review_only_not_renderable_until_approved,replace_with_decodable_png_jpg_or_webp_before_renderer_use,athlete_images_registry; source_note=missing_review_required; asset_file_missing; cutout_slot_requires_manual_crop_review; path_missing
player_photo,WNBA,athlete,las_vegas_aces_janiah_barker,Janiah Barker,headshot,assets/leagues/wnba/athletes/las_vegas_aces_janiah_barker/headshot.png,suspicious_or_default_player_approval,warning,approved,valid_raster,meets_player_photo_floor,review_only_manual_source_recheck_required: default_decision_source_manual_recheck_required,recheck_decision_source_source_file_and_approval_timestamp,approved_assets_registry; decision_source=default; source_file=outputs/latest/review_files/athlete_image_approval_pack/downloads/las_vegas_aces/las_vegas_aces_janiah_barker__1643434.png; approved_at_utc=2026-06-16T04:22:55.128338+00:00; approved_marker_present; headshot_slot_requires_identity_and_crop_review; image_size=260x190; meets_headshot_floor; default_decision_source_manual_recheck_required; bytes=16857; image_size=260x190
player_photo,WNBA,athlete,las_vegas_aces_jewell_loyd,Jewell Loyd,cutout,assets/leagues/wnba/athletes/las_vegas_aces_jewell_loyd/cutout.png,missing_local_player_asset,error,missing,missing_file,not_available,review_only_not_renderable_until_approved,keep_photo_slot_disabled_until_asset_and_marker_are_reviewed,athlete_images_registry; source_note=missing_review_required; asset_file_missing; cutout_slot_requires_manual_crop_review; path_missing
player_photo,WNBA,athlete,las_vegas_aces_jewell_loyd,Jewell Loyd,cutout,assets/leagues/wnba/athletes/las_vegas_aces_jewell_loyd/cutout.png,player_photo_format_problem,warning,missing,missing_file,not_available,review_only_not_renderable_until_approved,replace_with_decodable_png_jpg_or_webp_before_renderer_use,athlete_images_registry; source_note=missing_review_required; asset_file_missing; cutout_slot_requires_manual_crop_review; path_missing
player_photo,WNBA,athlete,las_vegas_aces_jewell_loyd,Jewell Loyd,headshot,assets/leagues/wnba/athletes/las_vegas_aces_jewell_loyd/headshot.png,suspicious_or_default_player_approval,warning,approved,valid_raster,meets_player_photo_floor,review_only_manual_source_recheck_required: default_decision_source_manual_recheck_required,recheck_decision_source_source_file_and_approval_timestamp,approved_assets_registry; decision_source=default; source_file=outputs/latest/review_files/athlete_image_approval_pack/downloads/las_vegas_aces/las_vegas_aces_jewell_loyd__204319.png; approved_at_utc=2026-06-16T04:22:55.130655+00:00; approved_marker_present; headshot_slot_requires_identity_and_crop_review; image_size=260x190; meets_headshot_floor; default_decision_source_manual_recheck_required; bytes=14027; image_size=260x190
player_photo,WNBA,athlete,las_vegas_aces_kierstan_bell,Kierstan Bell,cutout,assets/leagues/wnba/athletes/las_vegas_aces_kierstan_bell/cutout.png,missing_local_player_asset,error,missing,missing_file,not_available,review_only_not_renderable_until_approved,keep_photo_slot_disabled_until_asset_and_marker_are_reviewed,athlete_images_registry; source_note=missing_review_required; asset_file_missing; cutout_slot_requires_manual_crop_review; path_missing
player_photo,WNBA,athlete,las_vegas_aces_kierstan_bell,Kierstan Bell,cutout,assets/leagues/wnba/athletes/las_vegas_aces_kierstan_bell/cutout.png,player_photo_format_problem,warning,missing,missing_file,not_available,review_only_not_renderable_until_approved,replace_with_decodable_png_jpg_or_webp_before_renderer_use,athlete_images_registry; source_note=missing_review_required; asset_file_missing; cutout_slot_requires_manual_crop_review; path_missing
player_photo,WNBA,athlete,las_vegas_aces_kierstan_bell,Kierstan Bell,headshot,assets/leagues/wnba/athletes/las_vegas_aces_kierstan_bell/headshot.png,suspicious_or_default_player_approval,warning,approved,valid_raster,meets_player_photo_floor,review_only_manual_source_recheck_required: default_decision_source_manual_recheck_required,recheck_decision_source_source_file_and_approval_timestamp,approved_assets_registry; decision_source=default; source_file=outputs/latest/review_files/athlete_image_approval_pack/downloads/las_vegas_aces/las_vegas_aces_kierstan_bell__1631006.png; approved_at_utc=2026-06-16T04:22:55.128073+00:00; approved_marker_present; headshot_slot_requires_identity_and_crop_review; image_size=260x190; meets_headshot_floor; default_decision_source_manual_recheck_required; bytes=17161; image_size=260x190
player_photo,WNBA,athlete,las_vegas_aces_nalyssa_smith,NaLyssa Smith,cutout,assets/leagues/wnba/athletes/las_vegas_aces_nalyssa_smith/cutout.png,missing_local_player_asset,error,missing,missing_file,not_available,review_only_not_renderable_until_approved,keep_photo_slot_disabled_until_asset_and_marker_are_reviewed,athlete_images_registry; source_note=missing_review_required; asset_file_missing; cutout_slot_requires_manual_crop_review; path_missing
player_photo,WNBA,athlete,las_vegas_aces_nalyssa_smith,NaLyssa Smith,cutout,assets/leagues/wnba/athletes/las_vegas_aces_nalyssa_smith/cutout.png,player_photo_format_problem,warning,missing,missing_file,not_available,review_only_not_renderable_until_approved,replace_with_decodable_png_jpg_or_webp_before_renderer_use,athlete_images_registry; source_note=missing_review_required; asset_file_missing; cutout_slot_requires_manual_crop_review; path_missing
player_photo,WNBA,athlete,las_vegas_aces_nalyssa_smith,NaLyssa Smith,headshot,assets/leagues/wnba/athletes/las_vegas_aces_nalyssa_smith/headshot.png,suspicious_or_default_player_approval,warning,approved,valid_raster,meets_player_photo_floor,review_only_manual_source_recheck_required: default_decision_source_manual_recheck_required,recheck_decision_source_source_file_and_approval_timestamp,approved_assets_registry; decision_source=default; source_file=outputs/latest/review_files/athlete_image_approval_pack/downloads/las_vegas_aces/las_vegas_aces_nalyssa_smith__1631019.png; approved_at_utc=2026-06-16T04:22:55.128603+00:00; approved_marker_present; headshot_slot_requires_identity_and_crop_review; image_size=260x190; meets_headshot_floor; default_decision_source_manual_recheck_required; bytes=16142; image_size=260x190
player_photo,WNBA,athlete,las_vegas_aces_stephanie_talbot,Stephanie Talbot,cutout,assets/leagues/wnba/athletes/las_vegas_aces_stephanie_talbot/cutout.png,missing_local_player_asset,error,missing,missing_file,not_available,review_only_not_renderable_until_approved,keep_photo_slot_disabled_until_asset_and_marker_are_reviewed,athlete_images_registry; source_note=missing_review_required; asset_file_missing; cutout_slot_requires_manual_crop_review; path_missing
player_photo,WNBA,athlete,las_vegas_aces_stephanie_talbot,Stephanie Talbot,cutout,assets/leagues/wnba/athletes/las_vegas_aces_stephanie_talbot/cutout.png,player_photo_format_problem,warning,missing,missing_file,not_available,review_only_not_renderable_until_approved,replace_with_decodable_png_jpg_or_webp_before_renderer_use,athlete_images_registry; source_note=missing_review_required; asset_file_missing; cutout_slot_requires_manual_crop_review; path_missing
player_photo,WNBA,athlete,las_vegas_aces_stephanie_talbot,Stephanie Talbot,headshot,assets/leagues/wnba/athletes/las_vegas_aces_stephanie_talbot/headshot.png,suspicious_or_default_player_approval,warning,approved,valid_raster,meets_player_photo_floor,review_only_manual_source_recheck_required: default_decision_source_manual_recheck_required,recheck_decision_source_source_file_and_approval_timestamp,approved_assets_registry; decision_source=default; source_file=outputs/latest/review_files/athlete_image_approval_pack/downloads/las_vegas_aces/las_vegas_aces_stephanie_talbot__203855.png; approved_at_utc=2026-06-16T04:22:55.128893+00:00; approved_marker_present; headshot_slot_requires_identity_and_crop_review; image_size=260x190; meets_headshot_floor; default_decision_source_manual_recheck_required; bytes=20647; image_size=260x190
player_photo,WNBA,athlete,los_angeles_sparks_ariel_atkins,Ariel Atkins,cutout,assets/leagues/wnba/athletes/los_angeles_sparks_ariel_atkins/cutout.png,missing_local_player_asset,error,missing,missing_file,not_available,review_only_not_renderable_until_approved,keep_photo_slot_disabled_until_asset_and_marker_are_reviewed,athlete_images_registry; source_note=missing_review_required; asset_file_missing; cutout_slot_requires_manual_crop_review; path_missing
player_photo,WNBA,athlete,los_angeles_sparks_ariel_atkins,Ariel Atkins,cutout,assets/leagues/wnba/athletes/los_angeles_sparks_ariel_atkins/cutout.png,player_photo_format_problem,warning,missing,missing_file,not_available,review_only_not_renderable_until_approved,replace_with_decodable_png_jpg_or_webp_before_renderer_use,athlete_images_registry; source_note=missing_review_required; asset_file_missing; cutout_slot_requires_manual_crop_review; path_missing
player_photo,WNBA,athlete,los_angeles_sparks_ariel_atkins,Ariel Atkins,headshot,assets/leagues/wnba/athletes/los_angeles_sparks_ariel_atkins/headshot.png,suspicious_or_default_player_approval,warning,approved,valid_raster,meets_player_photo_floor,review_only_manual_source_recheck_required: default_decision_source_manual_recheck_required,recheck_decision_source_source_file_and_approval_timestamp,approved_assets_registry; decision_source=default; source_file=outputs/latest/review_files/athlete_image_approval_pack/downloads/los_angeles_sparks/los_angeles_sparks_ariel_atkins__1628878.png; approved_at_utc=2026-06-16T04:22:55.132586+00:00; approved_marker_present; headshot_slot_requires_identity_and_crop_review; image_size=260x190; meets_headshot_floor; default_decision_source_manual_recheck_required; bytes=19623; image_size=260x190
player_photo,WNBA,athlete,los_angeles_sparks_cameron_brink,Cameron Brink,cutout,assets/leagues/wnba/athletes/los_angeles_sparks_cameron_brink/cutout.png,missing_local_player_asset,error,missing,missing_file,not_available,review_only_not_renderable_until_approved,keep_photo_slot_disabled_until_asset_and_marker_are_reviewed,athlete_images_registry; source_note=missing_review_required; asset_file_missing; cutout_slot_requires_manual_crop_review; path_missing
player_photo,WNBA,athlete,los_angeles_sparks_cameron_brink,Cameron Brink,cutout,assets/leagues/wnba/athletes/los_angeles_sparks_cameron_brink/cutout.png,player_photo_format_problem,warning,missing,missing_file,not_available,review_only_not_renderable_until_approved,replace_with_decodable_png_jpg_or_webp_before_renderer_use,athlete_images_registry; source_note=missing_review_required; asset_file_missing; cutout_slot_requires_manual_crop_review; path_missing
player_photo,WNBA,athlete,los_angeles_sparks_cameron_brink,Cameron Brink,headshot,assets/leagues/wnba/athletes/los_angeles_sparks_cameron_brink/headshot.png,suspicious_or_default_player_approval,warning,approved,valid_raster,meets_player_photo_floor,review_only_manual_source_recheck_required: default_decision_source_manual_recheck_required,recheck_decision_source_source_file_and_approval_timestamp,approved_assets_registry; decision_source=default; source_file=outputs/latest/review_files/athlete_image_approval_pack/downloads/los_angeles_sparks/los_angeles_sparks_cameron_brink__1642287.png; approved_at_utc=2026-06-16T04:22:55.134539+00:00; approved_marker_present; headshot_slot_requires_identity_and_crop_review; image_size=260x190; meets_headshot_floor; default_decision_source_manual_recheck_required; bytes=20408; image_size=260x190
player_photo,WNBA,athlete,los_angeles_sparks_chance_gray,Chance Gray,cutout,assets/leagues/wnba/athletes/los_angeles_sparks_chance_gray/cutout.png,missing_local_player_asset,error,missing,missing_file,not_available,review_only_not_renderable_until_approved,keep_photo_slot_disabled_until_asset_and_marker_are_reviewed,athlete_images_registry; source_note=missing_review_required; asset_file_missing; cutout_slot_requires_manual_crop_review; path_missing
player_photo,WNBA,athlete,los_angeles_sparks_chance_gray,Chance Gray,cutout,assets/leagues/wnba/athletes/los_angeles_sparks_chance_gray/cutout.png,player_photo_format_problem,warning,missing,missing_file,not_available,review_only_not_renderable_until_approved,replace_with_decodable_png_jpg_or_webp_before_renderer_use,athlete_images_registry; source_note=missing_review_required; asset_file_missing; cutout_slot_requires_manual_crop_review; path_missing
player_photo,WNBA,athlete,los_angeles_sparks_chance_gray,Chance Gray,headshot,assets/leagues/wnba/athletes/los_angeles_sparks_chance_gray/headshot.png,suspicious_or_default_player_approval,warning,approved,valid_raster,meets_player_photo_floor,review_only_manual_source_recheck_required: default_decision_source_manual_recheck_required,recheck_decision_source_source_file_and_approval_timestamp,approved_assets_registry; decision_source=default; source_file=outputs/latest/review_files/athlete_image_approval_pack/downloads/los_angeles_sparks/los_angeles_sparks_chance_gray__1643462.png; approved_at_utc=2026-06-16T04:22:55.131488+00:00; approved_marker_present; headshot_slot_requires_identity_and_crop_review; image_size=260x190; meets_headshot_floor; default_decision_source_manual_recheck_required; bytes=17046; image_size=260x190
player_photo,WNBA,athlete,los_angeles_sparks_dearica_hamby,Dearica Hamby,cutout,assets/leagues/wnba/athletes/los_angeles_sparks_dearica_hamby/cutout.png,missing_local_player_asset,error,missing,missing_file,not_available,review_only_not_renderable_until_approved,keep_photo_slot_disabled_until_asset_and_marker_are_reviewed,athlete_images_registry; source_note=missing_review_required; asset_file_missing; cutout_slot_requires_manual_crop_review; path_missing
player_photo,WNBA,athlete,los_angeles_sparks_dearica_hamby,Dearica Hamby,cutout,assets/leagues/wnba/athletes/los_angeles_sparks_dearica_hamby/cutout.png,player_photo_format_problem,warning,missing,missing_file,not_available,review_only_not_renderable_until_approved,replace_with_decodable_png_jpg_or_webp_before_renderer_use,athlete_images_registry; source_note=missing_review_required; asset_file_missing; cutout_slot_requires_manual_crop_review; path_missing
player_photo,WNBA,athlete,los_angeles_sparks_dearica_hamby,Dearica Hamby,headshot,assets/leagues/wnba/athletes/los_angeles_sparks_dearica_hamby/headshot.png,suspicious_or_default_player_approval,warning,approved,valid_raster,meets_player_photo_floor,review_only_manual_source_recheck_required: default_decision_source_manual_recheck_required,recheck_decision_source_source_file_and_approval_timestamp,approved_assets_registry; decision_source=default; source_file=outputs/latest/review_files/athlete_image_approval_pack/downloads/los_angeles_sparks/los_angeles_sparks_dearica_hamby__204324.png; approved_at_utc=2026-06-16T04:22:55.132053+00:00; approved_marker_present; headshot_slot_requires_identity_and_crop_review; image_size=260x190; meets_headshot_floor; default_decision_source_manual_recheck_required; bytes=14666; image_size=260x190
player_photo,WNBA,athlete,los_angeles_sparks_emma_cannon,Emma Cannon,cutout,assets/leagues/wnba/athletes/los_angeles_sparks_emma_cannon/cutout.png,missing_local_player_asset,error,missing,missing_file,not_available,review_only_not_renderable_until_approved,keep_photo_slot_disabled_until_asset_and_marker_are_reviewed,athlete_images_registry; source_note=missing_review_required; asset_file_missing; cutout_slot_requires_manual_crop_review; path_missing
player_photo,WNBA,athlete,los_angeles_sparks_emma_cannon,Emma Cannon,cutout,assets/leagues/wnba/athletes/los_angeles_sparks_emma_cannon/cutout.png,player_photo_format_problem,warning,missing,missing_file,not_available,review_only_not_renderable_until_approved,replace_with_decodable_png_jpg_or_webp_before_renderer_use,athlete_images_registry; source_note=missing_review_required; asset_file_missing; cutout_slot_requires_manual_crop_review; path_missing
player_photo,WNBA,athlete,los_angeles_sparks_emma_cannon,Emma Cannon,headshot,assets/leagues/wnba/athletes/los_angeles_sparks_emma_cannon/headshot.png,suspicious_or_default_player_approval,warning,approved,valid_raster,meets_player_photo_floor,review_only_manual_source_recheck_required: default_decision_source_manual_recheck_required,recheck_decision_source_source_file_and_approval_timestamp,approved_assets_registry; decision_source=default; source_file=outputs/latest/review_files/athlete_image_approval_pack/downloads/los_angeles_sparks/los_angeles_sparks_emma_cannon__1628242.png; approved_at_utc=2026-06-16T04:22:55.135226+00:00; approved_marker_present; headshot_slot_requires_identity_and_crop_review; image_size=260x190; meets_headshot_floor; default_decision_source_manual_recheck_required; bytes=14636; image_size=260x190
player_photo,WNBA,athlete,los_angeles_sparks_erica_wheeler,Erica Wheeler,cutout,assets/leagues/wnba/athletes/los_angeles_sparks_erica_wheeler/cutout.png,missing_local_player_asset,error,missing,missing_file,not_available,review_only_not_renderable_until_approved,keep_photo_slot_disabled_until_asset_and_marker_are_reviewed,athlete_images_registry; source_note=missing_review_required; asset_file_missing; cutout_slot_requires_manual_crop_review; path_missing
player_photo,WNBA,athlete,los_angeles_sparks_erica_wheeler,Erica Wheeler,cutout,assets/leagues/wnba/athletes/los_angeles_sparks_erica_wheeler/cutout.png,player_photo_format_problem,warning,missing,missing_file,not_available,review_only_not_renderable_until_approved,replace_with_decodable_png_jpg_or_webp_before_renderer_use,athlete_images_registry; source_note=missing_review_required; asset_file_missing; cutout_slot_requires_manual_crop_review; path_missing
player_photo,WNBA,athlete,los_angeles_sparks_erica_wheeler,Erica Wheeler,headshot,assets/leagues/wnba/athletes/los_angeles_sparks_erica_wheeler/headshot.png,suspicious_or_default_player_approval,warning,approved,valid_raster,meets_player_photo_floor,review_only_manual_source_recheck_required: default_decision_source_manual_recheck_required,recheck_decision_source_source_file_and_approval_timestamp,approved_assets_registry; decision_source=default; source_file=outputs/latest/review_files/athlete_image_approval_pack/downloads/los_angeles_sparks/los_angeles_sparks_erica_wheeler__204365.png; approved_at_utc=2026-06-16T04:22:55.133507+00:00; approved_marker_present; headshot_slot_requires_identity_and_crop_review; image_size=260x190; meets_headshot_floor; default_decision_source_manual_recheck_required; bytes=18549; image_size=260x190
player_photo,WNBA,athlete,los_angeles_sparks_jihyun_park,Jihyun Park,cutout,assets/leagues/wnba/athletes/los_angeles_sparks_jihyun_park/cutout.png,missing_local_player_asset,error,missing,missing_file,not_available,review_only_not_renderable_until_approved,keep_photo_slot_disabled_until_asset_and_marker_are_reviewed,athlete_images_registry; source_note=missing_review_required; asset_file_missing; cutout_slot_requires_manual_crop_review; path_missing
player_photo,WNBA,athlete,los_angeles_sparks_jihyun_park,Jihyun Park,cutout,assets/leagues/wnba/athletes/los_angeles_sparks_jihyun_park/cutout.png,player_photo_format_problem,warning,missing,missing_file,not_available,review_only_not_renderable_until_approved,replace_with_decodable_png_jpg_or_webp_before_renderer_use,athlete_images_registry; source_note=missing_review_required; asset_file_missing; cutout_slot_requires_manual_crop_review; path_missing
player_photo,WNBA,athlete,los_angeles_sparks_jihyun_park,Jihyun Park,headshot,assets/leagues/wnba/athletes/los_angeles_sparks_jihyun_park/headshot.png,suspicious_or_default_player_approval,warning,approved,valid_raster,meets_player_photo_floor,review_only_manual_source_recheck_required: default_decision_source_manual_recheck_required,recheck_decision_source_source_file_and_approval_timestamp,approved_assets_registry; decision_source=default; source_file=outputs/latest/review_files/athlete_image_approval_pack/downloads/los_angeles_sparks/los_angeles_sparks_jihyun_park__1630148.png; approved_at_utc=2026-06-16T04:22:55.132324+00:00; approved_marker_present; headshot_slot_requires_identity_and_crop_review; image_size=260x190; meets_headshot_floor; default_decision_source_manual_recheck_required; bytes=14835; image_size=260x190
player_photo,WNBA,athlete,los_angeles_sparks_kate_martin,Kate Martin,cutout,assets/leagues/wnba/athletes/los_angeles_sparks_kate_martin/cutout.png,missing_local_player_asset,error,missing,missing_file,not_available,review_only_not_renderable_until_approved,keep_photo_slot_disabled_until_asset_and_marker_are_reviewed,athlete_images_registry; source_note=missing_review_required; asset_file_missing; cutout_slot_requires_manual_crop_review; path_missing
player_photo,WNBA,athlete,los_angeles_sparks_kate_martin,Kate Martin,cutout,assets/leagues/wnba/athletes/los_angeles_sparks_kate_martin/cutout.png,player_photo_format_problem,warning,missing,missing_file,not_available,review_only_not_renderable_until_approved,replace_with_decodable_png_jpg_or_webp_before_renderer_use,athlete_images_registry; source_note=missing_review_required; asset_file_missing; cutout_slot_requires_manual_crop_review; path_missing
player_photo,WNBA,athlete,los_angeles_sparks_kate_martin,Kate Martin,headshot,assets/leagues/wnba/athletes/los_angeles_sparks_kate_martin/headshot.png,suspicious_or_default_player_approval,warning,approved,valid_raster,meets_player_photo_floor,review_only_manual_source_recheck_required: default_decision_source_manual_recheck_required,recheck_decision_source_source_file_and_approval_timestamp,approved_assets_registry; decision_source=default; source_file=outputs/latest/review_files/athlete_image_approval_pack/downloads/los_angeles_sparks/los_angeles_sparks_kate_martin__1642324.png; approved_at_utc=2026-06-16T04:22:55.134211+00:00; approved_marker_present; headshot_slot_requires_identity_and_crop_review; image_size=260x190; meets_headshot_floor; default_decision_source_manual_recheck_required; bytes=18506; image_size=260x190
player_photo,WNBA,athlete,los_angeles_sparks_kelsey_plum,Kelsey Plum,cutout,assets/leagues/wnba/athletes/los_angeles_sparks_kelsey_plum/cutout.png,missing_local_player_asset,error,missing,missing_file,not_available,review_only_not_renderable_until_approved,keep_photo_slot_disabled_until_asset_and_marker_are_reviewed,athlete_images_registry; source_note=missing_review_required; asset_file_missing; cutout_slot_requires_manual_crop_review; path_missing
player_photo,WNBA,athlete,los_angeles_sparks_kelsey_plum,Kelsey Plum,cutout,assets/leagues/wnba/athletes/los_angeles_sparks_kelsey_plum/cutout.png,player_photo_format_problem,warning,missing,missing_file,not_available,review_only_not_renderable_until_approved,replace_with_decodable_png_jpg_or_webp_before_renderer_use,athlete_images_registry; source_note=missing_review_required; asset_file_missing; cutout_slot_requires_manual_crop_review; path_missing
player_photo,WNBA,athlete,los_angeles_sparks_kelsey_plum,Kelsey Plum,headshot,assets/leagues/wnba/athletes/los_angeles_sparks_kelsey_plum/headshot.png,suspicious_or_default_player_approval,warning,approved,valid_raster,meets_player_photo_floor,review_only_manual_source_recheck_required: default_decision_source_manual_recheck_required,recheck_decision_source_source_file_and_approval_timestamp,approved_assets_registry; decision_source=default; source_file=outputs/latest/review_files/athlete_image_approval_pack/downloads/los_angeles_sparks/los_angeles_sparks_kelsey_plum__1628276.png; approved_at_utc=2026-06-16T04:22:55.132880+00:00; approved_marker_present; headshot_slot_requires_identity_and_crop_review; image_size=260x190; meets_headshot_floor; default_decision_source_manual_recheck_required; bytes=17009; image_size=260x190
player_photo,WNBA,athlete,los_angeles_sparks_laura_ziegler,Laura Ziegler,cutout,assets/leagues/wnba/athletes/los_angeles_sparks_laura_ziegler/cutout.png,missing_local_player_asset,error,missing,missing_file,not_available,review_only_not_renderable_until_approved,keep_photo_slot_disabled_until_asset_and_marker_are_reviewed,athlete_images_registry; source_note=missing_review_required; asset_file_missing; cutout_slot_requires_manual_crop_review; path_missing
player_photo,WNBA,athlete,los_angeles_sparks_laura_ziegler,Laura Ziegler,cutout,assets/leagues/wnba/athletes/los_angeles_sparks_laura_ziegler/cutout.png,player_photo_format_problem,warning,missing,missing_file,not_available,review_only_not_renderable_until_approved,replace_with_decodable_png_jpg_or_webp_before_renderer_use,athlete_images_registry; source_note=missing_review_required; asset_file_missing; cutout_slot_requires_manual_crop_review; path_missing
player_photo,WNBA,athlete,los_angeles_sparks_laura_ziegler,Laura Ziegler,headshot,assets/leagues/wnba/athletes/los_angeles_sparks_laura_ziegler/headshot.png,suspicious_or_default_player_approval,warning,approved,valid_raster,meets_player_photo_floor,review_only_manual_source_recheck_required: default_decision_source_manual_recheck_required,recheck_decision_source_source_file_and_approval_timestamp,approved_assets_registry; decision_source=default; source_file=outputs/latest/review_files/athlete_image_approval_pack/downloads/los_angeles_sparks/los_angeles_sparks_laura_ziegler__1643461.png; approved_at_utc=2026-06-16T04:22:55.131777+00:00; approved_marker_present; headshot_slot_requires_identity_and_crop_review; image_size=260x190; meets_headshot_floor; default_decision_source_manual_recheck_required; bytes=18996; image_size=260x190
player_photo,WNBA,athlete,los_angeles_sparks_nneka_ogwumike,Nneka Ogwumike,cutout,assets/leagues/wnba/athletes/los_angeles_sparks_nneka_ogwumike/cutout.png,missing_local_player_asset,error,missing,missing_file,not_available,review_only_not_renderable_until_approved,keep_photo_slot_disabled_until_asset_and_marker_are_reviewed,athlete_images_registry; source_note=missing_review_required; asset_file_missing; cutout_slot_requires_manual_crop_review; path_missing
player_photo,WNBA,athlete,los_angeles_sparks_nneka_ogwumike,Nneka Ogwumike,cutout,assets/leagues/wnba/athletes/los_angeles_sparks_nneka_ogwumike/cutout.png,player_photo_format_problem,warning,missing,missing_file,not_available,review_only_not_renderable_until_approved,replace_with_decodable_png_jpg_or_webp_before_renderer_use,athlete_images_registry; source_note=missing_review_required; asset_file_missing; cutout_slot_requires_manual_crop_review; path_missing
player_photo,WNBA,athlete,los_angeles_sparks_nneka_ogwumike,Nneka Ogwumike,headshot,assets/leagues/wnba/athletes/los_angeles_sparks_nneka_ogwumike/headshot.png,suspicious_or_default_player_approval,warning,approved,valid_raster,meets_player_photo_floor,review_only_manual_source_recheck_required: default_decision_source_manual_recheck_required,recheck_decision_source_source_file_and_approval_timestamp,approved_assets_registry; decision_source=default; source_file=outputs/latest/review_files/athlete_image_approval_pack/downloads/los_angeles_sparks/los_angeles_sparks_nneka_ogwumike__203014.png; approved_at_utc=2026-06-16T04:22:55.134893+00:00; approved_marker_present; headshot_slot_requires_identity_and_crop_review; image_size=260x190; meets_headshot_floor; default_decision_source_manual_recheck_required; bytes=19524; image_size=260x190
player_photo,WNBA,athlete,los_angeles_sparks_rae_burrell,Rae Burrell,cutout,assets/leagues/wnba/athletes/los_angeles_sparks_rae_burrell/cutout.png,missing_local_player_asset,error,missing,missing_file,not_available,review_only_not_renderable_until_approved,keep_photo_slot_disabled_until_asset_and_marker_are_reviewed,athlete_images_registry; source_note=missing_review_required; asset_file_missing; cutout_slot_requires_manual_crop_review; path_missing
player_photo,WNBA,athlete,los_angeles_sparks_rae_burrell,Rae Burrell,cutout,assets/leagues/wnba/athletes/los_angeles_sparks_rae_burrell/cutout.png,player_photo_format_problem,warning,missing,missing_file,not_available,review_only_not_renderable_until_approved,replace_with_decodable_png_jpg_or_webp_before_renderer_use,athlete_images_registry; source_note=missing_review_required; asset_file_missing; cutout_slot_requires_manual_crop_review; path_missing
player_photo,WNBA,athlete,los_angeles_sparks_rae_burrell,Rae Burrell,headshot,assets/leagues/wnba/athletes/los_angeles_sparks_rae_burrell/headshot.png,suspicious_or_default_player_approval,warning,approved,valid_raster,meets_player_photo_floor,review_only_manual_source_recheck_required: default_decision_source_manual_recheck_required,recheck_decision_source_source_file_and_approval_timestamp,approved_assets_registry; decision_source=default; source_file=outputs/latest/review_files/athlete_image_approval_pack/downloads/los_angeles_sparks/los_angeles_sparks_rae_burrell__1630996.png; approved_at_utc=2026-06-16T04:22:55.133153+00:00; approved_marker_present; headshot_slot_requires_identity_and_crop_review; image_size=260x190; meets_headshot_floor; default_decision_source_manual_recheck_required; bytes=19883; image_size=260x190
player_photo,WNBA,athlete,los_angeles_sparks_sania_feagin,Sania Feagin,cutout,assets/leagues/wnba/athletes/los_angeles_sparks_sania_feagin/cutout.png,missing_local_player_asset,error,missing,missing_file,not_available,review_only_not_renderable_until_approved,keep_photo_slot_disabled_until_asset_and_marker_are_reviewed,athlete_images_registry; source_note=missing_review_required; asset_file_missing; cutout_slot_requires_manual_crop_review; path_missing
player_photo,WNBA,athlete,los_angeles_sparks_sania_feagin,Sania Feagin,cutout,assets/leagues/wnba/athletes/los_angeles_sparks_sania_feagin/cutout.png,player_photo_format_problem,warning,missing,missing_file,not_available,review_only_not_renderable_until_approved,replace_with_decodable_png_jpg_or_webp_before_renderer_use,athlete_images_registry; source_note=missing_review_required; asset_file_missing; cutout_slot_requires_manual_crop_review; path_missing
player_photo,WNBA,athlete,los_angeles_sparks_sania_feagin,Sania Feagin,headshot,assets/leagues/wnba/athletes/los_angeles_sparks_sania_feagin/headshot.png,suspicious_or_default_player_approval,warning,approved,valid_raster,meets_player_photo_floor,review_only_manual_source_recheck_required: default_decision_source_manual_recheck_required,recheck_decision_source_source_file_and_approval_timestamp,approved_assets_registry; decision_source=default; source_file=outputs/latest/review_files/athlete_image_approval_pack/downloads/los_angeles_sparks/los_angeles_sparks_sania_feagin__1642790.png; approved_at_utc=2026-06-16T04:22:55.133874+00:00; approved_marker_present; headshot_slot_requires_identity_and_crop_review; image_size=260x190; meets_headshot_floor; default_decision_source_manual_recheck_required; bytes=20050; image_size=260x190
player_photo,WNBA,athlete,los_angeles_sparks_ta_niya_latson,Ta'Niya Latson,cutout,assets/leagues/wnba/athletes/los_angeles_sparks_ta_niya_latson/cutout.png,missing_local_player_asset,error,missing,missing_file,not_available,review_only_not_renderable_until_approved,keep_photo_slot_disabled_until_asset_and_marker_are_reviewed,athlete_images_registry; source_note=missing_review_required; asset_file_missing; cutout_slot_requires_manual_crop_review; path_missing
player_photo,WNBA,athlete,los_angeles_sparks_ta_niya_latson,Ta'Niya Latson,cutout,assets/leagues/wnba/athletes/los_angeles_sparks_ta_niya_latson/cutout.png,player_photo_format_problem,warning,missing,missing_file,not_available,review_only_not_renderable_until_approved,replace_with_decodable_png_jpg_or_webp_before_renderer_use,athlete_images_registry; source_note=missing_review_required; asset_file_missing; cutout_slot_requires_manual_crop_review; path_missing
player_photo,WNBA,athlete,los_angeles_sparks_ta_niya_latson,Ta'Niya Latson,headshot,assets/leagues/wnba/athletes/los_angeles_sparks_ta_niya_latson/headshot.png,suspicious_or_default_player_approval,warning,approved,valid_raster,meets_player_photo_floor,review_only_manual_source_recheck_required: default_decision_source_manual_recheck_required,recheck_decision_source_source_file_and_approval_timestamp,approved_assets_registry; decision_source=default; source_file=outputs/latest/review_files/athlete_image_approval_pack/downloads/los_angeles_sparks/los_angeles_sparks_ta_niya_latson__1643444.png; approved_at_utc=2026-06-16T04:22:55.131221+00:00; approved_marker_present; headshot_slot_requires_identity_and_crop_review; image_size=260x190; meets_headshot_floor; default_decision_source_manual_recheck_required; bytes=17747; image_size=260x190
player_photo,WNBA,athlete,minnesota_lynx_anastasiia_olairi_kosu,Anastasiia Olairi Kosu,cutout,assets/leagues/wnba/athletes/minnesota_lynx_anastasiia_olairi_kosu/cutout.png,missing_local_player_asset,error,missing,missing_file,not_available,review_only_not_renderable_until_approved,keep_photo_slot_disabled_until_asset_and_marker_are_reviewed,athlete_images_registry; source_note=missing_review_required; asset_file_missing; cutout_slot_requires_manual_crop_review; path_missing
player_photo,WNBA,athlete,minnesota_lynx_anastasiia_olairi_kosu,Anastasiia Olairi Kosu,cutout,assets/leagues/wnba/athletes/minnesota_lynx_anastasiia_olairi_kosu/cutout.png,player_photo_format_problem,warning,missing,missing_file,not_available,review_only_not_renderable_until_approved,replace_with_decodable_png_jpg_or_webp_before_renderer_use,athlete_images_registry; source_note=missing_review_required; asset_file_missing; cutout_slot_requires_manual_crop_review; path_missing
player_photo,WNBA,athlete,minnesota_lynx_anastasiia_olairi_kosu,Anastasiia Olairi Kosu,headshot,assets/leagues/wnba/athletes/minnesota_lynx_anastasiia_olairi_kosu/headshot.png,suspicious_or_default_player_approval,warning,approved,valid_raster,meets_player_photo_floor,review_only_manual_source_recheck_required: default_decision_source_manual_recheck_required,recheck_decision_source_source_file_and_approval_timestamp,approved_assets_registry; decision_source=default; source_file=outputs/latest/review_files/athlete_image_approval_pack/downloads/minnesota_lynx/minnesota_lynx_anastasiia_olairi_kosu__1642797.png; approved_at_utc=2026-06-16T04:22:55.136919+00:00; approved_marker_present; headshot_slot_requires_identity_and_crop_review; image_size=260x190; meets_headshot_floor; default_decision_source_manual_recheck_required; bytes=17108; image_size=260x190
player_photo,WNBA,athlete,minnesota_lynx_antonia_delaere,Antonia Delaere,cutout,assets/leagues/wnba/athletes/minnesota_lynx_antonia_delaere/cutout.png,missing_local_player_asset,error,missing,missing_file,not_available,review_only_not_renderable_until_approved,keep_photo_slot_disabled_until_asset_and_marker_are_reviewed,athlete_images_registry; source_note=missing_review_required; asset_file_missing; cutout_slot_requires_manual_crop_review; path_missing
player_photo,WNBA,athlete,minnesota_lynx_antonia_delaere,Antonia Delaere,cutout,assets/leagues/wnba/athletes/minnesota_lynx_antonia_delaere/cutout.png,player_photo_format_problem,warning,missing,missing_file,not_available,review_only_not_renderable_until_approved,replace_with_decodable_png_jpg_or_webp_before_renderer_use,athlete_images_registry; source_note=missing_review_required; asset_file_missing; cutout_slot_requires_manual_crop_review; path_missing
player_photo,WNBA,athlete,minnesota_lynx_antonia_delaere,Antonia Delaere,headshot,assets/leagues/wnba/athletes/minnesota_lynx_antonia_delaere/headshot.png,suspicious_or_default_player_approval,warning,approved,valid_raster,meets_player_photo_floor,review_only_manual_source_recheck_required: default_decision_source_manual_recheck_required,recheck_decision_source_source_file_and_approval_timestamp,approved_assets_registry; decision_source=default; source_file=outputs/latest/review_files/athlete_image_approval_pack/downloads/minnesota_lynx/minnesota_lynx_antonia_delaere__1643489.png; approved_at_utc=2026-06-16T04:22:55.137237+00:00; approved_marker_present; headshot_slot_requires_identity_and_crop_review; image_size=260x190; meets_headshot_floor; default_decision_source_manual_recheck_required; bytes=18019; image_size=260x190
player_photo,WNBA,athlete,minnesota_lynx_courtney_williams,Courtney Williams,cutout,assets/leagues/wnba/athletes/minnesota_lynx_courtney_williams/cutout.png,missing_local_player_asset,error,missing,missing_file,not_available,review_only_not_renderable_until_approved,keep_photo_slot_disabled_until_asset_and_marker_are_reviewed,athlete_images_registry; source_note=missing_review_required; asset_file_missing; cutout_slot_requires_manual_crop_review; path_missing
player_photo,WNBA,athlete,minnesota_lynx_courtney_williams,Courtney Williams,cutout,assets/leagues/wnba/athletes/minnesota_lynx_courtney_williams/cutout.png,player_photo_format_problem,warning,missing,missing_file,not_available,review_only_not_renderable_until_approved,replace_with_decodable_png_jpg_or_webp_before_renderer_use,athlete_images_registry; source_note=missing_review_required; asset_file_missing; cutout_slot_requires_manual_crop_review; path_missing
player_photo,WNBA,athlete,minnesota_lynx_courtney_williams,Courtney Williams,headshot,assets/leagues/wnba/athletes/minnesota_lynx_courtney_williams/headshot.png,suspicious_or_default_player_approval,warning,approved,valid_raster,meets_player_photo_floor,review_only_manual_source_recheck_required: default_decision_source_manual_recheck_required,recheck_decision_source_source_file_and_approval_timestamp,approved_assets_registry; decision_source=default; source_file=outputs/latest/review_files/athlete_image_approval_pack/downloads/minnesota_lynx/minnesota_lynx_courtney_williams__1627675.png; approved_at_utc=2026-06-16T04:22:55.137554+00:00; approved_marker_present; headshot_slot_requires_identity_and_crop_review; image_size=260x190; meets_headshot_floor; default_decision_source_manual_recheck_required; bytes=15580; image_size=260x190
player_photo,WNBA,athlete,minnesota_lynx_dorka_juhasz,Dorka Juhasz,cutout,assets/leagues/wnba/athletes/minnesota_lynx_dorka_juhasz/cutout.png,missing_local_player_asset,error,missing,missing_file,not_available,review_only_not_renderable_until_approved,keep_photo_slot_disabled_until_asset_and_marker_are_reviewed,athlete_images_registry; source_note=missing_review_required; asset_file_missing; cutout_slot_requires_manual_crop_review; path_missing
player_photo,WNBA,athlete,minnesota_lynx_dorka_juhasz,Dorka Juhasz,cutout,assets/leagues/wnba/athletes/minnesota_lynx_dorka_juhasz/cutout.png,player_photo_format_problem,warning,missing,missing_file,not_available,review_only_not_renderable_until_approved,replace_with_decodable_png_jpg_or_webp_before_renderer_use,athlete_images_registry; source_note=missing_review_required; asset_file_missing; cutout_slot_requires_manual_crop_review; path_missing
player_photo,WNBA,athlete,minnesota_lynx_dorka_juhasz,Dorka Juhasz,headshot,assets/leagues/wnba/athletes/minnesota_lynx_dorka_juhasz/headshot.png,suspicious_or_default_player_approval,warning,approved,valid_raster,meets_player_photo_floor,review_only_manual_source_recheck_required: default_decision_source_manual_recheck_required,recheck_decision_source_source_file_and_approval_timestamp,approved_assets_registry; decision_source=default; source_file=outputs/latest/review_files/athlete_image_approval_pack/downloads/minnesota_lynx/minnesota_lynx_dorka_juhasz__1641657.png; approved_at_utc=2026-06-16T04:22:55.138700+00:00; approved_marker_present; headshot_slot_requires_identity_and_crop_review; image_size=260x190; meets_headshot_floor; default_decision_source_manual_recheck_required; bytes=21041; image_size=260x190
player_photo,WNBA,athlete,minnesota_lynx_eliska_hamzova,Eliska Hamzova,cutout,assets/leagues/wnba/athletes/minnesota_lynx_eliska_hamzova/cutout.png,missing_local_player_asset,error,missing,missing_file,not_available,review_only_not_renderable_until_approved,keep_photo_slot_disabled_until_asset_and_marker_are_reviewed,athlete_images_registry; source_note=missing_review_required; asset_file_missing; cutout_slot_requires_manual_crop_review; path_missing
player_photo,WNBA,athlete,minnesota_lynx_eliska_hamzova,Eliska Hamzova,cutout,assets/leagues/wnba/athletes/minnesota_lynx_eliska_hamzova/cutout.png,player_photo_format_problem,warning,missing,missing_file,not_available,review_only_not_renderable_until_approved,replace_with_decodable_png_jpg_or_webp_before_renderer_use,athlete_images_registry; source_note=missing_review_required; asset_file_missing; cutout_slot_requires_manual_crop_review; path_missing
player_photo,WNBA,athlete,minnesota_lynx_eliska_hamzova,Eliska Hamzova,headshot,assets/leagues/wnba/athletes/minnesota_lynx_eliska_hamzova/headshot.png,suspicious_or_default_player_approval,warning,approved,valid_raster,meets_player_photo_floor,review_only_manual_source_recheck_required: default_decision_source_manual_recheck_required,recheck_decision_source_source_file_and_approval_timestamp,approved_assets_registry; decision_source=default; source_file=outputs/latest/review_files/athlete_image_approval_pack/downloads/minnesota_lynx/minnesota_lynx_eliska_hamzova__1643490.png; approved_at_utc=2026-06-16T04:22:55.137975+00:00; approved_marker_present; headshot_slot_requires_identity_and_crop_review; image_size=260x190; meets_headshot_floor; default_decision_source_manual_recheck_required; bytes=19149; image_size=260x190
player_photo,WNBA,athlete,minnesota_lynx_emma_cechova,Emma Cechova,cutout,assets/leagues/wnba/athletes/minnesota_lynx_emma_cechova/cutout.png,missing_local_player_asset,error,missing,missing_file,not_available,review_only_not_renderable_until_approved,keep_photo_slot_disabled_until_asset_and_marker_are_reviewed,athlete_images_registry; source_note=missing_review_required; asset_file_missing; cutout_slot_requires_manual_crop_review; path_missing
player_photo,WNBA,athlete,minnesota_lynx_emma_cechova,Emma Cechova,cutout,assets/leagues/wnba/athletes/minnesota_lynx_emma_cechova/cutout.png,player_photo_format_problem,warning,missing,missing_file,not_available,review_only_not_renderable_until_approved,replace_with_decodable_png_jpg_or_webp_before_renderer_use,athlete_images_registry; source_note=missing_review_required; asset_file_missing; cutout_slot_requires_manual_crop_review; path_missing
player_photo,WNBA,athlete,minnesota_lynx_emma_cechova,Emma Cechova,headshot,assets/leagues/wnba/athletes/minnesota_lynx_emma_cechova/headshot.png,suspicious_or_default_player_approval,warning,approved,valid_raster,meets_player_photo_floor,review_only_manual_source_recheck_required: default_decision_source_manual_recheck_required,recheck_decision_source_source_file_and_approval_timestamp,approved_assets_registry; decision_source=default; source_file=outputs/latest/review_files/athlete_image_approval_pack/downloads/minnesota_lynx/minnesota_lynx_emma_cechova__1643488.png; approved_at_utc=2026-06-16T04:22:55.139711+00:00; approved_marker_present; headshot_slot_requires_identity_and_crop_review; image_size=260x190; meets_headshot_floor; default_decision_source_manual_recheck_required; bytes=19253; image_size=260x190
player_photo,WNBA,athlete,minnesota_lynx_kayla_mcbride,Kayla McBride,cutout,assets/leagues/wnba/athletes/minnesota_lynx_kayla_mcbride/cutout.png,missing_local_player_asset,error,missing,missing_file,not_available,review_only_not_renderable_until_approved,keep_photo_slot_disabled_until_asset_and_marker_are_reviewed,athlete_images_registry; source_note=missing_review_required; asset_file_missing; cutout_slot_requires_manual_crop_review; path_missing
player_photo,WNBA,athlete,minnesota_lynx_kayla_mcbride,Kayla McBride,cutout,assets/leagues/wnba/athletes/minnesota_lynx_kayla_mcbride/cutout.png,player_photo_format_problem,warning,missing,missing_file,not_available,review_only_not_renderable_until_approved,replace_with_decodable_png_jpg_or_webp_before_renderer_use,athlete_images_registry; source_note=missing_review_required; asset_file_missing; cutout_slot_requires_manual_crop_review; path_missing
player_photo,WNBA,athlete,minnesota_lynx_kayla_mcbride,Kayla McBride,headshot,assets/leagues/wnba/athletes/minnesota_lynx_kayla_mcbride/headshot.png,suspicious_or_default_player_approval,warning,approved,valid_raster,meets_player_photo_floor,review_only_manual_source_recheck_required: default_decision_source_manual_recheck_required,recheck_decision_source_source_file_and_approval_timestamp,approved_assets_registry; decision_source=default; source_file=outputs/latest/review_files/athlete_image_approval_pack/downloads/minnesota_lynx/minnesota_lynx_kayla_mcbride__203825.png; approved_at_utc=2026-06-16T04:22:55.139362+00:00; approved_marker_present; headshot_slot_requires_identity_and_crop_review; image_size=260x190; meets_headshot_floor; default_decision_source_manual_recheck_required; bytes=12698; image_size=260x190
player_photo,WNBA,athlete,minnesota_lynx_liatu_king,Liatu King,cutout,assets/leagues/wnba/athletes/minnesota_lynx_liatu_king/cutout.png,missing_local_player_asset,error,missing,missing_file,not_available,review_only_not_renderable_until_approved,keep_photo_slot_disabled_until_asset_and_marker_are_reviewed,athlete_images_registry; source_note=missing_review_required; asset_file_missing; cutout_slot_requires_manual_crop_review; path_missing
player_photo,WNBA,athlete,minnesota_lynx_liatu_king,Liatu King,cutout,assets/leagues/wnba/athletes/minnesota_lynx_liatu_king/cutout.png,player_photo_format_problem,warning,missing,missing_file,not_available,review_only_not_renderable_until_approved,replace_with_decodable_png_jpg_or_webp_before_renderer_use,athlete_images_registry; source_note=missing_review_required; asset_file_missing; cutout_slot_requires_manual_crop_review; path_missing
player_photo,WNBA,athlete,minnesota_lynx_liatu_king,Liatu King,headshot,assets/leagues/wnba/athletes/minnesota_lynx_liatu_king/headshot.png,suspicious_or_default_player_approval,warning,approved,valid_raster,meets_player_photo_floor,review_only_manual_source_recheck_required: default_decision_source_manual_recheck_required,recheck_decision_source_source_file_and_approval_timestamp,approved_assets_registry; decision_source=default; source_file=outputs/latest/review_files/athlete_image_approval_pack/downloads/minnesota_lynx/minnesota_lynx_liatu_king__1642820.png; approved_at_utc=2026-06-16T04:22:55.135911+00:00; approved_marker_present; headshot_slot_requires_identity_and_crop_review; image_size=260x190; meets_headshot_floor; default_decision_source_manual_recheck_required; bytes=18713; image_size=260x190
player_photo,WNBA,athlete,minnesota_lynx_maya_caldwell,Maya Caldwell,cutout,assets/leagues/wnba/athletes/minnesota_lynx_maya_caldwell/cutout.png,missing_local_player_asset,error,missing,missing_file,not_available,review_only_not_renderable_until_approved,keep_photo_slot_disabled_until_asset_and_marker_are_reviewed,athlete_images_registry; source_note=missing_review_required; asset_file_missing; cutout_slot_requires_manual_crop_review; path_missing
player_photo,WNBA,athlete,minnesota_lynx_maya_caldwell,Maya Caldwell,cutout,assets/leagues/wnba/athletes/minnesota_lynx_maya_caldwell/cutout.png,player_photo_format_problem,warning,missing,missing_file,not_available,review_only_not_renderable_until_approved,replace_with_decodable_png_jpg_or_webp_before_renderer_use,athlete_images_registry; source_note=missing_review_required; asset_file_missing; cutout_slot_requires_manual_crop_review; path_missing
player_photo,WNBA,athlete,minnesota_lynx_maya_caldwell,Maya Caldwell,headshot,assets/leagues/wnba/athletes/minnesota_lynx_maya_caldwell/headshot.png,suspicious_or_default_player_approval,warning,approved,valid_raster,meets_player_photo_floor,review_only_manual_source_recheck_required: default_decision_source_manual_recheck_required,recheck_decision_source_source_file_and_approval_timestamp,approved_assets_registry; decision_source=default; source_file=outputs/latest/review_files/athlete_image_approval_pack/downloads/minnesota_lynx/minnesota_lynx_maya_caldwell__1630471.png; approved_at_utc=2026-06-16T04:22:55.136240+00:00; approved_marker_present; headshot_slot_requires_identity_and_crop_review; image_size=260x190; meets_headshot_floor; default_decision_source_manual_recheck_required; bytes=21565; image_size=260x190
player_photo,WNBA,athlete,minnesota_lynx_napheesa_collier,Napheesa Collier,cutout,assets/leagues/wnba/athletes/minnesota_lynx_napheesa_collier/cutout.png,missing_local_player_asset,error,missing,missing_file,not_available,review_only_not_renderable_until_approved,keep_photo_slot_disabled_until_asset_and_marker_are_reviewed,athlete_images_registry; source_note=missing_review_required; asset_file_missing; cutout_slot_requires_manual_crop_review; path_missing
player_photo,WNBA,athlete,minnesota_lynx_napheesa_collier,Napheesa Collier,cutout,assets/leagues/wnba/athletes/minnesota_lynx_napheesa_collier/cutout.png,player_photo_format_problem,warning,missing,missing_file,not_available,review_only_not_renderable_until_approved,replace_with_decodable_png_jpg_or_webp_before_renderer_use,athlete_images_registry; source_note=missing_review_required; asset_file_missing; cutout_slot_requires_manual_crop_review; path_missing
player_photo,WNBA,athlete,minnesota_lynx_napheesa_collier,Napheesa Collier,headshot,assets/leagues/wnba/athletes/minnesota_lynx_napheesa_collier/headshot.png,suspicious_or_default_player_approval,warning,approved,valid_raster,meets_player_photo_floor,review_only_manual_source_recheck_required: default_decision_source_manual_recheck_required,recheck_decision_source_source_file_and_approval_timestamp,approved_assets_registry; decision_source=default; source_file=outputs/latest/review_files/athlete_image_approval_pack/downloads/minnesota_lynx/minnesota_lynx_napheesa_collier__1629483.png; approved_at_utc=2026-06-16T04:22:55.140033+00:00; approved_marker_present; headshot_slot_requires_identity_and_crop_review; image_size=260x190; meets_headshot_floor; default_decision_source_manual_recheck_required; bytes=19570; image_size=260x190
player_photo,WNBA,athlete,minnesota_lynx_natasha_howard,Natasha Howard,cutout,assets/leagues/wnba/athletes/minnesota_lynx_natasha_howard/cutout.png,missing_local_player_asset,error,missing,missing_file,not_available,review_only_not_renderable_until_approved,keep_photo_slot_disabled_until_asset_and_marker_are_reviewed,athlete_images_registry; source_note=missing_review_required; asset_file_missing; cutout_slot_requires_manual_crop_review; path_missing
player_photo,WNBA,athlete,minnesota_lynx_natasha_howard,Natasha Howard,cutout,assets/leagues/wnba/athletes/minnesota_lynx_natasha_howard/cutout.png,player_photo_format_problem,warning,missing,missing_file,not_available,review_only_not_renderable_until_approved,replace_with_decodable_png_jpg_or_webp_before_renderer_use,athlete_images_registry; source_note=missing_review_required; asset_file_missing; cutout_slot_requires_manual_crop_review; path_missing
player_photo,WNBA,athlete,minnesota_lynx_natasha_howard,Natasha Howard,headshot,assets/leagues/wnba/athletes/minnesota_lynx_natasha_howard/headshot.png,suspicious_or_default_player_approval,warning,approved,valid_raster,meets_player_photo_floor,review_only_manual_source_recheck_required: default_decision_source_manual_recheck_required,recheck_decision_source_source_file_and_approval_timestamp,approved_assets_registry; decision_source=default; source_file=outputs/latest/review_files/athlete_image_approval_pack/downloads/minnesota_lynx/minnesota_lynx_natasha_howard__203827.png; approved_at_utc=2026-06-16T04:22:55.135574+00:00; approved_marker_present; headshot_slot_requires_identity_and_crop_review; image_size=260x190; meets_headshot_floor; default_decision_source_manual_recheck_required; bytes=16498; image_size=260x190
player_photo,WNBA,athlete,minnesota_lynx_nia_coffey,Nia Coffey,cutout,assets/leagues/wnba/athletes/minnesota_lynx_nia_coffey/cutout.png,missing_local_player_asset,error,missing,missing_file,not_available,review_only_not_renderable_until_approved,keep_photo_slot_disabled_until_asset_and_marker_are_reviewed,athlete_images_registry; source_note=missing_review_required; asset_file_missing; cutout_slot_requires_manual_crop_review; path_missing
player_photo,WNBA,athlete,minnesota_lynx_nia_coffey,Nia Coffey,cutout,assets/leagues/wnba/athletes/minnesota_lynx_nia_coffey/cutout.png,player_photo_format_problem,warning,missing,missing_file,not_available,review_only_not_renderable_until_approved,replace_with_decodable_png_jpg_or_webp_before_renderer_use,athlete_images_registry; source_note=missing_review_required; asset_file_missing; cutout_slot_requires_manual_crop_review; path_missing
player_photo,WNBA,athlete,minnesota_lynx_nia_coffey,Nia Coffey,headshot,assets/leagues/wnba/athletes/minnesota_lynx_nia_coffey/headshot.png,suspicious_or_default_player_approval,warning,approved,valid_raster,meets_player_photo_floor,review_only_manual_source_recheck_required: default_decision_source_manual_recheck_required,recheck_decision_source_source_file_and_approval_timestamp,approved_assets_registry; decision_source=default; source_file=outputs/latest/review_files/athlete_image_approval_pack/downloads/minnesota_lynx/minnesota_lynx_nia_coffey__1628269.png; approved_at_utc=2026-06-16T04:22:55.138284+00:00; approved_marker_present; headshot_slot_requires_identity_and_crop_review; image_size=260x190; meets_headshot_floor; default_decision_source_manual_recheck_required; bytes=17350; image_size=260x190
player_photo,WNBA,athlete,minnesota_lynx_olivia_miles,Olivia Miles,cutout,assets/leagues/wnba/athletes/minnesota_lynx_olivia_miles/cutout.png,missing_local_player_asset,error,missing,missing_file,not_available,review_only_not_renderable_until_approved,keep_photo_slot_disabled_until_asset_and_marker_are_reviewed,athlete_images_registry; source_note=missing_review_required; asset_file_missing; cutout_slot_requires_manual_crop_review; path_missing
player_photo,WNBA,athlete,minnesota_lynx_olivia_miles,Olivia Miles,cutout,assets/leagues/wnba/athletes/minnesota_lynx_olivia_miles/cutout.png,player_photo_format_problem,warning,missing,missing_file,not_available,review_only_not_renderable_until_approved,replace_with_decodable_png_jpg_or_webp_before_renderer_use,athlete_images_registry; source_note=missing_review_required; asset_file_missing; cutout_slot_requires_manual_crop_review; path_missing
player_photo,WNBA,athlete,minnesota_lynx_olivia_miles,Olivia Miles,headshot,assets/leagues/wnba/athletes/minnesota_lynx_olivia_miles/headshot.png,suspicious_or_default_player_approval,warning,approved,valid_raster,meets_player_photo_floor,review_only_manual_source_recheck_required: default_decision_source_manual_recheck_required,recheck_decision_source_source_file_and_approval_timestamp,approved_assets_registry; decision_source=default; source_file=outputs/latest/review_files/athlete_image_approval_pack/downloads/minnesota_lynx/minnesota_lynx_olivia_miles__1643426.png; approved_at_utc=2026-06-16T04:22:55.136568+00:00; approved_marker_present; headshot_slot_requires_identity_and_crop_review; image_size=260x190; meets_headshot_floor; default_decision_source_manual_recheck_required; bytes=13751; image_size=260x190
player_photo,WNBA,athlete,minnesota_lynx_teaira_mccowan,Teaira McCowan,cutout,assets/leagues/wnba/athletes/minnesota_lynx_teaira_mccowan/cutout.png,missing_local_player_asset,error,missing,missing_file,not_available,review_only_not_renderable_until_approved,keep_photo_slot_disabled_until_asset_and_marker_are_reviewed,athlete_images_registry; source_note=missing_review_required; asset_file_missing; cutout_slot_requires_manual_crop_review; path_missing
player_photo,WNBA,athlete,minnesota_lynx_teaira_mccowan,Teaira McCowan,cutout,assets/leagues/wnba/athletes/minnesota_lynx_teaira_mccowan/cutout.png,player_photo_format_problem,warning,missing,missing_file,not_available,review_only_not_renderable_until_approved,replace_with_decodable_png_jpg_or_webp_before_renderer_use,athlete_images_registry; source_note=missing_review_required; asset_file_missing; cutout_slot_requires_manual_crop_review; path_missing
player_photo,WNBA,athlete,minnesota_lynx_teaira_mccowan,Teaira McCowan,headshot,assets/leagues/wnba/athletes/minnesota_lynx_teaira_mccowan/headshot.png,suspicious_or_default_player_approval,warning,approved,valid_raster,meets_player_photo_floor,review_only_manual_source_recheck_required: default_decision_source_manual_recheck_required,recheck_decision_source_source_file_and_approval_timestamp,approved_assets_registry; decision_source=default; source_file=outputs/latest/review_files/athlete_image_approval_pack/downloads/minnesota_lynx/minnesota_lynx_teaira_mccowan__1629479.png; approved_at_utc=2026-06-16T04:22:55.139033+00:00; approved_marker_present; headshot_slot_requires_identity_and_crop_review; image_size=260x190; meets_headshot_floor; default_decision_source_manual_recheck_required; bytes=18616; image_size=260x190
player_photo,WNBA,athlete,new_york_liberty_anneli_maley,Anneli Maley,cutout,assets/leagues/wnba/athletes/new_york_liberty_anneli_maley/cutout.png,missing_local_player_asset,error,missing,missing_file,not_available,review_only_not_renderable_until_approved,keep_photo_slot_disabled_until_asset_and_marker_are_reviewed,athlete_images_registry; source_note=missing_review_required; asset_file_missing; cutout_slot_requires_manual_crop_review; path_missing
player_photo,WNBA,athlete,new_york_liberty_anneli_maley,Anneli Maley,cutout,assets/leagues/wnba/athletes/new_york_liberty_anneli_maley/cutout.png,player_photo_format_problem,warning,missing,missing_file,not_available,review_only_not_renderable_until_approved,replace_with_decodable_png_jpg_or_webp_before_renderer_use,athlete_images_registry; source_note=missing_review_required; asset_file_missing; cutout_slot_requires_manual_crop_review; path_missing
player_photo,WNBA,athlete,new_york_liberty_anneli_maley,Anneli Maley,headshot,assets/leagues/wnba/athletes/new_york_liberty_anneli_maley/headshot.png,suspicious_or_default_player_approval,warning,approved,valid_raster,meets_player_photo_floor,review_only_manual_source_recheck_required: default_decision_source_manual_recheck_required,recheck_decision_source_source_file_and_approval_timestamp,approved_assets_registry; decision_source=default; source_file=outputs/latest/review_files/athlete_image_approval_pack/downloads/new_york_liberty/new_york_liberty_anneli_maley__1629546.png; approved_at_utc=2026-06-16T04:22:55.112517+00:00; approved_marker_present; headshot_slot_requires_identity_and_crop_review; image_size=260x190; meets_headshot_floor; default_decision_source_manual_recheck_required; bytes=21019; image_size=260x190
player_photo,WNBA,athlete,new_york_liberty_betnijah_laney_hamilton,Betnijah Laney-Hamilton,cutout,assets/leagues/wnba/athletes/new_york_liberty_betnijah_laney_hamilton/cutout.png,missing_local_player_asset,error,missing,missing_file,not_available,review_only_not_renderable_until_approved,keep_photo_slot_disabled_until_asset_and_marker_are_reviewed,athlete_images_registry; source_note=missing_review_required; asset_file_missing; cutout_slot_requires_manual_crop_review; path_missing
player_photo,WNBA,athlete,new_york_liberty_betnijah_laney_hamilton,Betnijah Laney-Hamilton,cutout,assets/leagues/wnba/athletes/new_york_liberty_betnijah_laney_hamilton/cutout.png,player_photo_format_problem,warning,missing,missing_file,not_available,review_only_not_renderable_until_approved,replace_with_decodable_png_jpg_or_webp_before_renderer_use,athlete_images_registry; source_note=missing_review_required; asset_file_missing; cutout_slot_requires_manual_crop_review; path_missing
player_photo,WNBA,athlete,new_york_liberty_betnijah_laney_hamilton,Betnijah Laney-Hamilton,headshot,assets/leagues/wnba/athletes/new_york_liberty_betnijah_laney_hamilton/headshot.png,suspicious_or_default_player_approval,warning,approved,valid_raster,meets_player_photo_floor,review_only_manual_source_recheck_required: default_decision_source_manual_recheck_required,recheck_decision_source_source_file_and_approval_timestamp,approved_assets_registry; decision_source=default; source_file=outputs/latest/review_files/athlete_image_approval_pack/downloads/new_york_liberty/new_york_liberty_betnijah_laney_hamilton__1627673.png; approved_at_utc=2026-06-16T04:22:55.113352+00:00; approved_marker_present; headshot_slot_requires_identity_and_crop_review; image_size=260x190; meets_headshot_floor; default_decision_source_manual_recheck_required; bytes=22019; image_size=260x190
player_photo,WNBA,athlete,new_york_liberty_breanna_stewart,Breanna Stewart,cutout,assets/leagues/wnba/athletes/new_york_liberty_breanna_stewart/cutout.png,missing_local_player_asset,error,missing,missing_file,not_available,review_only_not_renderable_until_approved,keep_photo_slot_disabled_until_asset_and_marker_are_reviewed,athlete_images_registry; source_note=missing_review_required; asset_file_missing; cutout_slot_requires_manual_crop_review; path_missing
player_photo,WNBA,athlete,new_york_liberty_breanna_stewart,Breanna Stewart,cutout,assets/leagues/wnba/athletes/new_york_liberty_breanna_stewart/cutout.png,player_photo_format_problem,warning,missing,missing_file,not_available,review_only_not_renderable_until_approved,replace_with_decodable_png_jpg_or_webp_before_renderer_use,athlete_images_registry; source_note=missing_review_required; asset_file_missing; cutout_slot_requires_manual_crop_review; path_missing
player_photo,WNBA,athlete,new_york_liberty_breanna_stewart,Breanna Stewart,headshot,assets/leagues/wnba/athletes/new_york_liberty_breanna_stewart/headshot.png,suspicious_or_default_player_approval,warning,approved,valid_raster,meets_player_photo_floor,review_only_manual_source_recheck_required: default_decision_source_manual_recheck_required,recheck_decision_source_source_file_and_approval_timestamp,approved_assets_registry; decision_source=default; source_file=outputs/latest/review_files/athlete_image_approval_pack/downloads/new_york_liberty/new_york_liberty_breanna_stewart__1630993.png; approved_at_utc=2026-06-16T04:22:55.112809+00:00; approved_marker_present; headshot_slot_requires_identity_and_crop_review; image_size=260x190; meets_headshot_floor; default_decision_source_manual_recheck_required; bytes=15824; image_size=260x190
player_photo,WNBA,athlete,new_york_liberty_han_xu,Han Xu,cutout,assets/leagues/wnba/athletes/new_york_liberty_han_xu/cutout.png,missing_local_player_asset,error,missing,missing_file,not_available,review_only_not_renderable_until_approved,keep_photo_slot_disabled_until_asset_and_marker_are_reviewed,athlete_images_registry; source_note=missing_review_required; asset_file_missing; cutout_slot_requires_manual_crop_review; path_missing
player_photo,WNBA,athlete,new_york_liberty_han_xu,Han Xu,cutout,assets/leagues/wnba/athletes/new_york_liberty_han_xu/cutout.png,player_photo_format_problem,warning,missing,missing_file,not_available,review_only_not_renderable_until_approved,replace_with_decodable_png_jpg_or_webp_before_renderer_use,athlete_images_registry; source_note=missing_review_required; asset_file_missing; cutout_slot_requires_manual_crop_review; path_missing
player_photo,WNBA,athlete,new_york_liberty_han_xu,Han Xu,headshot,assets/leagues/wnba/athletes/new_york_liberty_han_xu/headshot.png,suspicious_or_default_player_approval,warning,approved,valid_raster,meets_player_photo_floor,review_only_manual_source_recheck_required: default_decision_source_manual_recheck_required,recheck_decision_source_source_file_and_approval_timestamp,approved_assets_registry; decision_source=default; source_file=outputs/latest/review_files/athlete_image_approval_pack/downloads/new_york_liberty/new_york_liberty_han_xu__1629477.png; approved_at_utc=2026-06-16T04:22:55.111949+00:00; approved_marker_present; headshot_slot_requires_identity_and_crop_review; image_size=260x190; meets_headshot_floor; default_decision_source_manual_recheck_required; bytes=19640; image_size=260x190
player_photo,WNBA,athlete,new_york_liberty_jonquel_jones,Jonquel Jones,cutout,assets/leagues/wnba/athletes/new_york_liberty_jonquel_jones/cutout.png,missing_local_player_asset,error,missing,missing_file,not_available,review_only_not_renderable_until_approved,keep_photo_slot_disabled_until_asset_and_marker_are_reviewed,athlete_images_registry; source_note=missing_review_required; asset_file_missing; cutout_slot_requires_manual_crop_review; path_missing
player_photo,WNBA,athlete,new_york_liberty_jonquel_jones,Jonquel Jones,cutout,assets/leagues/wnba/athletes/new_york_liberty_jonquel_jones/cutout.png,player_photo_format_problem,warning,missing,missing_file,not_available,review_only_not_renderable_until_approved,replace_with_decodable_png_jpg_or_webp_before_renderer_use,athlete_images_registry; source_note=missing_review_required; asset_file_missing; cutout_slot_requires_manual_crop_review; path_missing
player_photo,WNBA,athlete,new_york_liberty_jonquel_jones,Jonquel Jones,headshot,assets/leagues/wnba/athletes/new_york_liberty_jonquel_jones/headshot.png,suspicious_or_default_player_approval,warning,approved,valid_raster,meets_player_photo_floor,review_only_manual_source_recheck_required: default_decision_source_manual_recheck_required,recheck_decision_source_source_file_and_approval_timestamp,approved_assets_registry; decision_source=default; source_file=outputs/latest/review_files/athlete_image_approval_pack/downloads/new_york_liberty/new_york_liberty_jonquel_jones__1627668.png; approved_at_utc=2026-06-16T04:22:55.113081+00:00; approved_marker_present; headshot_slot_requires_identity_and_crop_review; image_size=260x190; meets_headshot_floor; default_decision_source_manual_recheck_required; bytes=17823; image_size=260x190
player_photo,WNBA,athlete,new_york_liberty_leonie_fiebich,Leonie Fiebich,cutout,assets/leagues/wnba/athletes/new_york_liberty_leonie_fiebich/cutout.png,missing_local_player_asset,error,missing,missing_file,not_available,review_only_not_renderable_until_approved,keep_photo_slot_disabled_until_asset_and_marker_are_reviewed,athlete_images_registry; source_note=missing_review_required; asset_file_missing; cutout_slot_requires_manual_crop_review; path_missing
player_photo,WNBA,athlete,new_york_liberty_leonie_fiebich,Leonie Fiebich,cutout,assets/leagues/wnba/athletes/new_york_liberty_leonie_fiebich/cutout.png,player_photo_format_problem,warning,missing,missing_file,not_available,review_only_not_renderable_until_approved,replace_with_decodable_png_jpg_or_webp_before_renderer_use,athlete_images_registry; source_note=missing_review_required; asset_file_missing; cutout_slot_requires_manual_crop_review; path_missing
player_photo,WNBA,athlete,new_york_liberty_leonie_fiebich,Leonie Fiebich,headshot,assets/leagues/wnba/athletes/new_york_liberty_leonie_fiebich/headshot.png,suspicious_or_default_player_approval,warning,approved,valid_raster,meets_player_photo_floor,review_only_manual_source_recheck_required: default_decision_source_manual_recheck_required,recheck_decision_source_source_file_and_approval_timestamp,approved_assets_registry; decision_source=default; source_file=outputs/latest/review_files/athlete_image_approval_pack/downloads/new_york_liberty/new_york_liberty_leonie_fiebich__204296.png; approved_at_utc=2026-06-16T04:22:55.110149+00:00; approved_marker_present; headshot_slot_requires_identity_and_crop_review; image_size=260x190; meets_headshot_floor; default_decision_source_manual_recheck_required; bytes=19878; image_size=260x190
player_photo,WNBA,athlete,new_york_liberty_marine_fauthoux,Marine Fauthoux,cutout,assets/leagues/wnba/athletes/new_york_liberty_marine_fauthoux/cutout.png,missing_local_player_asset,error,missing,missing_file,not_available,review_only_not_renderable_until_approved,keep_photo_slot_disabled_until_asset_and_marker_are_reviewed,athlete_images_registry; source_note=missing_review_required; asset_file_missing; cutout_slot_requires_manual_crop_review; path_missing
player_photo,WNBA,athlete,new_york_liberty_marine_fauthoux,Marine Fauthoux,cutout,assets/leagues/wnba/athletes/new_york_liberty_marine_fauthoux/cutout.png,player_photo_format_problem,warning,missing,missing_file,not_available,review_only_not_renderable_until_approved,replace_with_decodable_png_jpg_or_webp_before_renderer_use,athlete_images_registry; source_note=missing_review_required; asset_file_missing; cutout_slot_requires_manual_crop_review; path_missing
player_photo,WNBA,athlete,new_york_liberty_marine_fauthoux,Marine Fauthoux,headshot,assets/leagues/wnba/athletes/new_york_liberty_marine_fauthoux/headshot.png,suspicious_or_default_player_approval,warning,approved,valid_raster,meets_player_photo_floor,review_only_manual_source_recheck_required: default_decision_source_manual_recheck_required,recheck_decision_source_source_file_and_approval_timestamp,approved_assets_registry; decision_source=default; source_file=outputs/latest/review_files/athlete_image_approval_pack/downloads/new_york_liberty/new_york_liberty_marine_fauthoux__1630469.png; approved_at_utc=2026-06-16T04:22:55.109552+00:00; approved_marker_present; headshot_slot_requires_identity_and_crop_review; image_size=260x190; meets_headshot_floor; default_decision_source_manual_recheck_required; bytes=20936; image_size=260x190
player_photo,WNBA,athlete,new_york_liberty_marine_johannes,Marine Johannes,cutout,assets/leagues/wnba/athletes/new_york_liberty_marine_johannes/cutout.png,missing_local_player_asset,error,missing,missing_file,not_available,review_only_not_renderable_until_approved,keep_photo_slot_disabled_until_asset_and_marker_are_reviewed,athlete_images_registry; source_note=missing_review_required; asset_file_missing; cutout_slot_requires_manual_crop_review; path_missing
player_photo,WNBA,athlete,new_york_liberty_marine_johannes,Marine Johannes,cutout,assets/leagues/wnba/athletes/new_york_liberty_marine_johannes/cutout.png,player_photo_format_problem,warning,missing,missing_file,not_available,review_only_not_renderable_until_approved,replace_with_decodable_png_jpg_or_webp_before_renderer_use,athlete_images_registry; source_note=missing_review_required; asset_file_missing; cutout_slot_requires_manual_crop_review; path_missing
player_photo,WNBA,athlete,new_york_liberty_marine_johannes,Marine Johannes,headshot,assets/leagues/wnba/athletes/new_york_liberty_marine_johannes/headshot.png,suspicious_or_default_player_approval,warning,approved,valid_raster,meets_player_photo_floor,review_only_manual_source_recheck_required: default_decision_source_manual_recheck_required,recheck_decision_source_source_file_and_approval_timestamp,approved_assets_registry; decision_source=default; source_file=outputs/latest/review_files/athlete_image_approval_pack/downloads/new_york_liberty/new_york_liberty_marine_johannes__1629566.png; approved_at_utc=2026-06-16T04:22:55.112230+00:00; approved_marker_present; headshot_slot_requires_identity_and_crop_review; image_size=260x190; meets_headshot_floor; default_decision_source_manual_recheck_required; bytes=16634; image_size=260x190
player_photo,WNBA,athlete,new_york_liberty_pauline_astier,Pauline Astier,cutout,assets/leagues/wnba/athletes/new_york_liberty_pauline_astier/cutout.png,missing_local_player_asset,error,missing,missing_file,not_available,review_only_not_renderable_until_approved,keep_photo_slot_disabled_until_asset_and_marker_are_reviewed,athlete_images_registry; source_note=missing_review_required; asset_file_missing; cutout_slot_requires_manual_crop_review; path_missing
player_photo,WNBA,athlete,new_york_liberty_pauline_astier,Pauline Astier,cutout,assets/leagues/wnba/athletes/new_york_liberty_pauline_astier/cutout.png,player_photo_format_problem,warning,missing,missing_file,not_available,review_only_not_renderable_until_approved,replace_with_decodable_png_jpg_or_webp_before_renderer_use,athlete_images_registry; source_note=missing_review_required; asset_file_missing; cutout_slot_requires_manual_crop_review; path_missing
player_photo,WNBA,athlete,new_york_liberty_pauline_astier,Pauline Astier,headshot,assets/leagues/wnba/athletes/new_york_liberty_pauline_astier/headshot.png,suspicious_or_default_player_approval,warning,approved,valid_raster,meets_player_photo_floor,review_only_manual_source_recheck_required: default_decision_source_manual_recheck_required,recheck_decision_source_source_file_and_approval_timestamp,approved_assets_registry; decision_source=default; source_file=outputs/latest/review_files/athlete_image_approval_pack/downloads/new_york_liberty/new_york_liberty_pauline_astier__1630384.png; approved_at_utc=2026-06-16T04:22:55.111373+00:00; approved_marker_present; headshot_slot_requires_identity_and_crop_review; image_size=260x190; meets_headshot_floor; default_decision_source_manual_recheck_required; bytes=15110; image_size=260x190
player_photo,WNBA,athlete,new_york_liberty_raquel_carrera,Raquel Carrera,cutout,assets/leagues/wnba/athletes/new_york_liberty_raquel_carrera/cutout.png,missing_local_player_asset,error,missing,missing_file,not_available,review_only_not_renderable_until_approved,keep_photo_slot_disabled_until_asset_and_marker_are_reviewed,athlete_images_registry; source_note=missing_review_required; asset_file_missing; cutout_slot_requires_manual_crop_review; path_missing
player_photo,WNBA,athlete,new_york_liberty_raquel_carrera,Raquel Carrera,cutout,assets/leagues/wnba/athletes/new_york_liberty_raquel_carrera/cutout.png,player_photo_format_problem,warning,missing,missing_file,not_available,review_only_not_renderable_until_approved,replace_with_decodable_png_jpg_or_webp_before_renderer_use,athlete_images_registry; source_note=missing_review_required; asset_file_missing; cutout_slot_requires_manual_crop_review; path_missing
player_photo,WNBA,athlete,new_york_liberty_raquel_carrera,Raquel Carrera,headshot,assets/leagues/wnba/athletes/new_york_liberty_raquel_carrera/headshot.png,suspicious_or_default_player_approval,warning,approved,valid_raster,meets_player_photo_floor,review_only_manual_source_recheck_required: default_decision_source_manual_recheck_required,recheck_decision_source_source_file_and_approval_timestamp,approved_assets_registry; decision_source=default; source_file=outputs/latest/review_files/athlete_image_approval_pack/downloads/new_york_liberty/new_york_liberty_raquel_carrera__1630142.png; approved_at_utc=2026-06-16T04:22:55.111080+00:00; approved_marker_present; headshot_slot_requires_identity_and_crop_review; image_size=260x190; meets_headshot_floor; default_decision_source_manual_recheck_required; bytes=16123; image_size=260x190
player_photo,WNBA,athlete,new_york_liberty_rebekah_gardner,Rebekah Gardner,cutout,assets/leagues/wnba/athletes/new_york_liberty_rebekah_gardner/cutout.png,missing_local_player_asset,error,missing,missing_file,not_available,review_only_not_renderable_until_approved,keep_photo_slot_disabled_until_asset_and_marker_are_reviewed,athlete_images_registry; source_note=missing_review_required; asset_file_missing; cutout_slot_requires_manual_crop_review; path_missing
player_photo,WNBA,athlete,new_york_liberty_rebekah_gardner,Rebekah Gardner,cutout,assets/leagues/wnba/athletes/new_york_liberty_rebekah_gardner/cutout.png,player_photo_format_problem,warning,missing,missing_file,not_available,review_only_not_renderable_until_approved,replace_with_decodable_png_jpg_or_webp_before_renderer_use,athlete_images_registry; source_note=missing_review_required; asset_file_missing; cutout_slot_requires_manual_crop_review; path_missing
player_photo,WNBA,athlete,new_york_liberty_rebekah_gardner,Rebekah Gardner,headshot,assets/leagues/wnba/athletes/new_york_liberty_rebekah_gardner/headshot.png,suspicious_or_default_player_approval,warning,approved,valid_raster,meets_player_photo_floor,review_only_manual_source_recheck_required: default_decision_source_manual_recheck_required,recheck_decision_source_source_file_and_approval_timestamp,approved_assets_registry; decision_source=default; source_file=outputs/latest/review_files/athlete_image_approval_pack/downloads/new_york_liberty/new_york_liberty_rebekah_gardner__203822.png; approved_at_utc=2026-06-16T04:22:55.109865+00:00; approved_marker_present; headshot_slot_requires_identity_and_crop_review; image_size=260x190; meets_headshot_floor; default_decision_source_manual_recheck_required; bytes=22154; image_size=260x190
player_photo,WNBA,athlete,new_york_liberty_sabrina_ionescu,Sabrina Ionescu,cutout,assets/leagues/wnba/athletes/new_york_liberty_sabrina_ionescu/cutout.png,missing_local_player_asset,error,missing,missing_file,not_available,review_only_not_renderable_until_approved,keep_photo_slot_disabled_until_asset_and_marker_are_reviewed,athlete_images_registry; source_note=missing_review_required; asset_file_missing; cutout_slot_requires_manual_crop_review; path_missing
player_photo,WNBA,athlete,new_york_liberty_sabrina_ionescu,Sabrina Ionescu,cutout,assets/leagues/wnba/athletes/new_york_liberty_sabrina_ionescu/cutout.png,player_photo_format_problem,warning,missing,missing_file,not_available,review_only_not_renderable_until_approved,replace_with_decodable_png_jpg_or_webp_before_renderer_use,athlete_images_registry; source_note=missing_review_required; asset_file_missing; cutout_slot_requires_manual_crop_review; path_missing
player_photo,WNBA,athlete,new_york_liberty_sabrina_ionescu,Sabrina Ionescu,headshot,assets/leagues/wnba/athletes/new_york_liberty_sabrina_ionescu/headshot.png,suspicious_or_default_player_approval,warning,approved,valid_raster,meets_player_photo_floor,review_only_manual_source_recheck_required: default_decision_source_manual_recheck_required,recheck_decision_source_source_file_and_approval_timestamp,approved_assets_registry; decision_source=default; source_file=outputs/latest/review_files/athlete_image_approval_pack/downloads/new_york_liberty/new_york_liberty_sabrina_ionescu__1631136.png; approved_at_utc=2026-06-16T04:22:55.111666+00:00; approved_marker_present; headshot_slot_requires_identity_and_crop_review; image_size=260x190; meets_headshot_floor; default_decision_source_manual_recheck_required; bytes=19024; image_size=260x190
player_photo,WNBA,athlete,new_york_liberty_satou_sabally,Satou Sabally,cutout,assets/leagues/wnba/athletes/new_york_liberty_satou_sabally/cutout.png,missing_local_player_asset,error,missing,missing_file,not_available,review_only_not_renderable_until_approved,keep_photo_slot_disabled_until_asset_and_marker_are_reviewed,athlete_images_registry; source_note=missing_review_required; asset_file_missing; cutout_slot_requires_manual_crop_review; path_missing
player_photo,WNBA,athlete,new_york_liberty_satou_sabally,Satou Sabally,cutout,assets/leagues/wnba/athletes/new_york_liberty_satou_sabally/cutout.png,player_photo_format_problem,warning,missing,missing_file,not_available,review_only_not_renderable_until_approved,replace_with_decodable_png_jpg_or_webp_before_renderer_use,athlete_images_registry; source_note=missing_review_required; asset_file_missing; cutout_slot_requires_manual_crop_review; path_missing
player_photo,WNBA,athlete,new_york_liberty_satou_sabally,Satou Sabally,headshot,assets/leagues/wnba/athletes/new_york_liberty_satou_sabally/headshot.png,suspicious_or_default_player_approval,warning,approved,valid_raster,meets_player_photo_floor,review_only_manual_source_recheck_required: default_decision_source_manual_recheck_required,recheck_decision_source_source_file_and_approval_timestamp,approved_assets_registry; decision_source=default; source_file=outputs/latest/review_files/athlete_image_approval_pack/downloads/new_york_liberty/new_york_liberty_satou_sabally__1630149.png; approved_at_utc=2026-06-16T04:22:55.109274+00:00; approved_marker_present; headshot_slot_requires_identity_and_crop_review; image_size=260x190; meets_headshot_floor; default_decision_source_manual_recheck_required; bytes=15425; image_size=260x190
player_photo,WNBA,athlete,phoenix_mercury_alyssa_thomas,Alyssa Thomas,cutout,assets/leagues/wnba/athletes/phoenix_mercury_alyssa_thomas/cutout.png,missing_local_player_asset,error,missing,missing_file,not_available,review_only_not_renderable_until_approved,keep_photo_slot_disabled_until_asset_and_marker_are_reviewed,athlete_images_registry; source_note=missing_review_required; asset_file_missing; cutout_slot_requires_manual_crop_review; path_missing
player_photo,WNBA,athlete,phoenix_mercury_alyssa_thomas,Alyssa Thomas,cutout,assets/leagues/wnba/athletes/phoenix_mercury_alyssa_thomas/cutout.png,player_photo_format_problem,warning,missing,missing_file,not_available,review_only_not_renderable_until_approved,replace_with_decodable_png_jpg_or_webp_before_renderer_use,athlete_images_registry; source_note=missing_review_required; asset_file_missing; cutout_slot_requires_manual_crop_review; path_missing
player_photo,WNBA,athlete,phoenix_mercury_alyssa_thomas,Alyssa Thomas,headshot,assets/leagues/wnba/athletes/phoenix_mercury_alyssa_thomas/headshot.png,suspicious_or_default_player_approval,warning,approved,valid_raster,meets_player_photo_floor,review_only_manual_source_recheck_required: default_decision_source_manual_recheck_required,recheck_decision_source_source_file_and_approval_timestamp,approved_assets_registry; decision_source=default; source_file=outputs/latest/review_files/athlete_image_approval_pack/downloads/phoenix_mercury/phoenix_mercury_alyssa_thomas__1630461.png; approved_at_utc=2026-06-16T04:22:55.142991+00:00; approved_marker_present; headshot_slot_requires_identity_and_crop_review; image_size=260x190; meets_headshot_floor; default_decision_source_manual_recheck_required; bytes=21470; image_size=260x190
player_photo,WNBA,athlete,phoenix_mercury_jovana_nogic,Jovana Nogic,cutout,assets/leagues/wnba/athletes/phoenix_mercury_jovana_nogic/cutout.png,missing_local_player_asset,error,missing,missing_file,not_available,review_only_not_renderable_until_approved,keep_photo_slot_disabled_until_asset_and_marker_are_reviewed,athlete_images_registry; source_note=missing_review_required; asset_file_missing; cutout_slot_requires_manual_crop_review; path_missing
player_photo,WNBA,athlete,phoenix_mercury_jovana_nogic,Jovana Nogic,cutout,assets/leagues/wnba/athletes/phoenix_mercury_jovana_nogic/cutout.png,player_photo_format_problem,warning,missing,missing_file,not_available,review_only_not_renderable_until_approved,replace_with_decodable_png_jpg_or_webp_before_renderer_use,athlete_images_registry; source_note=missing_review_required; asset_file_missing; cutout_slot_requires_manual_crop_review; path_missing
player_photo,WNBA,athlete,phoenix_mercury_jovana_nogic,Jovana Nogic,headshot,assets/leagues/wnba/athletes/phoenix_mercury_jovana_nogic/headshot.png,suspicious_or_default_player_approval,warning,approved,valid_raster,meets_player_photo_floor,review_only_manual_source_recheck_required: default_decision_source_manual_recheck_required,recheck_decision_source_source_file_and_approval_timestamp,approved_assets_registry; decision_source=default; source_file=outputs/latest/review_files/athlete_image_approval_pack/downloads/phoenix_mercury/phoenix_mercury_jovana_nogic__201886.png; approved_at_utc=2026-06-16T04:22:55.143317+00:00; approved_marker_present; headshot_slot_requires_identity_and_crop_review; image_size=260x190; meets_headshot_floor; default_decision_source_manual_recheck_required; bytes=20344; image_size=260x190
player_photo,WNBA,athlete,phoenix_mercury_kahleah_copper,Kahleah Copper,cutout,assets/leagues/wnba/athletes/phoenix_mercury_kahleah_copper/cutout.png,missing_local_player_asset,error,missing,missing_file,not_available,review_only_not_renderable_until_approved,keep_photo_slot_disabled_until_asset_and_marker_are_reviewed,athlete_images_registry; source_note=missing_review_required; asset_file_missing; cutout_slot_requires_manual_crop_review; path_missing
player_photo,WNBA,athlete,phoenix_mercury_kahleah_copper,Kahleah Copper,cutout,assets/leagues/wnba/athletes/phoenix_mercury_kahleah_copper/cutout.png,player_photo_format_problem,warning,missing,missing_file,not_available,review_only_not_renderable_until_approved,replace_with_decodable_png_jpg_or_webp_before_renderer_use,athlete_images_registry; source_note=missing_review_required; asset_file_missing; cutout_slot_requires_manual_crop_review; path_missing
player_photo,WNBA,athlete,phoenix_mercury_kahleah_copper,Kahleah Copper,headshot,assets/leagues/wnba/athletes/phoenix_mercury_kahleah_copper/headshot.png,suspicious_or_default_player_approval,warning,approved,valid_raster,meets_player_photo_floor,review_only_manual_source_recheck_required: default_decision_source_manual_recheck_required,recheck_decision_source_source_file_and_approval_timestamp,approved_assets_registry; decision_source=default; source_file=outputs/latest/review_files/athlete_image_approval_pack/downloads/phoenix_mercury/phoenix_mercury_kahleah_copper__1643493.png; approved_at_utc=2026-06-16T04:22:55.140358+00:00; approved_marker_present; headshot_slot_requires_identity_and_crop_review; image_size=260x190; meets_headshot_floor; default_decision_source_manual_recheck_required; bytes=14897; image_size=260x190
player_photo,WNBA,athlete,phoenix_mercury_kiana_williams,Kiana Williams,cutout,assets/leagues/wnba/athletes/phoenix_mercury_kiana_williams/cutout.png,missing_local_player_asset,error,missing,missing_file,not_available,review_only_not_renderable_until_approved,keep_photo_slot_disabled_until_asset_and_marker_are_reviewed,athlete_images_registry; source_note=missing_review_required; asset_file_missing; cutout_slot_requires_manual_crop_review; path_missing
player_photo,WNBA,athlete,phoenix_mercury_kiana_williams,Kiana Williams,cutout,assets/leagues/wnba/athletes/phoenix_mercury_kiana_williams/cutout.png,player_photo_format_problem,warning,missing,missing_file,not_available,review_only_not_renderable_until_approved,replace_with_decodable_png_jpg_or_webp_before_renderer_use,athlete_images_registry; source_note=missing_review_required; asset_file_missing; cutout_slot_requires_manual_crop_review; path_missing
player_photo,WNBA,athlete,phoenix_mercury_kiana_williams,Kiana Williams,headshot,assets/leagues/wnba/athletes/phoenix_mercury_kiana_williams/headshot.png,suspicious_or_default_player_approval,warning,approved,valid_raster,meets_player_photo_floor,review_only_manual_source_recheck_required: default_decision_source_manual_recheck_required,recheck_decision_source_source_file_and_approval_timestamp,approved_assets_registry; decision_source=default; source_file=outputs/latest/review_files/athlete_image_approval_pack/downloads/phoenix_mercury/phoenix_mercury_kiana_williams__1643487.png; approved_at_utc=2026-06-16T04:22:55.142575+00:00; approved_marker_present; headshot_slot_requires_identity_and_crop_review; image_size=260x190; meets_headshot_floor; default_decision_source_manual_recheck_required; bytes=19767; image_size=260x190
player_photo,WNBA,athlete,phoenix_mercury_kyara_linskens,Kyara Linskens,cutout,assets/leagues/wnba/athletes/phoenix_mercury_kyara_linskens/cutout.png,missing_local_player_asset,error,missing,missing_file,not_available,review_only_not_renderable_until_approved,keep_photo_slot_disabled_until_asset_and_marker_are_reviewed,athlete_images_registry; source_note=missing_review_required; asset_file_missing; cutout_slot_requires_manual_crop_review; path_missing
player_photo,WNBA,athlete,phoenix_mercury_kyara_linskens,Kyara Linskens,cutout,assets/leagues/wnba/athletes/phoenix_mercury_kyara_linskens/cutout.png,player_photo_format_problem,warning,missing,missing_file,not_available,review_only_not_renderable_until_approved,replace_with_decodable_png_jpg_or_webp_before_renderer_use,athlete_images_registry; source_note=missing_review_required; asset_file_missing; cutout_slot_requires_manual_crop_review; path_missing
player_photo,WNBA,athlete,phoenix_mercury_kyara_linskens,Kyara Linskens,headshot,assets/leagues/wnba/athletes/phoenix_mercury_kyara_linskens/headshot.png,suspicious_or_default_player_approval,warning,approved,valid_raster,meets_player_photo_floor,review_only_manual_source_recheck_required: default_decision_source_manual_recheck_required,recheck_decision_source_source_file_and_approval_timestamp,approved_assets_registry; decision_source=default; source_file=outputs/latest/review_files/athlete_image_approval_pack/downloads/phoenix_mercury/phoenix_mercury_kyara_linskens__203826.png; approved_at_utc=2026-06-16T04:22:55.143652+00:00; approved_marker_present; headshot_slot_requires_identity_and_crop_review; image_size=260x190; meets_headshot_floor; default_decision_source_manual_recheck_required; bytes=15292; image_size=260x190
player_photo,WNBA,athlete,phoenix_mercury_lexi_held,Lexi Held,cutout,assets/leagues/wnba/athletes/phoenix_mercury_lexi_held/cutout.png,missing_local_player_asset,error,missing,missing_file,not_available,review_only_not_renderable_until_approved,keep_photo_slot_disabled_until_asset_and_marker_are_reviewed,athlete_images_registry; source_note=missing_review_required; asset_file_missing; cutout_slot_requires_manual_crop_review; path_missing
player_photo,WNBA,athlete,phoenix_mercury_lexi_held,Lexi Held,cutout,assets/leagues/wnba/athletes/phoenix_mercury_lexi_held/cutout.png,player_photo_format_problem,warning,missing,missing_file,not_available,review_only_not_renderable_until_approved,replace_with_decodable_png_jpg_or_webp_before_renderer_use,athlete_images_registry; source_note=missing_review_required; asset_file_missing; cutout_slot_requires_manual_crop_review; path_missing
player_photo,WNBA,athlete,phoenix_mercury_lexi_held,Lexi Held,headshot,assets/leagues/wnba/athletes/phoenix_mercury_lexi_held/headshot.png,suspicious_or_default_player_approval,warning,approved,valid_raster,meets_player_photo_floor,review_only_manual_source_recheck_required: default_decision_source_manual_recheck_required,recheck_decision_source_source_file_and_approval_timestamp,approved_assets_registry; decision_source=default; source_file=outputs/latest/review_files/athlete_image_approval_pack/downloads/phoenix_mercury/phoenix_mercury_lexi_held__204468.png; approved_at_utc=2026-06-16T04:22:55.141757+00:00; approved_marker_present; headshot_slot_requires_identity_and_crop_review; image_size=260x190; meets_headshot_floor; default_decision_source_manual_recheck_required; bytes=17965; image_size=260x190
player_photo,WNBA,athlete,phoenix_mercury_marta_suarez,Marta Suarez,cutout,assets/leagues/wnba/athletes/phoenix_mercury_marta_suarez/cutout.png,missing_local_player_asset,error,missing,missing_file,not_available,review_only_not_renderable_until_approved,keep_photo_slot_disabled_until_asset_and_marker_are_reviewed,athlete_images_registry; source_note=missing_review_required; asset_file_missing; cutout_slot_requires_manual_crop_review; path_missing
player_photo,WNBA,athlete,phoenix_mercury_marta_suarez,Marta Suarez,cutout,assets/leagues/wnba/athletes/phoenix_mercury_marta_suarez/cutout.png,player_photo_format_problem,warning,missing,missing_file,not_available,review_only_not_renderable_until_approved,replace_with_decodable_png_jpg_or_webp_before_renderer_use,athlete_images_registry; source_note=missing_review_required; asset_file_missing; cutout_slot_requires_manual_crop_review; path_missing
player_photo,WNBA,athlete,phoenix_mercury_marta_suarez,Marta Suarez,headshot,assets/leagues/wnba/athletes/phoenix_mercury_marta_suarez/headshot.png,suspicious_or_default_player_approval,warning,approved,valid_raster,meets_player_photo_floor,review_only_manual_source_recheck_required: default_decision_source_manual_recheck_required,recheck_decision_source_source_file_and_approval_timestamp,approved_assets_registry; decision_source=default; source_file=outputs/latest/review_files/athlete_image_approval_pack/downloads/phoenix_mercury/phoenix_mercury_marta_suarez__1642768.png; approved_at_utc=2026-06-16T04:22:55.144348+00:00; approved_marker_present; headshot_slot_requires_identity_and_crop_review; image_size=260x190; meets_headshot_floor; default_decision_source_manual_recheck_required; bytes=13281; image_size=260x190
player_photo,WNBA,athlete,phoenix_mercury_monique_akoa_makani,Monique Akoa Makani,cutout,assets/leagues/wnba/athletes/phoenix_mercury_monique_akoa_makani/cutout.png,missing_local_player_asset,error,missing,missing_file,not_available,review_only_not_renderable_until_approved,keep_photo_slot_disabled_until_asset_and_marker_are_reviewed,athlete_images_registry; source_note=missing_review_required; asset_file_missing; cutout_slot_requires_manual_crop_review; path_missing
player_photo,WNBA,athlete,phoenix_mercury_monique_akoa_makani,Monique Akoa Makani,cutout,assets/leagues/wnba/athletes/phoenix_mercury_monique_akoa_makani/cutout.png,player_photo_format_problem,warning,missing,missing_file,not_available,review_only_not_renderable_until_approved,replace_with_decodable_png_jpg_or_webp_before_renderer_use,athlete_images_registry; source_note=missing_review_required; asset_file_missing; cutout_slot_requires_manual_crop_review; path_missing
player_photo,WNBA,athlete,phoenix_mercury_monique_akoa_makani,Monique Akoa Makani,headshot,assets/leagues/wnba/athletes/phoenix_mercury_monique_akoa_makani/headshot.png,suspicious_or_default_player_approval,warning,approved,valid_raster,meets_player_photo_floor,review_only_manual_source_recheck_required: default_decision_source_manual_recheck_required,recheck_decision_source_source_file_and_approval_timestamp,approved_assets_registry; decision_source=default; source_file=outputs/latest/review_files/athlete_image_approval_pack/downloads/phoenix_mercury/phoenix_mercury_monique_akoa_makani__1630442.png; approved_at_utc=2026-06-16T04:22:55.141033+00:00; approved_marker_present; headshot_slot_requires_identity_and_crop_review; image_size=260x190; meets_headshot_floor; default_decision_source_manual_recheck_required; bytes=17377; image_size=260x190
player_photo,WNBA,athlete,phoenix_mercury_natasha_mack,Natasha Mack,cutout,assets/leagues/wnba/athletes/phoenix_mercury_natasha_mack/cutout.png,missing_local_player_asset,error,missing,missing_file,not_available,review_only_not_renderable_until_approved,keep_photo_slot_disabled_until_asset_and_marker_are_reviewed,athlete_images_registry; source_note=missing_review_required; asset_file_missing; cutout_slot_requires_manual_crop_review; path_missing
player_photo,WNBA,athlete,phoenix_mercury_natasha_mack,Natasha Mack,cutout,assets/leagues/wnba/athletes/phoenix_mercury_natasha_mack/cutout.png,player_photo_format_problem,warning,missing,missing_file,not_available,review_only_not_renderable_until_approved,replace_with_decodable_png_jpg_or_webp_before_renderer_use,athlete_images_registry; source_note=missing_review_required; asset_file_missing; cutout_slot_requires_manual_crop_review; path_missing
player_photo,WNBA,athlete,phoenix_mercury_natasha_mack,Natasha Mack,headshot,assets/leagues/wnba/athletes/phoenix_mercury_natasha_mack/headshot.png,suspicious_or_default_player_approval,warning,approved,valid_raster,meets_player_photo_floor,review_only_manual_source_recheck_required: default_decision_source_manual_recheck_required,recheck_decision_source_source_file_and_approval_timestamp,approved_assets_registry; decision_source=default; source_file=outputs/latest/review_files/athlete_image_approval_pack/downloads/phoenix_mercury/phoenix_mercury_natasha_mack__1627674.png; approved_at_utc=2026-06-16T04:22:55.140709+00:00; approved_marker_present; headshot_slot_requires_identity_and_crop_review; image_size=260x190; meets_headshot_floor; default_decision_source_manual_recheck_required; bytes=24074; image_size=260x190
player_photo,WNBA,athlete,phoenix_mercury_quionche_carter,Quionche Carter,cutout,assets/leagues/wnba/athletes/phoenix_mercury_quionche_carter/cutout.png,missing_local_player_asset,error,missing,missing_file,not_available,review_only_not_renderable_until_approved,keep_photo_slot_disabled_until_asset_and_marker_are_reviewed,athlete_images_registry; source_note=missing_review_required; asset_file_missing; cutout_slot_requires_manual_crop_review; path_missing
player_photo,WNBA,athlete,phoenix_mercury_quionche_carter,Quionche Carter,cutout,assets/leagues/wnba/athletes/phoenix_mercury_quionche_carter/cutout.png,player_photo_format_problem,warning,missing,missing_file,not_available,review_only_not_renderable_until_approved,replace_with_decodable_png_jpg_or_webp_before_renderer_use,athlete_images_registry; source_note=missing_review_required; asset_file_missing; cutout_slot_requires_manual_crop_review; path_missing
player_photo,WNBA,athlete,phoenix_mercury_quionche_carter,Quionche Carter,headshot,assets/leagues/wnba/athletes/phoenix_mercury_quionche_carter/headshot.png,suspicious_or_default_player_approval,warning,approved,valid_raster,meets_player_photo_floor,review_only_manual_source_recheck_required: default_decision_source_manual_recheck_required,recheck_decision_source_source_file_and_approval_timestamp,approved_assets_registry; decision_source=default; source_file=outputs/latest/review_files/athlete_image_approval_pack/downloads/phoenix_mercury/phoenix_mercury_quionche_carter__1631118.png; approved_at_utc=2026-06-16T04:22:55.142119+00:00; approved_marker_present; headshot_slot_requires_identity_and_crop_review; image_size=260x190; meets_headshot_floor; default_decision_source_manual_recheck_required; bytes=20897; image_size=260x190
player_photo,WNBA,athlete,phoenix_mercury_sami_whitcomb,Sami Whitcomb,cutout,assets/leagues/wnba/athletes/phoenix_mercury_sami_whitcomb/cutout.png,missing_local_player_asset,error,missing,missing_file,not_available,review_only_not_renderable_until_approved,keep_photo_slot_disabled_until_asset_and_marker_are_reviewed,athlete_images_registry; source_note=missing_review_required; asset_file_missing; cutout_slot_requires_manual_crop_review; path_missing
player_photo,WNBA,athlete,phoenix_mercury_sami_whitcomb,Sami Whitcomb,cutout,assets/leagues/wnba/athletes/phoenix_mercury_sami_whitcomb/cutout.png,player_photo_format_problem,warning,missing,missing_file,not_available,review_only_not_renderable_until_approved,replace_with_decodable_png_jpg_or_webp_before_renderer_use,athlete_images_registry; source_note=missing_review_required; asset_file_missing; cutout_slot_requires_manual_crop_review; path_missing
player_photo,WNBA,athlete,phoenix_mercury_sami_whitcomb,Sami Whitcomb,headshot,assets/leagues/wnba/athletes/phoenix_mercury_sami_whitcomb/headshot.png,suspicious_or_default_player_approval,warning,approved,valid_raster,meets_player_photo_floor,review_only_manual_source_recheck_required: default_decision_source_manual_recheck_required,recheck_decision_source_source_file_and_approval_timestamp,approved_assets_registry; decision_source=default; source_file=outputs/latest/review_files/athlete_image_approval_pack/downloads/phoenix_mercury/phoenix_mercury_sami_whitcomb__1643505.png; approved_at_utc=2026-06-16T04:22:55.144015+00:00; approved_marker_present; headshot_slot_requires_identity_and_crop_review; image_size=260x190; meets_headshot_floor; default_decision_source_manual_recheck_required; bytes=16902; image_size=260x190
player_photo,WNBA,athlete,phoenix_mercury_valeriane_ayayi,Valeriane Ayayi,cutout,assets/leagues/wnba/athletes/phoenix_mercury_valeriane_ayayi/cutout.png,missing_local_player_asset,error,missing,missing_file,not_available,review_only_not_renderable_until_approved,keep_photo_slot_disabled_until_asset_and_marker_are_reviewed,athlete_images_registry; source_note=missing_review_required; asset_file_missing; cutout_slot_requires_manual_crop_review; path_missing
player_photo,WNBA,athlete,phoenix_mercury_valeriane_ayayi,Valeriane Ayayi,cutout,assets/leagues/wnba/athletes/phoenix_mercury_valeriane_ayayi/cutout.png,player_photo_format_problem,warning,missing,missing_file,not_available,review_only_not_renderable_until_approved,replace_with_decodable_png_jpg_or_webp_before_renderer_use,athlete_images_registry; source_note=missing_review_required; asset_file_missing; cutout_slot_requires_manual_crop_review; path_missing
player_photo,WNBA,athlete,phoenix_mercury_valeriane_ayayi,Valeriane Ayayi,headshot,assets/leagues/wnba/athletes/phoenix_mercury_valeriane_ayayi/headshot.png,suspicious_or_default_player_approval,warning,approved,valid_raster,meets_player_photo_floor,review_only_manual_source_recheck_required: default_decision_source_manual_recheck_required,recheck_decision_source_source_file_and_approval_timestamp,approved_assets_registry; decision_source=default; source_file=outputs/latest/review_files/athlete_image_approval_pack/downloads/phoenix_mercury/phoenix_mercury_valeriane_ayayi__1642777.png; approved_at_utc=2026-06-16T04:22:55.141363+00:00; approved_marker_present; headshot_slot_requires_identity_and_crop_review; image_size=260x190; meets_headshot_floor; default_decision_source_manual_recheck_required; bytes=20207; image_size=260x190
player_photo,WNBA,athlete,portland_fire_bridget_carleton,Bridget Carleton,cutout,assets/leagues/wnba/athletes/portland_fire_bridget_carleton/cutout.png,missing_local_player_asset,error,missing,missing_file,not_available,review_only_not_renderable_until_approved,keep_photo_slot_disabled_until_asset_and_marker_are_reviewed,athlete_images_registry; source_note=missing_review_required; asset_file_missing; cutout_slot_requires_manual_crop_review; path_missing
player_photo,WNBA,athlete,portland_fire_bridget_carleton,Bridget Carleton,cutout,assets/leagues/wnba/athletes/portland_fire_bridget_carleton/cutout.png,player_photo_format_problem,warning,missing,missing_file,not_available,review_only_not_renderable_until_approved,replace_with_decodable_png_jpg_or_webp_before_renderer_use,athlete_images_registry; source_note=missing_review_required; asset_file_missing; cutout_slot_requires_manual_crop_review; path_missing
player_photo,WNBA,athlete,portland_fire_bridget_carleton,Bridget Carleton,headshot,assets/leagues/wnba/athletes/portland_fire_bridget_carleton/headshot.png,suspicious_or_default_player_approval,warning,approved,valid_raster,meets_player_photo_floor,review_only_manual_source_recheck_required: default_decision_source_manual_recheck_required,recheck_decision_source_source_file_and_approval_timestamp,approved_assets_registry; decision_source=default; source_file=outputs/latest/review_files/athlete_image_approval_pack/downloads/portland_fire/portland_fire_bridget_carleton__1629524.png; approved_at_utc=2026-06-16T04:22:55.145830+00:00; approved_marker_present; headshot_slot_requires_identity_and_crop_review; image_size=260x190; meets_headshot_floor; default_decision_source_manual_recheck_required; bytes=15900; image_size=260x190
player_photo,WNBA,athlete,portland_fire_carla_leite,Carla Leite,cutout,assets/leagues/wnba/athletes/portland_fire_carla_leite/cutout.png,missing_local_player_asset,error,missing,missing_file,not_available,review_only_not_renderable_until_approved,keep_photo_slot_disabled_until_asset_and_marker_are_reviewed,athlete_images_registry; source_note=missing_review_required; asset_file_missing; cutout_slot_requires_manual_crop_review; path_missing
player_photo,WNBA,athlete,portland_fire_carla_leite,Carla Leite,cutout,assets/leagues/wnba/athletes/portland_fire_carla_leite/cutout.png,player_photo_format_problem,warning,missing,missing_file,not_available,review_only_not_renderable_until_approved,replace_with_decodable_png_jpg_or_webp_before_renderer_use,athlete_images_registry; source_note=missing_review_required; asset_file_missing; cutout_slot_requires_manual_crop_review; path_missing
player_photo,WNBA,athlete,portland_fire_carla_leite,Carla Leite,headshot,assets/leagues/wnba/athletes/portland_fire_carla_leite/headshot.png,suspicious_or_default_player_approval,warning,approved,valid_raster,meets_player_photo_floor,review_only_manual_source_recheck_required: default_decision_source_manual_recheck_required,recheck_decision_source_source_file_and_approval_timestamp,approved_assets_registry; decision_source=default; source_file=outputs/latest/review_files/athlete_image_approval_pack/downloads/portland_fire/portland_fire_carla_leite__1642304.png; approved_at_utc=2026-06-16T04:22:55.144716+00:00; approved_marker_present; headshot_slot_requires_identity_and_crop_review; image_size=260x190; meets_headshot_floor; default_decision_source_manual_recheck_required; bytes=23054; image_size=260x190
player_photo,WNBA,athlete,portland_fire_emily_engstler,Emily Engstler,cutout,assets/leagues/wnba/athletes/portland_fire_emily_engstler/cutout.png,missing_local_player_asset,error,missing,missing_file,not_available,review_only_not_renderable_until_approved,keep_photo_slot_disabled_until_asset_and_marker_are_reviewed,athlete_images_registry; source_note=missing_review_required; asset_file_missing; cutout_slot_requires_manual_crop_review; path_missing
player_photo,WNBA,athlete,portland_fire_emily_engstler,Emily Engstler,cutout,assets/leagues/wnba/athletes/portland_fire_emily_engstler/cutout.png,player_photo_format_problem,warning,missing,missing_file,not_available,review_only_not_renderable_until_approved,replace_with_decodable_png_jpg_or_webp_before_renderer_use,athlete_images_registry; source_note=missing_review_required; asset_file_missing; cutout_slot_requires_manual_crop_review; path_missing
player_photo,WNBA,athlete,portland_fire_emily_engstler,Emily Engstler,headshot,assets/leagues/wnba/athletes/portland_fire_emily_engstler/headshot.png,suspicious_or_default_player_approval,warning,approved,valid_raster,meets_player_photo_floor,review_only_manual_source_recheck_required: default_decision_source_manual_recheck_required,recheck_decision_source_source_file_and_approval_timestamp,approved_assets_registry; decision_source=default; source_file=outputs/latest/review_files/athlete_image_approval_pack/downloads/portland_fire/portland_fire_emily_engstler__1631083.png; approved_at_utc=2026-06-16T04:22:55.147992+00:00; approved_marker_present; headshot_slot_requires_identity_and_crop_review; image_size=260x190; meets_headshot_floor; default_decision_source_manual_recheck_required; bytes=16324; image_size=260x190
player_photo,WNBA,athlete,portland_fire_frieda_buhner,Frieda Buhner,cutout,assets/leagues/wnba/athletes/portland_fire_frieda_buhner/cutout.png,missing_local_player_asset,error,missing,missing_file,not_available,review_only_not_renderable_until_approved,keep_photo_slot_disabled_until_asset_and_marker_are_reviewed,athlete_images_registry; source_note=missing_review_required; asset_file_missing; cutout_slot_requires_manual_crop_review; path_missing
player_photo,WNBA,athlete,portland_fire_frieda_buhner,Frieda Buhner,cutout,assets/leagues/wnba/athletes/portland_fire_frieda_buhner/cutout.png,player_photo_format_problem,warning,missing,missing_file,not_available,review_only_not_renderable_until_approved,replace_with_decodable_png_jpg_or_webp_before_renderer_use,athlete_images_registry; source_note=missing_review_required; asset_file_missing; cutout_slot_requires_manual_crop_review; path_missing
player_photo,WNBA,athlete,portland_fire_frieda_buhner,Frieda Buhner,headshot,assets/leagues/wnba/athletes/portland_fire_frieda_buhner/headshot.png,suspicious_or_default_player_approval,warning,approved,valid_raster,meets_player_photo_floor,review_only_manual_source_recheck_required: default_decision_source_manual_recheck_required,recheck_decision_source_source_file_and_approval_timestamp,approved_assets_registry; decision_source=default; source_file=outputs/latest/review_files/athlete_image_approval_pack/downloads/portland_fire/portland_fire_frieda_buhner__1643494.png; approved_at_utc=2026-06-16T04:22:55.147662+00:00; approved_marker_present; headshot_slot_requires_identity_and_crop_review; image_size=260x190; meets_headshot_floor; default_decision_source_manual_recheck_required; bytes=16291; image_size=260x190
player_photo,WNBA,athlete,portland_fire_holly_winterburn,Holly Winterburn,cutout,assets/leagues/wnba/athletes/portland_fire_holly_winterburn/cutout.png,missing_local_player_asset,error,missing,missing_file,not_available,review_only_not_renderable_until_approved,keep_photo_slot_disabled_until_asset_and_marker_are_reviewed,athlete_images_registry; source_note=missing_review_required; asset_file_missing; cutout_slot_requires_manual_crop_review; path_missing
player_photo,WNBA,athlete,portland_fire_holly_winterburn,Holly Winterburn,cutout,assets/leagues/wnba/athletes/portland_fire_holly_winterburn/cutout.png,player_photo_format_problem,warning,missing,missing_file,not_available,review_only_not_renderable_until_approved,replace_with_decodable_png_jpg_or_webp_before_renderer_use,athlete_images_registry; source_note=missing_review_required; asset_file_missing; cutout_slot_requires_manual_crop_review; path_missing
player_photo,WNBA,athlete,portland_fire_holly_winterburn,Holly Winterburn,headshot,assets/leagues/wnba/athletes/portland_fire_holly_winterburn/headshot.png,suspicious_or_default_player_approval,warning,approved,valid_raster,meets_player_photo_floor,review_only_manual_source_recheck_required: default_decision_source_manual_recheck_required,recheck_decision_source_source_file_and_approval_timestamp,approved_assets_registry; decision_source=default; source_file=outputs/latest/review_files/athlete_image_approval_pack/downloads/portland_fire/portland_fire_holly_winterburn__1641683.png; approved_at_utc=2026-06-16T04:22:55.149028+00:00; approved_marker_present; headshot_slot_requires_identity_and_crop_review; image_size=260x190; meets_headshot_floor; default_decision_source_manual_recheck_required; bytes=19997; image_size=260x190
player_photo,WNBA,athlete,portland_fire_jordan_harrison,Jordan Harrison,cutout,assets/leagues/wnba/athletes/portland_fire_jordan_harrison/cutout.png,missing_local_player_asset,error,missing,missing_file,not_available,review_only_not_renderable_until_approved,keep_photo_slot_disabled_until_asset_and_marker_are_reviewed,athlete_images_registry; source_note=missing_review_required; asset_file_missing; cutout_slot_requires_manual_crop_review; path_missing
player_photo,WNBA,athlete,portland_fire_jordan_harrison,Jordan Harrison,cutout,assets/leagues/wnba/athletes/portland_fire_jordan_harrison/cutout.png,player_photo_format_problem,warning,missing,missing_file,not_available,review_only_not_renderable_until_approved,replace_with_decodable_png_jpg_or_webp_before_renderer_use,athlete_images_registry; source_note=missing_review_required; asset_file_missing; cutout_slot_requires_manual_crop_review; path_missing
player_photo,WNBA,athlete,portland_fire_jordan_harrison,Jordan Harrison,headshot,assets/leagues/wnba/athletes/portland_fire_jordan_harrison/headshot.png,suspicious_or_default_player_approval,warning,approved,valid_raster,meets_player_photo_floor,review_only_manual_source_recheck_required: default_decision_source_manual_recheck_required,recheck_decision_source_source_file_and_approval_timestamp,approved_assets_registry; decision_source=default; source_file=outputs/latest/review_files/athlete_image_approval_pack/downloads/portland_fire/portland_fire_jordan_harrison__1643527.png; approved_at_utc=2026-06-16T04:22:55.145095+00:00; approved_marker_present; headshot_slot_requires_identity_and_crop_review; image_size=260x190; meets_headshot_floor; default_decision_source_manual_recheck_required; bytes=16473; image_size=260x190
player_photo,WNBA,athlete,portland_fire_karlie_samuelson,Karlie Samuelson,cutout,assets/leagues/wnba/athletes/portland_fire_karlie_samuelson/cutout.png,missing_local_player_asset,error,missing,missing_file,not_available,review_only_not_renderable_until_approved,keep_photo_slot_disabled_until_asset_and_marker_are_reviewed,athlete_images_registry; source_note=missing_review_required; asset_file_missing; cutout_slot_requires_manual_crop_review; path_missing
player_photo,WNBA,athlete,portland_fire_karlie_samuelson,Karlie Samuelson,cutout,assets/leagues/wnba/athletes/portland_fire_karlie_samuelson/cutout.png,player_photo_format_problem,warning,missing,missing_file,not_available,review_only_not_renderable_until_approved,replace_with_decodable_png_jpg_or_webp_before_renderer_use,athlete_images_registry; source_note=missing_review_required; asset_file_missing; cutout_slot_requires_manual_crop_review; path_missing
player_photo,WNBA,athlete,portland_fire_karlie_samuelson,Karlie Samuelson,headshot,assets/leagues/wnba/athletes/portland_fire_karlie_samuelson/headshot.png,suspicious_or_default_player_approval,warning,approved,valid_raster,meets_player_photo_floor,review_only_manual_source_recheck_required: default_decision_source_manual_recheck_required,recheck_decision_source_source_file_and_approval_timestamp,approved_assets_registry; decision_source=default; source_file=outputs/latest/review_files/athlete_image_approval_pack/downloads/portland_fire/portland_fire_karlie_samuelson__1628317.png; approved_at_utc=2026-06-16T04:22:55.148696+00:00; approved_marker_present; headshot_slot_requires_identity_and_crop_review; image_size=260x190; meets_headshot_floor; default_decision_source_manual_recheck_required; bytes=21877; image_size=260x190
player_photo,WNBA,athlete,portland_fire_luisa_geiselsoder,Luisa Geiselsoder,cutout,assets/leagues/wnba/athletes/portland_fire_luisa_geiselsoder/cutout.png,missing_local_player_asset,error,missing,missing_file,not_available,review_only_not_renderable_until_approved,keep_photo_slot_disabled_until_asset_and_marker_are_reviewed,athlete_images_registry; source_note=missing_review_required; asset_file_missing; cutout_slot_requires_manual_crop_review; path_missing
player_photo,WNBA,athlete,portland_fire_luisa_geiselsoder,Luisa Geiselsoder,cutout,assets/leagues/wnba/athletes/portland_fire_luisa_geiselsoder/cutout.png,player_photo_format_problem,warning,missing,missing_file,not_available,review_only_not_renderable_until_approved,replace_with_decodable_png_jpg_or_webp_before_renderer_use,athlete_images_registry; source_note=missing_review_required; asset_file_missing; cutout_slot_requires_manual_crop_review; path_missing
player_photo,WNBA,athlete,portland_fire_luisa_geiselsoder,Luisa Geiselsoder,headshot,assets/leagues/wnba/athletes/portland_fire_luisa_geiselsoder/headshot.png,suspicious_or_default_player_approval,warning,approved,valid_raster,meets_player_photo_floor,review_only_manual_source_recheck_required: default_decision_source_manual_recheck_required,recheck_decision_source_source_file_and_approval_timestamp,approved_assets_registry; decision_source=default; source_file=outputs/latest/review_files/athlete_image_approval_pack/downloads/portland_fire/portland_fire_luisa_geiselsoder__1630143.png; approved_at_utc=2026-06-16T04:22:55.146950+00:00; approved_marker_present; headshot_slot_requires_identity_and_crop_review; image_size=260x190; meets_headshot_floor; default_decision_source_manual_recheck_required; bytes=20864; image_size=260x190
player_photo,WNBA,athlete,portland_fire_megan_gustafson,Megan Gustafson,cutout,assets/leagues/wnba/athletes/portland_fire_megan_gustafson/cutout.png,missing_local_player_asset,error,missing,missing_file,not_available,review_only_not_renderable_until_approved,keep_photo_slot_disabled_until_asset_and_marker_are_reviewed,athlete_images_registry; source_note=missing_review_required; asset_file_missing; cutout_slot_requires_manual_crop_review; path_missing
player_photo,WNBA,athlete,portland_fire_megan_gustafson,Megan Gustafson,cutout,assets/leagues/wnba/athletes/portland_fire_megan_gustafson/cutout.png,player_photo_format_problem,warning,missing,missing_file,not_available,review_only_not_renderable_until_approved,replace_with_decodable_png_jpg_or_webp_before_renderer_use,athlete_images_registry; source_note=missing_review_required; asset_file_missing; cutout_slot_requires_manual_crop_review; path_missing
player_photo,WNBA,athlete,portland_fire_megan_gustafson,Megan Gustafson,headshot,assets/leagues/wnba/athletes/portland_fire_megan_gustafson/headshot.png,suspicious_or_default_player_approval,warning,approved,valid_raster,meets_player_photo_floor,review_only_manual_source_recheck_required: default_decision_source_manual_recheck_required,recheck_decision_source_source_file_and_approval_timestamp,approved_assets_registry; decision_source=default; source_file=outputs/latest/review_files/athlete_image_approval_pack/downloads/portland_fire/portland_fire_megan_gustafson__1629484.png; approved_at_utc=2026-06-16T04:22:55.147309+00:00; approved_marker_present; headshot_slot_requires_identity_and_crop_review; image_size=260x190; meets_headshot_floor; default_decision_source_manual_recheck_required; bytes=21789; image_size=260x190
player_photo,WNBA,athlete,portland_fire_nyadiew_puoch,Nyadiew Puoch,cutout,assets/leagues/wnba/athletes/portland_fire_nyadiew_puoch/cutout.png,missing_local_player_asset,error,missing,missing_file,not_available,review_only_not_renderable_until_approved,keep_photo_slot_disabled_until_asset_and_marker_are_reviewed,athlete_images_registry; source_note=missing_review_required; asset_file_missing; cutout_slot_requires_manual_crop_review; path_missing
player_photo,WNBA,athlete,portland_fire_nyadiew_puoch,Nyadiew Puoch,cutout,assets/leagues/wnba/athletes/portland_fire_nyadiew_puoch/cutout.png,player_photo_format_problem,warning,missing,missing_file,not_available,review_only_not_renderable_until_approved,replace_with_decodable_png_jpg_or_webp_before_renderer_use,athlete_images_registry; source_note=missing_review_required; asset_file_missing; cutout_slot_requires_manual_crop_review; path_missing
player_photo,WNBA,athlete,portland_fire_nyadiew_puoch,Nyadiew Puoch,headshot,assets/leagues/wnba/athletes/portland_fire_nyadiew_puoch/headshot.png,suspicious_or_default_player_approval,warning,approved,valid_raster,meets_player_photo_floor,review_only_manual_source_recheck_required: default_decision_source_manual_recheck_required,recheck_decision_source_source_file_and_approval_timestamp,approved_assets_registry; decision_source=default; source_file=outputs/latest/review_files/athlete_image_approval_pack/downloads/portland_fire/portland_fire_nyadiew_puoch__1642296.png; approved_at_utc=2026-06-16T04:22:55.146573+00:00; approved_marker_present; headshot_slot_requires_identity_and_crop_review; image_size=260x190; meets_headshot_floor; default_decision_source_manual_recheck_required; bytes=22027; image_size=260x190
player_photo,WNBA,athlete,portland_fire_sarah_ashlee_barker,Sarah Ashlee Barker,cutout,assets/leagues/wnba/athletes/portland_fire_sarah_ashlee_barker/cutout.png,missing_local_player_asset,error,missing,missing_file,not_available,review_only_not_renderable_until_approved,keep_photo_slot_disabled_until_asset_and_marker_are_reviewed,athlete_images_registry; source_note=missing_review_required; asset_file_missing; cutout_slot_requires_manual_crop_review; path_missing
player_photo,WNBA,athlete,portland_fire_sarah_ashlee_barker,Sarah Ashlee Barker,cutout,assets/leagues/wnba/athletes/portland_fire_sarah_ashlee_barker/cutout.png,player_photo_format_problem,warning,missing,missing_file,not_available,review_only_not_renderable_until_approved,replace_with_decodable_png_jpg_or_webp_before_renderer_use,athlete_images_registry; source_note=missing_review_required; asset_file_missing; cutout_slot_requires_manual_crop_review; path_missing
player_photo,WNBA,athlete,portland_fire_sarah_ashlee_barker,Sarah Ashlee Barker,headshot,assets/leagues/wnba/athletes/portland_fire_sarah_ashlee_barker/headshot.png,suspicious_or_default_player_approval,warning,approved,valid_raster,meets_player_photo_floor,review_only_manual_source_recheck_required: default_decision_source_manual_recheck_required,recheck_decision_source_source_file_and_approval_timestamp,approved_assets_registry; decision_source=default; source_file=outputs/latest/review_files/athlete_image_approval_pack/downloads/portland_fire/portland_fire_sarah_ashlee_barker__1642782.png; approved_at_utc=2026-06-16T04:22:55.145458+00:00; approved_marker_present; headshot_slot_requires_identity_and_crop_review; image_size=260x190; meets_headshot_floor; default_decision_source_manual_recheck_required; bytes=20175; image_size=260x190
player_photo,WNBA,athlete,portland_fire_serah_williams,Serah Williams,cutout,assets/leagues/wnba/athletes/portland_fire_serah_williams/cutout.png,missing_local_player_asset,error,missing,missing_file,not_available,review_only_not_renderable_until_approved,keep_photo_slot_disabled_until_asset_and_marker_are_reviewed,athlete_images_registry; source_note=missing_review_required; asset_file_missing; cutout_slot_requires_manual_crop_review; path_missing
player_photo,WNBA,athlete,portland_fire_serah_williams,Serah Williams,cutout,assets/leagues/wnba/athletes/portland_fire_serah_williams/cutout.png,player_photo_format_problem,warning,missing,missing_file,not_available,review_only_not_renderable_until_approved,replace_with_decodable_png_jpg_or_webp_before_renderer_use,athlete_images_registry; source_note=missing_review_required; asset_file_missing; cutout_slot_requires_manual_crop_review; path_missing
player_photo,WNBA,athlete,portland_fire_serah_williams,Serah Williams,headshot,assets/leagues/wnba/athletes/portland_fire_serah_williams/headshot.png,suspicious_or_default_player_approval,warning,approved,valid_raster,meets_player_photo_floor,review_only_manual_source_recheck_required: default_decision_source_manual_recheck_required,recheck_decision_source_source_file_and_approval_timestamp,approved_assets_registry; decision_source=default; source_file=outputs/latest/review_files/athlete_image_approval_pack/downloads/portland_fire/portland_fire_serah_williams__1643436.png; approved_at_utc=2026-06-16T04:22:55.148307+00:00; approved_marker_present; headshot_slot_requires_identity_and_crop_review; image_size=260x190; meets_headshot_floor; default_decision_source_manual_recheck_required; bytes=19730; image_size=260x190
player_photo,WNBA,athlete,portland_fire_teja_oblak,Teja Oblak,cutout,assets/leagues/wnba/athletes/portland_fire_teja_oblak/cutout.png,missing_local_player_asset,error,missing,missing_file,not_available,review_only_not_renderable_until_approved,keep_photo_slot_disabled_until_asset_and_marker_are_reviewed,athlete_images_registry; source_note=missing_review_required; asset_file_missing; cutout_slot_requires_manual_crop_review; path_missing
player_photo,WNBA,athlete,portland_fire_teja_oblak,Teja Oblak,cutout,assets/leagues/wnba/athletes/portland_fire_teja_oblak/cutout.png,player_photo_format_problem,warning,missing,missing_file,not_available,review_only_not_renderable_until_approved,replace_with_decodable_png_jpg_or_webp_before_renderer_use,athlete_images_registry; source_note=missing_review_required; asset_file_missing; cutout_slot_requires_manual_crop_review; path_missing
player_photo,WNBA,athlete,portland_fire_teja_oblak,Teja Oblak,headshot,assets/leagues/wnba/athletes/portland_fire_teja_oblak/headshot.png,suspicious_or_default_player_approval,warning,approved,valid_raster,meets_player_photo_floor,review_only_manual_source_recheck_required: default_decision_source_manual_recheck_required,recheck_decision_source_source_file_and_approval_timestamp,approved_assets_registry; decision_source=default; source_file=outputs/latest/review_files/athlete_image_approval_pack/downloads/portland_fire/portland_fire_teja_oblak__1643506.png; approved_at_utc=2026-06-16T04:22:55.146243+00:00; approved_marker_present; headshot_slot_requires_identity_and_crop_review; image_size=260x190; meets_headshot_floor; default_decision_source_manual_recheck_required; bytes=14163; image_size=260x190
player_photo,WNBA,athlete,seattle_storm_awa_fam,Awa Fam,cutout,assets/leagues/wnba/athletes/seattle_storm_awa_fam/cutout.png,missing_local_player_asset,error,missing,missing_file,not_available,review_only_not_renderable_until_approved,keep_photo_slot_disabled_until_asset_and_marker_are_reviewed,athlete_images_registry; source_note=missing_review_required; asset_file_missing; cutout_slot_requires_manual_crop_review; path_missing
player_photo,WNBA,athlete,seattle_storm_awa_fam,Awa Fam,cutout,assets/leagues/wnba/athletes/seattle_storm_awa_fam/cutout.png,player_photo_format_problem,warning,missing,missing_file,not_available,review_only_not_renderable_until_approved,replace_with_decodable_png_jpg_or_webp_before_renderer_use,athlete_images_registry; source_note=missing_review_required; asset_file_missing; cutout_slot_requires_manual_crop_review; path_missing
player_photo,WNBA,athlete,seattle_storm_awa_fam,Awa Fam,headshot,assets/leagues/wnba/athletes/seattle_storm_awa_fam/headshot.png,suspicious_or_default_player_approval,warning,approved,valid_raster,meets_player_photo_floor,review_only_manual_source_recheck_required: default_decision_source_manual_recheck_required,recheck_decision_source_source_file_and_approval_timestamp,approved_assets_registry; decision_source=default; source_file=outputs/latest/review_files/athlete_image_approval_pack/downloads/seattle_storm/seattle_storm_awa_fam__1643443.png; approved_at_utc=2026-06-16T04:22:55.151089+00:00; approved_marker_present; headshot_slot_requires_identity_and_crop_review; image_size=260x190; meets_headshot_floor; default_decision_source_manual_recheck_required; bytes=19817; image_size=260x190
player_photo,WNBA,athlete,seattle_storm_dominique_malonga,Dominique Malonga,cutout,assets/leagues/wnba/athletes/seattle_storm_dominique_malonga/cutout.png,missing_local_player_asset,error,missing,missing_file,not_available,review_only_not_renderable_until_approved,keep_photo_slot_disabled_until_asset_and_marker_are_reviewed,athlete_images_registry; source_note=missing_review_required; asset_file_missing; cutout_slot_requires_manual_crop_review; path_missing
player_photo,WNBA,athlete,seattle_storm_dominique_malonga,Dominique Malonga,cutout,assets/leagues/wnba/athletes/seattle_storm_dominique_malonga/cutout.png,player_photo_format_problem,warning,missing,missing_file,not_available,review_only_not_renderable_until_approved,replace_with_decodable_png_jpg_or_webp_before_renderer_use,athlete_images_registry; source_note=missing_review_required; asset_file_missing; cutout_slot_requires_manual_crop_review; path_missing
player_photo,WNBA,athlete,seattle_storm_dominique_malonga,Dominique Malonga,headshot,assets/leagues/wnba/athletes/seattle_storm_dominique_malonga/headshot.png,suspicious_or_default_player_approval,warning,approved,valid_raster,meets_player_photo_floor,review_only_manual_source_recheck_required: default_decision_source_manual_recheck_required,recheck_decision_source_source_file_and_approval_timestamp,approved_assets_registry; decision_source=default; source_file=outputs/latest/review_files/athlete_image_approval_pack/downloads/seattle_storm/seattle_storm_dominique_malonga__1642798.png; approved_at_utc=2026-06-16T04:22:55.151796+00:00; approved_marker_present; headshot_slot_requires_identity_and_crop_review; image_size=260x190; meets_headshot_floor; default_decision_source_manual_recheck_required; bytes=15538; image_size=260x190
player_photo,WNBA,athlete,seattle_storm_ezi_magbegor,Ezi Magbegor,cutout,assets/leagues/wnba/athletes/seattle_storm_ezi_magbegor/cutout.png,missing_local_player_asset,error,missing,missing_file,not_available,review_only_not_renderable_until_approved,keep_photo_slot_disabled_until_asset_and_marker_are_reviewed,athlete_images_registry; source_note=missing_review_required; asset_file_missing; cutout_slot_requires_manual_crop_review; path_missing
player_photo,WNBA,athlete,seattle_storm_ezi_magbegor,Ezi Magbegor,cutout,assets/leagues/wnba/athletes/seattle_storm_ezi_magbegor/cutout.png,player_photo_format_problem,warning,missing,missing_file,not_available,review_only_not_renderable_until_approved,replace_with_decodable_png_jpg_or_webp_before_renderer_use,athlete_images_registry; source_note=missing_review_required; asset_file_missing; cutout_slot_requires_manual_crop_review; path_missing
player_photo,WNBA,athlete,seattle_storm_ezi_magbegor,Ezi Magbegor,headshot,assets/leagues/wnba/athletes/seattle_storm_ezi_magbegor/headshot.png,suspicious_or_default_player_approval,warning,approved,valid_raster,meets_player_photo_floor,review_only_manual_source_recheck_required: default_decision_source_manual_recheck_required,recheck_decision_source_source_file_and_approval_timestamp,approved_assets_registry; decision_source=default; source_file=outputs/latest/review_files/athlete_image_approval_pack/downloads/seattle_storm/seattle_storm_ezi_magbegor__1629496.png; approved_at_utc=2026-06-16T04:22:55.151432+00:00; approved_marker_present; headshot_slot_requires_identity_and_crop_review; image_size=260x190; meets_headshot_floor; default_decision_source_manual_recheck_required; bytes=21329; image_size=260x190
player_photo,WNBA,athlete,seattle_storm_flau_jae_johnson,Flau'jae Johnson,cutout,assets/leagues/wnba/athletes/seattle_storm_flau_jae_johnson/cutout.png,missing_local_player_asset,error,missing,missing_file,not_available,review_only_not_renderable_until_approved,keep_photo_slot_disabled_until_asset_and_marker_are_reviewed,athlete_images_registry; source_note=missing_review_required; asset_file_missing; cutout_slot_requires_manual_crop_review; path_missing
player_photo,WNBA,athlete,seattle_storm_flau_jae_johnson,Flau'jae Johnson,cutout,assets/leagues/wnba/athletes/seattle_storm_flau_jae_johnson/cutout.png,player_photo_format_problem,warning,missing,missing_file,not_available,review_only_not_renderable_until_approved,replace_with_decodable_png_jpg_or_webp_before_renderer_use,athlete_images_registry; source_note=missing_review_required; asset_file_missing; cutout_slot_requires_manual_crop_review; path_missing
player_photo,WNBA,athlete,seattle_storm_flau_jae_johnson,Flau'jae Johnson,headshot,assets/leagues/wnba/athletes/seattle_storm_flau_jae_johnson/headshot.png,suspicious_or_default_player_approval,warning,approved,valid_raster,meets_player_photo_floor,review_only_manual_source_recheck_required: default_decision_source_manual_recheck_required,recheck_decision_source_source_file_and_approval_timestamp,approved_assets_registry; decision_source=default; source_file=outputs/latest/review_files/athlete_image_approval_pack/downloads/seattle_storm/seattle_storm_flau_jae_johnson__1643428.png; approved_at_utc=2026-06-16T04:22:55.149724+00:00; approved_marker_present; headshot_slot_requires_identity_and_crop_review; image_size=260x190; meets_headshot_floor; default_decision_source_manual_recheck_required; bytes=22962; image_size=260x190
player_photo,WNBA,athlete,seattle_storm_jade_melbourne,Jade Melbourne,cutout,assets/leagues/wnba/athletes/seattle_storm_jade_melbourne/cutout.png,missing_local_player_asset,error,missing,missing_file,not_available,review_only_not_renderable_until_approved,keep_photo_slot_disabled_until_asset_and_marker_are_reviewed,athlete_images_registry; source_note=missing_review_required; asset_file_missing; cutout_slot_requires_manual_crop_review; path_missing
player_photo,WNBA,athlete,seattle_storm_jade_melbourne,Jade Melbourne,cutout,assets/leagues/wnba/athletes/seattle_storm_jade_melbourne/cutout.png,player_photo_format_problem,warning,missing,missing_file,not_available,review_only_not_renderable_until_approved,replace_with_decodable_png_jpg_or_webp_before_renderer_use,athlete_images_registry; source_note=missing_review_required; asset_file_missing; cutout_slot_requires_manual_crop_review; path_missing
player_photo,WNBA,athlete,seattle_storm_jade_melbourne,Jade Melbourne,headshot,assets/leagues/wnba/athletes/seattle_storm_jade_melbourne/headshot.png,suspicious_or_default_player_approval,warning,approved,valid_raster,meets_player_photo_floor,review_only_manual_source_recheck_required: default_decision_source_manual_recheck_required,recheck_decision_source_source_file_and_approval_timestamp,approved_assets_registry; decision_source=default; source_file=outputs/latest/review_files/athlete_image_approval_pack/downloads/seattle_storm/seattle_storm_jade_melbourne__1631141.png; approved_at_utc=2026-06-16T04:22:55.150385+00:00; approved_marker_present; headshot_slot_requires_identity_and_crop_review; image_size=260x190; meets_headshot_floor; default_decision_source_manual_recheck_required; bytes=15197; image_size=260x190
player_photo,WNBA,athlete,seattle_storm_jordan_horston,Jordan Horston,cutout,assets/leagues/wnba/athletes/seattle_storm_jordan_horston/cutout.png,missing_local_player_asset,error,missing,missing_file,not_available,review_only_not_renderable_until_approved,keep_photo_slot_disabled_until_asset_and_marker_are_reviewed,athlete_images_registry; source_note=missing_review_required; asset_file_missing; cutout_slot_requires_manual_crop_review; path_missing
player_photo,WNBA,athlete,seattle_storm_jordan_horston,Jordan Horston,cutout,assets/leagues/wnba/athletes/seattle_storm_jordan_horston/cutout.png,player_photo_format_problem,warning,missing,missing_file,not_available,review_only_not_renderable_until_approved,replace_with_decodable_png_jpg_or_webp_before_renderer_use,athlete_images_registry; source_note=missing_review_required; asset_file_missing; cutout_slot_requires_manual_crop_review; path_missing
player_photo,WNBA,athlete,seattle_storm_jordan_horston,Jordan Horston,headshot,assets/leagues/wnba/athletes/seattle_storm_jordan_horston/headshot.png,suspicious_or_default_player_approval,warning,approved,valid_raster,meets_player_photo_floor,review_only_manual_source_recheck_required: default_decision_source_manual_recheck_required,recheck_decision_source_source_file_and_approval_timestamp,approved_assets_registry; decision_source=default; source_file=outputs/latest/review_files/athlete_image_approval_pack/downloads/seattle_storm/seattle_storm_jordan_horston__1641651.png; approved_at_utc=2026-06-16T04:22:55.152405+00:00; approved_marker_present; headshot_slot_requires_identity_and_crop_review; image_size=260x190; meets_headshot_floor; default_decision_source_manual_recheck_required; bytes=13818; image_size=260x190
player_photo,WNBA,athlete,seattle_storm_katie_lou_samuelson,Katie Lou Samuelson,cutout,assets/leagues/wnba/athletes/seattle_storm_katie_lou_samuelson/cutout.png,missing_local_player_asset,error,missing,missing_file,not_available,review_only_not_renderable_until_approved,keep_photo_slot_disabled_until_asset_and_marker_are_reviewed,athlete_images_registry; source_note=missing_review_required; asset_file_missing; cutout_slot_requires_manual_crop_review; path_missing
player_photo,WNBA,athlete,seattle_storm_katie_lou_samuelson,Katie Lou Samuelson,cutout,assets/leagues/wnba/athletes/seattle_storm_katie_lou_samuelson/cutout.png,player_photo_format_problem,warning,missing,missing_file,not_available,review_only_not_renderable_until_approved,replace_with_decodable_png_jpg_or_webp_before_renderer_use,athlete_images_registry; source_note=missing_review_required; asset_file_missing; cutout_slot_requires_manual_crop_review; path_missing
player_photo,WNBA,athlete,seattle_storm_katie_lou_samuelson,Katie Lou Samuelson,headshot,assets/leagues/wnba/athletes/seattle_storm_katie_lou_samuelson/headshot.png,suspicious_or_default_player_approval,warning,approved,valid_raster,meets_player_photo_floor,review_only_manual_source_recheck_required: default_decision_source_manual_recheck_required,recheck_decision_source_source_file_and_approval_timestamp,approved_assets_registry; decision_source=default; source_file=outputs/latest/review_files/athlete_image_approval_pack/downloads/seattle_storm/seattle_storm_katie_lou_samuelson__1629478.png; approved_at_utc=2026-06-16T04:22:55.152962+00:00; approved_marker_present; headshot_slot_requires_identity_and_crop_review; image_size=260x190; meets_headshot_floor; default_decision_source_manual_recheck_required; bytes=15840; image_size=260x190
player_photo,WNBA,athlete,seattle_storm_mackenzie_holmes,Mackenzie Holmes,cutout,assets/leagues/wnba/athletes/seattle_storm_mackenzie_holmes/cutout.png,missing_local_player_asset,error,missing,missing_file,not_available,review_only_not_renderable_until_approved,keep_photo_slot_disabled_until_asset_and_marker_are_reviewed,athlete_images_registry; source_note=missing_review_required; asset_file_missing; cutout_slot_requires_manual_crop_review; path_missing
player_photo,WNBA,athlete,seattle_storm_mackenzie_holmes,Mackenzie Holmes,cutout,assets/leagues/wnba/athletes/seattle_storm_mackenzie_holmes/cutout.png,player_photo_format_problem,warning,missing,missing_file,not_available,review_only_not_renderable_until_approved,replace_with_decodable_png_jpg_or_webp_before_renderer_use,athlete_images_registry; source_note=missing_review_required; asset_file_missing; cutout_slot_requires_manual_crop_review; path_missing
player_photo,WNBA,athlete,seattle_storm_mackenzie_holmes,Mackenzie Holmes,headshot,assets/leagues/wnba/athletes/seattle_storm_mackenzie_holmes/headshot.png,suspicious_or_default_player_approval,warning,approved,valid_raster,meets_player_photo_floor,review_only_manual_source_recheck_required: default_decision_source_manual_recheck_required,recheck_decision_source_source_file_and_approval_timestamp,approved_assets_registry; decision_source=default; source_file=outputs/latest/review_files/athlete_image_approval_pack/downloads/seattle_storm/seattle_storm_mackenzie_holmes__1642307.png; approved_at_utc=2026-06-16T04:22:55.153242+00:00; approved_marker_present; headshot_slot_requires_identity_and_crop_review; image_size=260x190; meets_headshot_floor; default_decision_source_manual_recheck_required; bytes=18272; image_size=260x190
player_photo,WNBA,athlete,seattle_storm_natisha_hiedeman,Natisha Hiedeman,cutout,assets/leagues/wnba/athletes/seattle_storm_natisha_hiedeman/cutout.png,missing_local_player_asset,error,missing,missing_file,not_available,review_only_not_renderable_until_approved,keep_photo_slot_disabled_until_asset_and_marker_are_reviewed,athlete_images_registry; source_note=missing_review_required; asset_file_missing; cutout_slot_requires_manual_crop_review; path_missing
player_photo,WNBA,athlete,seattle_storm_natisha_hiedeman,Natisha Hiedeman,cutout,assets/leagues/wnba/athletes/seattle_storm_natisha_hiedeman/cutout.png,player_photo_format_problem,warning,missing,missing_file,not_available,review_only_not_renderable_until_approved,replace_with_decodable_png_jpg_or_webp_before_renderer_use,athlete_images_registry; source_note=missing_review_required; asset_file_missing; cutout_slot_requires_manual_crop_review; path_missing
player_photo,WNBA,athlete,seattle_storm_natisha_hiedeman,Natisha Hiedeman,headshot,assets/leagues/wnba/athletes/seattle_storm_natisha_hiedeman/headshot.png,suspicious_or_default_player_approval,warning,approved,valid_raster,meets_player_photo_floor,review_only_manual_source_recheck_required: default_decision_source_manual_recheck_required,recheck_decision_source_source_file_and_approval_timestamp,approved_assets_registry; decision_source=default; source_file=outputs/latest/review_files/athlete_image_approval_pack/downloads/seattle_storm/seattle_storm_natisha_hiedeman__1629567.png; approved_at_utc=2026-06-16T04:22:55.149364+00:00; approved_marker_present; headshot_slot_requires_identity_and_crop_review; image_size=260x190; meets_headshot_floor; default_decision_source_manual_recheck_required; bytes=15666; image_size=260x190
player_photo,WNBA,athlete,seattle_storm_stefanie_dolson,Stefanie Dolson,cutout,assets/leagues/wnba/athletes/seattle_storm_stefanie_dolson/cutout.png,missing_local_player_asset,error,missing,missing_file,not_available,review_only_not_renderable_until_approved,keep_photo_slot_disabled_until_asset_and_marker_are_reviewed,athlete_images_registry; source_note=missing_review_required; asset_file_missing; cutout_slot_requires_manual_crop_review; path_missing
player_photo,WNBA,athlete,seattle_storm_stefanie_dolson,Stefanie Dolson,cutout,assets/leagues/wnba/athletes/seattle_storm_stefanie_dolson/cutout.png,player_photo_format_problem,warning,missing,missing_file,not_available,review_only_not_renderable_until_approved,replace_with_decodable_png_jpg_or_webp_before_renderer_use,athlete_images_registry; source_note=missing_review_required; asset_file_missing; cutout_slot_requires_manual_crop_review; path_missing
player_photo,WNBA,athlete,seattle_storm_stefanie_dolson,Stefanie Dolson,headshot,assets/leagues/wnba/athletes/seattle_storm_stefanie_dolson/headshot.png,suspicious_or_default_player_approval,warning,approved,valid_raster,meets_player_photo_floor,review_only_manual_source_recheck_required: default_decision_source_manual_recheck_required,recheck_decision_source_source_file_and_approval_timestamp,approved_assets_registry; decision_source=default; source_file=outputs/latest/review_files/athlete_image_approval_pack/downloads/seattle_storm/seattle_storm_stefanie_dolson__203828.png; approved_at_utc=2026-06-16T04:22:55.152690+00:00; approved_marker_present; headshot_slot_requires_identity_and_crop_review; image_size=260x190; meets_headshot_floor; default_decision_source_manual_recheck_required; bytes=17670; image_size=260x190
player_photo,WNBA,athlete,seattle_storm_taina_mair,Taina Mair,cutout,assets/leagues/wnba/athletes/seattle_storm_taina_mair/cutout.png,missing_local_player_asset,error,missing,missing_file,not_available,review_only_not_renderable_until_approved,keep_photo_slot_disabled_until_asset_and_marker_are_reviewed,athlete_images_registry; source_note=missing_review_required; asset_file_missing; cutout_slot_requires_manual_crop_review; path_missing
player_photo,WNBA,athlete,seattle_storm_taina_mair,Taina Mair,cutout,assets/leagues/wnba/athletes/seattle_storm_taina_mair/cutout.png,player_photo_format_problem,warning,missing,missing_file,not_available,review_only_not_renderable_until_approved,replace_with_decodable_png_jpg_or_webp_before_renderer_use,athlete_images_registry; source_note=missing_review_required; asset_file_missing; cutout_slot_requires_manual_crop_review; path_missing
player_photo,WNBA,athlete,seattle_storm_taina_mair,Taina Mair,headshot,assets/leagues/wnba/athletes/seattle_storm_taina_mair/headshot.png,suspicious_or_default_player_approval,warning,approved,valid_raster,meets_player_photo_floor,review_only_manual_source_recheck_required: default_decision_source_manual_recheck_required,recheck_decision_source_source_file_and_approval_timestamp,approved_assets_registry; decision_source=default; source_file=outputs/latest/review_files/athlete_image_approval_pack/downloads/seattle_storm/seattle_storm_taina_mair__1643473.png; approved_at_utc=2026-06-16T04:22:55.152125+00:00; approved_marker_present; headshot_slot_requires_identity_and_crop_review; image_size=260x190; meets_headshot_floor; default_decision_source_manual_recheck_required; bytes=15474; image_size=260x190
player_photo,WNBA,athlete,seattle_storm_taylor_thierry,Taylor Thierry,cutout,assets/leagues/wnba/athletes/seattle_storm_taylor_thierry/cutout.png,missing_local_player_asset,error,missing,missing_file,not_available,review_only_not_renderable_until_approved,keep_photo_slot_disabled_until_asset_and_marker_are_reviewed,athlete_images_registry; source_note=missing_review_required; asset_file_missing; cutout_slot_requires_manual_crop_review; path_missing
player_photo,WNBA,athlete,seattle_storm_taylor_thierry,Taylor Thierry,cutout,assets/leagues/wnba/athletes/seattle_storm_taylor_thierry/cutout.png,player_photo_format_problem,warning,missing,missing_file,not_available,review_only_not_renderable_until_approved,replace_with_decodable_png_jpg_or_webp_before_renderer_use,athlete_images_registry; source_note=missing_review_required; asset_file_missing; cutout_slot_requires_manual_crop_review; path_missing
player_photo,WNBA,athlete,seattle_storm_taylor_thierry,Taylor Thierry,headshot,assets/leagues/wnba/athletes/seattle_storm_taylor_thierry/headshot.png,suspicious_or_default_player_approval,warning,approved,valid_raster,meets_player_photo_floor,review_only_manual_source_recheck_required: default_decision_source_manual_recheck_required,recheck_decision_source_source_file_and_approval_timestamp,approved_assets_registry; decision_source=default; source_file=outputs/latest/review_files/athlete_image_approval_pack/downloads/seattle_storm/seattle_storm_taylor_thierry__1642814.png; approved_at_utc=2026-06-16T04:22:55.150064+00:00; approved_marker_present; headshot_slot_requires_identity_and_crop_review; image_size=260x190; meets_headshot_floor; default_decision_source_manual_recheck_required; bytes=17106; image_size=260x190
player_photo,WNBA,athlete,seattle_storm_zia_cooke,Zia Cooke,cutout,assets/leagues/wnba/athletes/seattle_storm_zia_cooke/cutout.png,missing_local_player_asset,error,missing,missing_file,not_available,review_only_not_renderable_until_approved,keep_photo_slot_disabled_until_asset_and_marker_are_reviewed,athlete_images_registry; source_note=missing_review_required; asset_file_missing; cutout_slot_requires_manual_crop_review; path_missing
player_photo,WNBA,athlete,seattle_storm_zia_cooke,Zia Cooke,cutout,assets/leagues/wnba/athletes/seattle_storm_zia_cooke/cutout.png,player_photo_format_problem,warning,missing,missing_file,not_available,review_only_not_renderable_until_approved,replace_with_decodable_png_jpg_or_webp_before_renderer_use,athlete_images_registry; source_note=missing_review_required; asset_file_missing; cutout_slot_requires_manual_crop_review; path_missing
player_photo,WNBA,athlete,seattle_storm_zia_cooke,Zia Cooke,headshot,assets/leagues/wnba/athletes/seattle_storm_zia_cooke/headshot.png,suspicious_or_default_player_approval,warning,approved,valid_raster,meets_player_photo_floor,review_only_manual_source_recheck_required: default_decision_source_manual_recheck_required,recheck_decision_source_source_file_and_approval_timestamp,approved_assets_registry; decision_source=default; source_file=outputs/latest/review_files/athlete_image_approval_pack/downloads/seattle_storm/seattle_storm_zia_cooke__1641660.png; approved_at_utc=2026-06-16T04:22:55.150759+00:00; approved_marker_present; headshot_slot_requires_identity_and_crop_review; image_size=260x190; meets_headshot_floor; default_decision_source_manual_recheck_required; bytes=23906; image_size=260x190
player_photo,WNBA,athlete,toronto_tempo_brittney_sykes,Brittney Sykes,cutout,assets/leagues/wnba/athletes/toronto_tempo_brittney_sykes/cutout.png,missing_local_player_asset,error,missing,missing_file,not_available,review_only_not_renderable_until_approved,keep_photo_slot_disabled_until_asset_and_marker_are_reviewed,athlete_images_registry; source_note=missing_review_required; asset_file_missing; cutout_slot_requires_manual_crop_review; path_missing
player_photo,WNBA,athlete,toronto_tempo_brittney_sykes,Brittney Sykes,cutout,assets/leagues/wnba/athletes/toronto_tempo_brittney_sykes/cutout.png,player_photo_format_problem,warning,missing,missing_file,not_available,review_only_not_renderable_until_approved,replace_with_decodable_png_jpg_or_webp_before_renderer_use,athlete_images_registry; source_note=missing_review_required; asset_file_missing; cutout_slot_requires_manual_crop_review; path_missing
player_photo,WNBA,athlete,toronto_tempo_brittney_sykes,Brittney Sykes,headshot,assets/leagues/wnba/athletes/toronto_tempo_brittney_sykes/headshot.png,suspicious_or_default_player_approval,warning,approved,valid_raster,meets_player_photo_floor,review_only_manual_source_recheck_required: default_decision_source_manual_recheck_required,recheck_decision_source_source_file_and_approval_timestamp,approved_assets_registry; decision_source=default; source_file=outputs/latest/review_files/athlete_image_approval_pack/downloads/toronto_tempo/toronto_tempo_brittney_sykes__1628279.png; approved_at_utc=2026-06-16T04:22:55.115606+00:00; approved_marker_present; headshot_slot_requires_identity_and_crop_review; image_size=260x190; meets_headshot_floor; default_decision_source_manual_recheck_required; bytes=17135; image_size=260x190
player_photo,WNBA,athlete,toronto_tempo_isabelle_harrison,Isabelle Harrison,cutout,assets/leagues/wnba/athletes/toronto_tempo_isabelle_harrison/cutout.png,missing_local_player_asset,error,missing,missing_file,not_available,review_only_not_renderable_until_approved,keep_photo_slot_disabled_until_asset_and_marker_are_reviewed,athlete_images_registry; source_note=missing_review_required; asset_file_missing; cutout_slot_requires_manual_crop_review; path_missing
player_photo,WNBA,athlete,toronto_tempo_isabelle_harrison,Isabelle Harrison,cutout,assets/leagues/wnba/athletes/toronto_tempo_isabelle_harrison/cutout.png,player_photo_format_problem,warning,missing,missing_file,not_available,review_only_not_renderable_until_approved,replace_with_decodable_png_jpg_or_webp_before_renderer_use,athlete_images_registry; source_note=missing_review_required; asset_file_missing; cutout_slot_requires_manual_crop_review; path_missing
player_photo,WNBA,athlete,toronto_tempo_isabelle_harrison,Isabelle Harrison,headshot,assets/leagues/wnba/athletes/toronto_tempo_isabelle_harrison/headshot.png,suspicious_or_default_player_approval,warning,approved,valid_raster,meets_player_photo_floor,review_only_manual_source_recheck_required: default_decision_source_manual_recheck_required,recheck_decision_source_source_file_and_approval_timestamp,approved_assets_registry; decision_source=default; source_file=outputs/latest/review_files/athlete_image_approval_pack/downloads/toronto_tempo/toronto_tempo_isabelle_harrison__204330.png; approved_at_utc=2026-06-16T04:22:55.115907+00:00; approved_marker_present; headshot_slot_requires_identity_and_crop_review; image_size=260x190; meets_headshot_floor; default_decision_source_manual_recheck_required; bytes=20810; image_size=260x190
player_photo,WNBA,athlete,toronto_tempo_julie_allemand,Julie Allemand,cutout,assets/leagues/wnba/athletes/toronto_tempo_julie_allemand/cutout.png,missing_local_player_asset,error,missing,missing_file,not_available,review_only_not_renderable_until_approved,keep_photo_slot_disabled_until_asset_and_marker_are_reviewed,athlete_images_registry; source_note=missing_review_required; asset_file_missing; cutout_slot_requires_manual_crop_review; path_missing
player_photo,WNBA,athlete,toronto_tempo_julie_allemand,Julie Allemand,cutout,assets/leagues/wnba/athletes/toronto_tempo_julie_allemand/cutout.png,player_photo_format_problem,warning,missing,missing_file,not_available,review_only_not_renderable_until_approved,replace_with_decodable_png_jpg_or_webp_before_renderer_use,athlete_images_registry; source_note=missing_review_required; asset_file_missing; cutout_slot_requires_manual_crop_review; path_missing
player_photo,WNBA,athlete,toronto_tempo_julie_allemand,Julie Allemand,headshot,assets/leagues/wnba/athletes/toronto_tempo_julie_allemand/headshot.png,suspicious_or_default_player_approval,warning,approved,valid_raster,meets_player_photo_floor,review_only_manual_source_recheck_required: default_decision_source_manual_recheck_required,recheck_decision_source_source_file_and_approval_timestamp,approved_assets_registry; decision_source=default; source_file=outputs/latest/review_files/athlete_image_approval_pack/downloads/toronto_tempo/toronto_tempo_julie_allemand__1627700.png; approved_at_utc=2026-06-16T04:22:55.116176+00:00; approved_marker_present; headshot_slot_requires_identity_and_crop_review; image_size=260x190; meets_headshot_floor; default_decision_source_manual_recheck_required; bytes=16350; image_size=260x190
player_photo,WNBA,athlete,toronto_tempo_kia_nurse,Kia Nurse,cutout,assets/leagues/wnba/athletes/toronto_tempo_kia_nurse/cutout.png,missing_local_player_asset,error,missing,missing_file,not_available,review_only_not_renderable_until_approved,keep_photo_slot_disabled_until_asset_and_marker_are_reviewed,athlete_images_registry; source_note=missing_review_required; asset_file_missing; cutout_slot_requires_manual_crop_review; path_missing
player_photo,WNBA,athlete,toronto_tempo_kia_nurse,Kia Nurse,cutout,assets/leagues/wnba/athletes/toronto_tempo_kia_nurse/cutout.png,player_photo_format_problem,warning,missing,missing_file,not_available,review_only_not_renderable_until_approved,replace_with_decodable_png_jpg_or_webp_before_renderer_use,athlete_images_registry; source_note=missing_review_required; asset_file_missing; cutout_slot_requires_manual_crop_review; path_missing
player_photo,WNBA,athlete,toronto_tempo_kia_nurse,Kia Nurse,headshot,assets/leagues/wnba/athletes/toronto_tempo_kia_nurse/headshot.png,suspicious_or_default_player_approval,warning,approved,valid_raster,meets_player_photo_floor,review_only_manual_source_recheck_required: default_decision_source_manual_recheck_required,recheck_decision_source_source_file_and_approval_timestamp,approved_assets_registry; decision_source=default; source_file=outputs/latest/review_files/athlete_image_approval_pack/downloads/toronto_tempo/toronto_tempo_kia_nurse__1628915.png; approved_at_utc=2026-06-16T04:22:55.115058+00:00; approved_marker_present; headshot_slot_requires_identity_and_crop_review; image_size=260x190; meets_headshot_floor; default_decision_source_manual_recheck_required; bytes=24219; image_size=260x190
player_photo,WNBA,athlete,toronto_tempo_kiki_rice,Kiki Rice,cutout,assets/leagues/wnba/athletes/toronto_tempo_kiki_rice/cutout.png,missing_local_player_asset,error,missing,missing_file,not_available,review_only_not_renderable_until_approved,keep_photo_slot_disabled_until_asset_and_marker_are_reviewed,athlete_images_registry; source_note=missing_review_required; asset_file_missing; cutout_slot_requires_manual_crop_review; path_missing
player_photo,WNBA,athlete,toronto_tempo_kiki_rice,Kiki Rice,cutout,assets/leagues/wnba/athletes/toronto_tempo_kiki_rice/cutout.png,player_photo_format_problem,warning,missing,missing_file,not_available,review_only_not_renderable_until_approved,replace_with_decodable_png_jpg_or_webp_before_renderer_use,athlete_images_registry; source_note=missing_review_required; asset_file_missing; cutout_slot_requires_manual_crop_review; path_missing
player_photo,WNBA,athlete,toronto_tempo_kiki_rice,Kiki Rice,headshot,assets/leagues/wnba/athletes/toronto_tempo_kiki_rice/headshot.png,suspicious_or_default_player_approval,warning,approved,valid_raster,meets_player_photo_floor,review_only_manual_source_recheck_required: default_decision_source_manual_recheck_required,recheck_decision_source_source_file_and_approval_timestamp,approved_assets_registry; decision_source=default; source_file=outputs/latest/review_files/athlete_image_approval_pack/downloads/toronto_tempo/toronto_tempo_kiki_rice__1643445.png; approved_at_utc=2026-06-16T04:22:55.113653+00:00; approved_marker_present; headshot_slot_requires_identity_and_crop_review; image_size=260x190; meets_headshot_floor; default_decision_source_manual_recheck_required; bytes=20058; image_size=260x190
player_photo,WNBA,athlete,toronto_tempo_laura_juskaite,Laura Juskaite,cutout,assets/leagues/wnba/athletes/toronto_tempo_laura_juskaite/cutout.png,missing_local_player_asset,error,missing,missing_file,not_available,review_only_not_renderable_until_approved,keep_photo_slot_disabled_until_asset_and_marker_are_reviewed,athlete_images_registry; source_note=missing_review_required; asset_file_missing; cutout_slot_requires_manual_crop_review; path_missing
player_photo,WNBA,athlete,toronto_tempo_laura_juskaite,Laura Juskaite,cutout,assets/leagues/wnba/athletes/toronto_tempo_laura_juskaite/cutout.png,player_photo_format_problem,warning,missing,missing_file,not_available,review_only_not_renderable_until_approved,replace_with_decodable_png_jpg_or_webp_before_renderer_use,athlete_images_registry; source_note=missing_review_required; asset_file_missing; cutout_slot_requires_manual_crop_review; path_missing
player_photo,WNBA,athlete,toronto_tempo_laura_juskaite,Laura Juskaite,headshot,assets/leagues/wnba/athletes/toronto_tempo_laura_juskaite/headshot.png,suspicious_or_default_player_approval,warning,approved,valid_raster,meets_player_photo_floor,review_only_manual_source_recheck_required: default_decision_source_manual_recheck_required,recheck_decision_source_source_file_and_approval_timestamp,approved_assets_registry; decision_source=default; source_file=outputs/latest/review_files/athlete_image_approval_pack/downloads/toronto_tempo/toronto_tempo_laura_juskaite__1643420.png; approved_at_utc=2026-06-16T04:22:55.113937+00:00; approved_marker_present; headshot_slot_requires_identity_and_crop_review; image_size=260x190; meets_headshot_floor; default_decision_source_manual_recheck_required; bytes=19511; image_size=260x190
player_photo,WNBA,athlete,toronto_tempo_maria_conde,Maria Conde,cutout,assets/leagues/wnba/athletes/toronto_tempo_maria_conde/cutout.png,missing_local_player_asset,error,missing,missing_file,not_available,review_only_not_renderable_until_approved,keep_photo_slot_disabled_until_asset_and_marker_are_reviewed,athlete_images_registry; source_note=missing_review_required; asset_file_missing; cutout_slot_requires_manual_crop_review; path_missing
player_photo,WNBA,athlete,toronto_tempo_maria_conde,Maria Conde,cutout,assets/leagues/wnba/athletes/toronto_tempo_maria_conde/cutout.png,player_photo_format_problem,warning,missing,missing_file,not_available,review_only_not_renderable_until_approved,replace_with_decodable_png_jpg_or_webp_before_renderer_use,athlete_images_registry; source_note=missing_review_required; asset_file_missing; cutout_slot_requires_manual_crop_review; path_missing
player_photo,WNBA,athlete,toronto_tempo_maria_conde,Maria Conde,headshot,assets/leagues/wnba/athletes/toronto_tempo_maria_conde/headshot.png,missing_local_player_asset,error,missing,missing_file,not_available,review_only_not_renderable_until_approved,keep_photo_slot_disabled_until_asset_and_marker_are_reviewed,match_review_registry; status=needs_human_approval; image_url=https://cdn.wnba.com/headshots/wnba/latest/260x190/1629576.png; confidence=0.72; asset_file_missing; headshot_slot_requires_identity_and_crop_review; path_missing
player_photo,WNBA,athlete,toronto_tempo_maria_conde,Maria Conde,headshot,assets/leagues/wnba/athletes/toronto_tempo_maria_conde/headshot.png,player_photo_format_problem,warning,missing,missing_file,not_available,review_only_not_renderable_until_approved,replace_with_decodable_png_jpg_or_webp_before_renderer_use,match_review_registry; status=needs_human_approval; image_url=https://cdn.wnba.com/headshots/wnba/latest/260x190/1629576.png; confidence=0.72; asset_file_missing; headshot_slot_requires_identity_and_crop_review; path_missing
player_photo,WNBA,athlete,toronto_tempo_marina_mabrey,Marina Mabrey,cutout,assets/leagues/wnba/athletes/toronto_tempo_marina_mabrey/cutout.png,missing_local_player_asset,error,missing,missing_file,not_available,review_only_not_renderable_until_approved,keep_photo_slot_disabled_until_asset_and_marker_are_reviewed,athlete_images_registry; source_note=missing_review_required; asset_file_missing; cutout_slot_requires_manual_crop_review; path_missing
player_photo,WNBA,athlete,toronto_tempo_marina_mabrey,Marina Mabrey,cutout,assets/leagues/wnba/athletes/toronto_tempo_marina_mabrey/cutout.png,player_photo_format_problem,warning,missing,missing_file,not_available,review_only_not_renderable_until_approved,replace_with_decodable_png_jpg_or_webp_before_renderer_use,athlete_images_registry; source_note=missing_review_required; asset_file_missing; cutout_slot_requires_manual_crop_review; path_missing
player_photo,WNBA,athlete,toronto_tempo_marina_mabrey,Marina Mabrey,headshot,assets/leagues/wnba/athletes/toronto_tempo_marina_mabrey/headshot.png,suspicious_or_default_player_approval,warning,approved,valid_raster,meets_player_photo_floor,review_only_manual_source_recheck_required: default_decision_source_manual_recheck_required,recheck_decision_source_source_file_and_approval_timestamp,approved_assets_registry; decision_source=default; source_file=outputs/latest/review_files/athlete_image_approval_pack/downloads/toronto_tempo/toronto_tempo_marina_mabrey__1629497.png; approved_at_utc=2026-06-16T04:22:55.114211+00:00; approved_marker_present; headshot_slot_requires_identity_and_crop_review; image_size=260x190; meets_headshot_floor; default_decision_source_manual_recheck_required; bytes=17757; image_size=260x190
player_photo,WNBA,athlete,toronto_tempo_nyara_sabally,Nyara Sabally,cutout,assets/leagues/wnba/athletes/toronto_tempo_nyara_sabally/cutout.png,missing_local_player_asset,error,missing,missing_file,not_available,review_only_not_renderable_until_approved,keep_photo_slot_disabled_until_asset_and_marker_are_reviewed,athlete_images_registry; source_note=missing_review_required; asset_file_missing; cutout_slot_requires_manual_crop_review; path_missing
player_photo,WNBA,athlete,toronto_tempo_nyara_sabally,Nyara Sabally,cutout,assets/leagues/wnba/athletes/toronto_tempo_nyara_sabally/cutout.png,player_photo_format_problem,warning,missing,missing_file,not_available,review_only_not_renderable_until_approved,replace_with_decodable_png_jpg_or_webp_before_renderer_use,athlete_images_registry; source_note=missing_review_required; asset_file_missing; cutout_slot_requires_manual_crop_review; path_missing
player_photo,WNBA,athlete,toronto_tempo_nyara_sabally,Nyara Sabally,headshot,assets/leagues/wnba/athletes/toronto_tempo_nyara_sabally/headshot.png,suspicious_or_default_player_approval,warning,approved,valid_raster,meets_player_photo_floor,review_only_manual_source_recheck_required: default_decision_source_manual_recheck_required,recheck_decision_source_source_file_and_approval_timestamp,approved_assets_registry; decision_source=default; source_file=outputs/latest/review_files/athlete_image_approval_pack/downloads/toronto_tempo/toronto_tempo_nyara_sabally__1631055.png; approved_at_utc=2026-06-16T04:22:55.114770+00:00; approved_marker_present; headshot_slot_requires_identity_and_crop_review; image_size=260x190; meets_headshot_floor; default_decision_source_manual_recheck_required; bytes=16350; image_size=260x190
player_photo,WNBA,athlete,toronto_tempo_temi_fagbenle,Temi Fagbenle,cutout,assets/leagues/wnba/athletes/toronto_tempo_temi_fagbenle/cutout.png,missing_local_player_asset,error,missing,missing_file,not_available,review_only_not_renderable_until_approved,keep_photo_slot_disabled_until_asset_and_marker_are_reviewed,athlete_images_registry; source_note=missing_review_required; asset_file_missing; cutout_slot_requires_manual_crop_review; path_missing
player_photo,WNBA,athlete,toronto_tempo_temi_fagbenle,Temi Fagbenle,cutout,assets/leagues/wnba/athletes/toronto_tempo_temi_fagbenle/cutout.png,player_photo_format_problem,warning,missing,missing_file,not_available,review_only_not_renderable_until_approved,replace_with_decodable_png_jpg_or_webp_before_renderer_use,athlete_images_registry; source_note=missing_review_required; asset_file_missing; cutout_slot_requires_manual_crop_review; path_missing
player_photo,WNBA,athlete,toronto_tempo_temi_fagbenle,Temi Fagbenle,headshot,assets/leagues/wnba/athletes/toronto_tempo_temi_fagbenle/headshot.png,suspicious_or_default_player_approval,warning,approved,valid_raster,meets_player_photo_floor,review_only_manual_source_recheck_required: default_decision_source_manual_recheck_required,recheck_decision_source_source_file_and_approval_timestamp,approved_assets_registry; decision_source=default; source_file=outputs/latest/review_files/athlete_image_approval_pack/downloads/toronto_tempo/toronto_tempo_temi_fagbenle__1627701.png; approved_at_utc=2026-06-16T04:22:55.115333+00:00; approved_marker_present; headshot_slot_requires_identity_and_crop_review; image_size=260x190; meets_headshot_floor; default_decision_source_manual_recheck_required; bytes=22713; image_size=260x190
player_photo,WNBA,athlete,toronto_tempo_teonni_key,Teonni Key,cutout,assets/leagues/wnba/athletes/toronto_tempo_teonni_key/cutout.png,missing_local_player_asset,error,missing,missing_file,not_available,review_only_not_renderable_until_approved,keep_photo_slot_disabled_until_asset_and_marker_are_reviewed,athlete_images_registry; source_note=missing_review_required; asset_file_missing; cutout_slot_requires_manual_crop_review; path_missing
player_photo,WNBA,athlete,toronto_tempo_teonni_key,Teonni Key,cutout,assets/leagues/wnba/athletes/toronto_tempo_teonni_key/cutout.png,player_photo_format_problem,warning,missing,missing_file,not_available,review_only_not_renderable_until_approved,replace_with_decodable_png_jpg_or_webp_before_renderer_use,athlete_images_registry; source_note=missing_review_required; asset_file_missing; cutout_slot_requires_manual_crop_review; path_missing
player_photo,WNBA,athlete,toronto_tempo_teonni_key,Teonni Key,headshot,assets/leagues/wnba/athletes/toronto_tempo_teonni_key/headshot.png,suspicious_or_default_player_approval,warning,approved,valid_raster,meets_player_photo_floor,review_only_manual_source_recheck_required: default_decision_source_manual_recheck_required,recheck_decision_source_source_file_and_approval_timestamp,approved_assets_registry; decision_source=default; source_file=outputs/latest/review_files/athlete_image_approval_pack/downloads/toronto_tempo/toronto_tempo_teonni_key__1643457.png; approved_at_utc=2026-06-16T04:22:55.114478+00:00; approved_marker_present; headshot_slot_requires_identity_and_crop_review; image_size=260x190; meets_headshot_floor; default_decision_source_manual_recheck_required; bytes=20429; image_size=260x190
player_photo,WNBA,athlete,toronto_tempo_tima_pouye,Tima Pouye,cutout,assets/leagues/wnba/athletes/toronto_tempo_tima_pouye/cutout.png,missing_local_player_asset,error,missing,missing_file,not_available,review_only_not_renderable_until_approved,keep_photo_slot_disabled_until_asset_and_marker_are_reviewed,athlete_images_registry; source_note=missing_review_required; asset_file_missing; cutout_slot_requires_manual_crop_review; path_missing
player_photo,WNBA,athlete,toronto_tempo_tima_pouye,Tima Pouye,cutout,assets/leagues/wnba/athletes/toronto_tempo_tima_pouye/cutout.png,player_photo_format_problem,warning,missing,missing_file,not_available,review_only_not_renderable_until_approved,replace_with_decodable_png_jpg_or_webp_before_renderer_use,athlete_images_registry; source_note=missing_review_required; asset_file_missing; cutout_slot_requires_manual_crop_review; path_missing
player_photo,WNBA,athlete,toronto_tempo_tima_pouye,Tima Pouye,headshot,assets/leagues/wnba/athletes/toronto_tempo_tima_pouye/headshot.png,missing_local_player_asset,error,missing,missing_file,not_available,review_only_not_renderable_until_approved,keep_photo_slot_disabled_until_asset_and_marker_are_reviewed,match_review_registry; status=needs_human_approval; image_url=https://cdn.wnba.com/headshots/wnba/latest/260x190/1643647.png; confidence=0.72; asset_file_missing; headshot_slot_requires_identity_and_crop_review; path_missing
player_photo,WNBA,athlete,toronto_tempo_tima_pouye,Tima Pouye,headshot,assets/leagues/wnba/athletes/toronto_tempo_tima_pouye/headshot.png,player_photo_format_problem,warning,missing,missing_file,not_available,review_only_not_renderable_until_approved,replace_with_decodable_png_jpg_or_webp_before_renderer_use,match_review_registry; status=needs_human_approval; image_url=https://cdn.wnba.com/headshots/wnba/latest/260x190/1643647.png; confidence=0.72; asset_file_missing; headshot_slot_requires_identity_and_crop_review; path_missing
player_photo,WNBA,athlete,washington_mystics_alicia_florez,Alicia Florez,cutout,assets/leagues/wnba/athletes/washington_mystics_alicia_florez/cutout.png,missing_local_player_asset,error,missing,missing_file,not_available,review_only_not_renderable_until_approved,keep_photo_slot_disabled_until_asset_and_marker_are_reviewed,athlete_images_registry; source_note=missing_review_required; asset_file_missing; cutout_slot_requires_manual_crop_review; path_missing
player_photo,WNBA,athlete,washington_mystics_alicia_florez,Alicia Florez,cutout,assets/leagues/wnba/athletes/washington_mystics_alicia_florez/cutout.png,player_photo_format_problem,warning,missing,missing_file,not_available,review_only_not_renderable_until_approved,replace_with_decodable_png_jpg_or_webp_before_renderer_use,athlete_images_registry; source_note=missing_review_required; asset_file_missing; cutout_slot_requires_manual_crop_review; path_missing
player_photo,WNBA,athlete,washington_mystics_alicia_florez,Alicia Florez,headshot,assets/leagues/wnba/athletes/washington_mystics_alicia_florez/headshot.png,suspicious_or_default_player_approval,warning,approved,valid_raster,meets_player_photo_floor,review_only_manual_source_recheck_required: default_decision_source_manual_recheck_required,recheck_decision_source_source_file_and_approval_timestamp,approved_assets_registry; decision_source=default; source_file=outputs/latest/review_files/athlete_image_approval_pack/downloads/washington_mystics/washington_mystics_alicia_florez__1643644.png; approved_at_utc=2026-06-16T04:22:55.116758+00:00; approved_marker_present; headshot_slot_requires_identity_and_crop_review; image_size=260x190; meets_headshot_floor; default_decision_source_manual_recheck_required; bytes=17716; image_size=260x190
player_photo,WNBA,athlete,washington_mystics_angela_dugalic,Angela Dugalic,cutout,assets/leagues/wnba/athletes/washington_mystics_angela_dugalic/cutout.png,missing_local_player_asset,error,missing,missing_file,not_available,review_only_not_renderable_until_approved,keep_photo_slot_disabled_until_asset_and_marker_are_reviewed,athlete_images_registry; source_note=missing_review_required; asset_file_missing; cutout_slot_requires_manual_crop_review; path_missing
player_photo,WNBA,athlete,washington_mystics_angela_dugalic,Angela Dugalic,cutout,assets/leagues/wnba/athletes/washington_mystics_angela_dugalic/cutout.png,player_photo_format_problem,warning,missing,missing_file,not_available,review_only_not_renderable_until_approved,replace_with_decodable_png_jpg_or_webp_before_renderer_use,athlete_images_registry; source_note=missing_review_required; asset_file_missing; cutout_slot_requires_manual_crop_review; path_missing
player_photo,WNBA,athlete,washington_mystics_angela_dugalic,Angela Dugalic,headshot,assets/leagues/wnba/athletes/washington_mystics_angela_dugalic/headshot.png,suspicious_or_default_player_approval,warning,approved,valid_raster,meets_player_photo_floor,review_only_manual_source_recheck_required: default_decision_source_manual_recheck_required,recheck_decision_source_source_file_and_approval_timestamp,approved_assets_registry; decision_source=default; source_file=outputs/latest/review_files/athlete_image_approval_pack/downloads/washington_mystics/washington_mystics_angela_dugalic__1643455.png; approved_at_utc=2026-06-16T04:22:55.119095+00:00; approved_marker_present; headshot_slot_requires_identity_and_crop_review; image_size=260x190; meets_headshot_floor; default_decision_source_manual_recheck_required; bytes=22032; image_size=260x190
player_photo,WNBA,athlete,washington_mystics_cassandre_prosper,Cassandre Prosper,cutout,assets/leagues/wnba/athletes/washington_mystics_cassandre_prosper/cutout.png,missing_local_player_asset,error,missing,missing_file,not_available,review_only_not_renderable_until_approved,keep_photo_slot_disabled_until_asset_and_marker_are_reviewed,athlete_images_registry; source_note=missing_review_required; asset_file_missing; cutout_slot_requires_manual_crop_review; path_missing
player_photo,WNBA,athlete,washington_mystics_cassandre_prosper,Cassandre Prosper,cutout,assets/leagues/wnba/athletes/washington_mystics_cassandre_prosper/cutout.png,player_photo_format_problem,warning,missing,missing_file,not_available,review_only_not_renderable_until_approved,replace_with_decodable_png_jpg_or_webp_before_renderer_use,athlete_images_registry; source_note=missing_review_required; asset_file_missing; cutout_slot_requires_manual_crop_review; path_missing
player_photo,WNBA,athlete,washington_mystics_cassandre_prosper,Cassandre Prosper,headshot,assets/leagues/wnba/athletes/washington_mystics_cassandre_prosper/headshot.png,suspicious_or_default_player_approval,warning,approved,valid_raster,meets_player_photo_floor,review_only_manual_source_recheck_required: default_decision_source_manual_recheck_required,recheck_decision_source_source_file_and_approval_timestamp,approved_assets_registry; decision_source=default; source_file=outputs/latest/review_files/athlete_image_approval_pack/downloads/washington_mystics/washington_mystics_cassandre_prosper__1643467.png; approved_at_utc=2026-06-16T04:22:55.118241+00:00; approved_marker_present; headshot_slot_requires_identity_and_crop_review; image_size=260x190; meets_headshot_floor; default_decision_source_manual_recheck_required; bytes=17935; image_size=260x190
player_photo,WNBA,athlete,washington_mystics_cotie_mcmahon,Cotie McMahon,cutout,assets/leagues/wnba/athletes/washington_mystics_cotie_mcmahon/cutout.png,missing_local_player_asset,error,missing,missing_file,not_available,review_only_not_renderable_until_approved,keep_photo_slot_disabled_until_asset_and_marker_are_reviewed,athlete_images_registry; source_note=missing_review_required; asset_file_missing; cutout_slot_requires_manual_crop_review; path_missing
player_photo,WNBA,athlete,washington_mystics_cotie_mcmahon,Cotie McMahon,cutout,assets/leagues/wnba/athletes/washington_mystics_cotie_mcmahon/cutout.png,player_photo_format_problem,warning,missing,missing_file,not_available,review_only_not_renderable_until_approved,replace_with_decodable_png_jpg_or_webp_before_renderer_use,athlete_images_registry; source_note=missing_review_required; asset_file_missing; cutout_slot_requires_manual_crop_review; path_missing
player_photo,WNBA,athlete,washington_mystics_cotie_mcmahon,Cotie McMahon,headshot,assets/leagues/wnba/athletes/washington_mystics_cotie_mcmahon/headshot.png,suspicious_or_default_player_approval,warning,approved,valid_raster,meets_player_photo_floor,review_only_manual_source_recheck_required: default_decision_source_manual_recheck_required,recheck_decision_source_source_file_and_approval_timestamp,approved_assets_registry; decision_source=default; source_file=outputs/latest/review_files/athlete_image_approval_pack/downloads/washington_mystics/washington_mystics_cotie_mcmahon__1643430.png; approved_at_utc=2026-06-16T04:22:55.118821+00:00; approved_marker_present; headshot_slot_requires_identity_and_crop_review; image_size=260x190; meets_headshot_floor; default_decision_source_manual_recheck_required; bytes=21515; image_size=260x190
player_photo,WNBA,athlete,washington_mystics_darianna_littlepage_buggs,Darianna Littlepage-Buggs,cutout,assets/leagues/wnba/athletes/washington_mystics_darianna_littlepage_buggs/cutout.png,missing_local_player_asset,error,missing,missing_file,not_available,review_only_not_renderable_until_approved,keep_photo_slot_disabled_until_asset_and_marker_are_reviewed,athlete_images_registry; source_note=missing_review_required; asset_file_missing; cutout_slot_requires_manual_crop_review; path_missing
player_photo,WNBA,athlete,washington_mystics_darianna_littlepage_buggs,Darianna Littlepage-Buggs,cutout,assets/leagues/wnba/athletes/washington_mystics_darianna_littlepage_buggs/cutout.png,player_photo_format_problem,warning,missing,missing_file,not_available,review_only_not_renderable_until_approved,replace_with_decodable_png_jpg_or_webp_before_renderer_use,athlete_images_registry; source_note=missing_review_required; asset_file_missing; cutout_slot_requires_manual_crop_review; path_missing
player_photo,WNBA,athlete,washington_mystics_darianna_littlepage_buggs,Darianna Littlepage-Buggs,headshot,assets/leagues/wnba/athletes/washington_mystics_darianna_littlepage_buggs/headshot.png,suspicious_or_default_player_approval,warning,approved,valid_raster,meets_player_photo_floor,review_only_manual_source_recheck_required: default_decision_source_manual_recheck_required,recheck_decision_source_source_file_and_approval_timestamp,approved_assets_registry; decision_source=default; source_file=outputs/latest/review_files/athlete_image_approval_pack/downloads/washington_mystics/washington_mystics_darianna_littlepage_buggs__1643440.png; approved_at_utc=2026-06-16T04:22:55.117380+00:00; approved_marker_present; headshot_slot_requires_identity_and_crop_review; image_size=260x190; meets_headshot_floor; default_decision_source_manual_recheck_required; bytes=24493; image_size=260x190
player_photo,WNBA,athlete,washington_mystics_georgia_amoore,Georgia Amoore,cutout,assets/leagues/wnba/athletes/washington_mystics_georgia_amoore/cutout.png,missing_local_player_asset,error,missing,missing_file,not_available,review_only_not_renderable_until_approved,keep_photo_slot_disabled_until_asset_and_marker_are_reviewed,athlete_images_registry; source_note=missing_review_required; asset_file_missing; cutout_slot_requires_manual_crop_review; path_missing
player_photo,WNBA,athlete,washington_mystics_georgia_amoore,Georgia Amoore,cutout,assets/leagues/wnba/athletes/washington_mystics_georgia_amoore/cutout.png,player_photo_format_problem,warning,missing,missing_file,not_available,review_only_not_renderable_until_approved,replace_with_decodable_png_jpg_or_webp_before_renderer_use,athlete_images_registry; source_note=missing_review_required; asset_file_missing; cutout_slot_requires_manual_crop_review; path_missing
player_photo,WNBA,athlete,washington_mystics_georgia_amoore,Georgia Amoore,headshot,assets/leagues/wnba/athletes/washington_mystics_georgia_amoore/headshot.png,suspicious_or_default_player_approval,warning,approved,valid_raster,meets_player_photo_floor,review_only_manual_source_recheck_required: default_decision_source_manual_recheck_required,recheck_decision_source_source_file_and_approval_timestamp,approved_assets_registry; decision_source=default; source_file=outputs/latest/review_files/athlete_image_approval_pack/downloads/washington_mystics/washington_mystics_georgia_amoore__1642781.png; approved_at_utc=2026-06-16T04:22:55.117679+00:00; approved_marker_present; headshot_slot_requires_identity_and_crop_review; image_size=260x190; meets_headshot_floor; default_decision_source_manual_recheck_required; bytes=21333; image_size=260x190
player_photo,WNBA,athlete,washington_mystics_kiki_iriafen,Kiki Iriafen,cutout,assets/leagues/wnba/athletes/washington_mystics_kiki_iriafen/cutout.png,missing_local_player_asset,error,missing,missing_file,not_available,review_only_not_renderable_until_approved,keep_photo_slot_disabled_until_asset_and_marker_are_reviewed,athlete_images_registry; source_note=missing_review_required; asset_file_missing; cutout_slot_requires_manual_crop_review; path_missing
player_photo,WNBA,athlete,washington_mystics_kiki_iriafen,Kiki Iriafen,cutout,assets/leagues/wnba/athletes/washington_mystics_kiki_iriafen/cutout.png,player_photo_format_problem,warning,missing,missing_file,not_available,review_only_not_renderable_until_approved,replace_with_decodable_png_jpg_or_webp_before_renderer_use,athlete_images_registry; source_note=missing_review_required; asset_file_missing; cutout_slot_requires_manual_crop_review; path_missing
player_photo,WNBA,athlete,washington_mystics_kiki_iriafen,Kiki Iriafen,headshot,assets/leagues/wnba/athletes/washington_mystics_kiki_iriafen/headshot.png,suspicious_or_default_player_approval,warning,approved,valid_raster,meets_player_photo_floor,review_only_manual_source_recheck_required: default_decision_source_manual_recheck_required,recheck_decision_source_source_file_and_approval_timestamp,approved_assets_registry; decision_source=default; source_file=outputs/latest/review_files/athlete_image_approval_pack/downloads/washington_mystics/washington_mystics_kiki_iriafen__1642792.png; approved_at_utc=2026-06-16T04:22:55.119657+00:00; approved_marker_present; headshot_slot_requires_identity_and_crop_review; image_size=260x190; meets_headshot_floor; default_decision_source_manual_recheck_required; bytes=23320; image_size=260x190
player_photo,WNBA,athlete,washington_mystics_lauren_betts,Lauren Betts,cutout,assets/leagues/wnba/athletes/washington_mystics_lauren_betts/cutout.png,missing_local_player_asset,error,missing,missing_file,not_available,review_only_not_renderable_until_approved,keep_photo_slot_disabled_until_asset_and_marker_are_reviewed,athlete_images_registry; source_note=missing_review_required; asset_file_missing; cutout_slot_requires_manual_crop_review; path_missing
player_photo,WNBA,athlete,washington_mystics_lauren_betts,Lauren Betts,cutout,assets/leagues/wnba/athletes/washington_mystics_lauren_betts/cutout.png,player_photo_format_problem,warning,missing,missing_file,not_available,review_only_not_renderable_until_approved,replace_with_decodable_png_jpg_or_webp_before_renderer_use,athlete_images_registry; source_note=missing_review_required; asset_file_missing; cutout_slot_requires_manual_crop_review; path_missing
player_photo,WNBA,athlete,washington_mystics_lauren_betts,Lauren Betts,headshot,assets/leagues/wnba/athletes/washington_mystics_lauren_betts/headshot.png,suspicious_or_default_player_approval,warning,approved,valid_raster,meets_player_photo_floor,review_only_manual_source_recheck_required: default_decision_source_manual_recheck_required,recheck_decision_source_source_file_and_approval_timestamp,approved_assets_registry; decision_source=default; source_file=outputs/latest/review_files/athlete_image_approval_pack/downloads/washington_mystics/washington_mystics_lauren_betts__1643427.png; approved_at_utc=2026-06-16T04:22:55.119949+00:00; approved_marker_present; headshot_slot_requires_identity_and_crop_review; image_size=260x190; meets_headshot_floor; default_decision_source_manual_recheck_required; bytes=20584; image_size=260x190
player_photo,WNBA,athlete,washington_mystics_lucy_olsen,Lucy Olsen,cutout,assets/leagues/wnba/athletes/washington_mystics_lucy_olsen/cutout.png,missing_local_player_asset,error,missing,missing_file,not_available,review_only_not_renderable_until_approved,keep_photo_slot_disabled_until_asset_and_marker_are_reviewed,athlete_images_registry; source_note=missing_review_required; asset_file_missing; cutout_slot_requires_manual_crop_review; path_missing
player_photo,WNBA,athlete,washington_mystics_lucy_olsen,Lucy Olsen,cutout,assets/leagues/wnba/athletes/washington_mystics_lucy_olsen/cutout.png,player_photo_format_problem,warning,missing,missing_file,not_available,review_only_not_renderable_until_approved,replace_with_decodable_png_jpg_or_webp_before_renderer_use,athlete_images_registry; source_note=missing_review_required; asset_file_missing; cutout_slot_requires_manual_crop_review; path_missing
player_photo,WNBA,athlete,washington_mystics_lucy_olsen,Lucy Olsen,headshot,assets/leagues/wnba/athletes/washington_mystics_lucy_olsen/headshot.png,suspicious_or_default_player_approval,warning,approved,valid_raster,meets_player_photo_floor,review_only_manual_source_recheck_required: default_decision_source_manual_recheck_required,recheck_decision_source_source_file_and_approval_timestamp,approved_assets_registry; decision_source=default; source_file=outputs/latest/review_files/athlete_image_approval_pack/downloads/washington_mystics/washington_mystics_lucy_olsen__1642802.png; approved_at_utc=2026-06-16T04:22:55.119370+00:00; approved_marker_present; headshot_slot_requires_identity_and_crop_review; image_size=260x190; meets_headshot_floor; default_decision_source_manual_recheck_required; bytes=22243; image_size=260x190
player_photo,WNBA,athlete,washington_mystics_michaela_onyenwere,Michaela Onyenwere,cutout,assets/leagues/wnba/athletes/washington_mystics_michaela_onyenwere/cutout.png,missing_local_player_asset,error,missing,missing_file,not_available,review_only_not_renderable_until_approved,keep_photo_slot_disabled_until_asset_and_marker_are_reviewed,athlete_images_registry; source_note=missing_review_required; asset_file_missing; cutout_slot_requires_manual_crop_review; path_missing
player_photo,WNBA,athlete,washington_mystics_michaela_onyenwere,Michaela Onyenwere,cutout,assets/leagues/wnba/athletes/washington_mystics_michaela_onyenwere/cutout.png,player_photo_format_problem,warning,missing,missing_file,not_available,review_only_not_renderable_until_approved,replace_with_decodable_png_jpg_or_webp_before_renderer_use,athlete_images_registry; source_note=missing_review_required; asset_file_missing; cutout_slot_requires_manual_crop_review; path_missing
player_photo,WNBA,athlete,washington_mystics_michaela_onyenwere,Michaela Onyenwere,headshot,assets/leagues/wnba/athletes/washington_mystics_michaela_onyenwere/headshot.png,suspicious_or_default_player_approval,warning,approved,valid_raster,meets_player_photo_floor,review_only_manual_source_recheck_required: default_decision_source_manual_recheck_required,recheck_decision_source_source_file_and_approval_timestamp,approved_assets_registry; decision_source=default; source_file=outputs/latest/review_files/athlete_image_approval_pack/downloads/washington_mystics/washington_mystics_michaela_onyenwere__1630446.png; approved_at_utc=2026-06-16T04:22:55.117963+00:00; approved_marker_present; headshot_slot_requires_identity_and_crop_review; image_size=260x190; meets_headshot_floor; default_decision_source_manual_recheck_required; bytes=18932; image_size=260x190
player_photo,WNBA,athlete,washington_mystics_rori_harmon,Rori Harmon,cutout,assets/leagues/wnba/athletes/washington_mystics_rori_harmon/cutout.png,missing_local_player_asset,error,missing,missing_file,not_available,review_only_not_renderable_until_approved,keep_photo_slot_disabled_until_asset_and_marker_are_reviewed,athlete_images_registry; source_note=missing_review_required; asset_file_missing; cutout_slot_requires_manual_crop_review; path_missing
player_photo,WNBA,athlete,washington_mystics_rori_harmon,Rori Harmon,cutout,assets/leagues/wnba/athletes/washington_mystics_rori_harmon/cutout.png,player_photo_format_problem,warning,missing,missing_file,not_available,review_only_not_renderable_until_approved,replace_with_decodable_png_jpg_or_webp_before_renderer_use,athlete_images_registry; source_note=missing_review_required; asset_file_missing; cutout_slot_requires_manual_crop_review; path_missing
player_photo,WNBA,athlete,washington_mystics_rori_harmon,Rori Harmon,headshot,assets/leagues/wnba/athletes/washington_mystics_rori_harmon/headshot.png,suspicious_or_default_player_approval,warning,approved,valid_raster,meets_player_photo_floor,review_only_manual_source_recheck_required: default_decision_source_manual_recheck_required,recheck_decision_source_source_file_and_approval_timestamp,approved_assets_registry; decision_source=default; source_file=outputs/latest/review_files/athlete_image_approval_pack/downloads/washington_mystics/washington_mystics_rori_harmon__1643450.png; approved_at_utc=2026-06-16T04:22:55.117031+00:00; approved_marker_present; headshot_slot_requires_identity_and_crop_review; image_size=260x190; meets_headshot_floor; default_decision_source_manual_recheck_required; bytes=22640; image_size=260x190
player_photo,WNBA,athlete,washington_mystics_shakira_austin,Shakira Austin,cutout,assets/leagues/wnba/athletes/washington_mystics_shakira_austin/cutout.png,missing_local_player_asset,error,missing,missing_file,not_available,review_only_not_renderable_until_approved,keep_photo_slot_disabled_until_asset_and_marker_are_reviewed,athlete_images_registry; source_note=missing_review_required; asset_file_missing; cutout_slot_requires_manual_crop_review; path_missing
player_photo,WNBA,athlete,washington_mystics_shakira_austin,Shakira Austin,cutout,assets/leagues/wnba/athletes/washington_mystics_shakira_austin/cutout.png,player_photo_format_problem,warning,missing,missing_file,not_available,review_only_not_renderable_until_approved,replace_with_decodable_png_jpg_or_webp_before_renderer_use,athlete_images_registry; source_note=missing_review_required; asset_file_missing; cutout_slot_requires_manual_crop_review; path_missing
player_photo,WNBA,athlete,washington_mystics_shakira_austin,Shakira Austin,headshot,assets/leagues/wnba/athletes/washington_mystics_shakira_austin/headshot.png,suspicious_or_default_player_approval,warning,approved,valid_raster,meets_player_photo_floor,review_only_manual_source_recheck_required: default_decision_source_manual_recheck_required,recheck_decision_source_source_file_and_approval_timestamp,approved_assets_registry; decision_source=default; source_file=outputs/latest/review_files/athlete_image_approval_pack/downloads/washington_mystics/washington_mystics_shakira_austin__1631022.png; approved_at_utc=2026-06-16T04:22:55.116471+00:00; approved_marker_present; headshot_slot_requires_identity_and_crop_review; image_size=260x190; meets_headshot_floor; default_decision_source_manual_recheck_required; bytes=22711; image_size=260x190
player_photo,WNBA,athlete,washington_mystics_sonia_citron,Sonia Citron,cutout,assets/leagues/wnba/athletes/washington_mystics_sonia_citron/cutout.png,missing_local_player_asset,error,missing,missing_file,not_available,review_only_not_renderable_until_approved,keep_photo_slot_disabled_until_asset_and_marker_are_reviewed,athlete_images_registry; source_note=missing_review_required; asset_file_missing; cutout_slot_requires_manual_crop_review; path_missing
player_photo,WNBA,athlete,washington_mystics_sonia_citron,Sonia Citron,cutout,assets/leagues/wnba/athletes/washington_mystics_sonia_citron/cutout.png,player_photo_format_problem,warning,missing,missing_file,not_available,review_only_not_renderable_until_approved,replace_with_decodable_png_jpg_or_webp_before_renderer_use,athlete_images_registry; source_note=missing_review_required; asset_file_missing; cutout_slot_requires_manual_crop_review; path_missing
player_photo,WNBA,athlete,washington_mystics_sonia_citron,Sonia Citron,headshot,assets/leagues/wnba/athletes/washington_mystics_sonia_citron/headshot.png,suspicious_or_default_player_approval,warning,approved,valid_raster,meets_player_photo_floor,review_only_manual_source_recheck_required: default_decision_source_manual_recheck_required,recheck_decision_source_source_file_and_approval_timestamp,approved_assets_registry; decision_source=default; source_file=outputs/latest/review_files/athlete_image_approval_pack/downloads/washington_mystics/washington_mystics_sonia_citron__1642785.png; approved_at_utc=2026-06-16T04:22:55.118512+00:00; approved_marker_present; headshot_slot_requires_identity_and_crop_review; image_size=260x190; meets_headshot_floor; default_decision_source_manual_recheck_required; bytes=17479; image_size=260x190
league_logo,WNBA,league_logo,WNBA,WNBA,league_logo,assets/leagues/wnba/logo.png,missing_or_unregistered_logo_asset,error,missing,missing_file,not_available,fallback_review_only_human_hold,supply_exact_local_logo_and_manual_registry_review,png_exists=false; svg_exists=false; league_logo_source_not_registered_review_required; path_missing
team_logo,WNBA,team_logo,atlanta_dream,Atlanta Dream,primary_logo,assets/leagues/wnba/teams/atlanta_dream/logo.png,logo_present_without_complete_approval,warning,unapproved_review_required,valid_raster,meets_logo_floor,fallback_review_only_human_hold,human_review_required_before_renderer_logo_use,registry_path=assets/leagues/wnba/teams/atlanta_dream/logo.png; source_url=https://upload.wikimedia.org/wikipedia/en/thumb/5/54/Atlanta_Dream_logo.svg/250px-Atlanta_Dream_logo.svg.png; source_note=local_png_exists_review_required_exact_logo; verified_registry_status=verified_policy_present; png_exists=true; svg_exists=false; registered_source_policy_no_block_match; bytes=21146; image_size=250x265
team_logo,WNBA,team_logo,new_york_liberty,New York Liberty,primary_logo,assets/leagues/wnba/teams/new_york_liberty/logo.png,logo_present_without_complete_approval,warning,unapproved_review_required,valid_raster,meets_logo_floor,fallback_review_only_human_hold,human_review_required_before_renderer_logo_use,registry_path=assets/leagues/wnba/teams/new_york_liberty/logo.png; source_url=https://upload.wikimedia.org/wikipedia/en/thumb/a/a1/New_York_Liberty_logo.svg/250px-New_York_Liberty_logo.svg.png; source_note=local_png_exists_review_required_exact_logo; verified_registry_status=verified_policy_present; png_exists=true; svg_exists=false; registered_source_policy_no_block_match; bytes=31153; image_size=250x306
team_logo,WNBA,team_logo,washington_mystics,Washington Mystics,primary_logo,assets/leagues/wnba/teams/washington_mystics/logo.png,logo_present_without_complete_approval,warning,unapproved_review_required,valid_raster,meets_logo_floor,fallback_review_only_human_hold,human_review_required_before_renderer_logo_use,registry_path=assets/leagues/wnba/teams/washington_mystics/logo.png; source_url=https://upload.wikimedia.org/wikipedia/en/thumb/7/79/Washington_Mystics_logo.svg/250px-Washington_Mystics_logo.svg.png; source_note=local_png_exists_review_required_exact_logo; verified_registry_status=verified_policy_present; png_exists=true; svg_exists=false; registered_source_policy_no_block_match; bytes=41966; image_size=250x214
team_logo,WNBA,team_logo,portland_fire,Portland Fire,primary_logo,assets/leagues/wnba/teams/portland_fire/logo.png,suspicious_logo_source_or_approval,warning,approved,valid_raster,meets_logo_floor,no_fallback_needed,replace_or_reverify_blocked_source_before_manual_approval,registry_path=assets/leagues/wnba/teams/portland_fire/logo.png; source_url=https://upload.wikimedia.org/wikipedia/en/c/cf/Portland_Fire_logo.svg; source_note=local_png_fallback_from_approved_svg; blocked_url_match=Portland_Fire_logo.svg; verified_registry_status=blocked_source_url_match; png_exists=true; svg_exists=true; blocked_stale_source_review_required; bytes=110780; image_size=900x900
league_logo,WOMENS_SOCCER,league_logo,WOMENS_SOCCER,WOMENS_SOCCER,league_logo,assets/leagues/womens_soccer/logo.png,missing_or_unregistered_logo_asset,error,missing,missing_file,not_available,fallback_review_only_human_hold,supply_exact_local_logo_and_manual_registry_review,png_exists=false; svg_exists=false; league_logo_source_not_registered_review_required; path_missing
renderer,,renderer_manifest,template_renderer_logo_status,Template renderer logo status,renderer_logo_audit,D:/HSD Github Repo CLone/her-sports-news-scraper/outputs/latest/HSD_TEMPLATE_FACTORY/template_renderer_v2/hsd_template_renderer_v2_logo_audit.json,renderer_logo_audit_missing,info,not_applicable,,,not_observed,run renderer logo status after the next local render to confirm fallback coverage,missing=outputs/latest/HSD_TEMPLATE_FACTORY/template_renderer_v2/hsd_template_renderer_v2_logo_audit.json
