athlete_id,athlete_name,team_id,league,provider_player_id,source_url,identity_confidence,asset_kind,local_asset_path,file_exists,approved_marker_path,approved_marker_exists,status,approval_status,identity_review_status,missing_asset_reason,source_evidence,crop_readiness_notes,render_template_uses,review_only_policy
atlanta_dream_aaliyah_nye,Aaliyah Nye,atlanta_dream,WNBA,,https://dream.wnba.com/roster,,cutout,assets/leagues/wnba/athletes/atlanta_dream_aaliyah_nye/cutout.png,false,assets/leagues/wnba/athletes/atlanta_dream_aaliyah_nye/cutout.png.approved,false,missing,missing_asset_not_renderable,missing_asset_review_required,cutout_not_onboarded,athlete_images_registry; source_note=missing_review_required,asset_file_missing; cutout_slot_requires_manual_crop_review,review_only_not_renderable_until_approved,catalog_only_no_auto_approval_no_file_movement
atlanta_dream_aaliyah_nye,Aaliyah Nye,atlanta_dream,WNBA,1642801,https://cdn.wnba.com/headshots/wnba/latest/260x190/1642801.png,0.72,headshot,assets/leagues/wnba/athletes/atlanta_dream_aaliyah_nye/headshot.png,true,assets/leagues/wnba/athletes/atlanta_dream_aaliyah_nye/headshot.png.approved,true,approved,approved_marker_present_manual_source_recheck_required,manual_source_recheck_required,,approved_assets_registry; decision_source=default; source_file=outputs/latest/review_files/athlete_image_approval_pack/downloads/atlanta_dream/atlanta_dream_aaliyah_nye__1642801.png; approved_at_utc=2026-06-16T04:22:55.096421+00:00,approved_marker_present; headshot_slot_requires_identity_and_crop_review; image_size=260x190; meets_headshot_floor; default_decision_source_manual_recheck_required,review_only_manual_source_recheck_required: default_decision_source_manual_recheck_required,catalog_only_no_auto_approval_no_file_movement
atlanta_dream_allisha_gray,Allisha Gray,atlanta_dream,WNBA,,https://dream.wnba.com/roster,,cutout,assets/leagues/wnba/athletes/atlanta_dream_allisha_gray/cutout.png,false,assets/leagues/wnba/athletes/atlanta_dream_allisha_gray/cutout.png.approved,false,missing,missing_asset_not_renderable,missing_asset_review_required,cutout_not_onboarded,athlete_images_registry; source_note=missing_review_required,asset_file_missing; cutout_slot_requires_manual_crop_review,review_only_not_renderable_until_approved,catalog_only_no_auto_approval_no_file_movement
atlanta_dream_allisha_gray,Allisha Gray,atlanta_dream,WNBA,1628277,https://cdn.wnba.com/headshots/wnba/latest/260x190/1628277.png,0.72,headshot,assets/leagues/wnba/athletes/atlanta_dream_allisha_gray/headshot.png,true,assets/leagues/wnba/athletes/atlanta_dream_allisha_gray/headshot.png.approved,true,approved,approved_marker_present_manual_source_recheck_required,manual_source_recheck_required,,approved_assets_registry; decision_source=default; source_file=outputs/latest/review_files/athlete_image_approval_pack/downloads/atlanta_dream/atlanta_dream_allisha_gray__1628277.png; approved_at_utc=2026-06-16T04:22:55.095267+00:00,approved_marker_present; headshot_slot_requires_identity_and_crop_review; image_size=260x190; meets_headshot_floor; default_decision_source_manual_recheck_required,review_only_manual_source_recheck_required: default_decision_source_manual_recheck_required,catalog_only_no_auto_approval_no_file_movement
atlanta_dream_amy_okonkwo,Amy Okonkwo,atlanta_dream,WNBA,,https://dream.wnba.com/roster,,cutout,assets/leagues/wnba/athletes/atlanta_dream_amy_okonkwo/cutout.png,false,assets/leagues/wnba/athletes/atlanta_dream_amy_okonkwo/cutout.png.approved,false,missing,missing_asset_not_renderable,missing_asset_review_required,cutout_not_onboarded,athlete_images_registry; source_note=missing_review_required,asset_file_missing; cutout_slot_requires_manual_crop_review,review_only_not_renderable_until_approved,catalog_only_no_auto_approval_no_file_movement
atlanta_dream_amy_okonkwo,Amy Okonkwo,atlanta_dream,WNBA,1629539,https://cdn.wnba.com/headshots/wnba/latest/260x190/1629539.png,0.72,headshot,assets/leagues/wnba/athletes/atlanta_dream_amy_okonkwo/headshot.png,true,assets/leagues/wnba/athletes/atlanta_dream_amy_okonkwo/headshot.png.approved,true,approved,approved_marker_present_manual_source_recheck_required,manual_source_recheck_required,,approved_assets_registry; decision_source=default; source_file=outputs/latest/review_files/athlete_image_approval_pack/downloads/atlanta_dream/atlanta_dream_amy_okonkwo__1629539.png; approved_at_utc=2026-06-16T04:22:55.093339+00:00,approved_marker_present; headshot_slot_requires_identity_and_crop_review; image_size=260x190; meets_headshot_floor; default_decision_source_manual_recheck_required,review_only_manual_source_recheck_required: default_decision_source_manual_recheck_required,catalog_only_no_auto_approval_no_file_movement
atlanta_dream_angel_reese,Angel Reese,atlanta_dream,WNBA,,https://dream.wnba.com/roster,,cutout,assets/leagues/wnba/athletes/atlanta_dream_angel_reese/cutout.png,false,assets/leagues/wnba/athletes/atlanta_dream_angel_reese/cutout.png.approved,false,missing,missing_asset_not_renderable,missing_asset_review_required,cutout_not_onboarded,athlete_images_registry; source_note=missing_review_required,asset_file_missing; cutout_slot_requires_manual_crop_review,review_only_not_renderable_until_approved,catalog_only_no_auto_approval_no_file_movement
atlanta_dream_angel_reese,Angel Reese,atlanta_dream,WNBA,1642291,https://cdn.wnba.com/headshots/wnba/latest/260x190/1642291.png,0.72,headshot,assets/leagues/wnba/athletes/atlanta_dream_angel_reese/headshot.png,true,assets/leagues/wnba/athletes/atlanta_dream_angel_reese/headshot.png.approved,true,approved,approved_marker_present_manual_source_recheck_required,manual_source_recheck_required,,approved_assets_registry; decision_source=default; source_file=outputs/latest/review_files/athlete_image_approval_pack/downloads/atlanta_dream/atlanta_dream_angel_reese__1642291.png; approved_at_utc=2026-06-16T04:22:55.094316+00:00,approved_marker_present; headshot_slot_requires_identity_and_crop_review; image_size=260x190; meets_headshot_floor; default_decision_source_manual_recheck_required,review_only_manual_source_recheck_required: default_decision_source_manual_recheck_required,catalog_only_no_auto_approval_no_file_movement
atlanta_dream_brionna_jones,Brionna Jones,atlanta_dream,WNBA,,https://dream.wnba.com/roster,,cutout,assets/leagues/wnba/athletes/atlanta_dream_brionna_jones/cutout.png,false,assets/leagues/wnba/athletes/atlanta_dream_brionna_jones/cutout.png.approved,false,missing,missing_asset_not_renderable,missing_asset_review_required,cutout_not_onboarded,athlete_images_registry; source_note=missing_review_required,asset_file_missing; cutout_slot_requires_manual_crop_review,review_only_not_renderable_until_approved,catalog_only_no_auto_approval_no_file_movement
atlanta_dream_brionna_jones,Brionna Jones,atlanta_dream,WNBA,1628280,https://cdn.wnba.com/headshots/wnba/latest/260x190/1628280.png,0.72,headshot,assets/leagues/wnba/athletes/atlanta_dream_brionna_jones/headshot.png,true,assets/leagues/wnba/athletes/atlanta_dream_brionna_jones/headshot.png.approved,true,approved,approved_marker_present_manual_source_recheck_required,manual_source_recheck_required,,approved_assets_registry; decision_source=default; source_file=outputs/latest/review_files/athlete_image_approval_pack/downloads/atlanta_dream/atlanta_dream_brionna_jones__1628280.png; approved_at_utc=2026-06-16T04:22:55.096732+00:00,approved_marker_present; headshot_slot_requires_identity_and_crop_review; image_size=260x190; meets_headshot_floor; default_decision_source_manual_recheck_required,review_only_manual_source_recheck_required: default_decision_source_manual_recheck_required,catalog_only_no_auto_approval_no_file_movement
atlanta_dream_indya_nivar,Indya Nivar,atlanta_dream,WNBA,,https://dream.wnba.com/roster,,cutout,assets/leagues/wnba/athletes/atlanta_dream_indya_nivar/cutout.png,false,assets/leagues/wnba/athletes/atlanta_dream_indya_nivar/cutout.png.approved,false,missing,missing_asset_not_renderable,missing_asset_review_required,cutout_not_onboarded,athlete_images_registry; source_note=missing_review_required,asset_file_missing; cutout_slot_requires_manual_crop_review,review_only_not_renderable_until_approved,catalog_only_no_auto_approval_no_file_movement
atlanta_dream_indya_nivar,Indya Nivar,atlanta_dream,WNBA,1643469,https://cdn.wnba.com/headshots/wnba/latest/260x190/1643469.png,0.72,headshot,assets/leagues/wnba/athletes/atlanta_dream_indya_nivar/headshot.png,true,assets/leagues/wnba/athletes/atlanta_dream_indya_nivar/headshot.png.approved,true,approved,approved_marker_present_manual_source_recheck_required,manual_source_recheck_required,,approved_assets_registry; decision_source=default; source_file=outputs/latest/review_files/athlete_image_approval_pack/downloads/atlanta_dream/atlanta_dream_indya_nivar__1643469.png; approved_at_utc=2026-06-16T04:22:55.095866+00:00,approved_marker_present; headshot_slot_requires_identity_and_crop_review; image_size=260x190; meets_headshot_floor; default_decision_source_manual_recheck_required,review_only_manual_source_recheck_required: default_decision_source_manual_recheck_required,catalog_only_no_auto_approval_no_file_movement
atlanta_dream_isobel_borlase,Isobel Borlase,atlanta_dream,WNBA,,https://dream.wnba.com/roster,,cutout,assets/leagues/wnba/athletes/atlanta_dream_isobel_borlase/cutout.png,false,assets/leagues/wnba/athletes/atlanta_dream_isobel_borlase/cutout.png.approved,false,missing,missing_asset_not_renderable,missing_asset_review_required,cutout_not_onboarded,athlete_images_registry; source_note=missing_review_required,asset_file_missing; cutout_slot_requires_manual_crop_review,review_only_not_renderable_until_approved,catalog_only_no_auto_approval_no_file_movement
atlanta_dream_isobel_borlase,Isobel Borlase,atlanta_dream,WNBA,1642302,https://cdn.wnba.com/headshots/wnba/latest/260x190/1642302.png,0.72,headshot,assets/leagues/wnba/athletes/atlanta_dream_isobel_borlase/headshot.png,true,assets/leagues/wnba/athletes/atlanta_dream_isobel_borlase/headshot.png.approved,true,approved,approved_marker_present_manual_source_recheck_required,manual_source_recheck_required,,approved_assets_registry; decision_source=default; source_file=outputs/latest/review_files/athlete_image_approval_pack/downloads/atlanta_dream/atlanta_dream_isobel_borlase__1642302.png; approved_at_utc=2026-06-16T04:22:55.095564+00:00,approved_marker_present; headshot_slot_requires_identity_and_crop_review; image_size=260x190; meets_headshot_floor; default_decision_source_manual_recheck_required,review_only_manual_source_recheck_required: default_decision_source_manual_recheck_required,catalog_only_no_auto_approval_no_file_movement
atlanta_dream_jordin_canada,Jordin Canada,atlanta_dream,WNBA,,https://dream.wnba.com/roster,,cutout,assets/leagues/wnba/athletes/atlanta_dream_jordin_canada/cutout.png,false,assets/leagues/wnba/athletes/atlanta_dream_jordin_canada/cutout.png.approved,false,missing,missing_asset_not_renderable,missing_asset_review_required,cutout_not_onboarded,athlete_images_registry; source_note=missing_review_required,asset_file_missing; cutout_slot_requires_manual_crop_review,review_only_not_renderable_until_approved,catalog_only_no_auto_approval_no_file_movement
atlanta_dream_jordin_canada,Jordin Canada,atlanta_dream,WNBA,1628886,https://cdn.wnba.com/headshots/wnba/latest/260x190/1628886.png,0.72,headshot,assets/leagues/wnba/athletes/atlanta_dream_jordin_canada/headshot.png,true,assets/leagues/wnba/athletes/atlanta_dream_jordin_canada/headshot.png.approved,true,approved,approved_marker_present_manual_source_recheck_required,manual_source_recheck_required,,approved_assets_registry; decision_source=default; source_file=outputs/latest/review_files/athlete_image_approval_pack/downloads/atlanta_dream/atlanta_dream_jordin_canada__1628886.png; approved_at_utc=2026-06-16T04:22:55.094019+00:00,approved_marker_present; headshot_slot_requires_identity_and_crop_review; image_size=260x190; meets_headshot_floor; default_decision_source_manual_recheck_required,review_only_manual_source_recheck_required: default_decision_source_manual_recheck_required,catalog_only_no_auto_approval_no_file_movement
atlanta_dream_madina_okot,Madina Okot,atlanta_dream,WNBA,,https://dream.wnba.com/roster,,cutout,assets/leagues/wnba/athletes/atlanta_dream_madina_okot/cutout.png,false,assets/leagues/wnba/athletes/atlanta_dream_madina_okot/cutout.png.approved,false,missing,missing_asset_not_renderable,missing_asset_review_required,cutout_not_onboarded,athlete_images_registry; source_note=missing_review_required,asset_file_missing; cutout_slot_requires_manual_crop_review,review_only_not_renderable_until_approved,catalog_only_no_auto_approval_no_file_movement
atlanta_dream_madina_okot,Madina Okot,atlanta_dream,WNBA,1643431,https://cdn.wnba.com/headshots/wnba/latest/260x190/1643431.png,0.72,headshot,assets/leagues/wnba/athletes/atlanta_dream_madina_okot/headshot.png,true,assets/leagues/wnba/athletes/atlanta_dream_madina_okot/headshot.png.approved,true,approved,approved_marker_present_manual_source_recheck_required,manual_source_recheck_required,,approved_assets_registry; decision_source=default; source_file=outputs/latest/review_files/athlete_image_approval_pack/downloads/atlanta_dream/atlanta_dream_madina_okot__1643431.png; approved_at_utc=2026-06-16T04:22:55.094933+00:00,approved_marker_present; headshot_slot_requires_identity_and_crop_review; image_size=260x190; meets_headshot_floor; default_decision_source_manual_recheck_required,review_only_manual_source_recheck_required: default_decision_source_manual_recheck_required,catalog_only_no_auto_approval_no_file_movement
atlanta_dream_naz_hillmon,Naz Hillmon,atlanta_dream,WNBA,,https://dream.wnba.com/roster,,cutout,assets/leagues/wnba/athletes/atlanta_dream_naz_hillmon/cutout.png,false,assets/leagues/wnba/athletes/atlanta_dream_naz_hillmon/cutout.png.approved,false,missing,missing_asset_not_renderable,missing_asset_review_required,cutout_not_onboarded,athlete_images_registry; source_note=missing_review_required,asset_file_missing; cutout_slot_requires_manual_crop_review,review_only_not_renderable_until_approved,catalog_only_no_auto_approval_no_file_movement
atlanta_dream_naz_hillmon,Naz Hillmon,atlanta_dream,WNBA,1631044,https://cdn.wnba.com/headshots/wnba/latest/260x190/1631044.png,0.72,headshot,assets/leagues/wnba/athletes/atlanta_dream_naz_hillmon/headshot.png,true,assets/leagues/wnba/athletes/atlanta_dream_naz_hillmon/headshot.png.approved,true,approved,approved_marker_present_manual_source_recheck_required,manual_source_recheck_required,,approved_assets_registry; decision_source=default; source_file=outputs/latest/review_files/athlete_image_approval_pack/downloads/atlanta_dream/atlanta_dream_naz_hillmon__1631044.png; approved_at_utc=2026-06-16T04:22:55.093000+00:00,approved_marker_present; headshot_slot_requires_identity_and_crop_review; image_size=260x190; meets_headshot_floor; default_decision_source_manual_recheck_required,review_only_manual_source_recheck_required: default_decision_source_manual_recheck_required,catalog_only_no_auto_approval_no_file_movement
atlanta_dream_rhyne_howard,Rhyne Howard,atlanta_dream,WNBA,,https://dream.wnba.com/roster,,cutout,assets/leagues/wnba/athletes/atlanta_dream_rhyne_howard/cutout.png,false,assets/leagues/wnba/athletes/atlanta_dream_rhyne_howard/cutout.png.approved,false,missing,missing_asset_not_renderable,missing_asset_review_required,cutout_not_onboarded,athlete_images_registry; source_note=missing_review_required,asset_file_missing; cutout_slot_requires_manual_crop_review,review_only_not_renderable_until_approved,catalog_only_no_auto_approval_no_file_movement
atlanta_dream_rhyne_howard,Rhyne Howard,atlanta_dream,WNBA,1631009,https://cdn.wnba.com/headshots/wnba/latest/260x190/1631009.png,0.72,headshot,assets/leagues/wnba/athletes/atlanta_dream_rhyne_howard/headshot.png,true,assets/leagues/wnba/athletes/atlanta_dream_rhyne_howard/headshot.png.approved,true,approved,approved_marker_present_manual_source_recheck_required,manual_source_recheck_required,,approved_assets_registry; decision_source=default; source_file=outputs/latest/review_files/athlete_image_approval_pack/downloads/atlanta_dream/atlanta_dream_rhyne_howard__1631009.png; approved_at_utc=2026-06-16T04:22:55.094617+00:00,approved_marker_present; headshot_slot_requires_identity_and_crop_review; image_size=260x190; meets_headshot_floor; default_decision_source_manual_recheck_required,review_only_manual_source_recheck_required: default_decision_source_manual_recheck_required,catalog_only_no_auto_approval_no_file_movement
atlanta_dream_sika_kone,Sika Kone,atlanta_dream,WNBA,,https://dream.wnba.com/roster,,cutout,assets/leagues/wnba/athletes/atlanta_dream_sika_kone/cutout.png,false,assets/leagues/wnba/athletes/atlanta_dream_sika_kone/cutout.png.approved,false,missing,missing_asset_not_renderable,missing_asset_review_required,cutout_not_onboarded,athlete_images_registry; source_note=missing_review_required,asset_file_missing; cutout_slot_requires_manual_crop_review,review_only_not_renderable_until_approved,catalog_only_no_auto_approval_no_file_movement
atlanta_dream_sika_kone,Sika Kone,atlanta_dream,WNBA,1631021,https://cdn.wnba.com/headshots/wnba/latest/260x190/1631021.png,0.72,headshot,assets/leagues/wnba/athletes/atlanta_dream_sika_kone/headshot.png,true,assets/leagues/wnba/athletes/atlanta_dream_sika_kone/headshot.png.approved,true,approved,approved_marker_present_manual_source_recheck_required,manual_source_recheck_required,,approved_assets_registry; decision_source=default; source_file=outputs/latest/review_files/athlete_image_approval_pack/downloads/atlanta_dream/atlanta_dream_sika_kone__1631021.png; approved_at_utc=2026-06-16T04:22:55.096142+00:00,approved_marker_present; headshot_slot_requires_identity_and_crop_review; image_size=260x190; meets_headshot_floor; default_decision_source_manual_recheck_required,review_only_manual_source_recheck_required: default_decision_source_manual_recheck_required,catalog_only_no_auto_approval_no_file_movement
atlanta_dream_te_hina_paopao,Te-Hina Paopao,atlanta_dream,WNBA,,https://dream.wnba.com/roster,,cutout,assets/leagues/wnba/athletes/atlanta_dream_te_hina_paopao/cutout.png,false,assets/leagues/wnba/athletes/atlanta_dream_te_hina_paopao/cutout.png.approved,false,missing,missing_asset_not_renderable,missing_asset_review_required,cutout_not_onboarded,athlete_images_registry; source_note=missing_review_required,asset_file_missing; cutout_slot_requires_manual_crop_review,review_only_not_renderable_until_approved,catalog_only_no_auto_approval_no_file_movement
atlanta_dream_te_hina_paopao,Te-Hina Paopao,atlanta_dream,WNBA,1642804,https://cdn.wnba.com/headshots/wnba/latest/260x190/1642804.png,0.72,headshot,assets/leagues/wnba/athletes/atlanta_dream_te_hina_paopao/headshot.png,true,assets/leagues/wnba/athletes/atlanta_dream_te_hina_paopao/headshot.png.approved,true,approved,approved_marker_present_manual_source_recheck_required,manual_source_recheck_required,,approved_assets_registry; decision_source=default; source_file=outputs/latest/review_files/athlete_image_approval_pack/downloads/atlanta_dream/atlanta_dream_te_hina_paopao__1642804.png; approved_at_utc=2026-06-16T04:22:55.093696+00:00,approved_marker_present; headshot_slot_requires_identity_and_crop_review; image_size=260x190; meets_headshot_floor; default_decision_source_manual_recheck_required,review_only_manual_source_recheck_required: default_decision_source_manual_recheck_required,catalog_only_no_auto_approval_no_file_movement
chicago_sky_aicha_coulibaly,Aicha Coulibaly,chicago_sky,WNBA,,https://sky.wnba.com/roster,,cutout,assets/leagues/wnba/athletes/chicago_sky_aicha_coulibaly/cutout.png,false,assets/leagues/wnba/athletes/chicago_sky_aicha_coulibaly/cutout.png.approved,false,missing,missing_asset_not_renderable,missing_asset_review_required,cutout_not_onboarded,athlete_images_registry; source_note=missing_review_required,asset_file_missing; cutout_slot_requires_manual_crop_review,review_only_not_renderable_until_approved,catalog_only_no_auto_approval_no_file_movement
chicago_sky_aicha_coulibaly,Aicha Coulibaly,chicago_sky,WNBA,1642786,https://cdn.wnba.com/headshots/wnba/latest/260x190/1642786.png,0.72,headshot,assets/leagues/wnba/athletes/chicago_sky_aicha_coulibaly/headshot.png,true,assets/leagues/wnba/athletes/chicago_sky_aicha_coulibaly/headshot.png.approved,true,approved,approved_marker_present_manual_source_recheck_required,manual_source_recheck_required,,approved_assets_registry; decision_source=default; source_file=outputs/latest/review_files/athlete_image_approval_pack/downloads/chicago_sky/chicago_sky_aicha_coulibaly__1642786.png; approved_at_utc=2026-06-16T04:22:55.101037+00:00,approved_marker_present; headshot_slot_requires_identity_and_crop_review; image_size=260x190; meets_headshot_floor; default_decision_source_manual_recheck_required,review_only_manual_source_recheck_required: default_decision_source_manual_recheck_required,catalog_only_no_auto_approval_no_file_movement
chicago_sky_azura_stevens,Azura Stevens,chicago_sky,WNBA,,https://sky.wnba.com/roster,,cutout,assets/leagues/wnba/athletes/chicago_sky_azura_stevens/cutout.png,false,assets/leagues/wnba/athletes/chicago_sky_azura_stevens/cutout.png.approved,false,missing,missing_asset_not_renderable,missing_asset_review_required,cutout_not_onboarded,athlete_images_registry; source_note=missing_review_required,asset_file_missing; cutout_slot_requires_manual_crop_review,review_only_not_renderable_until_approved,catalog_only_no_auto_approval_no_file_movement
chicago_sky_azura_stevens,Azura Stevens,chicago_sky,WNBA,1628922,https://cdn.wnba.com/headshots/wnba/latest/260x190/1628922.png,0.72,headshot,assets/leagues/wnba/athletes/chicago_sky_azura_stevens/headshot.png,true,assets/leagues/wnba/athletes/chicago_sky_azura_stevens/headshot.png.approved,true,approved,approved_marker_present_manual_source_recheck_required,manual_source_recheck_required,,approved_assets_registry; decision_source=default; source_file=outputs/latest/review_files/athlete_image_approval_pack/downloads/chicago_sky/chicago_sky_azura_stevens__1628922.png; approved_at_utc=2026-06-16T04:22:55.100768+00:00,approved_marker_present; headshot_slot_requires_identity_and_crop_review; image_size=260x190; meets_headshot_floor; default_decision_source_manual_recheck_required,review_only_manual_source_recheck_required: default_decision_source_manual_recheck_required,catalog_only_no_auto_approval_no_file_movement
chicago_sky_courtney_vandersloot,Courtney Vandersloot,chicago_sky,WNBA,,https://sky.wnba.com/roster,,cutout,assets/leagues/wnba/athletes/chicago_sky_courtney_vandersloot/cutout.png,false,assets/leagues/wnba/athletes/chicago_sky_courtney_vandersloot/cutout.png.approved,false,missing,missing_asset_not_renderable,missing_asset_review_required,cutout_not_onboarded,athlete_images_registry; source_note=missing_review_required,asset_file_missing; cutout_slot_requires_manual_crop_review,review_only_not_renderable_until_approved,catalog_only_no_auto_approval_no_file_movement
chicago_sky_courtney_vandersloot,Courtney Vandersloot,chicago_sky,WNBA,202664,https://cdn.wnba.com/headshots/wnba/latest/260x190/202664.png,0.72,headshot,assets/leagues/wnba/athletes/chicago_sky_courtney_vandersloot/headshot.png,true,assets/leagues/wnba/athletes/chicago_sky_courtney_vandersloot/headshot.png.approved,true,approved,approved_marker_present_manual_source_recheck_required,manual_source_recheck_required,,approved_assets_registry; decision_source=default; source_file=outputs/latest/review_files/athlete_image_approval_pack/downloads/chicago_sky/chicago_sky_courtney_vandersloot__202664.png; approved_at_utc=2026-06-16T04:22:55.100200+00:00,approved_marker_present; headshot_slot_requires_identity_and_crop_review; image_size=260x190; meets_headshot_floor; default_decision_source_manual_recheck_required,review_only_manual_source_recheck_required: default_decision_source_manual_recheck_required,catalog_only_no_auto_approval_no_file_movement
chicago_sky_dijonai_carrington,DiJonai Carrington,chicago_sky,WNBA,,https://sky.wnba.com/roster,,cutout,assets/leagues/wnba/athletes/chicago_sky_dijonai_carrington/cutout.png,false,assets/leagues/wnba/athletes/chicago_sky_dijonai_carrington/cutout.png.approved,false,missing,missing_asset_not_renderable,missing_asset_review_required,cutout_not_onboarded,athlete_images_registry; source_note=missing_review_required,asset_file_missing; cutout_slot_requires_manual_crop_review,review_only_not_renderable_until_approved,catalog_only_no_auto_approval_no_file_movement
chicago_sky_dijonai_carrington,DiJonai Carrington,chicago_sky,WNBA,1630096,https://cdn.wnba.com/headshots/wnba/latest/260x190/1630096.png,0.72,headshot,assets/leagues/wnba/athletes/chicago_sky_dijonai_carrington/headshot.png,true,assets/leagues/wnba/athletes/chicago_sky_dijonai_carrington/headshot.png.approved,true,approved,approved_marker_present_manual_source_recheck_required,manual_source_recheck_required,,approved_assets_registry; decision_source=default; source_file=outputs/latest/review_files/athlete_image_approval_pack/downloads/chicago_sky/chicago_sky_dijonai_carrington__1630096.png; approved_at_utc=2026-06-16T04:22:55.098507+00:00,approved_marker_present; headshot_slot_requires_identity_and_crop_review; image_size=260x190; meets_headshot_floor; default_decision_source_manual_recheck_required,review_only_manual_source_recheck_required: default_decision_source_manual_recheck_required,catalog_only_no_auto_approval_no_file_movement
chicago_sky_elizabeth_williams,Elizabeth Williams,chicago_sky,WNBA,,https://sky.wnba.com/roster,,cutout,assets/leagues/wnba/athletes/chicago_sky_elizabeth_williams/cutout.png,false,assets/leagues/wnba/athletes/chicago_sky_elizabeth_williams/cutout.png.approved,false,missing,missing_asset_not_renderable,missing_asset_review_required,cutout_not_onboarded,athlete_images_registry; source_note=missing_review_required,asset_file_missing; cutout_slot_requires_manual_crop_review,review_only_not_renderable_until_approved,catalog_only_no_auto_approval_no_file_movement
chicago_sky_elizabeth_williams,Elizabeth Williams,chicago_sky,WNBA,204322,https://cdn.wnba.com/headshots/wnba/latest/260x190/204322.png,0.72,headshot,assets/leagues/wnba/athletes/chicago_sky_elizabeth_williams/headshot.png,true,assets/leagues/wnba/athletes/chicago_sky_elizabeth_williams/headshot.png.approved,true,approved,approved_marker_present_manual_source_recheck_required,manual_source_recheck_required,,approved_assets_registry; decision_source=default; source_file=outputs/latest/review_files/athlete_image_approval_pack/downloads/chicago_sky/chicago_sky_elizabeth_williams__204322.png; approved_at_utc=2026-06-16T04:22:55.097300+00:00,approved_marker_present; headshot_slot_requires_identity_and_crop_review; image_size=260x190; meets_headshot_floor; default_decision_source_manual_recheck_required,review_only_manual_source_recheck_required: default_decision_source_manual_recheck_required,catalog_only_no_auto_approval_no_file_movement
chicago_sky_gabriela_jaquez,Gabriela Jaquez,chicago_sky,WNBA,,https://sky.wnba.com/roster,,cutout,assets/leagues/wnba/athletes/chicago_sky_gabriela_jaquez/cutout.png,false,assets/leagues/wnba/athletes/chicago_sky_gabriela_jaquez/cutout.png.approved,false,missing,missing_asset_not_renderable,missing_asset_review_required,cutout_not_onboarded,athlete_images_registry; source_note=missing_review_required,asset_file_missing; cutout_slot_requires_manual_crop_review,review_only_not_renderable_until_approved,catalog_only_no_auto_approval_no_file_movement
chicago_sky_gabriela_jaquez,Gabriela Jaquez,chicago_sky,WNBA,1643447,https://cdn.wnba.com/headshots/wnba/latest/260x190/1643447.png,0.72,headshot,assets/leagues/wnba/athletes/chicago_sky_gabriela_jaquez/headshot.png,true,assets/leagues/wnba/athletes/chicago_sky_gabriela_jaquez/headshot.png.approved,true,approved,approved_marker_present_manual_source_recheck_required,manual_source_recheck_required,,approved_assets_registry; decision_source=default; source_file=outputs/latest/review_files/athlete_image_approval_pack/downloads/chicago_sky/chicago_sky_gabriela_jaquez__1643447.png; approved_at_utc=2026-06-16T04:22:55.099359+00:00,approved_marker_present; headshot_slot_requires_identity_and_crop_review; image_size=260x190; meets_headshot_floor; default_decision_source_manual_recheck_required,review_only_manual_source_recheck_required: default_decision_source_manual_recheck_required,catalog_only_no_auto_approval_no_file_movement
chicago_sky_jacy_sheldon,Jacy Sheldon,chicago_sky,WNBA,,https://sky.wnba.com/roster,,cutout,assets/leagues/wnba/athletes/chicago_sky_jacy_sheldon/cutout.png,false,assets/leagues/wnba/athletes/chicago_sky_jacy_sheldon/cutout.png.approved,false,missing,missing_asset_not_renderable,missing_asset_review_required,cutout_not_onboarded,athlete_images_registry; source_note=missing_review_required,asset_file_missing; cutout_slot_requires_manual_crop_review,review_only_not_renderable_until_approved,catalog_only_no_auto_approval_no_file_movement
chicago_sky_jacy_sheldon,Jacy Sheldon,chicago_sky,WNBA,1642292,https://cdn.wnba.com/headshots/wnba/latest/260x190/1642292.png,0.72,headshot,assets/leagues/wnba/athletes/chicago_sky_jacy_sheldon/headshot.png,true,assets/leagues/wnba/athletes/chicago_sky_jacy_sheldon/headshot.png.approved,true,approved,approved_marker_present_manual_source_recheck_required,manual_source_recheck_required,,approved_assets_registry; decision_source=default; source_file=outputs/latest/review_files/athlete_image_approval_pack/downloads/chicago_sky/chicago_sky_jacy_sheldon__1642292.png; approved_at_utc=2026-06-16T04:22:55.097021+00:00,approved_marker_present; headshot_slot_requires_identity_and_crop_review; image_size=260x190; meets_headshot_floor; default_decision_source_manual_recheck_required,review_only_manual_source_recheck_required: default_decision_source_manual_recheck_required,catalog_only_no_auto_approval_no_file_movement
chicago_sky_kamilla_cardoso,Kamilla Cardoso,chicago_sky,WNBA,,https://sky.wnba.com/roster,,cutout,assets/leagues/wnba/athletes/chicago_sky_kamilla_cardoso/cutout.png,false,assets/leagues/wnba/athletes/chicago_sky_kamilla_cardoso/cutout.png.approved,false,missing,missing_asset_not_renderable,missing_asset_review_required,cutout_not_onboarded,athlete_images_registry; source_note=missing_review_required,asset_file_missing; cutout_slot_requires_manual_crop_review,review_only_not_renderable_until_approved,catalog_only_no_auto_approval_no_file_movement
chicago_sky_kamilla_cardoso,Kamilla Cardoso,chicago_sky,WNBA,1642289,https://cdn.wnba.com/headshots/wnba/latest/260x190/1642289.png,0.72,headshot,assets/leagues/wnba/athletes/chicago_sky_kamilla_cardoso/headshot.png,true,assets/leagues/wnba/athletes/chicago_sky_kamilla_cardoso/headshot.png.approved,true,approved,approved_marker_present_manual_source_recheck_required,manual_source_recheck_required,,approved_assets_registry; decision_source=default; source_file=outputs/latest/review_files/athlete_image_approval_pack/downloads/chicago_sky/chicago_sky_kamilla_cardoso__1642289.png; approved_at_utc=2026-06-16T04:22:55.099092+00:00,approved_marker_present; headshot_slot_requires_identity_and_crop_review; image_size=260x190; meets_headshot_floor; default_decision_source_manual_recheck_required,review_only_manual_source_recheck_required: default_decision_source_manual_recheck_required,catalog_only_no_auto_approval_no_file_movement
chicago_sky_maddy_westbeld,Maddy Westbeld,chicago_sky,WNBA,,https://sky.wnba.com/roster,,cutout,assets/leagues/wnba/athletes/chicago_sky_maddy_westbeld/cutout.png,false,assets/leagues/wnba/athletes/chicago_sky_maddy_westbeld/cutout.png.approved,false,missing,missing_asset_not_renderable,missing_asset_review_required,cutout_not_onboarded,athlete_images_registry; source_note=missing_review_required,asset_file_missing; cutout_slot_requires_manual_crop_review,review_only_not_renderable_until_approved,catalog_only_no_auto_approval_no_file_movement
chicago_sky_maddy_westbeld,Maddy Westbeld,chicago_sky,WNBA,1642818,https://cdn.wnba.com/headshots/wnba/latest/260x190/1642818.png,0.72,headshot,assets/leagues/wnba/athletes/chicago_sky_maddy_westbeld/headshot.png,true,assets/leagues/wnba/athletes/chicago_sky_maddy_westbeld/headshot.png.approved,true,approved,approved_marker_present_manual_source_recheck_required,manual_source_recheck_required,,approved_assets_registry; decision_source=default; source_file=outputs/latest/review_files/athlete_image_approval_pack/downloads/chicago_sky/chicago_sky_maddy_westbeld__1642818.png; approved_at_utc=2026-06-16T04:22:55.099924+00:00,approved_marker_present; headshot_slot_requires_identity_and_crop_review; image_size=260x190; meets_headshot_floor; default_decision_source_manual_recheck_required,review_only_manual_source_recheck_required: default_decision_source_manual_recheck_required,catalog_only_no_auto_approval_no_file_movement
chicago_sky_natasha_cloud,Natasha Cloud,chicago_sky,WNBA,,https://sky.wnba.com/roster,,cutout,assets/leagues/wnba/athletes/chicago_sky_natasha_cloud/cutout.png,false,assets/leagues/wnba/athletes/chicago_sky_natasha_cloud/cutout.png.approved,false,missing,missing_asset_not_renderable,missing_asset_review_required,cutout_not_onboarded,athlete_images_registry; source_note=missing_review_required,asset_file_missing; cutout_slot_requires_manual_crop_review,review_only_not_renderable_until_approved,catalog_only_no_auto_approval_no_file_movement
chicago_sky_natasha_cloud,Natasha Cloud,chicago_sky,WNBA,204333,https://cdn.wnba.com/headshots/wnba/latest/260x190/204333.png,0.72,headshot,assets/leagues/wnba/athletes/chicago_sky_natasha_cloud/headshot.png,true,assets/leagues/wnba/athletes/chicago_sky_natasha_cloud/headshot.png.approved,true,approved,approved_marker_present_manual_source_recheck_required,manual_source_recheck_required,,approved_assets_registry; decision_source=default; source_file=outputs/latest/review_files/athlete_image_approval_pack/downloads/chicago_sky/chicago_sky_natasha_cloud__204333.png; approved_at_utc=2026-06-16T04:22:55.098805+00:00,approved_marker_present; headshot_slot_requires_identity_and_crop_review; image_size=260x190; meets_headshot_floor; default_decision_source_manual_recheck_required,review_only_manual_source_recheck_required: default_decision_source_manual_recheck_required,catalog_only_no_auto_approval_no_file_movement
chicago_sky_rachel_banham,Rachel Banham,chicago_sky,WNBA,,https://sky.wnba.com/roster,,cutout,assets/leagues/wnba/athletes/chicago_sky_rachel_banham/cutout.png,false,assets/leagues/wnba/athletes/chicago_sky_rachel_banham/cutout.png.approved,false,missing,missing_asset_not_renderable,missing_asset_review_required,cutout_not_onboarded,athlete_images_registry; source_note=missing_review_required,asset_file_missing; cutout_slot_requires_manual_crop_review,review_only_not_renderable_until_approved,catalog_only_no_auto_approval_no_file_movement
chicago_sky_rachel_banham,Rachel Banham,chicago_sky,WNBA,1627671,https://cdn.wnba.com/headshots/wnba/latest/260x190/1627671.png,0.72,headshot,assets/leagues/wnba/athletes/chicago_sky_rachel_banham/headshot.png,true,assets/leagues/wnba/athletes/chicago_sky_rachel_banham/headshot.png.approved,true,approved,approved_marker_present_manual_source_recheck_required,manual_source_recheck_required,,approved_assets_registry; decision_source=default; source_file=outputs/latest/review_files/athlete_image_approval_pack/downloads/chicago_sky/chicago_sky_rachel_banham__1627671.png; approved_at_utc=2026-06-16T04:22:55.100472+00:00,approved_marker_present; headshot_slot_requires_identity_and_crop_review; image_size=260x190; meets_headshot_floor; default_decision_source_manual_recheck_required,review_only_manual_source_recheck_required: default_decision_source_manual_recheck_required,catalog_only_no_auto_approval_no_file_movement
chicago_sky_rickea_jackson,Rickea Jackson,chicago_sky,WNBA,,https://sky.wnba.com/roster,,cutout,assets/leagues/wnba/athletes/chicago_sky_rickea_jackson/cutout.png,false,assets/leagues/wnba/athletes/chicago_sky_rickea_jackson/cutout.png.approved,false,missing,missing_asset_not_renderable,missing_asset_review_required,cutout_not_onboarded,athlete_images_registry; source_note=missing_review_required,asset_file_missing; cutout_slot_requires_manual_crop_review,review_only_not_renderable_until_approved,catalog_only_no_auto_approval_no_file_movement
chicago_sky_rickea_jackson,Rickea Jackson,chicago_sky,WNBA,1642288,https://cdn.wnba.com/headshots/wnba/latest/260x190/1642288.png,0.72,headshot,assets/leagues/wnba/athletes/chicago_sky_rickea_jackson/headshot.png,true,assets/leagues/wnba/athletes/chicago_sky_rickea_jackson/headshot.png.approved,true,approved,approved_marker_present_manual_source_recheck_required,manual_source_recheck_required,,approved_assets_registry; decision_source=default; source_file=outputs/latest/review_files/athlete_image_approval_pack/downloads/chicago_sky/chicago_sky_rickea_jackson__1642288.png; approved_at_utc=2026-06-16T04:22:55.097952+00:00,approved_marker_present; headshot_slot_requires_identity_and_crop_review; image_size=260x190; meets_headshot_floor; default_decision_source_manual_recheck_required,review_only_manual_source_recheck_required: default_decision_source_manual_recheck_required,catalog_only_no_auto_approval_no_file_movement
chicago_sky_saylor_poffenbarger,Saylor Poffenbarger,chicago_sky,WNBA,,https://sky.wnba.com/roster,,cutout,assets/leagues/wnba/athletes/chicago_sky_saylor_poffenbarger/cutout.png,false,assets/leagues/wnba/athletes/chicago_sky_saylor_poffenbarger/cutout.png.approved,false,missing,missing_asset_not_renderable,missing_asset_review_required,cutout_not_onboarded,athlete_images_registry; source_note=missing_review_required,asset_file_missing; cutout_slot_requires_manual_crop_review,review_only_not_renderable_until_approved,catalog_only_no_auto_approval_no_file_movement
chicago_sky_saylor_poffenbarger,Saylor Poffenbarger,chicago_sky,WNBA,1643458,https://cdn.wnba.com/headshots/wnba/latest/260x190/1643458.png,0.72,headshot,assets/leagues/wnba/athletes/chicago_sky_saylor_poffenbarger/headshot.png,true,assets/leagues/wnba/athletes/chicago_sky_saylor_poffenbarger/headshot.png.approved,true,approved,approved_marker_present_manual_source_recheck_required,manual_source_recheck_required,,approved_assets_registry; decision_source=default; source_file=outputs/latest/review_files/athlete_image_approval_pack/downloads/chicago_sky/chicago_sky_saylor_poffenbarger__1643458.png; approved_at_utc=2026-06-16T04:22:55.098228+00:00,approved_marker_present; headshot_slot_requires_identity_and_crop_review; image_size=260x190; meets_headshot_floor; default_decision_source_manual_recheck_required,review_only_manual_source_recheck_required: default_decision_source_manual_recheck_required,catalog_only_no_auto_approval_no_file_movement
chicago_sky_skylar_diggins,Skylar Diggins,chicago_sky,WNBA,,https://sky.wnba.com/roster,,cutout,assets/leagues/wnba/athletes/chicago_sky_skylar_diggins/cutout.png,false,assets/leagues/wnba/athletes/chicago_sky_skylar_diggins/cutout.png.approved,false,missing,missing_asset_not_renderable,missing_asset_review_required,cutout_not_onboarded,athlete_images_registry; source_note=missing_review_required,asset_file_missing; cutout_slot_requires_manual_crop_review,review_only_not_renderable_until_approved,catalog_only_no_auto_approval_no_file_movement
chicago_sky_skylar_diggins,Skylar Diggins,chicago_sky,WNBA,203400,https://cdn.wnba.com/headshots/wnba/latest/260x190/203400.png,0.72,headshot,assets/leagues/wnba/athletes/chicago_sky_skylar_diggins/headshot.png,true,assets/leagues/wnba/athletes/chicago_sky_skylar_diggins/headshot.png.approved,true,approved,approved_marker_present_manual_source_recheck_required,manual_source_recheck_required,,approved_assets_registry; decision_source=default; source_file=outputs/latest/review_files/athlete_image_approval_pack/downloads/chicago_sky/chicago_sky_skylar_diggins__203400.png; approved_at_utc=2026-06-16T04:22:55.097592+00:00,approved_marker_present; headshot_slot_requires_identity_and_crop_review; image_size=260x190; meets_headshot_floor; default_decision_source_manual_recheck_required,review_only_manual_source_recheck_required: default_decision_source_manual_recheck_required,catalog_only_no_auto_approval_no_file_movement
chicago_sky_sydney_taylor,Sydney Taylor,chicago_sky,WNBA,,https://sky.wnba.com/roster,,cutout,assets/leagues/wnba/athletes/chicago_sky_sydney_taylor/cutout.png,false,assets/leagues/wnba/athletes/chicago_sky_sydney_taylor/cutout.png.approved,false,missing,missing_asset_not_renderable,missing_asset_review_required,cutout_not_onboarded,athlete_images_registry; source_note=missing_review_required,asset_file_missing; cutout_slot_requires_manual_crop_review,review_only_not_renderable_until_approved,catalog_only_no_auto_approval_no_file_movement
chicago_sky_sydney_taylor,Sydney Taylor,chicago_sky,WNBA,1642321,https://cdn.wnba.com/headshots/wnba/latest/260x190/1642321.png,0.72,headshot,assets/leagues/wnba/athletes/chicago_sky_sydney_taylor/headshot.png,true,assets/leagues/wnba/athletes/chicago_sky_sydney_taylor/headshot.png.approved,true,approved,approved_marker_present_manual_source_recheck_required,manual_source_recheck_required,,approved_assets_registry; decision_source=default; source_file=outputs/latest/review_files/athlete_image_approval_pack/downloads/chicago_sky/chicago_sky_sydney_taylor__1642321.png; approved_at_utc=2026-06-16T04:22:55.099626+00:00,approved_marker_present; headshot_slot_requires_identity_and_crop_review; image_size=260x190; meets_headshot_floor; default_decision_source_manual_recheck_required,review_only_manual_source_recheck_required: default_decision_source_manual_recheck_required,catalog_only_no_auto_approval_no_file_movement
connecticut_sun_aaliyah_edwards,Aaliyah Edwards,connecticut_sun,WNBA,,https://sun.wnba.com/roster,,cutout,assets/leagues/wnba/athletes/connecticut_sun_aaliyah_edwards/cutout.png,false,assets/leagues/wnba/athletes/connecticut_sun_aaliyah_edwards/cutout.png.approved,false,missing,missing_asset_not_renderable,missing_asset_review_required,cutout_not_onboarded,athlete_images_registry; source_note=missing_review_required,asset_file_missing; cutout_slot_requires_manual_crop_review,review_only_not_renderable_until_approved,catalog_only_no_auto_approval_no_file_movement
connecticut_sun_aaliyah_edwards,Aaliyah Edwards,connecticut_sun,WNBA,1642290,https://cdn.wnba.com/headshots/wnba/latest/260x190/1642290.png,0.72,headshot,assets/leagues/wnba/athletes/connecticut_sun_aaliyah_edwards/headshot.png,true,assets/leagues/wnba/athletes/connecticut_sun_aaliyah_edwards/headshot.png.approved,true,approved,approved_marker_present_manual_source_recheck_required,manual_source_recheck_required,,approved_assets_registry; decision_source=default; source_file=outputs/latest/review_files/athlete_image_approval_pack/downloads/connecticut_sun/connecticut_sun_aaliyah_edwards__1642290.png; approved_at_utc=2026-06-16T04:22:55.102770+00:00,approved_marker_present; headshot_slot_requires_identity_and_crop_review; image_size=260x190; meets_headshot_floor; default_decision_source_manual_recheck_required,review_only_manual_source_recheck_required: default_decision_source_manual_recheck_required,catalog_only_no_auto_approval_no_file_movement
connecticut_sun_aneesah_morrow,Aneesah Morrow,connecticut_sun,WNBA,,https://sun.wnba.com/roster,,cutout,assets/leagues/wnba/athletes/connecticut_sun_aneesah_morrow/cutout.png,false,assets/leagues/wnba/athletes/connecticut_sun_aneesah_morrow/cutout.png.approved,false,missing,missing_asset_not_renderable,missing_asset_review_required,cutout_not_onboarded,athlete_images_registry; source_note=missing_review_required,asset_file_missing; cutout_slot_requires_manual_crop_review,review_only_not_renderable_until_approved,catalog_only_no_auto_approval_no_file_movement
connecticut_sun_aneesah_morrow,Aneesah Morrow,connecticut_sun,WNBA,1642800,https://cdn.wnba.com/headshots/wnba/latest/260x190/1642800.png,0.72,headshot,assets/leagues/wnba/athletes/connecticut_sun_aneesah_morrow/headshot.png,true,assets/leagues/wnba/athletes/connecticut_sun_aneesah_morrow/headshot.png.approved,true,approved,approved_marker_present_manual_source_recheck_required,manual_source_recheck_required,,approved_assets_registry; decision_source=default; source_file=outputs/latest/review_files/athlete_image_approval_pack/downloads/connecticut_sun/connecticut_sun_aneesah_morrow__1642800.png; approved_at_utc=2026-06-16T04:22:55.103954+00:00,approved_marker_present; headshot_slot_requires_identity_and_crop_review; image_size=260x190; meets_headshot_floor; default_decision_source_manual_recheck_required,review_only_manual_source_recheck_required: default_decision_source_manual_recheck_required,catalog_only_no_auto_approval_no_file_movement
connecticut_sun_ashlon_jackson,Ashlon Jackson,connecticut_sun,WNBA,,https://sun.wnba.com/roster,,cutout,assets/leagues/wnba/athletes/connecticut_sun_ashlon_jackson/cutout.png,false,assets/leagues/wnba/athletes/connecticut_sun_ashlon_jackson/cutout.png.approved,false,missing,missing_asset_not_renderable,missing_asset_review_required,cutout_not_onboarded,athlete_images_registry; source_note=missing_review_required,asset_file_missing; cutout_slot_requires_manual_crop_review,review_only_not_renderable_until_approved,catalog_only_no_auto_approval_no_file_movement
connecticut_sun_ashlon_jackson,Ashlon Jackson,connecticut_sun,WNBA,1643437,https://cdn.wnba.com/headshots/wnba/latest/260x190/1643437.png,0.72,headshot,assets/leagues/wnba/athletes/connecticut_sun_ashlon_jackson/headshot.png,true,assets/leagues/wnba/athletes/connecticut_sun_ashlon_jackson/headshot.png.approved,true,approved,approved_marker_present_manual_source_recheck_required,manual_source_recheck_required,,approved_assets_registry; decision_source=default; source_file=outputs/latest/review_files/athlete_image_approval_pack/downloads/connecticut_sun/connecticut_sun_ashlon_jackson__1643437.png; approved_at_utc=2026-06-16T04:22:55.101890+00:00,approved_marker_present; headshot_slot_requires_identity_and_crop_review; image_size=260x190; meets_headshot_floor; default_decision_source_manual_recheck_required,review_only_manual_source_recheck_required: default_decision_source_manual_recheck_required,catalog_only_no_auto_approval_no_file_movement
connecticut_sun_brittney_griner,Brittney Griner,connecticut_sun,WNBA,,https://sun.wnba.com/roster,,cutout,assets/leagues/wnba/athletes/connecticut_sun_brittney_griner/cutout.png,false,assets/leagues/wnba/athletes/connecticut_sun_brittney_griner/cutout.png.approved,false,missing,missing_asset_not_renderable,missing_asset_review_required,cutout_not_onboarded,athlete_images_registry; source_note=missing_review_required,asset_file_missing; cutout_slot_requires_manual_crop_review,review_only_not_renderable_until_approved,catalog_only_no_auto_approval_no_file_movement
connecticut_sun_brittney_griner,Brittney Griner,connecticut_sun,WNBA,203398,https://cdn.wnba.com/headshots/wnba/latest/260x190/203398.png,0.72,headshot,assets/leagues/wnba/athletes/connecticut_sun_brittney_griner/headshot.png,true,assets/leagues/wnba/athletes/connecticut_sun_brittney_griner/headshot.png.approved,true,approved,approved_marker_present_manual_source_recheck_required,manual_source_recheck_required,,approved_assets_registry; decision_source=default; source_file=outputs/latest/review_files/athlete_image_approval_pack/downloads/connecticut_sun/connecticut_sun_brittney_griner__203398.png; approved_at_utc=2026-06-16T04:22:55.104806+00:00,approved_marker_present; headshot_slot_requires_identity_and_crop_review; image_size=260x190; meets_headshot_floor; default_decision_source_manual_recheck_required,review_only_manual_source_recheck_required: default_decision_source_manual_recheck_required,catalog_only_no_auto_approval_no_file_movement
connecticut_sun_charlisse_leger_walker,Charlisse Leger-Walker,connecticut_sun,WNBA,,https://sun.wnba.com/roster,,cutout,assets/leagues/wnba/athletes/connecticut_sun_charlisse_leger_walker/cutout.png,false,assets/leagues/wnba/athletes/connecticut_sun_charlisse_leger_walker/cutout.png.approved,false,missing,missing_asset_not_renderable,missing_asset_review_required,cutout_not_onboarded,athlete_images_registry; source_note=missing_review_required,asset_file_missing; cutout_slot_requires_manual_crop_review,review_only_not_renderable_until_approved,catalog_only_no_auto_approval_no_file_movement
connecticut_sun_charlisse_leger_walker,Charlisse Leger-Walker,connecticut_sun,WNBA,1643449,https://cdn.wnba.com/headshots/wnba/latest/260x190/1643449.png,0.72,headshot,assets/leagues/wnba/athletes/connecticut_sun_charlisse_leger_walker/headshot.png,true,assets/leagues/wnba/athletes/connecticut_sun_charlisse_leger_walker/headshot.png.approved,true,approved,approved_marker_present_manual_source_recheck_required,manual_source_recheck_required,,approved_assets_registry; decision_source=default; source_file=outputs/latest/review_files/athlete_image_approval_pack/downloads/connecticut_sun/connecticut_sun_charlisse_leger_walker__1643449.png; approved_at_utc=2026-06-16T04:22:55.102174+00:00,approved_marker_present; headshot_slot_requires_identity_and_crop_review; image_size=260x190; meets_headshot_floor; default_decision_source_manual_recheck_required,review_only_manual_source_recheck_required: default_decision_source_manual_recheck_required,catalog_only_no_auto_approval_no_file_movement
connecticut_sun_diamond_miller,Diamond Miller,connecticut_sun,WNBA,,https://sun.wnba.com/roster,,cutout,assets/leagues/wnba/athletes/connecticut_sun_diamond_miller/cutout.png,false,assets/leagues/wnba/athletes/connecticut_sun_diamond_miller/cutout.png.approved,false,missing,missing_asset_not_renderable,missing_asset_review_required,cutout_not_onboarded,athlete_images_registry; source_note=missing_review_required,asset_file_missing; cutout_slot_requires_manual_crop_review,review_only_not_renderable_until_approved,catalog_only_no_auto_approval_no_file_movement
connecticut_sun_diamond_miller,Diamond Miller,connecticut_sun,WNBA,1641649,https://cdn.wnba.com/headshots/wnba/latest/260x190/1641649.png,0.72,headshot,assets/leagues/wnba/athletes/connecticut_sun_diamond_miller/headshot.png,true,assets/leagues/wnba/athletes/connecticut_sun_diamond_miller/headshot.png.approved,true,approved,approved_marker_present_manual_source_recheck_required,manual_source_recheck_required,,approved_assets_registry; decision_source=default; source_file=outputs/latest/review_files/athlete_image_approval_pack/downloads/connecticut_sun/connecticut_sun_diamond_miller__1641649.png; approved_at_utc=2026-06-16T04:22:55.101317+00:00,approved_marker_present; headshot_slot_requires_identity_and_crop_review; image_size=260x190; meets_headshot_floor; default_decision_source_manual_recheck_required,review_only_manual_source_recheck_required: default_decision_source_manual_recheck_required,catalog_only_no_auto_approval_no_file_movement
connecticut_sun_gianna_kneepkens,Gianna Kneepkens,connecticut_sun,WNBA,,https://sun.wnba.com/roster,,cutout,assets/leagues/wnba/athletes/connecticut_sun_gianna_kneepkens/cutout.png,false,assets/leagues/wnba/athletes/connecticut_sun_gianna_kneepkens/cutout.png.approved,false,missing,missing_asset_not_renderable,missing_asset_review_required,cutout_not_onboarded,athlete_images_registry; source_note=missing_review_required,asset_file_missing; cutout_slot_requires_manual_crop_review,review_only_not_renderable_until_approved,catalog_only_no_auto_approval_no_file_movement
connecticut_sun_gianna_kneepkens,Gianna Kneepkens,connecticut_sun,WNBA,1643429,https://cdn.wnba.com/headshots/wnba/latest/260x190/1643429.png,0.72,headshot,assets/leagues/wnba/athletes/connecticut_sun_gianna_kneepkens/headshot.png,true,assets/leagues/wnba/athletes/connecticut_sun_gianna_kneepkens/headshot.png.approved,true,approved,approved_marker_present_manual_source_recheck_required,manual_source_recheck_required,,approved_assets_registry; decision_source=default; source_file=outputs/latest/review_files/athlete_image_approval_pack/downloads/connecticut_sun/connecticut_sun_gianna_kneepkens__1643429.png; approved_at_utc=2026-06-16T04:22:55.102452+00:00,approved_marker_present; headshot_slot_requires_identity_and_crop_review; image_size=260x190; meets_headshot_floor; default_decision_source_manual_recheck_required,review_only_manual_source_recheck_required: default_decision_source_manual_recheck_required,catalog_only_no_auto_approval_no_file_movement
connecticut_sun_hailey_van_lith,Hailey Van Lith,connecticut_sun,WNBA,,https://sun.wnba.com/roster,,cutout,assets/leagues/wnba/athletes/connecticut_sun_hailey_van_lith/cutout.png,false,assets/leagues/wnba/athletes/connecticut_sun_hailey_van_lith/cutout.png.approved,false,missing,missing_asset_not_renderable,missing_asset_review_required,cutout_not_onboarded,athlete_images_registry; source_note=missing_review_required,asset_file_missing; cutout_slot_requires_manual_crop_review,review_only_not_renderable_until_approved,catalog_only_no_auto_approval_no_file_movement
connecticut_sun_hailey_van_lith,Hailey Van Lith,connecticut_sun,WNBA,1642817,https://cdn.wnba.com/headshots/wnba/latest/260x190/1642817.png,0.72,headshot,assets/leagues/wnba/athletes/connecticut_sun_hailey_van_lith/headshot.png,true,assets/leagues/wnba/athletes/connecticut_sun_hailey_van_lith/headshot.png.approved,true,approved,approved_marker_present_manual_source_recheck_required,manual_source_recheck_required,,approved_assets_registry; decision_source=default; source_file=outputs/latest/review_files/athlete_image_approval_pack/downloads/connecticut_sun/connecticut_sun_hailey_van_lith__1642817.png; approved_at_utc=2026-06-16T04:22:55.101590+00:00,approved_marker_present; headshot_slot_requires_identity_and_crop_review; image_size=260x190; meets_headshot_floor; default_decision_source_manual_recheck_required,review_only_manual_source_recheck_required: default_decision_source_manual_recheck_required,catalog_only_no_auto_approval_no_file_movement
connecticut_sun_kennedy_burke,Kennedy Burke,connecticut_sun,WNBA,,https://sun.wnba.com/roster,,cutout,assets/leagues/wnba/athletes/connecticut_sun_kennedy_burke/cutout.png,false,assets/leagues/wnba/athletes/connecticut_sun_kennedy_burke/cutout.png.approved,false,missing,missing_asset_not_renderable,missing_asset_review_required,cutout_not_onboarded,athlete_images_registry; source_note=missing_review_required,asset_file_missing; cutout_slot_requires_manual_crop_review,review_only_not_renderable_until_approved,catalog_only_no_auto_approval_no_file_movement
connecticut_sun_kennedy_burke,Kennedy Burke,connecticut_sun,WNBA,1629568,https://cdn.wnba.com/headshots/wnba/latest/260x190/1629568.png,0.72,headshot,assets/leagues/wnba/athletes/connecticut_sun_kennedy_burke/headshot.png,true,assets/leagues/wnba/athletes/connecticut_sun_kennedy_burke/headshot.png.approved,true,approved,approved_marker_present_manual_source_recheck_required,manual_source_recheck_required,,approved_assets_registry; decision_source=default; source_file=outputs/latest/review_files/athlete_image_approval_pack/downloads/connecticut_sun/connecticut_sun_kennedy_burke__1629568.png; approved_at_utc=2026-06-16T04:22:55.104225+00:00,approved_marker_present; headshot_slot_requires_identity_and_crop_review; image_size=260x190; meets_headshot_floor; default_decision_source_manual_recheck_required,review_only_manual_source_recheck_required: default_decision_source_manual_recheck_required,catalog_only_no_auto_approval_no_file_movement
connecticut_sun_leila_lacan,Leila Lacan,connecticut_sun,WNBA,,https://sun.wnba.com/roster,,cutout,assets/leagues/wnba/athletes/connecticut_sun_leila_lacan/cutout.png,false,assets/leagues/wnba/athletes/connecticut_sun_leila_lacan/cutout.png.approved,false,missing,missing_asset_not_renderable,missing_asset_review_required,cutout_not_onboarded,athlete_images_registry; source_note=missing_review_required,asset_file_missing; cutout_slot_requires_manual_crop_review,review_only_not_renderable_until_approved,catalog_only_no_auto_approval_no_file_movement
connecticut_sun_leila_lacan,Leila Lacan,connecticut_sun,WNBA,1642303,https://cdn.wnba.com/headshots/wnba/latest/260x190/1642303.png,0.72,headshot,assets/leagues/wnba/athletes/connecticut_sun_leila_lacan/headshot.png,true,assets/leagues/wnba/athletes/connecticut_sun_leila_lacan/headshot.png.approved,true,approved,approved_marker_present_manual_source_recheck_required,manual_source_recheck_required,,approved_assets_registry; decision_source=default; source_file=outputs/latest/review_files/athlete_image_approval_pack/downloads/connecticut_sun/connecticut_sun_leila_lacan__1642303.png; approved_at_utc=2026-06-16T04:22:55.105077+00:00,approved_marker_present; headshot_slot_requires_identity_and_crop_review; image_size=260x190; meets_headshot_floor; default_decision_source_manual_recheck_required,review_only_manual_source_recheck_required: default_decision_source_manual_recheck_required,catalog_only_no_auto_approval_no_file_movement
connecticut_sun_nell_angloma,Nell Angloma,connecticut_sun,WNBA,,https://sun.wnba.com/roster,,cutout,assets/leagues/wnba/athletes/connecticut_sun_nell_angloma/cutout.png,false,assets/leagues/wnba/athletes/connecticut_sun_nell_angloma/cutout.png.approved,false,missing,missing_asset_not_renderable,missing_asset_review_required,cutout_not_onboarded,athlete_images_registry; source_note=missing_review_required,asset_file_missing; cutout_slot_requires_manual_crop_review,review_only_not_renderable_until_approved,catalog_only_no_auto_approval_no_file_movement
connecticut_sun_nell_angloma,Nell Angloma,connecticut_sun,WNBA,1643448,https://cdn.wnba.com/headshots/wnba/latest/260x190/1643448.png,0.72,headshot,assets/leagues/wnba/athletes/connecticut_sun_nell_angloma/headshot.png,true,assets/leagues/wnba/athletes/connecticut_sun_nell_angloma/headshot.png.approved,true,approved,approved_marker_present_manual_source_recheck_required,manual_source_recheck_required,,approved_assets_registry; decision_source=default; source_file=outputs/latest/review_files/athlete_image_approval_pack/downloads/connecticut_sun/connecticut_sun_nell_angloma__1643448.png; approved_at_utc=2026-06-16T04:22:55.104509+00:00,approved_marker_present; headshot_slot_requires_identity_and_crop_review; image_size=260x190; meets_headshot_floor; default_decision_source_manual_recheck_required,review_only_manual_source_recheck_required: default_decision_source_manual_recheck_required,catalog_only_no_auto_approval_no_file_movement
connecticut_sun_olivia_nelson_ododa,Olivia Nelson-Ododa,connecticut_sun,WNBA,,https://sun.wnba.com/roster,,cutout,assets/leagues/wnba/athletes/connecticut_sun_olivia_nelson_ododa/cutout.png,false,assets/leagues/wnba/athletes/connecticut_sun_olivia_nelson_ododa/cutout.png.approved,false,missing,missing_asset_not_renderable,missing_asset_review_required,cutout_not_onboarded,athlete_images_registry; source_note=missing_review_required,asset_file_missing; cutout_slot_requires_manual_crop_review,review_only_not_renderable_until_approved,catalog_only_no_auto_approval_no_file_movement
connecticut_sun_olivia_nelson_ododa,Olivia Nelson-Ododa,connecticut_sun,WNBA,1631135,https://cdn.wnba.com/headshots/wnba/latest/260x190/1631135.png,0.72,headshot,assets/leagues/wnba/athletes/connecticut_sun_olivia_nelson_ododa/headshot.png,true,assets/leagues/wnba/athletes/connecticut_sun_olivia_nelson_ododa/headshot.png.approved,true,approved,approved_marker_present_manual_source_recheck_required,manual_source_recheck_required,,approved_assets_registry; decision_source=default; source_file=outputs/latest/review_files/athlete_image_approval_pack/downloads/connecticut_sun/connecticut_sun_olivia_nelson_ododa__1631135.png; approved_at_utc=2026-06-16T04:22:55.103044+00:00,approved_marker_present; headshot_slot_requires_identity_and_crop_review; image_size=260x190; meets_headshot_floor; default_decision_source_manual_recheck_required,review_only_manual_source_recheck_required: default_decision_source_manual_recheck_required,catalog_only_no_auto_approval_no_file_movement
connecticut_sun_raegan_beers,Raegan Beers,connecticut_sun,WNBA,,https://sun.wnba.com/roster,,cutout,assets/leagues/wnba/athletes/connecticut_sun_raegan_beers/cutout.png,false,assets/leagues/wnba/athletes/connecticut_sun_raegan_beers/cutout.png.approved,false,missing,missing_asset_not_renderable,missing_asset_review_required,cutout_not_onboarded,athlete_images_registry; source_note=missing_review_required,asset_file_missing; cutout_slot_requires_manual_crop_review,review_only_not_renderable_until_approved,catalog_only_no_auto_approval_no_file_movement
connecticut_sun_raegan_beers,Raegan Beers,connecticut_sun,WNBA,1643441,https://cdn.wnba.com/headshots/wnba/latest/260x190/1643441.png,0.72,headshot,assets/leagues/wnba/athletes/connecticut_sun_raegan_beers/headshot.png,true,assets/leagues/wnba/athletes/connecticut_sun_raegan_beers/headshot.png.approved,true,approved,approved_marker_present_manual_source_recheck_required,manual_source_recheck_required,,approved_assets_registry; decision_source=default; source_file=outputs/latest/review_files/athlete_image_approval_pack/downloads/connecticut_sun/connecticut_sun_raegan_beers__1643441.png; approved_at_utc=2026-06-16T04:22:55.103324+00:00,approved_marker_present; headshot_slot_requires_identity_and_crop_review; image_size=260x190; meets_headshot_floor; default_decision_source_manual_recheck_required,review_only_manual_source_recheck_required: default_decision_source_manual_recheck_required,catalog_only_no_auto_approval_no_file_movement
connecticut_sun_saniya_rivers,Saniya Rivers,connecticut_sun,WNBA,,https://sun.wnba.com/roster,,cutout,assets/leagues/wnba/athletes/connecticut_sun_saniya_rivers/cutout.png,false,assets/leagues/wnba/athletes/connecticut_sun_saniya_rivers/cutout.png.approved,false,missing,missing_asset_not_renderable,missing_asset_review_required,cutout_not_onboarded,athlete_images_registry; source_note=missing_review_required,asset_file_missing; cutout_slot_requires_manual_crop_review,review_only_not_renderable_until_approved,catalog_only_no_auto_approval_no_file_movement
connecticut_sun_saniya_rivers,Saniya Rivers,connecticut_sun,WNBA,1642809,https://cdn.wnba.com/headshots/wnba/latest/260x190/1642809.png,0.72,headshot,assets/leagues/wnba/athletes/connecticut_sun_saniya_rivers/headshot.png,true,assets/leagues/wnba/athletes/connecticut_sun_saniya_rivers/headshot.png.approved,true,approved,approved_marker_present_manual_source_recheck_required,manual_source_recheck_required,,approved_assets_registry; decision_source=default; source_file=outputs/latest/review_files/athlete_image_approval_pack/downloads/connecticut_sun/connecticut_sun_saniya_rivers__1642809.png; approved_at_utc=2026-06-16T04:22:55.103594+00:00,approved_marker_present; headshot_slot_requires_identity_and_crop_review; image_size=260x190; meets_headshot_floor; default_decision_source_manual_recheck_required,review_only_manual_source_recheck_required: default_decision_source_manual_recheck_required,catalog_only_no_auto_approval_no_file_movement
dallas_wings_alanna_smith,Alanna Smith,dallas_wings,WNBA,,https://wings.wnba.com/roster,,cutout,assets/leagues/wnba/athletes/dallas_wings_alanna_smith/cutout.png,false,assets/leagues/wnba/athletes/dallas_wings_alanna_smith/cutout.png.approved,false,missing,missing_asset_not_renderable,missing_asset_review_required,cutout_not_onboarded,athlete_images_registry; source_note=missing_review_required,asset_file_missing; cutout_slot_requires_manual_crop_review,review_only_not_renderable_until_approved,catalog_only_no_auto_approval_no_file_movement
dallas_wings_alanna_smith,Alanna Smith,dallas_wings,WNBA,1629501,https://cdn.wnba.com/headshots/wnba/latest/260x190/1629501.png,0.72,headshot,assets/leagues/wnba/athletes/dallas_wings_alanna_smith/headshot.png,true,assets/leagues/wnba/athletes/dallas_wings_alanna_smith/headshot.png.approved,true,approved,approved_marker_present_manual_source_recheck_required,manual_source_recheck_required,,approved_assets_registry; decision_source=default; source_file=outputs/latest/review_files/athlete_image_approval_pack/downloads/dallas_wings/dallas_wings_alanna_smith__1629501.png; approved_at_utc=2026-06-16T04:22:55.121734+00:00,approved_marker_present; headshot_slot_requires_identity_and_crop_review; image_size=260x190; meets_headshot_floor; default_decision_source_manual_recheck_required,review_only_manual_source_recheck_required: default_decision_source_manual_recheck_required,catalog_only_no_auto_approval_no_file_movement
dallas_wings_alysha_clark,Alysha Clark,dallas_wings,WNBA,,https://wings.wnba.com/roster,,cutout,assets/leagues/wnba/athletes/dallas_wings_alysha_clark/cutout.png,false,assets/leagues/wnba/athletes/dallas_wings_alysha_clark/cutout.png.approved,false,missing,missing_asset_not_renderable,missing_asset_review_required,cutout_not_onboarded,athlete_images_registry; source_note=missing_review_required,asset_file_missing; cutout_slot_requires_manual_crop_review,review_only_not_renderable_until_approved,catalog_only_no_auto_approval_no_file_movement
dallas_wings_alysha_clark,Alysha Clark,dallas_wings,WNBA,202252,https://cdn.wnba.com/headshots/wnba/latest/260x190/202252.png,0.72,headshot,assets/leagues/wnba/athletes/dallas_wings_alysha_clark/headshot.png,true,assets/leagues/wnba/athletes/dallas_wings_alysha_clark/headshot.png.approved,true,approved,approved_marker_present_manual_source_recheck_required,manual_source_recheck_required,,approved_assets_registry; decision_source=default; source_file=outputs/latest/review_files/athlete_image_approval_pack/downloads/dallas_wings/dallas_wings_alysha_clark__202252.png; approved_at_utc=2026-06-16T04:22:55.121423+00:00,approved_marker_present; headshot_slot_requires_identity_and_crop_review; image_size=260x190; meets_headshot_floor; default_decision_source_manual_recheck_required,review_only_manual_source_recheck_required: default_decision_source_manual_recheck_required,catalog_only_no_auto_approval_no_file_movement
dallas_wings_arike_ogunbowale,Arike Ogunbowale,dallas_wings,WNBA,,https://wings.wnba.com/roster,,cutout,assets/leagues/wnba/athletes/dallas_wings_arike_ogunbowale/cutout.png,false,assets/leagues/wnba/athletes/dallas_wings_arike_ogunbowale/cutout.png.approved,false,missing,missing_asset_not_renderable,missing_asset_review_required,cutout_not_onboarded,athlete_images_registry; source_note=missing_review_required,asset_file_missing; cutout_slot_requires_manual_crop_review,review_only_not_renderable_until_approved,catalog_only_no_auto_approval_no_file_movement
dallas_wings_arike_ogunbowale,Arike Ogunbowale,dallas_wings,WNBA,1629481,https://cdn.wnba.com/headshots/wnba/latest/260x190/1629481.png,0.72,headshot,assets/leagues/wnba/athletes/dallas_wings_arike_ogunbowale/headshot.png,true,assets/leagues/wnba/athletes/dallas_wings_arike_ogunbowale/headshot.png.approved,true,approved,approved_marker_present_manual_source_recheck_required,manual_source_recheck_required,,approved_assets_registry; decision_source=default; source_file=outputs/latest/review_files/athlete_image_approval_pack/downloads/dallas_wings/dallas_wings_arike_ogunbowale__1629481.png; approved_at_utc=2026-06-16T04:22:55.122650+00:00,approved_marker_present; headshot_slot_requires_identity_and_crop_review; image_size=260x190; meets_headshot_floor; default_decision_source_manual_recheck_required,review_only_manual_source_recheck_required: default_decision_source_manual_recheck_required,catalog_only_no_auto_approval_no_file_movement
dallas_wings_awak_kuier,Awak Kuier,dallas_wings,WNBA,,https://wings.wnba.com/roster,,cutout,assets/leagues/wnba/athletes/dallas_wings_awak_kuier/cutout.png,false,assets/leagues/wnba/athletes/dallas_wings_awak_kuier/cutout.png.approved,false,missing,missing_asset_not_renderable,missing_asset_review_required,cutout_not_onboarded,athlete_images_registry; source_note=missing_review_required,asset_file_missing; cutout_slot_requires_manual_crop_review,review_only_not_renderable_until_approved,catalog_only_no_auto_approval_no_file_movement
dallas_wings_awak_kuier,Awak Kuier,dallas_wings,WNBA,1630386,https://cdn.wnba.com/headshots/wnba/latest/260x190/1630386.png,0.72,headshot,assets/leagues/wnba/athletes/dallas_wings_awak_kuier/headshot.png,true,assets/leagues/wnba/athletes/dallas_wings_awak_kuier/headshot.png.approved,true,approved,approved_marker_present_manual_source_recheck_required,manual_source_recheck_required,,approved_assets_registry; decision_source=default; source_file=outputs/latest/review_files/athlete_image_approval_pack/downloads/dallas_wings/dallas_wings_awak_kuier__1630386.png; approved_at_utc=2026-06-16T04:22:55.123463+00:00,approved_marker_present; headshot_slot_requires_identity_and_crop_review; image_size=260x190; meets_headshot_floor; default_decision_source_manual_recheck_required,review_only_manual_source_recheck_required: default_decision_source_manual_recheck_required,catalog_only_no_auto_approval_no_file_movement
dallas_wings_aziaha_james,Aziaha James,dallas_wings,WNBA,,https://wings.wnba.com/roster,,cutout,assets/leagues/wnba/athletes/dallas_wings_aziaha_james/cutout.png,false,assets/leagues/wnba/athletes/dallas_wings_aziaha_james/cutout.png.approved,false,missing,missing_asset_not_renderable,missing_asset_review_required,cutout_not_onboarded,athlete_images_registry; source_note=missing_review_required,asset_file_missing; cutout_slot_requires_manual_crop_review,review_only_not_renderable_until_approved,catalog_only_no_auto_approval_no_file_movement
dallas_wings_aziaha_james,Aziaha James,dallas_wings,WNBA,1642793,https://cdn.wnba.com/headshots/wnba/latest/260x190/1642793.png,0.72,headshot,assets/leagues/wnba/athletes/dallas_wings_aziaha_james/headshot.png,true,assets/leagues/wnba/athletes/dallas_wings_aziaha_james/headshot.png.approved,true,approved,approved_marker_present_manual_source_recheck_required,manual_source_recheck_required,,approved_assets_registry; decision_source=default; source_file=outputs/latest/review_files/athlete_image_approval_pack/downloads/dallas_wings/dallas_wings_aziaha_james__1642793.png; approved_at_utc=2026-06-16T04:22:55.122011+00:00,approved_marker_present; headshot_slot_requires_identity_and_crop_review; image_size=260x190; meets_headshot_floor; default_decision_source_manual_recheck_required,review_only_manual_source_recheck_required: default_decision_source_manual_recheck_required,catalog_only_no_auto_approval_no_file_movement
dallas_wings_azzi_fudd,Azzi Fudd,dallas_wings,WNBA,,https://wings.wnba.com/roster,,cutout,assets/leagues/wnba/athletes/dallas_wings_azzi_fudd/cutout.png,false,assets/leagues/wnba/athletes/dallas_wings_azzi_fudd/cutout.png.approved,false,missing,missing_asset_not_renderable,missing_asset_review_required,cutout_not_onboarded,athlete_images_registry; source_note=missing_review_required,asset_file_missing; cutout_slot_requires_manual_crop_review,review_only_not_renderable_until_approved,catalog_only_no_auto_approval_no_file_movement
dallas_wings_azzi_fudd,Azzi Fudd,dallas_wings,WNBA,1643425,https://cdn.wnba.com/headshots/wnba/latest/260x190/1643425.png,0.72,headshot,assets/leagues/wnba/athletes/dallas_wings_azzi_fudd/headshot.png,true,assets/leagues/wnba/athletes/dallas_wings_azzi_fudd/headshot.png.approved,true,approved,approved_marker_present_manual_source_recheck_required,manual_source_recheck_required,,approved_assets_registry; decision_source=default; source_file=outputs/latest/review_files/athlete_image_approval_pack/downloads/dallas_wings/dallas_wings_azzi_fudd__1643425.png; approved_at_utc=2026-06-16T04:22:55.123754+00:00,approved_marker_present; headshot_slot_requires_identity_and_crop_review; image_size=260x190; meets_headshot_floor; default_decision_source_manual_recheck_required,review_only_manual_source_recheck_required: default_decision_source_manual_recheck_required,catalog_only_no_auto_approval_no_file_movement
dallas_wings_costanza_verona,Costanza Verona,dallas_wings,WNBA,,https://wings.wnba.com/roster,,cutout,assets/leagues/wnba/athletes/dallas_wings_costanza_verona/cutout.png,false,assets/leagues/wnba/athletes/dallas_wings_costanza_verona/cutout.png.approved,false,missing,missing_asset_not_renderable,missing_asset_review_required,cutout_not_onboarded,athlete_images_registry; source_note=missing_review_required,asset_file_missing; cutout_slot_requires_manual_crop_review,review_only_not_renderable_until_approved,catalog_only_no_auto_approval_no_file_movement
dallas_wings_costanza_verona,Costanza Verona,dallas_wings,WNBA,1643424,https://cdn.wnba.com/headshots/wnba/latest/260x190/1643424.png,0.72,headshot,assets/leagues/wnba/athletes/dallas_wings_costanza_verona/headshot.png,true,assets/leagues/wnba/athletes/dallas_wings_costanza_verona/headshot.png.approved,true,approved,approved_marker_present_manual_source_recheck_required,manual_source_recheck_required,,approved_assets_registry; decision_source=default; source_file=outputs/latest/review_files/athlete_image_approval_pack/downloads/dallas_wings/dallas_wings_costanza_verona__1643424.png; approved_at_utc=2026-06-16T04:22:55.121156+00:00,approved_marker_present; headshot_slot_requires_identity_and_crop_review; image_size=260x190; meets_headshot_floor; default_decision_source_manual_recheck_required,review_only_manual_source_recheck_required: default_decision_source_manual_recheck_required,catalog_only_no_auto_approval_no_file_movement
dallas_wings_jessica_shepard,Jessica Shepard,dallas_wings,WNBA,,https://wings.wnba.com/roster,,cutout,assets/leagues/wnba/athletes/dallas_wings_jessica_shepard/cutout.png,false,assets/leagues/wnba/athletes/dallas_wings_jessica_shepard/cutout.png.approved,false,missing,missing_asset_not_renderable,missing_asset_review_required,cutout_not_onboarded,athlete_images_registry; source_note=missing_review_required,asset_file_missing; cutout_slot_requires_manual_crop_review,review_only_not_renderable_until_approved,catalog_only_no_auto_approval_no_file_movement
dallas_wings_jessica_shepard,Jessica Shepard,dallas_wings,WNBA,1629491,https://cdn.wnba.com/headshots/wnba/latest/260x190/1629491.png,0.72,headshot,assets/leagues/wnba/athletes/dallas_wings_jessica_shepard/headshot.png,true,assets/leagues/wnba/athletes/dallas_wings_jessica_shepard/headshot.png.approved,true,approved,approved_marker_present_manual_source_recheck_required,manual_source_recheck_required,,approved_assets_registry; decision_source=default; source_file=outputs/latest/review_files/athlete_image_approval_pack/downloads/dallas_wings/dallas_wings_jessica_shepard__1629491.png; approved_at_utc=2026-06-16T04:22:55.123197+00:00,approved_marker_present; headshot_slot_requires_identity_and_crop_review; image_size=260x190; meets_headshot_floor; default_decision_source_manual_recheck_required,review_only_manual_source_recheck_required: default_decision_source_manual_recheck_required,catalog_only_no_auto_approval_no_file_movement
dallas_wings_li_yueru,Li Yueru,dallas_wings,WNBA,,https://wings.wnba.com/roster,,cutout,assets/leagues/wnba/athletes/dallas_wings_li_yueru/cutout.png,false,assets/leagues/wnba/athletes/dallas_wings_li_yueru/cutout.png.approved,false,missing,missing_asset_not_renderable,missing_asset_review_required,cutout_not_onboarded,athlete_images_registry; source_note=missing_review_required,asset_file_missing; cutout_slot_requires_manual_crop_review,review_only_not_renderable_until_approved,catalog_only_no_auto_approval_no_file_movement
dallas_wings_li_yueru,Li Yueru,dallas_wings,WNBA,1629574,https://cdn.wnba.com/headshots/wnba/latest/260x190/1629574.png,0.72,headshot,assets/leagues/wnba/athletes/dallas_wings_li_yueru/headshot.png,true,assets/leagues/wnba/athletes/dallas_wings_li_yueru/headshot.png.approved,true,approved,approved_marker_present_manual_source_recheck_required,manual_source_recheck_required,,approved_assets_registry; decision_source=default; source_file=outputs/latest/review_files/athlete_image_approval_pack/downloads/dallas_wings/dallas_wings_li_yueru__1629574.png; approved_at_utc=2026-06-16T04:22:55.122930+00:00,approved_marker_present; headshot_slot_requires_identity_and_crop_review; image_size=260x190; meets_headshot_floor; default_decision_source_manual_recheck_required,review_only_manual_source_recheck_required: default_decision_source_manual_recheck_required,catalog_only_no_auto_approval_no_file_movement
dallas_wings_maddy_siegrist,Maddy Siegrist,dallas_wings,WNBA,,https://wings.wnba.com/roster,,cutout,assets/leagues/wnba/athletes/dallas_wings_maddy_siegrist/cutout.png,false,assets/leagues/wnba/athletes/dallas_wings_maddy_siegrist/cutout.png.approved,false,missing,missing_asset_not_renderable,missing_asset_review_required,cutout_not_onboarded,athlete_images_registry; source_note=missing_review_required,asset_file_missing; cutout_slot_requires_manual_crop_review,review_only_not_renderable_until_approved,catalog_only_no_auto_approval_no_file_movement
dallas_wings_maddy_siegrist,Maddy Siegrist,dallas_wings,WNBA,1641652,https://cdn.wnba.com/headshots/wnba/latest/260x190/1641652.png,0.72,headshot,assets/leagues/wnba/athletes/dallas_wings_maddy_siegrist/headshot.png,true,assets/leagues/wnba/athletes/dallas_wings_maddy_siegrist/headshot.png.approved,true,approved,approved_marker_present_manual_source_recheck_required,manual_source_recheck_required,,approved_assets_registry; decision_source=default; source_file=outputs/latest/review_files/athlete_image_approval_pack/downloads/dallas_wings/dallas_wings_maddy_siegrist__1641652.png; approved_at_utc=2026-06-16T04:22:55.122364+00:00,approved_marker_present; headshot_slot_requires_identity_and_crop_review; image_size=260x190; meets_headshot_floor; default_decision_source_manual_recheck_required,review_only_manual_source_recheck_required: default_decision_source_manual_recheck_required,catalog_only_no_auto_approval_no_file_movement
dallas_wings_odyssey_sims,Odyssey Sims,dallas_wings,WNBA,,https://wings.wnba.com/roster,,cutout,assets/leagues/wnba/athletes/dallas_wings_odyssey_sims/cutout.png,false,assets/leagues/wnba/athletes/dallas_wings_odyssey_sims/cutout.png.approved,false,missing,missing_asset_not_renderable,missing_asset_review_required,cutout_not_onboarded,athlete_images_registry; source_note=missing_review_required,asset_file_missing; cutout_slot_requires_manual_crop_review,review_only_not_renderable_until_approved,catalog_only_no_auto_approval_no_file_movement
dallas_wings_odyssey_sims,Odyssey Sims,dallas_wings,WNBA,203824,https://cdn.wnba.com/headshots/wnba/latest/260x190/203824.png,0.72,headshot,assets/leagues/wnba/athletes/dallas_wings_odyssey_sims/headshot.png,true,assets/leagues/wnba/athletes/dallas_wings_odyssey_sims/headshot.png.approved,true,approved,approved_marker_present_manual_source_recheck_required,manual_source_recheck_required,,approved_assets_registry; decision_source=default; source_file=outputs/latest/review_files/athlete_image_approval_pack/downloads/dallas_wings/dallas_wings_odyssey_sims__203824.png; approved_at_utc=2026-06-16T04:22:55.120243+00:00,approved_marker_present; headshot_slot_requires_identity_and_crop_review; image_size=260x190; meets_headshot_floor; default_decision_source_manual_recheck_required,review_only_manual_source_recheck_required: default_decision_source_manual_recheck_required,catalog_only_no_auto_approval_no_file_movement
dallas_wings_paige_bueckers,Paige Bueckers,dallas_wings,WNBA,,https://wings.wnba.com/roster,,cutout,assets/leagues/wnba/athletes/dallas_wings_paige_bueckers/cutout.png,false,assets/leagues/wnba/athletes/dallas_wings_paige_bueckers/cutout.png.approved,false,missing,missing_asset_not_renderable,missing_asset_review_required,cutout_not_onboarded,athlete_images_registry; source_note=missing_review_required,asset_file_missing; cutout_slot_requires_manual_crop_review,review_only_not_renderable_until_approved,catalog_only_no_auto_approval_no_file_movement
dallas_wings_paige_bueckers,Paige Bueckers,dallas_wings,WNBA,1642784,https://cdn.wnba.com/headshots/wnba/latest/260x190/1642784.png,0.72,headshot,assets/leagues/wnba/athletes/dallas_wings_paige_bueckers/headshot.png,true,assets/leagues/wnba/athletes/dallas_wings_paige_bueckers/headshot.png.approved,true,approved,approved_marker_present_manual_source_recheck_required,manual_source_recheck_required,,approved_assets_registry; decision_source=default; source_file=outputs/latest/review_files/athlete_image_approval_pack/downloads/dallas_wings/dallas_wings_paige_bueckers__1642784.png; approved_at_utc=2026-06-16T04:22:55.120834+00:00,approved_marker_present; headshot_slot_requires_identity_and_crop_review; image_size=260x190; meets_headshot_floor; default_decision_source_manual_recheck_required,review_only_manual_source_recheck_required: default_decision_source_manual_recheck_required,catalog_only_no_auto_approval_no_file_movement
dallas_wings_sug_sutton,Sug Sutton,dallas_wings,WNBA,,https://wings.wnba.com/roster,,cutout,assets/leagues/wnba/athletes/dallas_wings_sug_sutton/cutout.png,false,assets/leagues/wnba/athletes/dallas_wings_sug_sutton/cutout.png.approved,false,missing,missing_asset_not_renderable,missing_asset_review_required,cutout_not_onboarded,athlete_images_registry; source_note=missing_review_required,asset_file_missing; cutout_slot_requires_manual_crop_review,review_only_not_renderable_until_approved,catalog_only_no_auto_approval_no_file_movement
dallas_wings_sug_sutton,Sug Sutton,dallas_wings,WNBA,1630134,https://cdn.wnba.com/headshots/wnba/latest/260x190/1630134.png,0.72,headshot,assets/leagues/wnba/athletes/dallas_wings_sug_sutton/headshot.png,true,assets/leagues/wnba/athletes/dallas_wings_sug_sutton/headshot.png.approved,true,approved,approved_marker_present_manual_source_recheck_required,manual_source_recheck_required,,approved_assets_registry; decision_source=default; source_file=outputs/latest/review_files/athlete_image_approval_pack/downloads/dallas_wings/dallas_wings_sug_sutton__1630134.png; approved_at_utc=2026-06-16T04:22:55.120516+00:00,approved_marker_present; headshot_slot_requires_identity_and_crop_review; image_size=260x190; meets_headshot_floor; default_decision_source_manual_recheck_required,review_only_manual_source_recheck_required: default_decision_source_manual_recheck_required,catalog_only_no_auto_approval_no_file_movement
golden_state_valkyries_ashten_prechtel,Ashten Prechtel,golden_state_valkyries,WNBA,,https://valkyries.wnba.com/roster,,cutout,assets/leagues/wnba/athletes/golden_state_valkyries_ashten_prechtel/cutout.png,false,assets/leagues/wnba/athletes/golden_state_valkyries_ashten_prechtel/cutout.png.approved,false,missing,missing_asset_not_renderable,missing_asset_review_required,cutout_not_onboarded,athlete_images_registry; source_note=missing_review_required,asset_file_missing; cutout_slot_requires_manual_crop_review,review_only_not_renderable_until_approved,catalog_only_no_auto_approval_no_file_movement
golden_state_valkyries_ashten_prechtel,Ashten Prechtel,golden_state_valkyries,WNBA,1641695,https://cdn.wnba.com/headshots/wnba/latest/260x190/1641695.png,0.72,headshot,assets/leagues/wnba/athletes/golden_state_valkyries_ashten_prechtel/headshot.png,true,assets/leagues/wnba/athletes/golden_state_valkyries_ashten_prechtel/headshot.png.approved,true,approved,approved_marker_present_manual_source_recheck_required,manual_source_recheck_required,,approved_assets_registry; decision_source=default; source_file=outputs/latest/review_files/athlete_image_approval_pack/downloads/golden_state_valkyries/golden_state_valkyries_ashten_prechtel__1641695.png; approved_at_utc=2026-06-16T04:22:55.125841+00:00,approved_marker_present; headshot_slot_requires_identity_and_crop_review; image_size=260x190; meets_headshot_floor; default_decision_source_manual_recheck_required,review_only_manual_source_recheck_required: default_decision_source_manual_recheck_required,catalog_only_no_auto_approval_no_file_movement
golden_state_valkyries_cecilia_zandalasini,Cecilia Zandalasini,golden_state_valkyries,WNBA,,https://valkyries.wnba.com/roster,,cutout,assets/leagues/wnba/athletes/golden_state_valkyries_cecilia_zandalasini/cutout.png,false,assets/leagues/wnba/athletes/golden_state_valkyries_cecilia_zandalasini/cutout.png.approved,false,missing,missing_asset_not_renderable,missing_asset_review_required,cutout_not_onboarded,athlete_images_registry; source_note=missing_review_required,asset_file_missing; cutout_slot_requires_manual_crop_review,review_only_not_renderable_until_approved,catalog_only_no_auto_approval_no_file_movement
golden_state_valkyries_cecilia_zandalasini,Cecilia Zandalasini,golden_state_valkyries,WNBA,1628508,https://cdn.wnba.com/headshots/wnba/latest/260x190/1628508.png,0.72,headshot,assets/leagues/wnba/athletes/golden_state_valkyries_cecilia_zandalasini/headshot.png,true,assets/leagues/wnba/athletes/golden_state_valkyries_cecilia_zandalasini/headshot.png.approved,true,approved,approved_marker_present_manual_source_recheck_required,manual_source_recheck_required,,approved_assets_registry; decision_source=default; source_file=outputs/latest/review_files/athlete_image_approval_pack/downloads/golden_state_valkyries/golden_state_valkyries_cecilia_zandalasini__1628508.png; approved_at_utc=2026-06-16T04:22:55.127224+00:00,approved_marker_present; headshot_slot_requires_identity_and_crop_review; image_size=260x190; meets_headshot_floor; default_decision_source_manual_recheck_required,review_only_manual_source_recheck_required: default_decision_source_manual_recheck_required,catalog_only_no_auto_approval_no_file_movement
golden_state_valkyries_gabby_williams,Gabby Williams,golden_state_valkyries,WNBA,,https://valkyries.wnba.com/roster,,cutout,assets/leagues/wnba/athletes/golden_state_valkyries_gabby_williams/cutout.png,false,assets/leagues/wnba/athletes/golden_state_valkyries_gabby_williams/cutout.png.approved,false,missing,missing_asset_not_renderable,missing_asset_review_required,cutout_not_onboarded,athlete_images_registry; source_note=missing_review_required,asset_file_missing; cutout_slot_requires_manual_crop_review,review_only_not_renderable_until_approved,catalog_only_no_auto_approval_no_file_movement
golden_state_valkyries_gabby_williams,Gabby Williams,golden_state_valkyries,WNBA,1628931,https://cdn.wnba.com/headshots/wnba/latest/260x190/1628931.png,0.72,headshot,assets/leagues/wnba/athletes/golden_state_valkyries_gabby_williams/headshot.png,true,assets/leagues/wnba/athletes/golden_state_valkyries_gabby_williams/headshot.png.approved,true,approved,approved_marker_present_manual_source_recheck_required,manual_source_recheck_required,,approved_assets_registry; decision_source=default; source_file=outputs/latest/review_files/athlete_image_approval_pack/downloads/golden_state_valkyries/golden_state_valkyries_gabby_williams__1628931.png; approved_at_utc=2026-06-16T04:22:55.124115+00:00,approved_marker_present; headshot_slot_requires_identity_and_crop_review; image_size=260x190; meets_headshot_floor; default_decision_source_manual_recheck_required,review_only_manual_source_recheck_required: default_decision_source_manual_recheck_required,catalog_only_no_auto_approval_no_file_movement
golden_state_valkyries_iliana_rupert,Iliana Rupert,golden_state_valkyries,WNBA,,https://valkyries.wnba.com/roster,,cutout,assets/leagues/wnba/athletes/golden_state_valkyries_iliana_rupert/cutout.png,false,assets/leagues/wnba/athletes/golden_state_valkyries_iliana_rupert/cutout.png.approved,false,missing,missing_asset_not_renderable,missing_asset_review_required,cutout_not_onboarded,athlete_images_registry; source_note=missing_review_required,asset_file_missing; cutout_slot_requires_manual_crop_review,review_only_not_renderable_until_approved,catalog_only_no_auto_approval_no_file_movement
golden_state_valkyries_iliana_rupert,Iliana Rupert,golden_state_valkyries,WNBA,1630387,https://cdn.wnba.com/headshots/wnba/latest/260x190/1630387.png,0.72,headshot,assets/leagues/wnba/athletes/golden_state_valkyries_iliana_rupert/headshot.png,true,assets/leagues/wnba/athletes/golden_state_valkyries_iliana_rupert/headshot.png.approved,true,approved,approved_marker_present_manual_source_recheck_required,manual_source_recheck_required,,approved_assets_registry; decision_source=default; source_file=outputs/latest/review_files/athlete_image_approval_pack/downloads/golden_state_valkyries/golden_state_valkyries_iliana_rupert__1630387.png; approved_at_utc=2026-06-16T04:22:55.126121+00:00,approved_marker_present; headshot_slot_requires_identity_and_crop_review; image_size=260x190; meets_headshot_floor; default_decision_source_manual_recheck_required,review_only_manual_source_recheck_required: default_decision_source_manual_recheck_required,catalog_only_no_auto_approval_no_file_movement
golden_state_valkyries_janelle_salaun,Janelle Salaun,golden_state_valkyries,WNBA,,https://valkyries.wnba.com/roster,,cutout,assets/leagues/wnba/athletes/golden_state_valkyries_janelle_salaun/cutout.png,false,assets/leagues/wnba/athletes/golden_state_valkyries_janelle_salaun/cutout.png.approved,false,missing,missing_asset_not_renderable,missing_asset_review_required,cutout_not_onboarded,athlete_images_registry; source_note=missing_review_required,asset_file_missing; cutout_slot_requires_manual_crop_review,review_only_not_renderable_until_approved,catalog_only_no_auto_approval_no_file_movement
golden_state_valkyries_janelle_salaun,Janelle Salaun,golden_state_valkyries,WNBA,1642767,https://cdn.wnba.com/headshots/wnba/latest/260x190/1642767.png,0.72,headshot,assets/leagues/wnba/athletes/golden_state_valkyries_janelle_salaun/headshot.png,true,assets/leagues/wnba/athletes/golden_state_valkyries_janelle_salaun/headshot.png.approved,true,approved,approved_marker_present_manual_source_recheck_required,manual_source_recheck_required,,approved_assets_registry; decision_source=default; source_file=outputs/latest/review_files/athlete_image_approval_pack/downloads/golden_state_valkyries/golden_state_valkyries_janelle_salaun__1642767.png; approved_at_utc=2026-06-16T04:22:55.126393+00:00,approved_marker_present; headshot_slot_requires_identity_and_crop_review; image_size=260x190; meets_headshot_floor; default_decision_source_manual_recheck_required,review_only_manual_source_recheck_required: default_decision_source_manual_recheck_required,catalog_only_no_auto_approval_no_file_movement
golden_state_valkyries_juste_jocyte,Juste Jocyte,golden_state_valkyries,WNBA,,https://valkyries.wnba.com/roster,,cutout,assets/leagues/wnba/athletes/golden_state_valkyries_juste_jocyte/cutout.png,false,assets/leagues/wnba/athletes/golden_state_valkyries_juste_jocyte/cutout.png.approved,false,missing,missing_asset_not_renderable,missing_asset_review_required,cutout_not_onboarded,athlete_images_registry; source_note=missing_review_required,asset_file_missing; cutout_slot_requires_manual_crop_review,review_only_not_renderable_until_approved,catalog_only_no_auto_approval_no_file_movement
golden_state_valkyries_juste_jocyte,Juste Jocyte,golden_state_valkyries,WNBA,1642794,https://cdn.wnba.com/headshots/wnba/latest/260x190/1642794.png,0.72,headshot,assets/leagues/wnba/athletes/golden_state_valkyries_juste_jocyte/headshot.png,false,assets/leagues/wnba/athletes/golden_state_valkyries_juste_jocyte/headshot.png.approved,false,missing,missing_asset_not_renderable,needs_human_approval,headshot_candidate_not_promoted_to_local_asset,match_review_registry; status=needs_human_approval; image_url=https://cdn.wnba.com/headshots/wnba/latest/260x190/1642794.png; confidence=0.72,asset_file_missing; headshot_slot_requires_identity_and_crop_review,review_only_not_renderable_until_approved,catalog_only_no_auto_approval_no_file_movement
golden_state_valkyries_kaila_charles,Kaila Charles,golden_state_valkyries,WNBA,,https://valkyries.wnba.com/roster,,cutout,assets/leagues/wnba/athletes/golden_state_valkyries_kaila_charles/cutout.png,false,assets/leagues/wnba/athletes/golden_state_valkyries_kaila_charles/cutout.png.approved,false,missing,missing_asset_not_renderable,missing_asset_review_required,cutout_not_onboarded,athlete_images_registry; source_note=missing_review_required,asset_file_missing; cutout_slot_requires_manual_crop_review,review_only_not_renderable_until_approved,catalog_only_no_auto_approval_no_file_movement
golden_state_valkyries_kaila_charles,Kaila Charles,golden_state_valkyries,WNBA,1630097,https://cdn.wnba.com/headshots/wnba/latest/260x190/1630097.png,0.72,headshot,assets/leagues/wnba/athletes/golden_state_valkyries_kaila_charles/headshot.png,true,assets/leagues/wnba/athletes/golden_state_valkyries_kaila_charles/headshot.png.approved,true,approved,approved_marker_present_manual_source_recheck_required,manual_source_recheck_required,,approved_assets_registry; decision_source=default; source_file=outputs/latest/review_files/athlete_image_approval_pack/downloads/golden_state_valkyries/golden_state_valkyries_kaila_charles__1630097.png; approved_at_utc=2026-06-16T04:22:55.125256+00:00,approved_marker_present; headshot_slot_requires_identity_and_crop_review; image_size=260x190; meets_headshot_floor; default_decision_source_manual_recheck_required,review_only_manual_source_recheck_required: default_decision_source_manual_recheck_required,catalog_only_no_auto_approval_no_file_movement
golden_state_valkyries_kaitlyn_chen,Kaitlyn Chen,golden_state_valkyries,WNBA,,https://valkyries.wnba.com/roster,,cutout,assets/leagues/wnba/athletes/golden_state_valkyries_kaitlyn_chen/cutout.png,false,assets/leagues/wnba/athletes/golden_state_valkyries_kaitlyn_chen/cutout.png.approved,false,missing,missing_asset_not_renderable,missing_asset_review_required,cutout_not_onboarded,athlete_images_registry; source_note=missing_review_required,asset_file_missing; cutout_slot_requires_manual_crop_review,review_only_not_renderable_until_approved,catalog_only_no_auto_approval_no_file_movement
golden_state_valkyries_kaitlyn_chen,Kaitlyn Chen,golden_state_valkyries,WNBA,1642822,https://cdn.wnba.com/headshots/wnba/latest/260x190/1642822.png,0.72,headshot,assets/leagues/wnba/athletes/golden_state_valkyries_kaitlyn_chen/headshot.png,true,assets/leagues/wnba/athletes/golden_state_valkyries_kaitlyn_chen/headshot.png.approved,true,approved,approved_marker_present_manual_source_recheck_required,manual_source_recheck_required,,approved_assets_registry; decision_source=default; source_file=outputs/latest/review_files/athlete_image_approval_pack/downloads/golden_state_valkyries/golden_state_valkyries_kaitlyn_chen__1642822.png; approved_at_utc=2026-06-16T04:22:55.124392+00:00,approved_marker_present; headshot_slot_requires_identity_and_crop_review; image_size=260x190; meets_headshot_floor; default_decision_source_manual_recheck_required,review_only_manual_source_recheck_required: default_decision_source_manual_recheck_required,catalog_only_no_auto_approval_no_file_movement
golden_state_valkyries_kayla_thornton,Kayla Thornton,golden_state_valkyries,WNBA,,https://valkyries.wnba.com/roster,,cutout,assets/leagues/wnba/athletes/golden_state_valkyries_kayla_thornton/cutout.png,false,assets/leagues/wnba/athletes/golden_state_valkyries_kayla_thornton/cutout.png.approved,false,missing,missing_asset_not_renderable,missing_asset_review_required,cutout_not_onboarded,athlete_images_registry; source_note=missing_review_required,asset_file_missing; cutout_slot_requires_manual_crop_review,review_only_not_renderable_until_approved,catalog_only_no_auto_approval_no_file_movement
golden_state_valkyries_kayla_thornton,Kayla Thornton,golden_state_valkyries,WNBA,203866,https://cdn.wnba.com/headshots/wnba/latest/260x190/203866.png,0.72,headshot,assets/leagues/wnba/athletes/golden_state_valkyries_kayla_thornton/headshot.png,true,assets/leagues/wnba/athletes/golden_state_valkyries_kayla_thornton/headshot.png.approved,true,approved,approved_marker_present_manual_source_recheck_required,manual_source_recheck_required,,approved_assets_registry; decision_source=default; source_file=outputs/latest/review_files/athlete_image_approval_pack/downloads/golden_state_valkyries/golden_state_valkyries_kayla_thornton__203866.png; approved_at_utc=2026-06-16T04:22:55.124988+00:00,approved_marker_present; headshot_slot_requires_identity_and_crop_review; image_size=260x190; meets_headshot_floor; default_decision_source_manual_recheck_required,review_only_manual_source_recheck_required: default_decision_source_manual_recheck_required,catalog_only_no_auto_approval_no_file_movement
golden_state_valkyries_kiah_stokes,Kiah Stokes,golden_state_valkyries,WNBA,,https://valkyries.wnba.com/roster,,cutout,assets/leagues/wnba/athletes/golden_state_valkyries_kiah_stokes/cutout.png,false,assets/leagues/wnba/athletes/golden_state_valkyries_kiah_stokes/cutout.png.approved,false,missing,missing_asset_not_renderable,missing_asset_review_required,cutout_not_onboarded,athlete_images_registry; source_note=missing_review_required,asset_file_missing; cutout_slot_requires_manual_crop_review,review_only_not_renderable_until_approved,catalog_only_no_auto_approval_no_file_movement
golden_state_valkyries_kiah_stokes,Kiah Stokes,golden_state_valkyries,WNBA,204329,https://cdn.wnba.com/headshots/wnba/latest/260x190/204329.png,0.72,headshot,assets/leagues/wnba/athletes/golden_state_valkyries_kiah_stokes/headshot.png,true,assets/leagues/wnba/athletes/golden_state_valkyries_kiah_stokes/headshot.png.approved,true,approved,approved_marker_present_manual_source_recheck_required,manual_source_recheck_required,,approved_assets_registry; decision_source=default; source_file=outputs/latest/review_files/athlete_image_approval_pack/downloads/golden_state_valkyries/golden_state_valkyries_kiah_stokes__204329.png; approved_at_utc=2026-06-16T04:22:55.127496+00:00,approved_marker_present; headshot_slot_requires_identity_and_crop_review; image_size=260x190; meets_headshot_floor; default_decision_source_manual_recheck_required,review_only_manual_source_recheck_required: default_decision_source_manual_recheck_required,catalog_only_no_auto_approval_no_file_movement
golden_state_valkyries_laeticia_amihere,Laeticia Amihere,golden_state_valkyries,WNBA,,https://valkyries.wnba.com/roster,,cutout,assets/leagues/wnba/athletes/golden_state_valkyries_laeticia_amihere/cutout.png,false,assets/leagues/wnba/athletes/golden_state_valkyries_laeticia_amihere/cutout.png.approved,false,missing,missing_asset_not_renderable,missing_asset_review_required,cutout_not_onboarded,athlete_images_registry; source_note=missing_review_required,asset_file_missing; cutout_slot_requires_manual_crop_review,review_only_not_renderable_until_approved,catalog_only_no_auto_approval_no_file_movement
golden_state_valkyries_laeticia_amihere,Laeticia Amihere,golden_state_valkyries,WNBA,1641656,https://cdn.wnba.com/headshots/wnba/latest/260x190/1641656.png,0.72,headshot,assets/leagues/wnba/athletes/golden_state_valkyries_laeticia_amihere/headshot.png,true,assets/leagues/wnba/athletes/golden_state_valkyries_laeticia_amihere/headshot.png.approved,true,approved,approved_marker_present_manual_source_recheck_required,manual_source_recheck_required,,approved_assets_registry; decision_source=default; source_file=outputs/latest/review_files/athlete_image_approval_pack/downloads/golden_state_valkyries/golden_state_valkyries_laeticia_amihere__1641656.png; approved_at_utc=2026-06-16T04:22:55.124693+00:00,approved_marker_present; headshot_slot_requires_identity_and_crop_review; image_size=260x190; meets_headshot_floor; default_decision_source_manual_recheck_required,review_only_manual_source_recheck_required: default_decision_source_manual_recheck_required,catalog_only_no_auto_approval_no_file_movement
golden_state_valkyries_miela_sowah,Miela Sowah,golden_state_valkyries,WNBA,,https://valkyries.wnba.com/roster,,cutout,assets/leagues/wnba/athletes/golden_state_valkyries_miela_sowah/cutout.png,false,assets/leagues/wnba/athletes/golden_state_valkyries_miela_sowah/cutout.png.approved,false,missing,missing_asset_not_renderable,missing_asset_review_required,cutout_not_onboarded,athlete_images_registry; source_note=missing_review_required,asset_file_missing; cutout_slot_requires_manual_crop_review,review_only_not_renderable_until_approved,catalog_only_no_auto_approval_no_file_movement
golden_state_valkyries_miela_sowah,Miela Sowah,golden_state_valkyries,WNBA,1631039,https://cdn.wnba.com/headshots/wnba/latest/260x190/1631039.png,0.72,headshot,assets/leagues/wnba/athletes/golden_state_valkyries_miela_sowah/headshot.png,true,assets/leagues/wnba/athletes/golden_state_valkyries_miela_sowah/headshot.png.approved,true,approved,approved_marker_present_manual_source_recheck_required,manual_source_recheck_required,,approved_assets_registry; decision_source=default; source_file=outputs/latest/review_files/athlete_image_approval_pack/downloads/golden_state_valkyries/golden_state_valkyries_miela_sowah__1631039.png; approved_at_utc=2026-06-16T04:22:55.125527+00:00,approved_marker_present; headshot_slot_requires_identity_and_crop_review; image_size=260x190; meets_headshot_floor; default_decision_source_manual_recheck_required,review_only_manual_source_recheck_required: default_decision_source_manual_recheck_required,catalog_only_no_auto_approval_no_file_movement
golden_state_valkyries_nadia_fingall,Nadia Fingall,golden_state_valkyries,WNBA,,https://valkyries.wnba.com/roster,,cutout,assets/leagues/wnba/athletes/golden_state_valkyries_nadia_fingall/cutout.png,false,assets/leagues/wnba/athletes/golden_state_valkyries_nadia_fingall/cutout.png.approved,false,missing,missing_asset_not_renderable,missing_asset_review_required,cutout_not_onboarded,athlete_images_registry; source_note=missing_review_required,asset_file_missing; cutout_slot_requires_manual_crop_review,review_only_not_renderable_until_approved,catalog_only_no_auto_approval_no_file_movement
golden_state_valkyries_nadia_fingall,Nadia Fingall,golden_state_valkyries,WNBA,1643686,https://cdn.wnba.com/headshots/wnba/latest/260x190/1643686.png,0.72,headshot,assets/leagues/wnba/athletes/golden_state_valkyries_nadia_fingall/headshot.png,false,assets/leagues/wnba/athletes/golden_state_valkyries_nadia_fingall/headshot.png.approved,false,missing,missing_asset_not_renderable,needs_human_approval,headshot_candidate_not_promoted_to_local_asset,match_review_registry; status=needs_human_approval; image_url=https://cdn.wnba.com/headshots/wnba/latest/260x190/1643686.png; confidence=0.72,asset_file_missing; headshot_slot_requires_identity_and_crop_review,review_only_not_renderable_until_approved,catalog_only_no_auto_approval_no_file_movement
golden_state_valkyries_tiffany_hayes,Tiffany Hayes,golden_state_valkyries,WNBA,,https://valkyries.wnba.com/roster,,cutout,assets/leagues/wnba/athletes/golden_state_valkyries_tiffany_hayes/cutout.png,false,assets/leagues/wnba/athletes/golden_state_valkyries_tiffany_hayes/cutout.png.approved,false,missing,missing_asset_not_renderable,missing_asset_review_required,cutout_not_onboarded,athlete_images_registry; source_note=missing_review_required,asset_file_missing; cutout_slot_requires_manual_crop_review,review_only_not_renderable_until_approved,catalog_only_no_auto_approval_no_file_movement
golden_state_valkyries_tiffany_hayes,Tiffany Hayes,golden_state_valkyries,WNBA,203026,https://cdn.wnba.com/headshots/wnba/latest/260x190/203026.png,0.72,headshot,assets/leagues/wnba/athletes/golden_state_valkyries_tiffany_hayes/headshot.png,true,assets/leagues/wnba/athletes/golden_state_valkyries_tiffany_hayes/headshot.png.approved,true,approved,approved_marker_present_manual_source_recheck_required,manual_source_recheck_required,,approved_assets_registry; decision_source=default; source_file=outputs/latest/review_files/athlete_image_approval_pack/downloads/golden_state_valkyries/golden_state_valkyries_tiffany_hayes__203026.png; approved_at_utc=2026-06-16T04:22:55.126685+00:00,approved_marker_present; headshot_slot_requires_identity_and_crop_review; image_size=260x190; meets_headshot_floor; default_decision_source_manual_recheck_required,review_only_manual_source_recheck_required: default_decision_source_manual_recheck_required,catalog_only_no_auto_approval_no_file_movement
golden_state_valkyries_veronica_burton,Veronica Burton,golden_state_valkyries,WNBA,,https://valkyries.wnba.com/roster,,cutout,assets/leagues/wnba/athletes/golden_state_valkyries_veronica_burton/cutout.png,false,assets/leagues/wnba/athletes/golden_state_valkyries_veronica_burton/cutout.png.approved,false,missing,missing_asset_not_renderable,missing_asset_review_required,cutout_not_onboarded,athlete_images_registry; source_note=missing_review_required,asset_file_missing; cutout_slot_requires_manual_crop_review,review_only_not_renderable_until_approved,catalog_only_no_auto_approval_no_file_movement
golden_state_valkyries_veronica_burton,Veronica Burton,golden_state_valkyries,WNBA,1631007,https://cdn.wnba.com/headshots/wnba/latest/260x190/1631007.png,0.72,headshot,assets/leagues/wnba/athletes/golden_state_valkyries_veronica_burton/headshot.png,true,assets/leagues/wnba/athletes/golden_state_valkyries_veronica_burton/headshot.png.approved,true,approved,approved_marker_present_manual_source_recheck_required,manual_source_recheck_required,,approved_assets_registry; decision_source=default; source_file=outputs/latest/review_files/athlete_image_approval_pack/downloads/golden_state_valkyries/golden_state_valkyries_veronica_burton__1631007.png; approved_at_utc=2026-06-16T04:22:55.126957+00:00,approved_marker_present; headshot_slot_requires_identity_and_crop_review; image_size=260x190; meets_headshot_floor; default_decision_source_manual_recheck_required,review_only_manual_source_recheck_required: default_decision_source_manual_recheck_required,catalog_only_no_auto_approval_no_file_movement
indiana_fever_aliyah_boston,Aliyah Boston,indiana_fever,WNBA,,https://fever.wnba.com/roster,,cutout,assets/leagues/wnba/athletes/indiana_fever_aliyah_boston/cutout.png,false,assets/leagues/wnba/athletes/indiana_fever_aliyah_boston/cutout.png.approved,false,missing,missing_asset_not_renderable,missing_asset_review_required,cutout_not_onboarded,athlete_images_registry; source_note=missing_review_required,asset_file_missing; cutout_slot_requires_manual_crop_review,review_only_not_renderable_until_approved,catalog_only_no_auto_approval_no_file_movement
indiana_fever_aliyah_boston,Aliyah Boston,indiana_fever,WNBA,1641648,https://cdn.wnba.com/headshots/wnba/latest/260x190/1641648.png,0.72,headshot,assets/leagues/wnba/athletes/indiana_fever_aliyah_boston/headshot.png,true,assets/leagues/wnba/athletes/indiana_fever_aliyah_boston/headshot.png.approved,true,approved,approved_marker_present_manual_source_recheck_required,manual_source_recheck_required,,approved_assets_registry; decision_source=default; source_file=outputs/latest/review_files/athlete_image_approval_pack/downloads/indiana_fever/indiana_fever_aliyah_boston__1641648.png; approved_at_utc=2026-06-16T04:22:55.106220+00:00,approved_marker_present; headshot_slot_requires_identity_and_crop_review; image_size=260x190; meets_headshot_floor; default_decision_source_manual_recheck_required,review_only_manual_source_recheck_required: default_decision_source_manual_recheck_required,catalog_only_no_auto_approval_no_file_movement
indiana_fever_bree_hall,Bree Hall,indiana_fever,WNBA,,https://fever.wnba.com/roster,,cutout,assets/leagues/wnba/athletes/indiana_fever_bree_hall/cutout.png,false,assets/leagues/wnba/athletes/indiana_fever_bree_hall/cutout.png.approved,false,missing,missing_asset_not_renderable,missing_asset_review_required,cutout_not_onboarded,athlete_images_registry; source_note=missing_review_required,asset_file_missing; cutout_slot_requires_manual_crop_review,review_only_not_renderable_until_approved,catalog_only_no_auto_approval_no_file_movement
indiana_fever_bree_hall,Bree Hall,indiana_fever,WNBA,1642788,https://cdn.wnba.com/headshots/wnba/latest/260x190/1642788.png,0.72,headshot,assets/leagues/wnba/athletes/indiana_fever_bree_hall/headshot.png,true,assets/leagues/wnba/athletes/indiana_fever_bree_hall/headshot.png.approved,true,approved,approved_marker_present_manual_source_recheck_required,manual_source_recheck_required,,approved_assets_registry; decision_source=default; source_file=outputs/latest/review_files/athlete_image_approval_pack/downloads/indiana_fever/indiana_fever_bree_hall__1642788.png; approved_at_utc=2026-06-16T04:22:55.108427+00:00,approved_marker_present; headshot_slot_requires_identity_and_crop_review; image_size=260x190; meets_headshot_floor; default_decision_source_manual_recheck_required,review_only_manual_source_recheck_required: default_decision_source_manual_recheck_required,catalog_only_no_auto_approval_no_file_movement
indiana_fever_caitlin_clark,Caitlin Clark,indiana_fever,WNBA,,https://fever.wnba.com/roster,,cutout,assets/leagues/wnba/athletes/indiana_fever_caitlin_clark/cutout.png,false,assets/leagues/wnba/athletes/indiana_fever_caitlin_clark/cutout.png.approved,false,missing,missing_asset_not_renderable,missing_asset_review_required,cutout_not_onboarded,athlete_images_registry; source_note=missing_review_required,asset_file_missing; cutout_slot_requires_manual_crop_review,review_only_not_renderable_until_approved,catalog_only_no_auto_approval_no_file_movement
indiana_fever_caitlin_clark,Caitlin Clark,indiana_fever,WNBA,1642286,https://cdn.wnba.com/headshots/wnba/latest/260x190/1642286.png,0.72,headshot,assets/leagues/wnba/athletes/indiana_fever_caitlin_clark/headshot.png,true,assets/leagues/wnba/athletes/indiana_fever_caitlin_clark/headshot.png.approved,true,approved,approved_marker_present_manual_source_recheck_required,manual_source_recheck_required,,approved_assets_registry; decision_source=default; source_file=outputs/latest/review_files/athlete_image_approval_pack/downloads/indiana_fever/indiana_fever_caitlin_clark__1642286.png; approved_at_utc=2026-06-16T04:22:55.108163+00:00,approved_marker_present; headshot_slot_requires_identity_and_crop_review; image_size=260x190; meets_headshot_floor; default_decision_source_manual_recheck_required,review_only_manual_source_recheck_required: default_decision_source_manual_recheck_required,catalog_only_no_auto_approval_no_file_movement
indiana_fever_damiris_dantas,Damiris Dantas,indiana_fever,WNBA,,https://fever.wnba.com/roster,,cutout,assets/leagues/wnba/athletes/indiana_fever_damiris_dantas/cutout.png,false,assets/leagues/wnba/athletes/indiana_fever_damiris_dantas/cutout.png.approved,false,missing,missing_asset_not_renderable,missing_asset_review_required,cutout_not_onboarded,athlete_images_registry; source_note=missing_review_required,asset_file_missing; cutout_slot_requires_manual_crop_review,review_only_not_renderable_until_approved,catalog_only_no_auto_approval_no_file_movement
indiana_fever_damiris_dantas,Damiris Dantas,indiana_fever,WNBA,203024,https://cdn.wnba.com/headshots/wnba/latest/260x190/203024.png,0.72,headshot,assets/leagues/wnba/athletes/indiana_fever_damiris_dantas/headshot.png,true,assets/leagues/wnba/athletes/indiana_fever_damiris_dantas/headshot.png.approved,true,approved,approved_marker_present_manual_source_recheck_required,manual_source_recheck_required,,approved_assets_registry; decision_source=default; source_file=outputs/latest/review_files/athlete_image_approval_pack/downloads/indiana_fever/indiana_fever_damiris_dantas__203024.png; approved_at_utc=2026-06-16T04:22:55.107059+00:00,approved_marker_present; headshot_slot_requires_identity_and_crop_review; image_size=260x190; meets_headshot_floor; default_decision_source_manual_recheck_required,review_only_manual_source_recheck_required: default_decision_source_manual_recheck_required,catalog_only_no_auto_approval_no_file_movement
indiana_fever_grace_vanslooten,Grace VanSlooten,indiana_fever,WNBA,,https://fever.wnba.com/roster,,cutout,assets/leagues/wnba/athletes/indiana_fever_grace_vanslooten/cutout.png,false,assets/leagues/wnba/athletes/indiana_fever_grace_vanslooten/cutout.png.approved,false,missing,missing_asset_not_renderable,missing_asset_review_required,cutout_not_onboarded,athlete_images_registry; source_note=missing_review_required,asset_file_missing; cutout_slot_requires_manual_crop_review,review_only_not_renderable_until_approved,catalog_only_no_auto_approval_no_file_movement
indiana_fever_grace_vanslooten,Grace VanSlooten,indiana_fever,WNBA,1643453,https://cdn.wnba.com/headshots/wnba/latest/260x190/1643453.png,0.72,headshot,assets/leagues/wnba/athletes/indiana_fever_grace_vanslooten/headshot.png,true,assets/leagues/wnba/athletes/indiana_fever_grace_vanslooten/headshot.png.approved,true,approved,approved_marker_present_manual_source_recheck_required,manual_source_recheck_required,,approved_assets_registry; decision_source=default; source_file=outputs/latest/review_files/athlete_image_approval_pack/downloads/indiana_fever/indiana_fever_grace_vanslooten__1643453.png; approved_at_utc=2026-06-16T04:22:55.107605+00:00,approved_marker_present; headshot_slot_requires_identity_and_crop_review; image_size=260x190; meets_headshot_floor; default_decision_source_manual_recheck_required,review_only_manual_source_recheck_required: default_decision_source_manual_recheck_required,catalog_only_no_auto_approval_no_file_movement
indiana_fever_justine_pissott,Justine Pissott,indiana_fever,WNBA,,https://fever.wnba.com/roster,,cutout,assets/leagues/wnba/athletes/indiana_fever_justine_pissott/cutout.png,false,assets/leagues/wnba/athletes/indiana_fever_justine_pissott/cutout.png.approved,false,missing,missing_asset_not_renderable,missing_asset_review_required,cutout_not_onboarded,athlete_images_registry; source_note=missing_review_required,asset_file_missing; cutout_slot_requires_manual_crop_review,review_only_not_renderable_until_approved,catalog_only_no_auto_approval_no_file_movement
indiana_fever_justine_pissott,Justine Pissott,indiana_fever,WNBA,1643495,https://cdn.wnba.com/headshots/wnba/latest/260x190/1643495.png,0.72,headshot,assets/leagues/wnba/athletes/indiana_fever_justine_pissott/headshot.png,true,assets/leagues/wnba/athletes/indiana_fever_justine_pissott/headshot.png.approved,true,approved,approved_marker_present_manual_source_recheck_required,manual_source_recheck_required,,approved_assets_registry; decision_source=default; source_file=outputs/latest/review_files/athlete_image_approval_pack/downloads/indiana_fever/indiana_fever_justine_pissott__1643495.png; approved_at_utc=2026-06-16T04:22:55.107341+00:00,approved_marker_present; headshot_slot_requires_identity_and_crop_review; image_size=260x190; meets_headshot_floor; default_decision_source_manual_recheck_required,review_only_manual_source_recheck_required: default_decision_source_manual_recheck_required,catalog_only_no_auto_approval_no_file_movement
indiana_fever_kelsey_mitchell,Kelsey Mitchell,indiana_fever,WNBA,,https://fever.wnba.com/roster,,cutout,assets/leagues/wnba/athletes/indiana_fever_kelsey_mitchell/cutout.png,false,assets/leagues/wnba/athletes/indiana_fever_kelsey_mitchell/cutout.png.approved,false,missing,missing_asset_not_renderable,missing_asset_review_required,cutout_not_onboarded,athlete_images_registry; source_note=missing_review_required,asset_file_missing; cutout_slot_requires_manual_crop_review,review_only_not_renderable_until_approved,catalog_only_no_auto_approval_no_file_movement
indiana_fever_kelsey_mitchell,Kelsey Mitchell,indiana_fever,WNBA,1628909,https://cdn.wnba.com/headshots/wnba/latest/260x190/1628909.png,0.72,headshot,assets/leagues/wnba/athletes/indiana_fever_kelsey_mitchell/headshot.png,true,assets/leagues/wnba/athletes/indiana_fever_kelsey_mitchell/headshot.png.approved,true,approved,approved_marker_present_manual_source_recheck_required,manual_source_recheck_required,,approved_assets_registry; decision_source=default; source_file=outputs/latest/review_files/athlete_image_approval_pack/downloads/indiana_fever/indiana_fever_kelsey_mitchell__1628909.png; approved_at_utc=2026-06-16T04:22:55.105349+00:00,approved_marker_present; headshot_slot_requires_identity_and_crop_review; image_size=260x190; meets_headshot_floor; default_decision_source_manual_recheck_required,review_only_manual_source_recheck_required: default_decision_source_manual_recheck_required,catalog_only_no_auto_approval_no_file_movement
indiana_fever_lexie_hull,Lexie Hull,indiana_fever,WNBA,,https://fever.wnba.com/roster,,cutout,assets/leagues/wnba/athletes/indiana_fever_lexie_hull/cutout.png,false,assets/leagues/wnba/athletes/indiana_fever_lexie_hull/cutout.png.approved,false,missing,missing_asset_not_renderable,missing_asset_review_required,cutout_not_onboarded,athlete_images_registry; source_note=missing_review_required,asset_file_missing; cutout_slot_requires_manual_crop_review,review_only_not_renderable_until_approved,catalog_only_no_auto_approval_no_file_movement
indiana_fever_lexie_hull,Lexie Hull,indiana_fever,WNBA,1631086,https://cdn.wnba.com/headshots/wnba/latest/260x190/1631086.png,0.72,headshot,assets/leagues/wnba/athletes/indiana_fever_lexie_hull/headshot.png,true,assets/leagues/wnba/athletes/indiana_fever_lexie_hull/headshot.png.approved,true,approved,approved_marker_present_manual_source_recheck_required,manual_source_recheck_required,,approved_assets_registry; decision_source=default; source_file=outputs/latest/review_files/athlete_image_approval_pack/downloads/indiana_fever/indiana_fever_lexie_hull__1631086.png; approved_at_utc=2026-06-16T04:22:55.106786+00:00,approved_marker_present; headshot_slot_requires_identity_and_crop_review; image_size=260x190; meets_headshot_floor; default_decision_source_manual_recheck_required,review_only_manual_source_recheck_required: default_decision_source_manual_recheck_required,catalog_only_no_auto_approval_no_file_movement
indiana_fever_makayla_timpson,Makayla Timpson,indiana_fever,WNBA,,https://fever.wnba.com/roster,,cutout,assets/leagues/wnba/athletes/indiana_fever_makayla_timpson/cutout.png,false,assets/leagues/wnba/athletes/indiana_fever_makayla_timpson/cutout.png.approved,false,missing,missing_asset_not_renderable,missing_asset_review_required,cutout_not_onboarded,athlete_images_registry; source_note=missing_review_required,asset_file_missing; cutout_slot_requires_manual_crop_review,review_only_not_renderable_until_approved,catalog_only_no_auto_approval_no_file_movement
indiana_fever_makayla_timpson,Makayla Timpson,indiana_fever,WNBA,1642815,https://cdn.wnba.com/headshots/wnba/latest/260x190/1642815.png,0.72,headshot,assets/leagues/wnba/athletes/indiana_fever_makayla_timpson/headshot.png,true,assets/leagues/wnba/athletes/indiana_fever_makayla_timpson/headshot.png.approved,true,approved,approved_marker_present_manual_source_recheck_required,manual_source_recheck_required,,approved_assets_registry; decision_source=default; source_file=outputs/latest/review_files/athlete_image_approval_pack/downloads/indiana_fever/indiana_fever_makayla_timpson__1642815.png; approved_at_utc=2026-06-16T04:22:55.107897+00:00,approved_marker_present; headshot_slot_requires_identity_and_crop_review; image_size=260x190; meets_headshot_floor; default_decision_source_manual_recheck_required,review_only_manual_source_recheck_required: default_decision_source_manual_recheck_required,catalog_only_no_auto_approval_no_file_movement
indiana_fever_monique_billings,Monique Billings,indiana_fever,WNBA,,https://fever.wnba.com/roster,,cutout,assets/leagues/wnba/athletes/indiana_fever_monique_billings/cutout.png,false,assets/leagues/wnba/athletes/indiana_fever_monique_billings/cutout.png.approved,false,missing,missing_asset_not_renderable,missing_asset_review_required,cutout_not_onboarded,athlete_images_registry; source_note=missing_review_required,asset_file_missing; cutout_slot_requires_manual_crop_review,review_only_not_renderable_until_approved,catalog_only_no_auto_approval_no_file_movement
indiana_fever_monique_billings,Monique Billings,indiana_fever,WNBA,1628881,https://cdn.wnba.com/headshots/wnba/latest/260x190/1628881.png,0.72,headshot,assets/leagues/wnba/athletes/indiana_fever_monique_billings/headshot.png,true,assets/leagues/wnba/athletes/indiana_fever_monique_billings/headshot.png.approved,true,approved,approved_marker_present_manual_source_recheck_required,manual_source_recheck_required,,approved_assets_registry; decision_source=default; source_file=outputs/latest/review_files/athlete_image_approval_pack/downloads/indiana_fever/indiana_fever_monique_billings__1628881.png; approved_at_utc=2026-06-16T04:22:55.108715+00:00,approved_marker_present; headshot_slot_requires_identity_and_crop_review; image_size=260x190; meets_headshot_floor; default_decision_source_manual_recheck_required,review_only_manual_source_recheck_required: default_decision_source_manual_recheck_required,catalog_only_no_auto_approval_no_file_movement
indiana_fever_myisha_hines_allen,Myisha Hines-Allen,indiana_fever,WNBA,,https://fever.wnba.com/roster,,cutout,assets/leagues/wnba/athletes/indiana_fever_myisha_hines_allen/cutout.png,false,assets/leagues/wnba/athletes/indiana_fever_myisha_hines_allen/cutout.png.approved,false,missing,missing_asset_not_renderable,missing_asset_review_required,cutout_not_onboarded,athlete_images_registry; source_note=missing_review_required,asset_file_missing; cutout_slot_requires_manual_crop_review,review_only_not_renderable_until_approved,catalog_only_no_auto_approval_no_file_movement
indiana_fever_myisha_hines_allen,Myisha Hines-Allen,indiana_fever,WNBA,1628899,https://cdn.wnba.com/headshots/wnba/latest/260x190/1628899.png,0.72,headshot,assets/leagues/wnba/athletes/indiana_fever_myisha_hines_allen/headshot.png,true,assets/leagues/wnba/athletes/indiana_fever_myisha_hines_allen/headshot.png.approved,true,approved,approved_marker_present_manual_source_recheck_required,manual_source_recheck_required,,approved_assets_registry; decision_source=default; source_file=outputs/latest/review_files/athlete_image_approval_pack/downloads/indiana_fever/indiana_fever_myisha_hines_allen__1628899.png; approved_at_utc=2026-06-16T04:22:55.105650+00:00,approved_marker_present; headshot_slot_requires_identity_and_crop_review; image_size=260x190; meets_headshot_floor; default_decision_source_manual_recheck_required,review_only_manual_source_recheck_required: default_decision_source_manual_recheck_required,catalog_only_no_auto_approval_no_file_movement
indiana_fever_raven_johnson,Raven Johnson,indiana_fever,WNBA,,https://fever.wnba.com/roster,,cutout,assets/leagues/wnba/athletes/indiana_fever_raven_johnson/cutout.png,false,assets/leagues/wnba/athletes/indiana_fever_raven_johnson/cutout.png.approved,false,missing,missing_asset_not_renderable,missing_asset_review_required,cutout_not_onboarded,athlete_images_registry; source_note=missing_review_required,asset_file_missing; cutout_slot_requires_manual_crop_review,review_only_not_renderable_until_approved,catalog_only_no_auto_approval_no_file_movement
indiana_fever_raven_johnson,Raven Johnson,indiana_fever,WNBA,1643433,https://cdn.wnba.com/headshots/wnba/latest/260x190/1643433.png,0.72,headshot,assets/leagues/wnba/athletes/indiana_fever_raven_johnson/headshot.png,true,assets/leagues/wnba/athletes/indiana_fever_raven_johnson/headshot.png.approved,true,approved,approved_marker_present_manual_source_recheck_required,manual_source_recheck_required,,approved_assets_registry; decision_source=default; source_file=outputs/latest/review_files/athlete_image_approval_pack/downloads/indiana_fever/indiana_fever_raven_johnson__1643433.png; approved_at_utc=2026-06-16T04:22:55.105940+00:00,approved_marker_present; headshot_slot_requires_identity_and_crop_review; image_size=260x190; meets_headshot_floor; default_decision_source_manual_recheck_required,review_only_manual_source_recheck_required: default_decision_source_manual_recheck_required,catalog_only_no_auto_approval_no_file_movement
indiana_fever_sophie_cunningham,Sophie Cunningham,indiana_fever,WNBA,,https://fever.wnba.com/roster,,cutout,assets/leagues/wnba/athletes/indiana_fever_sophie_cunningham/cutout.png,false,assets/leagues/wnba/athletes/indiana_fever_sophie_cunningham/cutout.png.approved,false,missing,missing_asset_not_renderable,missing_asset_review_required,cutout_not_onboarded,athlete_images_registry; source_note=missing_review_required,asset_file_missing; cutout_slot_requires_manual_crop_review,review_only_not_renderable_until_approved,catalog_only_no_auto_approval_no_file_movement
indiana_fever_sophie_cunningham,Sophie Cunningham,indiana_fever,WNBA,1629482,https://cdn.wnba.com/headshots/wnba/latest/260x190/1629482.png,0.72,headshot,assets/leagues/wnba/athletes/indiana_fever_sophie_cunningham/headshot.png,true,assets/leagues/wnba/athletes/indiana_fever_sophie_cunningham/headshot.png.approved,true,approved,approved_marker_present_manual_source_recheck_required,manual_source_recheck_required,,approved_assets_registry; decision_source=default; source_file=outputs/latest/review_files/athlete_image_approval_pack/downloads/indiana_fever/indiana_fever_sophie_cunningham__1629482.png; approved_at_utc=2026-06-16T04:22:55.106488+00:00,approved_marker_present; headshot_slot_requires_identity_and_crop_review; image_size=260x190; meets_headshot_floor; default_decision_source_manual_recheck_required,review_only_manual_source_recheck_required: default_decision_source_manual_recheck_required,catalog_only_no_auto_approval_no_file_movement
indiana_fever_tyasha_harris,Tyasha Harris,indiana_fever,WNBA,,https://fever.wnba.com/roster,,cutout,assets/leagues/wnba/athletes/indiana_fever_tyasha_harris/cutout.png,false,assets/leagues/wnba/athletes/indiana_fever_tyasha_harris/cutout.png.approved,false,missing,missing_asset_not_renderable,missing_asset_review_required,cutout_not_onboarded,athlete_images_registry; source_note=missing_review_required,asset_file_missing; cutout_slot_requires_manual_crop_review,review_only_not_renderable_until_approved,catalog_only_no_auto_approval_no_file_movement
indiana_fever_tyasha_harris,Tyasha Harris,indiana_fever,WNBA,1630112,https://cdn.wnba.com/headshots/wnba/latest/260x190/1630112.png,0.72,headshot,assets/leagues/wnba/athletes/indiana_fever_tyasha_harris/headshot.png,true,assets/leagues/wnba/athletes/indiana_fever_tyasha_harris/headshot.png.approved,true,approved,approved_marker_present_manual_source_recheck_required,manual_source_recheck_required,,approved_assets_registry; decision_source=default; source_file=outputs/latest/review_files/athlete_image_approval_pack/downloads/indiana_fever/indiana_fever_tyasha_harris__1630112.png; approved_at_utc=2026-06-16T04:22:55.108995+00:00,approved_marker_present; headshot_slot_requires_identity_and_crop_review; image_size=260x190; meets_headshot_floor; default_decision_source_manual_recheck_required,review_only_manual_source_recheck_required: default_decision_source_manual_recheck_required,catalog_only_no_auto_approval_no_file_movement
las_vegas_aces_a_ja_wilson,A'ja Wilson,las_vegas_aces,WNBA,,https://aces.wnba.com/roster,,cutout,assets/leagues/wnba/athletes/las_vegas_aces_a_ja_wilson/cutout.png,false,assets/leagues/wnba/athletes/las_vegas_aces_a_ja_wilson/cutout.png.approved,false,missing,missing_asset_not_renderable,missing_asset_review_required,cutout_not_onboarded,athlete_images_registry; source_note=missing_review_required,asset_file_missing; cutout_slot_requires_manual_crop_review,review_only_not_renderable_until_approved,catalog_only_no_auto_approval_no_file_movement
las_vegas_aces_a_ja_wilson,A'ja Wilson,las_vegas_aces,WNBA,1628932,https://cdn.wnba.com/headshots/wnba/latest/260x190/1628932.png,0.72,headshot,assets/leagues/wnba/athletes/las_vegas_aces_a_ja_wilson/headshot.png,true,assets/leagues/wnba/athletes/las_vegas_aces_a_ja_wilson/headshot.png.approved,true,approved,approved_marker_present_manual_source_recheck_required,manual_source_recheck_required,,approved_assets_registry; decision_source=default; source_file=outputs/latest/review_files/athlete_image_approval_pack/downloads/las_vegas_aces/las_vegas_aces_a_ja_wilson__1628932.png; approved_at_utc=2026-06-16T04:22:55.130000+00:00,approved_marker_present; headshot_slot_requires_identity_and_crop_review; image_size=260x190; meets_headshot_floor; default_decision_source_manual_recheck_required,review_only_manual_source_recheck_required: default_decision_source_manual_recheck_required,catalog_only_no_auto_approval_no_file_movement
las_vegas_aces_brianna_turner,Brianna Turner,las_vegas_aces,WNBA,,https://aces.wnba.com/roster,,cutout,assets/leagues/wnba/athletes/las_vegas_aces_brianna_turner/cutout.png,false,assets/leagues/wnba/athletes/las_vegas_aces_brianna_turner/cutout.png.approved,false,missing,missing_asset_not_renderable,missing_asset_review_required,cutout_not_onboarded,athlete_images_registry; source_note=missing_review_required,asset_file_missing; cutout_slot_requires_manual_crop_review,review_only_not_renderable_until_approved,catalog_only_no_auto_approval_no_file_movement
las_vegas_aces_brianna_turner,Brianna Turner,las_vegas_aces,WNBA,1629488,https://cdn.wnba.com/headshots/wnba/latest/260x190/1629488.png,0.72,headshot,assets/leagues/wnba/athletes/las_vegas_aces_brianna_turner/headshot.png,true,assets/leagues/wnba/athletes/las_vegas_aces_brianna_turner/headshot.png.approved,true,approved,approved_marker_present_manual_source_recheck_required,manual_source_recheck_required,,approved_assets_registry; decision_source=default; source_file=outputs/latest/review_files/athlete_image_approval_pack/downloads/las_vegas_aces/las_vegas_aces_brianna_turner__1629488.png; approved_at_utc=2026-06-16T04:22:55.129718+00:00,approved_marker_present; headshot_slot_requires_identity_and_crop_review; image_size=260x190; meets_headshot_floor; default_decision_source_manual_recheck_required,review_only_manual_source_recheck_required: default_decision_source_manual_recheck_required,catalog_only_no_auto_approval_no_file_movement
las_vegas_aces_chelsea_gray,Chelsea Gray,las_vegas_aces,WNBA,,https://aces.wnba.com/roster,,cutout,assets/leagues/wnba/athletes/las_vegas_aces_chelsea_gray/cutout.png,false,assets/leagues/wnba/athletes/las_vegas_aces_chelsea_gray/cutout.png.approved,false,missing,missing_asset_not_renderable,missing_asset_review_required,cutout_not_onboarded,athlete_images_registry; source_note=missing_review_required,asset_file_missing; cutout_slot_requires_manual_crop_review,review_only_not_renderable_until_approved,catalog_only_no_auto_approval_no_file_movement
las_vegas_aces_chelsea_gray,Chelsea Gray,las_vegas_aces,WNBA,203833,https://cdn.wnba.com/headshots/wnba/latest/260x190/203833.png,0.72,headshot,assets/leagues/wnba/athletes/las_vegas_aces_chelsea_gray/headshot.png,true,assets/leagues/wnba/athletes/las_vegas_aces_chelsea_gray/headshot.png.approved,true,approved,approved_marker_present_manual_source_recheck_required,manual_source_recheck_required,,approved_assets_registry; decision_source=default; source_file=outputs/latest/review_files/athlete_image_approval_pack/downloads/las_vegas_aces/las_vegas_aces_chelsea_gray__203833.png; approved_at_utc=2026-06-16T04:22:55.129427+00:00,approved_marker_present; headshot_slot_requires_identity_and_crop_review; image_size=260x190; meets_headshot_floor; default_decision_source_manual_recheck_required,review_only_manual_source_recheck_required: default_decision_source_manual_recheck_required,catalog_only_no_auto_approval_no_file_movement
las_vegas_aces_chennedy_carter,Chennedy Carter,las_vegas_aces,WNBA,,https://aces.wnba.com/roster,,cutout,assets/leagues/wnba/athletes/las_vegas_aces_chennedy_carter/cutout.png,false,assets/leagues/wnba/athletes/las_vegas_aces_chennedy_carter/cutout.png.approved,false,missing,missing_asset_not_renderable,missing_asset_review_required,cutout_not_onboarded,athlete_images_registry; source_note=missing_review_required,asset_file_missing; cutout_slot_requires_manual_crop_review,review_only_not_renderable_until_approved,catalog_only_no_auto_approval_no_file_movement
las_vegas_aces_chennedy_carter,Chennedy Carter,las_vegas_aces,WNBA,1630150,https://cdn.wnba.com/headshots/wnba/latest/260x190/1630150.png,0.72,headshot,assets/leagues/wnba/athletes/las_vegas_aces_chennedy_carter/headshot.png,true,assets/leagues/wnba/athletes/las_vegas_aces_chennedy_carter/headshot.png.approved,true,approved,approved_marker_present_manual_source_recheck_required,manual_source_recheck_required,,approved_assets_registry; decision_source=default; source_file=outputs/latest/review_files/athlete_image_approval_pack/downloads/las_vegas_aces/las_vegas_aces_chennedy_carter__1630150.png; approved_at_utc=2026-06-16T04:22:55.130290+00:00,approved_marker_present; headshot_slot_requires_identity_and_crop_review; image_size=260x190; meets_headshot_floor; default_decision_source_manual_recheck_required,review_only_manual_source_recheck_required: default_decision_source_manual_recheck_required,catalog_only_no_auto_approval_no_file_movement
las_vegas_aces_cheyenne_parker_tyus,Cheyenne Parker-Tyus,las_vegas_aces,WNBA,,https://aces.wnba.com/roster,,cutout,assets/leagues/wnba/athletes/las_vegas_aces_cheyenne_parker_tyus/cutout.png,false,assets/leagues/wnba/athletes/las_vegas_aces_cheyenne_parker_tyus/cutout.png.approved,false,missing,missing_asset_not_renderable,missing_asset_review_required,cutout_not_onboarded,athlete_images_registry; source_note=missing_review_required,asset_file_missing; cutout_slot_requires_manual_crop_review,review_only_not_renderable_until_approved,catalog_only_no_auto_approval_no_file_movement
las_vegas_aces_cheyenne_parker_tyus,Cheyenne Parker-Tyus,las_vegas_aces,WNBA,204323,https://cdn.wnba.com/headshots/wnba/latest/260x190/204323.png,0.72,headshot,assets/leagues/wnba/athletes/las_vegas_aces_cheyenne_parker_tyus/headshot.png,true,assets/leagues/wnba/athletes/las_vegas_aces_cheyenne_parker_tyus/headshot.png.approved,true,approved,approved_marker_present_manual_source_recheck_required,manual_source_recheck_required,,approved_assets_registry; decision_source=default; source_file=outputs/latest/review_files/athlete_image_approval_pack/downloads/las_vegas_aces/las_vegas_aces_cheyenne_parker_tyus__204323.png; approved_at_utc=2026-06-16T04:22:55.130947+00:00,approved_marker_present; headshot_slot_requires_identity_and_crop_review; image_size=260x190; meets_headshot_floor; default_decision_source_manual_recheck_required,review_only_manual_source_recheck_required: default_decision_source_manual_recheck_required,catalog_only_no_auto_approval_no_file_movement
las_vegas_aces_dana_evans,Dana Evans,las_vegas_aces,WNBA,,https://aces.wnba.com/roster,,cutout,assets/leagues/wnba/athletes/las_vegas_aces_dana_evans/cutout.png,false,assets/leagues/wnba/athletes/las_vegas_aces_dana_evans/cutout.png.approved,false,missing,missing_asset_not_renderable,missing_asset_review_required,cutout_not_onboarded,athlete_images_registry; source_note=missing_review_required,asset_file_missing; cutout_slot_requires_manual_crop_review,review_only_not_renderable_until_approved,catalog_only_no_auto_approval_no_file_movement
las_vegas_aces_dana_evans,Dana Evans,las_vegas_aces,WNBA,1630389,https://cdn.wnba.com/headshots/wnba/latest/260x190/1630389.png,0.72,headshot,assets/leagues/wnba/athletes/las_vegas_aces_dana_evans/headshot.png,true,assets/leagues/wnba/athletes/las_vegas_aces_dana_evans/headshot.png.approved,true,approved,approved_marker_present_manual_source_recheck_required,manual_source_recheck_required,,approved_assets_registry; decision_source=default; source_file=outputs/latest/review_files/athlete_image_approval_pack/downloads/las_vegas_aces/las_vegas_aces_dana_evans__1630389.png; approved_at_utc=2026-06-16T04:22:55.129160+00:00,approved_marker_present; headshot_slot_requires_identity_and_crop_review; image_size=260x190; meets_headshot_floor; default_decision_source_manual_recheck_required,review_only_manual_source_recheck_required: default_decision_source_manual_recheck_required,catalog_only_no_auto_approval_no_file_movement
las_vegas_aces_jackie_young,Jackie Young,las_vegas_aces,WNBA,,https://aces.wnba.com/roster,,cutout,assets/leagues/wnba/athletes/las_vegas_aces_jackie_young/cutout.png,false,assets/leagues/wnba/athletes/las_vegas_aces_jackie_young/cutout.png.approved,false,missing,missing_asset_not_renderable,missing_asset_review_required,cutout_not_onboarded,athlete_images_registry; source_note=missing_review_required,asset_file_missing; cutout_slot_requires_manual_crop_review,review_only_not_renderable_until_approved,catalog_only_no_auto_approval_no_file_movement
las_vegas_aces_jackie_young,Jackie Young,las_vegas_aces,WNBA,1629498,https://cdn.wnba.com/headshots/wnba/latest/260x190/1629498.png,0.72,headshot,assets/leagues/wnba/athletes/las_vegas_aces_jackie_young/headshot.png,true,assets/leagues/wnba/athletes/las_vegas_aces_jackie_young/headshot.png.approved,true,approved,approved_marker_present_manual_source_recheck_required,manual_source_recheck_required,,approved_assets_registry; decision_source=default; source_file=outputs/latest/review_files/athlete_image_approval_pack/downloads/las_vegas_aces/las_vegas_aces_jackie_young__1629498.png; approved_at_utc=2026-06-16T04:22:55.127802+00:00,approved_marker_present; headshot_slot_requires_identity_and_crop_review; image_size=260x190; meets_headshot_floor; default_decision_source_manual_recheck_required,review_only_manual_source_recheck_required: default_decision_source_manual_recheck_required,catalog_only_no_auto_approval_no_file_movement
las_vegas_aces_janiah_barker,Janiah Barker,las_vegas_aces,WNBA,,https://aces.wnba.com/roster,,cutout,assets/leagues/wnba/athletes/las_vegas_aces_janiah_barker/cutout.png,false,assets/leagues/wnba/athletes/las_vegas_aces_janiah_barker/cutout.png.approved,false,missing,missing_asset_not_renderable,missing_asset_review_required,cutout_not_onboarded,athlete_images_registry; source_note=missing_review_required,asset_file_missing; cutout_slot_requires_manual_crop_review,review_only_not_renderable_until_approved,catalog_only_no_auto_approval_no_file_movement
las_vegas_aces_janiah_barker,Janiah Barker,las_vegas_aces,WNBA,1643434,https://cdn.wnba.com/headshots/wnba/latest/260x190/1643434.png,0.72,headshot,assets/leagues/wnba/athletes/las_vegas_aces_janiah_barker/headshot.png,true,assets/leagues/wnba/athletes/las_vegas_aces_janiah_barker/headshot.png.approved,true,approved,approved_marker_present_manual_source_recheck_required,manual_source_recheck_required,,approved_assets_registry; decision_source=default; source_file=outputs/latest/review_files/athlete_image_approval_pack/downloads/las_vegas_aces/las_vegas_aces_janiah_barker__1643434.png; approved_at_utc=2026-06-16T04:22:55.128338+00:00,approved_marker_present; headshot_slot_requires_identity_and_crop_review; image_size=260x190; meets_headshot_floor; default_decision_source_manual_recheck_required,review_only_manual_source_recheck_required: default_decision_source_manual_recheck_required,catalog_only_no_auto_approval_no_file_movement
las_vegas_aces_jewell_loyd,Jewell Loyd,las_vegas_aces,WNBA,,https://aces.wnba.com/roster,,cutout,assets/leagues/wnba/athletes/las_vegas_aces_jewell_loyd/cutout.png,false,assets/leagues/wnba/athletes/las_vegas_aces_jewell_loyd/cutout.png.approved,false,missing,missing_asset_not_renderable,missing_asset_review_required,cutout_not_onboarded,athlete_images_registry; source_note=missing_review_required,asset_file_missing; cutout_slot_requires_manual_crop_review,review_only_not_renderable_until_approved,catalog_only_no_auto_approval_no_file_movement
las_vegas_aces_jewell_loyd,Jewell Loyd,las_vegas_aces,WNBA,204319,https://cdn.wnba.com/headshots/wnba/latest/260x190/204319.png,0.72,headshot,assets/leagues/wnba/athletes/las_vegas_aces_jewell_loyd/headshot.png,true,assets/leagues/wnba/athletes/las_vegas_aces_jewell_loyd/headshot.png.approved,true,approved,approved_marker_present_manual_source_recheck_required,manual_source_recheck_required,,approved_assets_registry; decision_source=default; source_file=outputs/latest/review_files/athlete_image_approval_pack/downloads/las_vegas_aces/las_vegas_aces_jewell_loyd__204319.png; approved_at_utc=2026-06-16T04:22:55.130655+00:00,approved_marker_present; headshot_slot_requires_identity_and_crop_review; image_size=260x190; meets_headshot_floor; default_decision_source_manual_recheck_required,review_only_manual_source_recheck_required: default_decision_source_manual_recheck_required,catalog_only_no_auto_approval_no_file_movement
las_vegas_aces_kierstan_bell,Kierstan Bell,las_vegas_aces,WNBA,,https://aces.wnba.com/roster,,cutout,assets/leagues/wnba/athletes/las_vegas_aces_kierstan_bell/cutout.png,false,assets/leagues/wnba/athletes/las_vegas_aces_kierstan_bell/cutout.png.approved,false,missing,missing_asset_not_renderable,missing_asset_review_required,cutout_not_onboarded,athlete_images_registry; source_note=missing_review_required,asset_file_missing; cutout_slot_requires_manual_crop_review,review_only_not_renderable_until_approved,catalog_only_no_auto_approval_no_file_movement
las_vegas_aces_kierstan_bell,Kierstan Bell,las_vegas_aces,WNBA,1631006,https://cdn.wnba.com/headshots/wnba/latest/260x190/1631006.png,0.72,headshot,assets/leagues/wnba/athletes/las_vegas_aces_kierstan_bell/headshot.png,true,assets/leagues/wnba/athletes/las_vegas_aces_kierstan_bell/headshot.png.approved,true,approved,approved_marker_present_manual_source_recheck_required,manual_source_recheck_required,,approved_assets_registry; decision_source=default; source_file=outputs/latest/review_files/athlete_image_approval_pack/downloads/las_vegas_aces/las_vegas_aces_kierstan_bell__1631006.png; approved_at_utc=2026-06-16T04:22:55.128073+00:00,approved_marker_present; headshot_slot_requires_identity_and_crop_review; image_size=260x190; meets_headshot_floor; default_decision_source_manual_recheck_required,review_only_manual_source_recheck_required: default_decision_source_manual_recheck_required,catalog_only_no_auto_approval_no_file_movement
las_vegas_aces_nalyssa_smith,NaLyssa Smith,las_vegas_aces,WNBA,,https://aces.wnba.com/roster,,cutout,assets/leagues/wnba/athletes/las_vegas_aces_nalyssa_smith/cutout.png,false,assets/leagues/wnba/athletes/las_vegas_aces_nalyssa_smith/cutout.png.approved,false,missing,missing_asset_not_renderable,missing_asset_review_required,cutout_not_onboarded,athlete_images_registry; source_note=missing_review_required,asset_file_missing; cutout_slot_requires_manual_crop_review,review_only_not_renderable_until_approved,catalog_only_no_auto_approval_no_file_movement
las_vegas_aces_nalyssa_smith,NaLyssa Smith,las_vegas_aces,WNBA,1631019,https://cdn.wnba.com/headshots/wnba/latest/260x190/1631019.png,0.72,headshot,assets/leagues/wnba/athletes/las_vegas_aces_nalyssa_smith/headshot.png,true,assets/leagues/wnba/athletes/las_vegas_aces_nalyssa_smith/headshot.png.approved,true,approved,approved_marker_present_manual_source_recheck_required,manual_source_recheck_required,,approved_assets_registry; decision_source=default; source_file=outputs/latest/review_files/athlete_image_approval_pack/downloads/las_vegas_aces/las_vegas_aces_nalyssa_smith__1631019.png; approved_at_utc=2026-06-16T04:22:55.128603+00:00,approved_marker_present; headshot_slot_requires_identity_and_crop_review; image_size=260x190; meets_headshot_floor; default_decision_source_manual_recheck_required,review_only_manual_source_recheck_required: default_decision_source_manual_recheck_required,catalog_only_no_auto_approval_no_file_movement
las_vegas_aces_stephanie_talbot,Stephanie Talbot,las_vegas_aces,WNBA,,https://aces.wnba.com/roster,,cutout,assets/leagues/wnba/athletes/las_vegas_aces_stephanie_talbot/cutout.png,false,assets/leagues/wnba/athletes/las_vegas_aces_stephanie_talbot/cutout.png.approved,false,missing,missing_asset_not_renderable,missing_asset_review_required,cutout_not_onboarded,athlete_images_registry; source_note=missing_review_required,asset_file_missing; cutout_slot_requires_manual_crop_review,review_only_not_renderable_until_approved,catalog_only_no_auto_approval_no_file_movement
las_vegas_aces_stephanie_talbot,Stephanie Talbot,las_vegas_aces,WNBA,203855,https://cdn.wnba.com/headshots/wnba/latest/260x190/203855.png,0.72,headshot,assets/leagues/wnba/athletes/las_vegas_aces_stephanie_talbot/headshot.png,true,assets/leagues/wnba/athletes/las_vegas_aces_stephanie_talbot/headshot.png.approved,true,approved,approved_marker_present_manual_source_recheck_required,manual_source_recheck_required,,approved_assets_registry; decision_source=default; source_file=outputs/latest/review_files/athlete_image_approval_pack/downloads/las_vegas_aces/las_vegas_aces_stephanie_talbot__203855.png; approved_at_utc=2026-06-16T04:22:55.128893+00:00,approved_marker_present; headshot_slot_requires_identity_and_crop_review; image_size=260x190; meets_headshot_floor; default_decision_source_manual_recheck_required,review_only_manual_source_recheck_required: default_decision_source_manual_recheck_required,catalog_only_no_auto_approval_no_file_movement
los_angeles_sparks_ariel_atkins,Ariel Atkins,los_angeles_sparks,WNBA,,https://sparks.wnba.com/roster,,cutout,assets/leagues/wnba/athletes/los_angeles_sparks_ariel_atkins/cutout.png,false,assets/leagues/wnba/athletes/los_angeles_sparks_ariel_atkins/cutout.png.approved,false,missing,missing_asset_not_renderable,missing_asset_review_required,cutout_not_onboarded,athlete_images_registry; source_note=missing_review_required,asset_file_missing; cutout_slot_requires_manual_crop_review,review_only_not_renderable_until_approved,catalog_only_no_auto_approval_no_file_movement
los_angeles_sparks_ariel_atkins,Ariel Atkins,los_angeles_sparks,WNBA,1628878,https://cdn.wnba.com/headshots/wnba/latest/260x190/1628878.png,0.72,headshot,assets/leagues/wnba/athletes/los_angeles_sparks_ariel_atkins/headshot.png,true,assets/leagues/wnba/athletes/los_angeles_sparks_ariel_atkins/headshot.png.approved,true,approved,approved_marker_present_manual_source_recheck_required,manual_source_recheck_required,,approved_assets_registry; decision_source=default; source_file=outputs/latest/review_files/athlete_image_approval_pack/downloads/los_angeles_sparks/los_angeles_sparks_ariel_atkins__1628878.png; approved_at_utc=2026-06-16T04:22:55.132586+00:00,approved_marker_present; headshot_slot_requires_identity_and_crop_review; image_size=260x190; meets_headshot_floor; default_decision_source_manual_recheck_required,review_only_manual_source_recheck_required: default_decision_source_manual_recheck_required,catalog_only_no_auto_approval_no_file_movement
los_angeles_sparks_cameron_brink,Cameron Brink,los_angeles_sparks,WNBA,,https://sparks.wnba.com/roster,,cutout,assets/leagues/wnba/athletes/los_angeles_sparks_cameron_brink/cutout.png,false,assets/leagues/wnba/athletes/los_angeles_sparks_cameron_brink/cutout.png.approved,false,missing,missing_asset_not_renderable,missing_asset_review_required,cutout_not_onboarded,athlete_images_registry; source_note=missing_review_required,asset_file_missing; cutout_slot_requires_manual_crop_review,review_only_not_renderable_until_approved,catalog_only_no_auto_approval_no_file_movement
los_angeles_sparks_cameron_brink,Cameron Brink,los_angeles_sparks,WNBA,1642287,https://cdn.wnba.com/headshots/wnba/latest/260x190/1642287.png,0.72,headshot,assets/leagues/wnba/athletes/los_angeles_sparks_cameron_brink/headshot.png,true,assets/leagues/wnba/athletes/los_angeles_sparks_cameron_brink/headshot.png.approved,true,approved,approved_marker_present_manual_source_recheck_required,manual_source_recheck_required,,approved_assets_registry; decision_source=default; source_file=outputs/latest/review_files/athlete_image_approval_pack/downloads/los_angeles_sparks/los_angeles_sparks_cameron_brink__1642287.png; approved_at_utc=2026-06-16T04:22:55.134539+00:00,approved_marker_present; headshot_slot_requires_identity_and_crop_review; image_size=260x190; meets_headshot_floor; default_decision_source_manual_recheck_required,review_only_manual_source_recheck_required: default_decision_source_manual_recheck_required,catalog_only_no_auto_approval_no_file_movement
los_angeles_sparks_chance_gray,Chance Gray,los_angeles_sparks,WNBA,,https://sparks.wnba.com/roster,,cutout,assets/leagues/wnba/athletes/los_angeles_sparks_chance_gray/cutout.png,false,assets/leagues/wnba/athletes/los_angeles_sparks_chance_gray/cutout.png.approved,false,missing,missing_asset_not_renderable,missing_asset_review_required,cutout_not_onboarded,athlete_images_registry; source_note=missing_review_required,asset_file_missing; cutout_slot_requires_manual_crop_review,review_only_not_renderable_until_approved,catalog_only_no_auto_approval_no_file_movement
los_angeles_sparks_chance_gray,Chance Gray,los_angeles_sparks,WNBA,1643462,https://cdn.wnba.com/headshots/wnba/latest/260x190/1643462.png,0.72,headshot,assets/leagues/wnba/athletes/los_angeles_sparks_chance_gray/headshot.png,true,assets/leagues/wnba/athletes/los_angeles_sparks_chance_gray/headshot.png.approved,true,approved,approved_marker_present_manual_source_recheck_required,manual_source_recheck_required,,approved_assets_registry; decision_source=default; source_file=outputs/latest/review_files/athlete_image_approval_pack/downloads/los_angeles_sparks/los_angeles_sparks_chance_gray__1643462.png; approved_at_utc=2026-06-16T04:22:55.131488+00:00,approved_marker_present; headshot_slot_requires_identity_and_crop_review; image_size=260x190; meets_headshot_floor; default_decision_source_manual_recheck_required,review_only_manual_source_recheck_required: default_decision_source_manual_recheck_required,catalog_only_no_auto_approval_no_file_movement
los_angeles_sparks_dearica_hamby,Dearica Hamby,los_angeles_sparks,WNBA,,https://sparks.wnba.com/roster,,cutout,assets/leagues/wnba/athletes/los_angeles_sparks_dearica_hamby/cutout.png,false,assets/leagues/wnba/athletes/los_angeles_sparks_dearica_hamby/cutout.png.approved,false,missing,missing_asset_not_renderable,missing_asset_review_required,cutout_not_onboarded,athlete_images_registry; source_note=missing_review_required,asset_file_missing; cutout_slot_requires_manual_crop_review,review_only_not_renderable_until_approved,catalog_only_no_auto_approval_no_file_movement
los_angeles_sparks_dearica_hamby,Dearica Hamby,los_angeles_sparks,WNBA,204324,https://cdn.wnba.com/headshots/wnba/latest/260x190/204324.png,0.72,headshot,assets/leagues/wnba/athletes/los_angeles_sparks_dearica_hamby/headshot.png,true,assets/leagues/wnba/athletes/los_angeles_sparks_dearica_hamby/headshot.png.approved,true,approved,approved_marker_present_manual_source_recheck_required,manual_source_recheck_required,,approved_assets_registry; decision_source=default; source_file=outputs/latest/review_files/athlete_image_approval_pack/downloads/los_angeles_sparks/los_angeles_sparks_dearica_hamby__204324.png; approved_at_utc=2026-06-16T04:22:55.132053+00:00,approved_marker_present; headshot_slot_requires_identity_and_crop_review; image_size=260x190; meets_headshot_floor; default_decision_source_manual_recheck_required,review_only_manual_source_recheck_required: default_decision_source_manual_recheck_required,catalog_only_no_auto_approval_no_file_movement
los_angeles_sparks_emma_cannon,Emma Cannon,los_angeles_sparks,WNBA,,https://sparks.wnba.com/roster,,cutout,assets/leagues/wnba/athletes/los_angeles_sparks_emma_cannon/cutout.png,false,assets/leagues/wnba/athletes/los_angeles_sparks_emma_cannon/cutout.png.approved,false,missing,missing_asset_not_renderable,missing_asset_review_required,cutout_not_onboarded,athlete_images_registry; source_note=missing_review_required,asset_file_missing; cutout_slot_requires_manual_crop_review,review_only_not_renderable_until_approved,catalog_only_no_auto_approval_no_file_movement
los_angeles_sparks_emma_cannon,Emma Cannon,los_angeles_sparks,WNBA,1628242,https://cdn.wnba.com/headshots/wnba/latest/260x190/1628242.png,0.72,headshot,assets/leagues/wnba/athletes/los_angeles_sparks_emma_cannon/headshot.png,true,assets/leagues/wnba/athletes/los_angeles_sparks_emma_cannon/headshot.png.approved,true,approved,approved_marker_present_manual_source_recheck_required,manual_source_recheck_required,,approved_assets_registry; decision_source=default; source_file=outputs/latest/review_files/athlete_image_approval_pack/downloads/los_angeles_sparks/los_angeles_sparks_emma_cannon__1628242.png; approved_at_utc=2026-06-16T04:22:55.135226+00:00,approved_marker_present; headshot_slot_requires_identity_and_crop_review; image_size=260x190; meets_headshot_floor; default_decision_source_manual_recheck_required,review_only_manual_source_recheck_required: default_decision_source_manual_recheck_required,catalog_only_no_auto_approval_no_file_movement
los_angeles_sparks_erica_wheeler,Erica Wheeler,los_angeles_sparks,WNBA,,https://sparks.wnba.com/roster,,cutout,assets/leagues/wnba/athletes/los_angeles_sparks_erica_wheeler/cutout.png,false,assets/leagues/wnba/athletes/los_angeles_sparks_erica_wheeler/cutout.png.approved,false,missing,missing_asset_not_renderable,missing_asset_review_required,cutout_not_onboarded,athlete_images_registry; source_note=missing_review_required,asset_file_missing; cutout_slot_requires_manual_crop_review,review_only_not_renderable_until_approved,catalog_only_no_auto_approval_no_file_movement
los_angeles_sparks_erica_wheeler,Erica Wheeler,los_angeles_sparks,WNBA,204365,https://cdn.wnba.com/headshots/wnba/latest/260x190/204365.png,0.72,headshot,assets/leagues/wnba/athletes/los_angeles_sparks_erica_wheeler/headshot.png,true,assets/leagues/wnba/athletes/los_angeles_sparks_erica_wheeler/headshot.png.approved,true,approved,approved_marker_present_manual_source_recheck_required,manual_source_recheck_required,,approved_assets_registry; decision_source=default; source_file=outputs/latest/review_files/athlete_image_approval_pack/downloads/los_angeles_sparks/los_angeles_sparks_erica_wheeler__204365.png; approved_at_utc=2026-06-16T04:22:55.133507+00:00,approved_marker_present; headshot_slot_requires_identity_and_crop_review; image_size=260x190; meets_headshot_floor; default_decision_source_manual_recheck_required,review_only_manual_source_recheck_required: default_decision_source_manual_recheck_required,catalog_only_no_auto_approval_no_file_movement
los_angeles_sparks_jihyun_park,Jihyun Park,los_angeles_sparks,WNBA,,https://sparks.wnba.com/roster,,cutout,assets/leagues/wnba/athletes/los_angeles_sparks_jihyun_park/cutout.png,false,assets/leagues/wnba/athletes/los_angeles_sparks_jihyun_park/cutout.png.approved,false,missing,missing_asset_not_renderable,missing_asset_review_required,cutout_not_onboarded,athlete_images_registry; source_note=missing_review_required,asset_file_missing; cutout_slot_requires_manual_crop_review,review_only_not_renderable_until_approved,catalog_only_no_auto_approval_no_file_movement
los_angeles_sparks_jihyun_park,Jihyun Park,los_angeles_sparks,WNBA,1630148,https://cdn.wnba.com/headshots/wnba/latest/260x190/1630148.png,0.72,headshot,assets/leagues/wnba/athletes/los_angeles_sparks_jihyun_park/headshot.png,true,assets/leagues/wnba/athletes/los_angeles_sparks_jihyun_park/headshot.png.approved,true,approved,approved_marker_present_manual_source_recheck_required,manual_source_recheck_required,,approved_assets_registry; decision_source=default; source_file=outputs/latest/review_files/athlete_image_approval_pack/downloads/los_angeles_sparks/los_angeles_sparks_jihyun_park__1630148.png; approved_at_utc=2026-06-16T04:22:55.132324+00:00,approved_marker_present; headshot_slot_requires_identity_and_crop_review; image_size=260x190; meets_headshot_floor; default_decision_source_manual_recheck_required,review_only_manual_source_recheck_required: default_decision_source_manual_recheck_required,catalog_only_no_auto_approval_no_file_movement
los_angeles_sparks_kate_martin,Kate Martin,los_angeles_sparks,WNBA,,https://sparks.wnba.com/roster,,cutout,assets/leagues/wnba/athletes/los_angeles_sparks_kate_martin/cutout.png,false,assets/leagues/wnba/athletes/los_angeles_sparks_kate_martin/cutout.png.approved,false,missing,missing_asset_not_renderable,missing_asset_review_required,cutout_not_onboarded,athlete_images_registry; source_note=missing_review_required,asset_file_missing; cutout_slot_requires_manual_crop_review,review_only_not_renderable_until_approved,catalog_only_no_auto_approval_no_file_movement
los_angeles_sparks_kate_martin,Kate Martin,los_angeles_sparks,WNBA,1642324,https://cdn.wnba.com/headshots/wnba/latest/260x190/1642324.png,0.72,headshot,assets/leagues/wnba/athletes/los_angeles_sparks_kate_martin/headshot.png,true,assets/leagues/wnba/athletes/los_angeles_sparks_kate_martin/headshot.png.approved,true,approved,approved_marker_present_manual_source_recheck_required,manual_source_recheck_required,,approved_assets_registry; decision_source=default; source_file=outputs/latest/review_files/athlete_image_approval_pack/downloads/los_angeles_sparks/los_angeles_sparks_kate_martin__1642324.png; approved_at_utc=2026-06-16T04:22:55.134211+00:00,approved_marker_present; headshot_slot_requires_identity_and_crop_review; image_size=260x190; meets_headshot_floor; default_decision_source_manual_recheck_required,review_only_manual_source_recheck_required: default_decision_source_manual_recheck_required,catalog_only_no_auto_approval_no_file_movement
los_angeles_sparks_kelsey_plum,Kelsey Plum,los_angeles_sparks,WNBA,,https://sparks.wnba.com/roster,,cutout,assets/leagues/wnba/athletes/los_angeles_sparks_kelsey_plum/cutout.png,false,assets/leagues/wnba/athletes/los_angeles_sparks_kelsey_plum/cutout.png.approved,false,missing,missing_asset_not_renderable,missing_asset_review_required,cutout_not_onboarded,athlete_images_registry; source_note=missing_review_required,asset_file_missing; cutout_slot_requires_manual_crop_review,review_only_not_renderable_until_approved,catalog_only_no_auto_approval_no_file_movement
los_angeles_sparks_kelsey_plum,Kelsey Plum,los_angeles_sparks,WNBA,1628276,https://cdn.wnba.com/headshots/wnba/latest/260x190/1628276.png,0.72,headshot,assets/leagues/wnba/athletes/los_angeles_sparks_kelsey_plum/headshot.png,true,assets/leagues/wnba/athletes/los_angeles_sparks_kelsey_plum/headshot.png.approved,true,approved,approved_marker_present_manual_source_recheck_required,manual_source_recheck_required,,approved_assets_registry; decision_source=default; source_file=outputs/latest/review_files/athlete_image_approval_pack/downloads/los_angeles_sparks/los_angeles_sparks_kelsey_plum__1628276.png; approved_at_utc=2026-06-16T04:22:55.132880+00:00,approved_marker_present; headshot_slot_requires_identity_and_crop_review; image_size=260x190; meets_headshot_floor; default_decision_source_manual_recheck_required,review_only_manual_source_recheck_required: default_decision_source_manual_recheck_required,catalog_only_no_auto_approval_no_file_movement
los_angeles_sparks_laura_ziegler,Laura Ziegler,los_angeles_sparks,WNBA,,https://sparks.wnba.com/roster,,cutout,assets/leagues/wnba/athletes/los_angeles_sparks_laura_ziegler/cutout.png,false,assets/leagues/wnba/athletes/los_angeles_sparks_laura_ziegler/cutout.png.approved,false,missing,missing_asset_not_renderable,missing_asset_review_required,cutout_not_onboarded,athlete_images_registry; source_note=missing_review_required,asset_file_missing; cutout_slot_requires_manual_crop_review,review_only_not_renderable_until_approved,catalog_only_no_auto_approval_no_file_movement
los_angeles_sparks_laura_ziegler,Laura Ziegler,los_angeles_sparks,WNBA,1643461,https://cdn.wnba.com/headshots/wnba/latest/260x190/1643461.png,0.72,headshot,assets/leagues/wnba/athletes/los_angeles_sparks_laura_ziegler/headshot.png,true,assets/leagues/wnba/athletes/los_angeles_sparks_laura_ziegler/headshot.png.approved,true,approved,approved_marker_present_manual_source_recheck_required,manual_source_recheck_required,,approved_assets_registry; decision_source=default; source_file=outputs/latest/review_files/athlete_image_approval_pack/downloads/los_angeles_sparks/los_angeles_sparks_laura_ziegler__1643461.png; approved_at_utc=2026-06-16T04:22:55.131777+00:00,approved_marker_present; headshot_slot_requires_identity_and_crop_review; image_size=260x190; meets_headshot_floor; default_decision_source_manual_recheck_required,review_only_manual_source_recheck_required: default_decision_source_manual_recheck_required,catalog_only_no_auto_approval_no_file_movement
los_angeles_sparks_nneka_ogwumike,Nneka Ogwumike,los_angeles_sparks,WNBA,,https://sparks.wnba.com/roster,,cutout,assets/leagues/wnba/athletes/los_angeles_sparks_nneka_ogwumike/cutout.png,false,assets/leagues/wnba/athletes/los_angeles_sparks_nneka_ogwumike/cutout.png.approved,false,missing,missing_asset_not_renderable,missing_asset_review_required,cutout_not_onboarded,athlete_images_registry; source_note=missing_review_required,asset_file_missing; cutout_slot_requires_manual_crop_review,review_only_not_renderable_until_approved,catalog_only_no_auto_approval_no_file_movement
los_angeles_sparks_nneka_ogwumike,Nneka Ogwumike,los_angeles_sparks,WNBA,203014,https://cdn.wnba.com/headshots/wnba/latest/260x190/203014.png,0.72,headshot,assets/leagues/wnba/athletes/los_angeles_sparks_nneka_ogwumike/headshot.png,true,assets/leagues/wnba/athletes/los_angeles_sparks_nneka_ogwumike/headshot.png.approved,true,approved,approved_marker_present_manual_source_recheck_required,manual_source_recheck_required,,approved_assets_registry; decision_source=default; source_file=outputs/latest/review_files/athlete_image_approval_pack/downloads/los_angeles_sparks/los_angeles_sparks_nneka_ogwumike__203014.png; approved_at_utc=2026-06-16T04:22:55.134893+00:00,approved_marker_present; headshot_slot_requires_identity_and_crop_review; image_size=260x190; meets_headshot_floor; default_decision_source_manual_recheck_required,review_only_manual_source_recheck_required: default_decision_source_manual_recheck_required,catalog_only_no_auto_approval_no_file_movement
los_angeles_sparks_rae_burrell,Rae Burrell,los_angeles_sparks,WNBA,,https://sparks.wnba.com/roster,,cutout,assets/leagues/wnba/athletes/los_angeles_sparks_rae_burrell/cutout.png,false,assets/leagues/wnba/athletes/los_angeles_sparks_rae_burrell/cutout.png.approved,false,missing,missing_asset_not_renderable,missing_asset_review_required,cutout_not_onboarded,athlete_images_registry; source_note=missing_review_required,asset_file_missing; cutout_slot_requires_manual_crop_review,review_only_not_renderable_until_approved,catalog_only_no_auto_approval_no_file_movement
los_angeles_sparks_rae_burrell,Rae Burrell,los_angeles_sparks,WNBA,1630996,https://cdn.wnba.com/headshots/wnba/latest/260x190/1630996.png,0.72,headshot,assets/leagues/wnba/athletes/los_angeles_sparks_rae_burrell/headshot.png,true,assets/leagues/wnba/athletes/los_angeles_sparks_rae_burrell/headshot.png.approved,true,approved,approved_marker_present_manual_source_recheck_required,manual_source_recheck_required,,approved_assets_registry; decision_source=default; source_file=outputs/latest/review_files/athlete_image_approval_pack/downloads/los_angeles_sparks/los_angeles_sparks_rae_burrell__1630996.png; approved_at_utc=2026-06-16T04:22:55.133153+00:00,approved_marker_present; headshot_slot_requires_identity_and_crop_review; image_size=260x190; meets_headshot_floor; default_decision_source_manual_recheck_required,review_only_manual_source_recheck_required: default_decision_source_manual_recheck_required,catalog_only_no_auto_approval_no_file_movement
los_angeles_sparks_sania_feagin,Sania Feagin,los_angeles_sparks,WNBA,,https://sparks.wnba.com/roster,,cutout,assets/leagues/wnba/athletes/los_angeles_sparks_sania_feagin/cutout.png,false,assets/leagues/wnba/athletes/los_angeles_sparks_sania_feagin/cutout.png.approved,false,missing,missing_asset_not_renderable,missing_asset_review_required,cutout_not_onboarded,athlete_images_registry; source_note=missing_review_required,asset_file_missing; cutout_slot_requires_manual_crop_review,review_only_not_renderable_until_approved,catalog_only_no_auto_approval_no_file_movement
los_angeles_sparks_sania_feagin,Sania Feagin,los_angeles_sparks,WNBA,1642790,https://cdn.wnba.com/headshots/wnba/latest/260x190/1642790.png,0.72,headshot,assets/leagues/wnba/athletes/los_angeles_sparks_sania_feagin/headshot.png,true,assets/leagues/wnba/athletes/los_angeles_sparks_sania_feagin/headshot.png.approved,true,approved,approved_marker_present_manual_source_recheck_required,manual_source_recheck_required,,approved_assets_registry; decision_source=default; source_file=outputs/latest/review_files/athlete_image_approval_pack/downloads/los_angeles_sparks/los_angeles_sparks_sania_feagin__1642790.png; approved_at_utc=2026-06-16T04:22:55.133874+00:00,approved_marker_present; headshot_slot_requires_identity_and_crop_review; image_size=260x190; meets_headshot_floor; default_decision_source_manual_recheck_required,review_only_manual_source_recheck_required: default_decision_source_manual_recheck_required,catalog_only_no_auto_approval_no_file_movement
los_angeles_sparks_ta_niya_latson,Ta'Niya Latson,los_angeles_sparks,WNBA,,https://sparks.wnba.com/roster,,cutout,assets/leagues/wnba/athletes/los_angeles_sparks_ta_niya_latson/cutout.png,false,assets/leagues/wnba/athletes/los_angeles_sparks_ta_niya_latson/cutout.png.approved,false,missing,missing_asset_not_renderable,missing_asset_review_required,cutout_not_onboarded,athlete_images_registry; source_note=missing_review_required,asset_file_missing; cutout_slot_requires_manual_crop_review,review_only_not_renderable_until_approved,catalog_only_no_auto_approval_no_file_movement
los_angeles_sparks_ta_niya_latson,Ta'Niya Latson,los_angeles_sparks,WNBA,1643444,https://cdn.wnba.com/headshots/wnba/latest/260x190/1643444.png,0.72,headshot,assets/leagues/wnba/athletes/los_angeles_sparks_ta_niya_latson/headshot.png,true,assets/leagues/wnba/athletes/los_angeles_sparks_ta_niya_latson/headshot.png.approved,true,approved,approved_marker_present_manual_source_recheck_required,manual_source_recheck_required,,approved_assets_registry; decision_source=default; source_file=outputs/latest/review_files/athlete_image_approval_pack/downloads/los_angeles_sparks/los_angeles_sparks_ta_niya_latson__1643444.png; approved_at_utc=2026-06-16T04:22:55.131221+00:00,approved_marker_present; headshot_slot_requires_identity_and_crop_review; image_size=260x190; meets_headshot_floor; default_decision_source_manual_recheck_required,review_only_manual_source_recheck_required: default_decision_source_manual_recheck_required,catalog_only_no_auto_approval_no_file_movement
minnesota_lynx_anastasiia_olairi_kosu,Anastasiia Olairi Kosu,minnesota_lynx,WNBA,,https://lynx.wnba.com/roster,,cutout,assets/leagues/wnba/athletes/minnesota_lynx_anastasiia_olairi_kosu/cutout.png,false,assets/leagues/wnba/athletes/minnesota_lynx_anastasiia_olairi_kosu/cutout.png.approved,false,missing,missing_asset_not_renderable,missing_asset_review_required,cutout_not_onboarded,athlete_images_registry; source_note=missing_review_required,asset_file_missing; cutout_slot_requires_manual_crop_review,review_only_not_renderable_until_approved,catalog_only_no_auto_approval_no_file_movement
minnesota_lynx_anastasiia_olairi_kosu,Anastasiia Olairi Kosu,minnesota_lynx,WNBA,1642797,https://cdn.wnba.com/headshots/wnba/latest/260x190/1642797.png,0.72,headshot,assets/leagues/wnba/athletes/minnesota_lynx_anastasiia_olairi_kosu/headshot.png,true,assets/leagues/wnba/athletes/minnesota_lynx_anastasiia_olairi_kosu/headshot.png.approved,true,approved,approved_marker_present_manual_source_recheck_required,manual_source_recheck_required,,approved_assets_registry; decision_source=default; source_file=outputs/latest/review_files/athlete_image_approval_pack/downloads/minnesota_lynx/minnesota_lynx_anastasiia_olairi_kosu__1642797.png; approved_at_utc=2026-06-16T04:22:55.136919+00:00,approved_marker_present; headshot_slot_requires_identity_and_crop_review; image_size=260x190; meets_headshot_floor; default_decision_source_manual_recheck_required,review_only_manual_source_recheck_required: default_decision_source_manual_recheck_required,catalog_only_no_auto_approval_no_file_movement
minnesota_lynx_antonia_delaere,Antonia Delaere,minnesota_lynx,WNBA,,https://lynx.wnba.com/roster,,cutout,assets/leagues/wnba/athletes/minnesota_lynx_antonia_delaere/cutout.png,false,assets/leagues/wnba/athletes/minnesota_lynx_antonia_delaere/cutout.png.approved,false,missing,missing_asset_not_renderable,missing_asset_review_required,cutout_not_onboarded,athlete_images_registry; source_note=missing_review_required,asset_file_missing; cutout_slot_requires_manual_crop_review,review_only_not_renderable_until_approved,catalog_only_no_auto_approval_no_file_movement
minnesota_lynx_antonia_delaere,Antonia Delaere,minnesota_lynx,WNBA,1643489,https://cdn.wnba.com/headshots/wnba/latest/260x190/1643489.png,0.72,headshot,assets/leagues/wnba/athletes/minnesota_lynx_antonia_delaere/headshot.png,true,assets/leagues/wnba/athletes/minnesota_lynx_antonia_delaere/headshot.png.approved,true,approved,approved_marker_present_manual_source_recheck_required,manual_source_recheck_required,,approved_assets_registry; decision_source=default; source_file=outputs/latest/review_files/athlete_image_approval_pack/downloads/minnesota_lynx/minnesota_lynx_antonia_delaere__1643489.png; approved_at_utc=2026-06-16T04:22:55.137237+00:00,approved_marker_present; headshot_slot_requires_identity_and_crop_review; image_size=260x190; meets_headshot_floor; default_decision_source_manual_recheck_required,review_only_manual_source_recheck_required: default_decision_source_manual_recheck_required,catalog_only_no_auto_approval_no_file_movement
minnesota_lynx_courtney_williams,Courtney Williams,minnesota_lynx,WNBA,,https://lynx.wnba.com/roster,,cutout,assets/leagues/wnba/athletes/minnesota_lynx_courtney_williams/cutout.png,false,assets/leagues/wnba/athletes/minnesota_lynx_courtney_williams/cutout.png.approved,false,missing,missing_asset_not_renderable,missing_asset_review_required,cutout_not_onboarded,athlete_images_registry; source_note=missing_review_required,asset_file_missing; cutout_slot_requires_manual_crop_review,review_only_not_renderable_until_approved,catalog_only_no_auto_approval_no_file_movement
minnesota_lynx_courtney_williams,Courtney Williams,minnesota_lynx,WNBA,1627675,https://cdn.wnba.com/headshots/wnba/latest/260x190/1627675.png,0.72,headshot,assets/leagues/wnba/athletes/minnesota_lynx_courtney_williams/headshot.png,true,assets/leagues/wnba/athletes/minnesota_lynx_courtney_williams/headshot.png.approved,true,approved,approved_marker_present_manual_source_recheck_required,manual_source_recheck_required,,approved_assets_registry; decision_source=default; source_file=outputs/latest/review_files/athlete_image_approval_pack/downloads/minnesota_lynx/minnesota_lynx_courtney_williams__1627675.png; approved_at_utc=2026-06-16T04:22:55.137554+00:00,approved_marker_present; headshot_slot_requires_identity_and_crop_review; image_size=260x190; meets_headshot_floor; default_decision_source_manual_recheck_required,review_only_manual_source_recheck_required: default_decision_source_manual_recheck_required,catalog_only_no_auto_approval_no_file_movement
minnesota_lynx_dorka_juhasz,Dorka Juhasz,minnesota_lynx,WNBA,,https://lynx.wnba.com/roster,,cutout,assets/leagues/wnba/athletes/minnesota_lynx_dorka_juhasz/cutout.png,false,assets/leagues/wnba/athletes/minnesota_lynx_dorka_juhasz/cutout.png.approved,false,missing,missing_asset_not_renderable,missing_asset_review_required,cutout_not_onboarded,athlete_images_registry; source_note=missing_review_required,asset_file_missing; cutout_slot_requires_manual_crop_review,review_only_not_renderable_until_approved,catalog_only_no_auto_approval_no_file_movement
minnesota_lynx_dorka_juhasz,Dorka Juhasz,minnesota_lynx,WNBA,1641657,https://cdn.wnba.com/headshots/wnba/latest/260x190/1641657.png,0.72,headshot,assets/leagues/wnba/athletes/minnesota_lynx_dorka_juhasz/headshot.png,true,assets/leagues/wnba/athletes/minnesota_lynx_dorka_juhasz/headshot.png.approved,true,approved,approved_marker_present_manual_source_recheck_required,manual_source_recheck_required,,approved_assets_registry; decision_source=default; source_file=outputs/latest/review_files/athlete_image_approval_pack/downloads/minnesota_lynx/minnesota_lynx_dorka_juhasz__1641657.png; approved_at_utc=2026-06-16T04:22:55.138700+00:00,approved_marker_present; headshot_slot_requires_identity_and_crop_review; image_size=260x190; meets_headshot_floor; default_decision_source_manual_recheck_required,review_only_manual_source_recheck_required: default_decision_source_manual_recheck_required,catalog_only_no_auto_approval_no_file_movement
minnesota_lynx_eliska_hamzova,Eliska Hamzova,minnesota_lynx,WNBA,,https://lynx.wnba.com/roster,,cutout,assets/leagues/wnba/athletes/minnesota_lynx_eliska_hamzova/cutout.png,false,assets/leagues/wnba/athletes/minnesota_lynx_eliska_hamzova/cutout.png.approved,false,missing,missing_asset_not_renderable,missing_asset_review_required,cutout_not_onboarded,athlete_images_registry; source_note=missing_review_required,asset_file_missing; cutout_slot_requires_manual_crop_review,review_only_not_renderable_until_approved,catalog_only_no_auto_approval_no_file_movement
minnesota_lynx_eliska_hamzova,Eliska Hamzova,minnesota_lynx,WNBA,1643490,https://cdn.wnba.com/headshots/wnba/latest/260x190/1643490.png,0.72,headshot,assets/leagues/wnba/athletes/minnesota_lynx_eliska_hamzova/headshot.png,true,assets/leagues/wnba/athletes/minnesota_lynx_eliska_hamzova/headshot.png.approved,true,approved,approved_marker_present_manual_source_recheck_required,manual_source_recheck_required,,approved_assets_registry; decision_source=default; source_file=outputs/latest/review_files/athlete_image_approval_pack/downloads/minnesota_lynx/minnesota_lynx_eliska_hamzova__1643490.png; approved_at_utc=2026-06-16T04:22:55.137975+00:00,approved_marker_present; headshot_slot_requires_identity_and_crop_review; image_size=260x190; meets_headshot_floor; default_decision_source_manual_recheck_required,review_only_manual_source_recheck_required: default_decision_source_manual_recheck_required,catalog_only_no_auto_approval_no_file_movement
minnesota_lynx_emma_cechova,Emma Cechova,minnesota_lynx,WNBA,,https://lynx.wnba.com/roster,,cutout,assets/leagues/wnba/athletes/minnesota_lynx_emma_cechova/cutout.png,false,assets/leagues/wnba/athletes/minnesota_lynx_emma_cechova/cutout.png.approved,false,missing,missing_asset_not_renderable,missing_asset_review_required,cutout_not_onboarded,athlete_images_registry; source_note=missing_review_required,asset_file_missing; cutout_slot_requires_manual_crop_review,review_only_not_renderable_until_approved,catalog_only_no_auto_approval_no_file_movement
minnesota_lynx_emma_cechova,Emma Cechova,minnesota_lynx,WNBA,1643488,https://cdn.wnba.com/headshots/wnba/latest/260x190/1643488.png,0.72,headshot,assets/leagues/wnba/athletes/minnesota_lynx_emma_cechova/headshot.png,true,assets/leagues/wnba/athletes/minnesota_lynx_emma_cechova/headshot.png.approved,true,approved,approved_marker_present_manual_source_recheck_required,manual_source_recheck_required,,approved_assets_registry; decision_source=default; source_file=outputs/latest/review_files/athlete_image_approval_pack/downloads/minnesota_lynx/minnesota_lynx_emma_cechova__1643488.png; approved_at_utc=2026-06-16T04:22:55.139711+00:00,approved_marker_present; headshot_slot_requires_identity_and_crop_review; image_size=260x190; meets_headshot_floor; default_decision_source_manual_recheck_required,review_only_manual_source_recheck_required: default_decision_source_manual_recheck_required,catalog_only_no_auto_approval_no_file_movement
minnesota_lynx_kayla_mcbride,Kayla McBride,minnesota_lynx,WNBA,,https://lynx.wnba.com/roster,,cutout,assets/leagues/wnba/athletes/minnesota_lynx_kayla_mcbride/cutout.png,false,assets/leagues/wnba/athletes/minnesota_lynx_kayla_mcbride/cutout.png.approved,false,missing,missing_asset_not_renderable,missing_asset_review_required,cutout_not_onboarded,athlete_images_registry; source_note=missing_review_required,asset_file_missing; cutout_slot_requires_manual_crop_review,review_only_not_renderable_until_approved,catalog_only_no_auto_approval_no_file_movement
minnesota_lynx_kayla_mcbride,Kayla McBride,minnesota_lynx,WNBA,203825,https://cdn.wnba.com/headshots/wnba/latest/260x190/203825.png,0.72,headshot,assets/leagues/wnba/athletes/minnesota_lynx_kayla_mcbride/headshot.png,true,assets/leagues/wnba/athletes/minnesota_lynx_kayla_mcbride/headshot.png.approved,true,approved,approved_marker_present_manual_source_recheck_required,manual_source_recheck_required,,approved_assets_registry; decision_source=default; source_file=outputs/latest/review_files/athlete_image_approval_pack/downloads/minnesota_lynx/minnesota_lynx_kayla_mcbride__203825.png; approved_at_utc=2026-06-16T04:22:55.139362+00:00,approved_marker_present; headshot_slot_requires_identity_and_crop_review; image_size=260x190; meets_headshot_floor; default_decision_source_manual_recheck_required,review_only_manual_source_recheck_required: default_decision_source_manual_recheck_required,catalog_only_no_auto_approval_no_file_movement
minnesota_lynx_liatu_king,Liatu King,minnesota_lynx,WNBA,,https://lynx.wnba.com/roster,,cutout,assets/leagues/wnba/athletes/minnesota_lynx_liatu_king/cutout.png,false,assets/leagues/wnba/athletes/minnesota_lynx_liatu_king/cutout.png.approved,false,missing,missing_asset_not_renderable,missing_asset_review_required,cutout_not_onboarded,athlete_images_registry; source_note=missing_review_required,asset_file_missing; cutout_slot_requires_manual_crop_review,review_only_not_renderable_until_approved,catalog_only_no_auto_approval_no_file_movement
minnesota_lynx_liatu_king,Liatu King,minnesota_lynx,WNBA,1642820,https://cdn.wnba.com/headshots/wnba/latest/260x190/1642820.png,0.72,headshot,assets/leagues/wnba/athletes/minnesota_lynx_liatu_king/headshot.png,true,assets/leagues/wnba/athletes/minnesota_lynx_liatu_king/headshot.png.approved,true,approved,approved_marker_present_manual_source_recheck_required,manual_source_recheck_required,,approved_assets_registry; decision_source=default; source_file=outputs/latest/review_files/athlete_image_approval_pack/downloads/minnesota_lynx/minnesota_lynx_liatu_king__1642820.png; approved_at_utc=2026-06-16T04:22:55.135911+00:00,approved_marker_present; headshot_slot_requires_identity_and_crop_review; image_size=260x190; meets_headshot_floor; default_decision_source_manual_recheck_required,review_only_manual_source_recheck_required: default_decision_source_manual_recheck_required,catalog_only_no_auto_approval_no_file_movement
minnesota_lynx_maya_caldwell,Maya Caldwell,minnesota_lynx,WNBA,,https://lynx.wnba.com/roster,,cutout,assets/leagues/wnba/athletes/minnesota_lynx_maya_caldwell/cutout.png,false,assets/leagues/wnba/athletes/minnesota_lynx_maya_caldwell/cutout.png.approved,false,missing,missing_asset_not_renderable,missing_asset_review_required,cutout_not_onboarded,athlete_images_registry; source_note=missing_review_required,asset_file_missing; cutout_slot_requires_manual_crop_review,review_only_not_renderable_until_approved,catalog_only_no_auto_approval_no_file_movement
minnesota_lynx_maya_caldwell,Maya Caldwell,minnesota_lynx,WNBA,1630471,https://cdn.wnba.com/headshots/wnba/latest/260x190/1630471.png,0.72,headshot,assets/leagues/wnba/athletes/minnesota_lynx_maya_caldwell/headshot.png,true,assets/leagues/wnba/athletes/minnesota_lynx_maya_caldwell/headshot.png.approved,true,approved,approved_marker_present_manual_source_recheck_required,manual_source_recheck_required,,approved_assets_registry; decision_source=default; source_file=outputs/latest/review_files/athlete_image_approval_pack/downloads/minnesota_lynx/minnesota_lynx_maya_caldwell__1630471.png; approved_at_utc=2026-06-16T04:22:55.136240+00:00,approved_marker_present; headshot_slot_requires_identity_and_crop_review; image_size=260x190; meets_headshot_floor; default_decision_source_manual_recheck_required,review_only_manual_source_recheck_required: default_decision_source_manual_recheck_required,catalog_only_no_auto_approval_no_file_movement
minnesota_lynx_napheesa_collier,Napheesa Collier,minnesota_lynx,WNBA,,https://lynx.wnba.com/roster,,cutout,assets/leagues/wnba/athletes/minnesota_lynx_napheesa_collier/cutout.png,false,assets/leagues/wnba/athletes/minnesota_lynx_napheesa_collier/cutout.png.approved,false,missing,missing_asset_not_renderable,missing_asset_review_required,cutout_not_onboarded,athlete_images_registry; source_note=missing_review_required,asset_file_missing; cutout_slot_requires_manual_crop_review,review_only_not_renderable_until_approved,catalog_only_no_auto_approval_no_file_movement
minnesota_lynx_napheesa_collier,Napheesa Collier,minnesota_lynx,WNBA,1629483,https://cdn.wnba.com/headshots/wnba/latest/260x190/1629483.png,0.72,headshot,assets/leagues/wnba/athletes/minnesota_lynx_napheesa_collier/headshot.png,true,assets/leagues/wnba/athletes/minnesota_lynx_napheesa_collier/headshot.png.approved,true,approved,approved_marker_present_manual_source_recheck_required,manual_source_recheck_required,,approved_assets_registry; decision_source=default; source_file=outputs/latest/review_files/athlete_image_approval_pack/downloads/minnesota_lynx/minnesota_lynx_napheesa_collier__1629483.png; approved_at_utc=2026-06-16T04:22:55.140033+00:00,approved_marker_present; headshot_slot_requires_identity_and_crop_review; image_size=260x190; meets_headshot_floor; default_decision_source_manual_recheck_required,review_only_manual_source_recheck_required: default_decision_source_manual_recheck_required,catalog_only_no_auto_approval_no_file_movement
minnesota_lynx_natasha_howard,Natasha Howard,minnesota_lynx,WNBA,,https://lynx.wnba.com/roster,,cutout,assets/leagues/wnba/athletes/minnesota_lynx_natasha_howard/cutout.png,false,assets/leagues/wnba/athletes/minnesota_lynx_natasha_howard/cutout.png.approved,false,missing,missing_asset_not_renderable,missing_asset_review_required,cutout_not_onboarded,athlete_images_registry; source_note=missing_review_required,asset_file_missing; cutout_slot_requires_manual_crop_review,review_only_not_renderable_until_approved,catalog_only_no_auto_approval_no_file_movement
minnesota_lynx_natasha_howard,Natasha Howard,minnesota_lynx,WNBA,203827,https://cdn.wnba.com/headshots/wnba/latest/260x190/203827.png,0.72,headshot,assets/leagues/wnba/athletes/minnesota_lynx_natasha_howard/headshot.png,true,assets/leagues/wnba/athletes/minnesota_lynx_natasha_howard/headshot.png.approved,true,approved,approved_marker_present_manual_source_recheck_required,manual_source_recheck_required,,approved_assets_registry; decision_source=default; source_file=outputs/latest/review_files/athlete_image_approval_pack/downloads/minnesota_lynx/minnesota_lynx_natasha_howard__203827.png; approved_at_utc=2026-06-16T04:22:55.135574+00:00,approved_marker_present; headshot_slot_requires_identity_and_crop_review; image_size=260x190; meets_headshot_floor; default_decision_source_manual_recheck_required,review_only_manual_source_recheck_required: default_decision_source_manual_recheck_required,catalog_only_no_auto_approval_no_file_movement
minnesota_lynx_nia_coffey,Nia Coffey,minnesota_lynx,WNBA,,https://lynx.wnba.com/roster,,cutout,assets/leagues/wnba/athletes/minnesota_lynx_nia_coffey/cutout.png,false,assets/leagues/wnba/athletes/minnesota_lynx_nia_coffey/cutout.png.approved,false,missing,missing_asset_not_renderable,missing_asset_review_required,cutout_not_onboarded,athlete_images_registry; source_note=missing_review_required,asset_file_missing; cutout_slot_requires_manual_crop_review,review_only_not_renderable_until_approved,catalog_only_no_auto_approval_no_file_movement
minnesota_lynx_nia_coffey,Nia Coffey,minnesota_lynx,WNBA,1628269,https://cdn.wnba.com/headshots/wnba/latest/260x190/1628269.png,0.72,headshot,assets/leagues/wnba/athletes/minnesota_lynx_nia_coffey/headshot.png,true,assets/leagues/wnba/athletes/minnesota_lynx_nia_coffey/headshot.png.approved,true,approved,approved_marker_present_manual_source_recheck_required,manual_source_recheck_required,,approved_assets_registry; decision_source=default; source_file=outputs/latest/review_files/athlete_image_approval_pack/downloads/minnesota_lynx/minnesota_lynx_nia_coffey__1628269.png; approved_at_utc=2026-06-16T04:22:55.138284+00:00,approved_marker_present; headshot_slot_requires_identity_and_crop_review; image_size=260x190; meets_headshot_floor; default_decision_source_manual_recheck_required,review_only_manual_source_recheck_required: default_decision_source_manual_recheck_required,catalog_only_no_auto_approval_no_file_movement
minnesota_lynx_olivia_miles,Olivia Miles,minnesota_lynx,WNBA,,https://lynx.wnba.com/roster,,cutout,assets/leagues/wnba/athletes/minnesota_lynx_olivia_miles/cutout.png,false,assets/leagues/wnba/athletes/minnesota_lynx_olivia_miles/cutout.png.approved,false,missing,missing_asset_not_renderable,missing_asset_review_required,cutout_not_onboarded,athlete_images_registry; source_note=missing_review_required,asset_file_missing; cutout_slot_requires_manual_crop_review,review_only_not_renderable_until_approved,catalog_only_no_auto_approval_no_file_movement
minnesota_lynx_olivia_miles,Olivia Miles,minnesota_lynx,WNBA,1643426,https://cdn.wnba.com/headshots/wnba/latest/260x190/1643426.png,0.72,headshot,assets/leagues/wnba/athletes/minnesota_lynx_olivia_miles/headshot.png,true,assets/leagues/wnba/athletes/minnesota_lynx_olivia_miles/headshot.png.approved,true,approved,approved_marker_present_manual_source_recheck_required,manual_source_recheck_required,,approved_assets_registry; decision_source=default; source_file=outputs/latest/review_files/athlete_image_approval_pack/downloads/minnesota_lynx/minnesota_lynx_olivia_miles__1643426.png; approved_at_utc=2026-06-16T04:22:55.136568+00:00,approved_marker_present; headshot_slot_requires_identity_and_crop_review; image_size=260x190; meets_headshot_floor; default_decision_source_manual_recheck_required,review_only_manual_source_recheck_required: default_decision_source_manual_recheck_required,catalog_only_no_auto_approval_no_file_movement
minnesota_lynx_teaira_mccowan,Teaira McCowan,minnesota_lynx,WNBA,,https://lynx.wnba.com/roster,,cutout,assets/leagues/wnba/athletes/minnesota_lynx_teaira_mccowan/cutout.png,false,assets/leagues/wnba/athletes/minnesota_lynx_teaira_mccowan/cutout.png.approved,false,missing,missing_asset_not_renderable,missing_asset_review_required,cutout_not_onboarded,athlete_images_registry; source_note=missing_review_required,asset_file_missing; cutout_slot_requires_manual_crop_review,review_only_not_renderable_until_approved,catalog_only_no_auto_approval_no_file_movement
minnesota_lynx_teaira_mccowan,Teaira McCowan,minnesota_lynx,WNBA,1629479,https://cdn.wnba.com/headshots/wnba/latest/260x190/1629479.png,0.72,headshot,assets/leagues/wnba/athletes/minnesota_lynx_teaira_mccowan/headshot.png,true,assets/leagues/wnba/athletes/minnesota_lynx_teaira_mccowan/headshot.png.approved,true,approved,approved_marker_present_manual_source_recheck_required,manual_source_recheck_required,,approved_assets_registry; decision_source=default; source_file=outputs/latest/review_files/athlete_image_approval_pack/downloads/minnesota_lynx/minnesota_lynx_teaira_mccowan__1629479.png; approved_at_utc=2026-06-16T04:22:55.139033+00:00,approved_marker_present; headshot_slot_requires_identity_and_crop_review; image_size=260x190; meets_headshot_floor; default_decision_source_manual_recheck_required,review_only_manual_source_recheck_required: default_decision_source_manual_recheck_required,catalog_only_no_auto_approval_no_file_movement
new_york_liberty_anneli_maley,Anneli Maley,new_york_liberty,WNBA,,https://liberty.wnba.com/roster,,cutout,assets/leagues/wnba/athletes/new_york_liberty_anneli_maley/cutout.png,false,assets/leagues/wnba/athletes/new_york_liberty_anneli_maley/cutout.png.approved,false,missing,missing_asset_not_renderable,missing_asset_review_required,cutout_not_onboarded,athlete_images_registry; source_note=missing_review_required,asset_file_missing; cutout_slot_requires_manual_crop_review,review_only_not_renderable_until_approved,catalog_only_no_auto_approval_no_file_movement
new_york_liberty_anneli_maley,Anneli Maley,new_york_liberty,WNBA,1629546,https://cdn.wnba.com/headshots/wnba/latest/260x190/1629546.png,0.72,headshot,assets/leagues/wnba/athletes/new_york_liberty_anneli_maley/headshot.png,true,assets/leagues/wnba/athletes/new_york_liberty_anneli_maley/headshot.png.approved,true,approved,approved_marker_present_manual_source_recheck_required,manual_source_recheck_required,,approved_assets_registry; decision_source=default; source_file=outputs/latest/review_files/athlete_image_approval_pack/downloads/new_york_liberty/new_york_liberty_anneli_maley__1629546.png; approved_at_utc=2026-06-16T04:22:55.112517+00:00,approved_marker_present; headshot_slot_requires_identity_and_crop_review; image_size=260x190; meets_headshot_floor; default_decision_source_manual_recheck_required,review_only_manual_source_recheck_required: default_decision_source_manual_recheck_required,catalog_only_no_auto_approval_no_file_movement
new_york_liberty_betnijah_laney_hamilton,Betnijah Laney-Hamilton,new_york_liberty,WNBA,,https://liberty.wnba.com/roster,,cutout,assets/leagues/wnba/athletes/new_york_liberty_betnijah_laney_hamilton/cutout.png,false,assets/leagues/wnba/athletes/new_york_liberty_betnijah_laney_hamilton/cutout.png.approved,false,missing,missing_asset_not_renderable,missing_asset_review_required,cutout_not_onboarded,athlete_images_registry; source_note=missing_review_required,asset_file_missing; cutout_slot_requires_manual_crop_review,review_only_not_renderable_until_approved,catalog_only_no_auto_approval_no_file_movement
new_york_liberty_betnijah_laney_hamilton,Betnijah Laney-Hamilton,new_york_liberty,WNBA,1627673,https://cdn.wnba.com/headshots/wnba/latest/260x190/1627673.png,0.72,headshot,assets/leagues/wnba/athletes/new_york_liberty_betnijah_laney_hamilton/headshot.png,true,assets/leagues/wnba/athletes/new_york_liberty_betnijah_laney_hamilton/headshot.png.approved,true,approved,approved_marker_present_manual_source_recheck_required,manual_source_recheck_required,,approved_assets_registry; decision_source=default; source_file=outputs/latest/review_files/athlete_image_approval_pack/downloads/new_york_liberty/new_york_liberty_betnijah_laney_hamilton__1627673.png; approved_at_utc=2026-06-16T04:22:55.113352+00:00,approved_marker_present; headshot_slot_requires_identity_and_crop_review; image_size=260x190; meets_headshot_floor; default_decision_source_manual_recheck_required,review_only_manual_source_recheck_required: default_decision_source_manual_recheck_required,catalog_only_no_auto_approval_no_file_movement
new_york_liberty_breanna_stewart,Breanna Stewart,new_york_liberty,WNBA,,https://liberty.wnba.com/roster,,cutout,assets/leagues/wnba/athletes/new_york_liberty_breanna_stewart/cutout.png,false,assets/leagues/wnba/athletes/new_york_liberty_breanna_stewart/cutout.png.approved,false,missing,missing_asset_not_renderable,missing_asset_review_required,cutout_not_onboarded,athlete_images_registry; source_note=missing_review_required,asset_file_missing; cutout_slot_requires_manual_crop_review,review_only_not_renderable_until_approved,catalog_only_no_auto_approval_no_file_movement
new_york_liberty_breanna_stewart,Breanna Stewart,new_york_liberty,WNBA,1630993,https://cdn.wnba.com/headshots/wnba/latest/260x190/1630993.png,0.72,headshot,assets/leagues/wnba/athletes/new_york_liberty_breanna_stewart/headshot.png,true,assets/leagues/wnba/athletes/new_york_liberty_breanna_stewart/headshot.png.approved,true,approved,approved_marker_present_manual_source_recheck_required,manual_source_recheck_required,,approved_assets_registry; decision_source=default; source_file=outputs/latest/review_files/athlete_image_approval_pack/downloads/new_york_liberty/new_york_liberty_breanna_stewart__1630993.png; approved_at_utc=2026-06-16T04:22:55.112809+00:00,approved_marker_present; headshot_slot_requires_identity_and_crop_review; image_size=260x190; meets_headshot_floor; default_decision_source_manual_recheck_required,review_only_manual_source_recheck_required: default_decision_source_manual_recheck_required,catalog_only_no_auto_approval_no_file_movement
new_york_liberty_han_xu,Han Xu,new_york_liberty,WNBA,,https://liberty.wnba.com/roster,,cutout,assets/leagues/wnba/athletes/new_york_liberty_han_xu/cutout.png,false,assets/leagues/wnba/athletes/new_york_liberty_han_xu/cutout.png.approved,false,missing,missing_asset_not_renderable,missing_asset_review_required,cutout_not_onboarded,athlete_images_registry; source_note=missing_review_required,asset_file_missing; cutout_slot_requires_manual_crop_review,review_only_not_renderable_until_approved,catalog_only_no_auto_approval_no_file_movement
new_york_liberty_han_xu,Han Xu,new_york_liberty,WNBA,1629477,https://cdn.wnba.com/headshots/wnba/latest/260x190/1629477.png,0.72,headshot,assets/leagues/wnba/athletes/new_york_liberty_han_xu/headshot.png,true,assets/leagues/wnba/athletes/new_york_liberty_han_xu/headshot.png.approved,true,approved,approved_marker_present_manual_source_recheck_required,manual_source_recheck_required,,approved_assets_registry; decision_source=default; source_file=outputs/latest/review_files/athlete_image_approval_pack/downloads/new_york_liberty/new_york_liberty_han_xu__1629477.png; approved_at_utc=2026-06-16T04:22:55.111949+00:00,approved_marker_present; headshot_slot_requires_identity_and_crop_review; image_size=260x190; meets_headshot_floor; default_decision_source_manual_recheck_required,review_only_manual_source_recheck_required: default_decision_source_manual_recheck_required,catalog_only_no_auto_approval_no_file_movement
new_york_liberty_jonquel_jones,Jonquel Jones,new_york_liberty,WNBA,,https://liberty.wnba.com/roster,,cutout,assets/leagues/wnba/athletes/new_york_liberty_jonquel_jones/cutout.png,false,assets/leagues/wnba/athletes/new_york_liberty_jonquel_jones/cutout.png.approved,false,missing,missing_asset_not_renderable,missing_asset_review_required,cutout_not_onboarded,athlete_images_registry; source_note=missing_review_required,asset_file_missing; cutout_slot_requires_manual_crop_review,review_only_not_renderable_until_approved,catalog_only_no_auto_approval_no_file_movement
new_york_liberty_jonquel_jones,Jonquel Jones,new_york_liberty,WNBA,1627668,https://cdn.wnba.com/headshots/wnba/latest/260x190/1627668.png,0.72,headshot,assets/leagues/wnba/athletes/new_york_liberty_jonquel_jones/headshot.png,true,assets/leagues/wnba/athletes/new_york_liberty_jonquel_jones/headshot.png.approved,true,approved,approved_marker_present_manual_source_recheck_required,manual_source_recheck_required,,approved_assets_registry; decision_source=default; source_file=outputs/latest/review_files/athlete_image_approval_pack/downloads/new_york_liberty/new_york_liberty_jonquel_jones__1627668.png; approved_at_utc=2026-06-16T04:22:55.113081+00:00,approved_marker_present; headshot_slot_requires_identity_and_crop_review; image_size=260x190; meets_headshot_floor; default_decision_source_manual_recheck_required,review_only_manual_source_recheck_required: default_decision_source_manual_recheck_required,catalog_only_no_auto_approval_no_file_movement
new_york_liberty_leonie_fiebich,Leonie Fiebich,new_york_liberty,WNBA,,https://liberty.wnba.com/roster,,cutout,assets/leagues/wnba/athletes/new_york_liberty_leonie_fiebich/cutout.png,false,assets/leagues/wnba/athletes/new_york_liberty_leonie_fiebich/cutout.png.approved,false,missing,missing_asset_not_renderable,missing_asset_review_required,cutout_not_onboarded,athlete_images_registry; source_note=missing_review_required,asset_file_missing; cutout_slot_requires_manual_crop_review,review_only_not_renderable_until_approved,catalog_only_no_auto_approval_no_file_movement
new_york_liberty_leonie_fiebich,Leonie Fiebich,new_york_liberty,WNBA,204296,https://cdn.wnba.com/headshots/wnba/latest/260x190/204296.png,0.72,headshot,assets/leagues/wnba/athletes/new_york_liberty_leonie_fiebich/headshot.png,true,assets/leagues/wnba/athletes/new_york_liberty_leonie_fiebich/headshot.png.approved,true,approved,approved_marker_present_manual_source_recheck_required,manual_source_recheck_required,,approved_assets_registry; decision_source=default; source_file=outputs/latest/review_files/athlete_image_approval_pack/downloads/new_york_liberty/new_york_liberty_leonie_fiebich__204296.png; approved_at_utc=2026-06-16T04:22:55.110149+00:00,approved_marker_present; headshot_slot_requires_identity_and_crop_review; image_size=260x190; meets_headshot_floor; default_decision_source_manual_recheck_required,review_only_manual_source_recheck_required: default_decision_source_manual_recheck_required,catalog_only_no_auto_approval_no_file_movement
new_york_liberty_marine_fauthoux,Marine Fauthoux,new_york_liberty,WNBA,,https://liberty.wnba.com/roster,,cutout,assets/leagues/wnba/athletes/new_york_liberty_marine_fauthoux/cutout.png,false,assets/leagues/wnba/athletes/new_york_liberty_marine_fauthoux/cutout.png.approved,false,missing,missing_asset_not_renderable,missing_asset_review_required,cutout_not_onboarded,athlete_images_registry; source_note=missing_review_required,asset_file_missing; cutout_slot_requires_manual_crop_review,review_only_not_renderable_until_approved,catalog_only_no_auto_approval_no_file_movement
new_york_liberty_marine_fauthoux,Marine Fauthoux,new_york_liberty,WNBA,1630469,https://cdn.wnba.com/headshots/wnba/latest/260x190/1630469.png,0.72,headshot,assets/leagues/wnba/athletes/new_york_liberty_marine_fauthoux/headshot.png,true,assets/leagues/wnba/athletes/new_york_liberty_marine_fauthoux/headshot.png.approved,true,approved,approved_marker_present_manual_source_recheck_required,manual_source_recheck_required,,approved_assets_registry; decision_source=default; source_file=outputs/latest/review_files/athlete_image_approval_pack/downloads/new_york_liberty/new_york_liberty_marine_fauthoux__1630469.png; approved_at_utc=2026-06-16T04:22:55.109552+00:00,approved_marker_present; headshot_slot_requires_identity_and_crop_review; image_size=260x190; meets_headshot_floor; default_decision_source_manual_recheck_required,review_only_manual_source_recheck_required: default_decision_source_manual_recheck_required,catalog_only_no_auto_approval_no_file_movement
new_york_liberty_marine_johannes,Marine Johannes,new_york_liberty,WNBA,,https://liberty.wnba.com/roster,,cutout,assets/leagues/wnba/athletes/new_york_liberty_marine_johannes/cutout.png,false,assets/leagues/wnba/athletes/new_york_liberty_marine_johannes/cutout.png.approved,false,missing,missing_asset_not_renderable,missing_asset_review_required,cutout_not_onboarded,athlete_images_registry; source_note=missing_review_required,asset_file_missing; cutout_slot_requires_manual_crop_review,review_only_not_renderable_until_approved,catalog_only_no_auto_approval_no_file_movement
new_york_liberty_marine_johannes,Marine Johannes,new_york_liberty,WNBA,1629566,https://cdn.wnba.com/headshots/wnba/latest/260x190/1629566.png,0.72,headshot,assets/leagues/wnba/athletes/new_york_liberty_marine_johannes/headshot.png,true,assets/leagues/wnba/athletes/new_york_liberty_marine_johannes/headshot.png.approved,true,approved,approved_marker_present_manual_source_recheck_required,manual_source_recheck_required,,approved_assets_registry; decision_source=default; source_file=outputs/latest/review_files/athlete_image_approval_pack/downloads/new_york_liberty/new_york_liberty_marine_johannes__1629566.png; approved_at_utc=2026-06-16T04:22:55.112230+00:00,approved_marker_present; headshot_slot_requires_identity_and_crop_review; image_size=260x190; meets_headshot_floor; default_decision_source_manual_recheck_required,review_only_manual_source_recheck_required: default_decision_source_manual_recheck_required,catalog_only_no_auto_approval_no_file_movement
new_york_liberty_pauline_astier,Pauline Astier,new_york_liberty,WNBA,,https://liberty.wnba.com/roster,,cutout,assets/leagues/wnba/athletes/new_york_liberty_pauline_astier/cutout.png,false,assets/leagues/wnba/athletes/new_york_liberty_pauline_astier/cutout.png.approved,false,missing,missing_asset_not_renderable,missing_asset_review_required,cutout_not_onboarded,athlete_images_registry; source_note=missing_review_required,asset_file_missing; cutout_slot_requires_manual_crop_review,review_only_not_renderable_until_approved,catalog_only_no_auto_approval_no_file_movement
new_york_liberty_pauline_astier,Pauline Astier,new_york_liberty,WNBA,1630384,https://cdn.wnba.com/headshots/wnba/latest/260x190/1630384.png,0.72,headshot,assets/leagues/wnba/athletes/new_york_liberty_pauline_astier/headshot.png,true,assets/leagues/wnba/athletes/new_york_liberty_pauline_astier/headshot.png.approved,true,approved,approved_marker_present_manual_source_recheck_required,manual_source_recheck_required,,approved_assets_registry; decision_source=default; source_file=outputs/latest/review_files/athlete_image_approval_pack/downloads/new_york_liberty/new_york_liberty_pauline_astier__1630384.png; approved_at_utc=2026-06-16T04:22:55.111373+00:00,approved_marker_present; headshot_slot_requires_identity_and_crop_review; image_size=260x190; meets_headshot_floor; default_decision_source_manual_recheck_required,review_only_manual_source_recheck_required: default_decision_source_manual_recheck_required,catalog_only_no_auto_approval_no_file_movement
new_york_liberty_raquel_carrera,Raquel Carrera,new_york_liberty,WNBA,,https://liberty.wnba.com/roster,,cutout,assets/leagues/wnba/athletes/new_york_liberty_raquel_carrera/cutout.png,false,assets/leagues/wnba/athletes/new_york_liberty_raquel_carrera/cutout.png.approved,false,missing,missing_asset_not_renderable,missing_asset_review_required,cutout_not_onboarded,athlete_images_registry; source_note=missing_review_required,asset_file_missing; cutout_slot_requires_manual_crop_review,review_only_not_renderable_until_approved,catalog_only_no_auto_approval_no_file_movement
new_york_liberty_raquel_carrera,Raquel Carrera,new_york_liberty,WNBA,1630142,https://cdn.wnba.com/headshots/wnba/latest/260x190/1630142.png,0.72,headshot,assets/leagues/wnba/athletes/new_york_liberty_raquel_carrera/headshot.png,true,assets/leagues/wnba/athletes/new_york_liberty_raquel_carrera/headshot.png.approved,true,approved,approved_marker_present_manual_source_recheck_required,manual_source_recheck_required,,approved_assets_registry; decision_source=default; source_file=outputs/latest/review_files/athlete_image_approval_pack/downloads/new_york_liberty/new_york_liberty_raquel_carrera__1630142.png; approved_at_utc=2026-06-16T04:22:55.111080+00:00,approved_marker_present; headshot_slot_requires_identity_and_crop_review; image_size=260x190; meets_headshot_floor; default_decision_source_manual_recheck_required,review_only_manual_source_recheck_required: default_decision_source_manual_recheck_required,catalog_only_no_auto_approval_no_file_movement
new_york_liberty_rebekah_gardner,Rebekah Gardner,new_york_liberty,WNBA,,https://liberty.wnba.com/roster,,cutout,assets/leagues/wnba/athletes/new_york_liberty_rebekah_gardner/cutout.png,false,assets/leagues/wnba/athletes/new_york_liberty_rebekah_gardner/cutout.png.approved,false,missing,missing_asset_not_renderable,missing_asset_review_required,cutout_not_onboarded,athlete_images_registry; source_note=missing_review_required,asset_file_missing; cutout_slot_requires_manual_crop_review,review_only_not_renderable_until_approved,catalog_only_no_auto_approval_no_file_movement
new_york_liberty_rebekah_gardner,Rebekah Gardner,new_york_liberty,WNBA,203822,https://cdn.wnba.com/headshots/wnba/latest/260x190/203822.png,0.72,headshot,assets/leagues/wnba/athletes/new_york_liberty_rebekah_gardner/headshot.png,true,assets/leagues/wnba/athletes/new_york_liberty_rebekah_gardner/headshot.png.approved,true,approved,approved_marker_present_manual_source_recheck_required,manual_source_recheck_required,,approved_assets_registry; decision_source=default; source_file=outputs/latest/review_files/athlete_image_approval_pack/downloads/new_york_liberty/new_york_liberty_rebekah_gardner__203822.png; approved_at_utc=2026-06-16T04:22:55.109865+00:00,approved_marker_present; headshot_slot_requires_identity_and_crop_review; image_size=260x190; meets_headshot_floor; default_decision_source_manual_recheck_required,review_only_manual_source_recheck_required: default_decision_source_manual_recheck_required,catalog_only_no_auto_approval_no_file_movement
new_york_liberty_sabrina_ionescu,Sabrina Ionescu,new_york_liberty,WNBA,,https://liberty.wnba.com/roster,,cutout,assets/leagues/wnba/athletes/new_york_liberty_sabrina_ionescu/cutout.png,false,assets/leagues/wnba/athletes/new_york_liberty_sabrina_ionescu/cutout.png.approved,false,missing,missing_asset_not_renderable,missing_asset_review_required,cutout_not_onboarded,athlete_images_registry; source_note=missing_review_required,asset_file_missing; cutout_slot_requires_manual_crop_review,review_only_not_renderable_until_approved,catalog_only_no_auto_approval_no_file_movement
new_york_liberty_sabrina_ionescu,Sabrina Ionescu,new_york_liberty,WNBA,1631136,https://cdn.wnba.com/headshots/wnba/latest/260x190/1631136.png,0.72,headshot,assets/leagues/wnba/athletes/new_york_liberty_sabrina_ionescu/headshot.png,true,assets/leagues/wnba/athletes/new_york_liberty_sabrina_ionescu/headshot.png.approved,true,approved,approved_marker_present_manual_source_recheck_required,manual_source_recheck_required,,approved_assets_registry; decision_source=default; source_file=outputs/latest/review_files/athlete_image_approval_pack/downloads/new_york_liberty/new_york_liberty_sabrina_ionescu__1631136.png; approved_at_utc=2026-06-16T04:22:55.111666+00:00,approved_marker_present; headshot_slot_requires_identity_and_crop_review; image_size=260x190; meets_headshot_floor; default_decision_source_manual_recheck_required,review_only_manual_source_recheck_required: default_decision_source_manual_recheck_required,catalog_only_no_auto_approval_no_file_movement
new_york_liberty_satou_sabally,Satou Sabally,new_york_liberty,WNBA,,https://liberty.wnba.com/roster,,cutout,assets/leagues/wnba/athletes/new_york_liberty_satou_sabally/cutout.png,false,assets/leagues/wnba/athletes/new_york_liberty_satou_sabally/cutout.png.approved,false,missing,missing_asset_not_renderable,missing_asset_review_required,cutout_not_onboarded,athlete_images_registry; source_note=missing_review_required,asset_file_missing; cutout_slot_requires_manual_crop_review,review_only_not_renderable_until_approved,catalog_only_no_auto_approval_no_file_movement
new_york_liberty_satou_sabally,Satou Sabally,new_york_liberty,WNBA,1630149,https://cdn.wnba.com/headshots/wnba/latest/260x190/1630149.png,0.72,headshot,assets/leagues/wnba/athletes/new_york_liberty_satou_sabally/headshot.png,true,assets/leagues/wnba/athletes/new_york_liberty_satou_sabally/headshot.png.approved,true,approved,approved_marker_present_manual_source_recheck_required,manual_source_recheck_required,,approved_assets_registry; decision_source=default; source_file=outputs/latest/review_files/athlete_image_approval_pack/downloads/new_york_liberty/new_york_liberty_satou_sabally__1630149.png; approved_at_utc=2026-06-16T04:22:55.109274+00:00,approved_marker_present; headshot_slot_requires_identity_and_crop_review; image_size=260x190; meets_headshot_floor; default_decision_source_manual_recheck_required,review_only_manual_source_recheck_required: default_decision_source_manual_recheck_required,catalog_only_no_auto_approval_no_file_movement
phoenix_mercury_alyssa_thomas,Alyssa Thomas,phoenix_mercury,WNBA,,https://mercury.wnba.com/roster,,cutout,assets/leagues/wnba/athletes/phoenix_mercury_alyssa_thomas/cutout.png,false,assets/leagues/wnba/athletes/phoenix_mercury_alyssa_thomas/cutout.png.approved,false,missing,missing_asset_not_renderable,missing_asset_review_required,cutout_not_onboarded,athlete_images_registry; source_note=missing_review_required,asset_file_missing; cutout_slot_requires_manual_crop_review,review_only_not_renderable_until_approved,catalog_only_no_auto_approval_no_file_movement
phoenix_mercury_alyssa_thomas,Alyssa Thomas,phoenix_mercury,WNBA,1630461,https://cdn.wnba.com/headshots/wnba/latest/260x190/1630461.png,0.72,headshot,assets/leagues/wnba/athletes/phoenix_mercury_alyssa_thomas/headshot.png,true,assets/leagues/wnba/athletes/phoenix_mercury_alyssa_thomas/headshot.png.approved,true,approved,approved_marker_present_manual_source_recheck_required,manual_source_recheck_required,,approved_assets_registry; decision_source=default; source_file=outputs/latest/review_files/athlete_image_approval_pack/downloads/phoenix_mercury/phoenix_mercury_alyssa_thomas__1630461.png; approved_at_utc=2026-06-16T04:22:55.142991+00:00,approved_marker_present; headshot_slot_requires_identity_and_crop_review; image_size=260x190; meets_headshot_floor; default_decision_source_manual_recheck_required,review_only_manual_source_recheck_required: default_decision_source_manual_recheck_required,catalog_only_no_auto_approval_no_file_movement
phoenix_mercury_jovana_nogic,Jovana Nogic,phoenix_mercury,WNBA,,https://mercury.wnba.com/roster,,cutout,assets/leagues/wnba/athletes/phoenix_mercury_jovana_nogic/cutout.png,false,assets/leagues/wnba/athletes/phoenix_mercury_jovana_nogic/cutout.png.approved,false,missing,missing_asset_not_renderable,missing_asset_review_required,cutout_not_onboarded,athlete_images_registry; source_note=missing_review_required,asset_file_missing; cutout_slot_requires_manual_crop_review,review_only_not_renderable_until_approved,catalog_only_no_auto_approval_no_file_movement
phoenix_mercury_jovana_nogic,Jovana Nogic,phoenix_mercury,WNBA,201886,https://cdn.wnba.com/headshots/wnba/latest/260x190/201886.png,0.72,headshot,assets/leagues/wnba/athletes/phoenix_mercury_jovana_nogic/headshot.png,true,assets/leagues/wnba/athletes/phoenix_mercury_jovana_nogic/headshot.png.approved,true,approved,approved_marker_present_manual_source_recheck_required,manual_source_recheck_required,,approved_assets_registry; decision_source=default; source_file=outputs/latest/review_files/athlete_image_approval_pack/downloads/phoenix_mercury/phoenix_mercury_jovana_nogic__201886.png; approved_at_utc=2026-06-16T04:22:55.143317+00:00,approved_marker_present; headshot_slot_requires_identity_and_crop_review; image_size=260x190; meets_headshot_floor; default_decision_source_manual_recheck_required,review_only_manual_source_recheck_required: default_decision_source_manual_recheck_required,catalog_only_no_auto_approval_no_file_movement
phoenix_mercury_kahleah_copper,Kahleah Copper,phoenix_mercury,WNBA,,https://mercury.wnba.com/roster,,cutout,assets/leagues/wnba/athletes/phoenix_mercury_kahleah_copper/cutout.png,false,assets/leagues/wnba/athletes/phoenix_mercury_kahleah_copper/cutout.png.approved,false,missing,missing_asset_not_renderable,missing_asset_review_required,cutout_not_onboarded,athlete_images_registry; source_note=missing_review_required,asset_file_missing; cutout_slot_requires_manual_crop_review,review_only_not_renderable_until_approved,catalog_only_no_auto_approval_no_file_movement
phoenix_mercury_kahleah_copper,Kahleah Copper,phoenix_mercury,WNBA,1643493,https://cdn.wnba.com/headshots/wnba/latest/260x190/1643493.png,0.72,headshot,assets/leagues/wnba/athletes/phoenix_mercury_kahleah_copper/headshot.png,true,assets/leagues/wnba/athletes/phoenix_mercury_kahleah_copper/headshot.png.approved,true,approved,approved_marker_present_manual_source_recheck_required,manual_source_recheck_required,,approved_assets_registry; decision_source=default; source_file=outputs/latest/review_files/athlete_image_approval_pack/downloads/phoenix_mercury/phoenix_mercury_kahleah_copper__1643493.png; approved_at_utc=2026-06-16T04:22:55.140358+00:00,approved_marker_present; headshot_slot_requires_identity_and_crop_review; image_size=260x190; meets_headshot_floor; default_decision_source_manual_recheck_required,review_only_manual_source_recheck_required: default_decision_source_manual_recheck_required,catalog_only_no_auto_approval_no_file_movement
phoenix_mercury_kiana_williams,Kiana Williams,phoenix_mercury,WNBA,,https://mercury.wnba.com/roster,,cutout,assets/leagues/wnba/athletes/phoenix_mercury_kiana_williams/cutout.png,false,assets/leagues/wnba/athletes/phoenix_mercury_kiana_williams/cutout.png.approved,false,missing,missing_asset_not_renderable,missing_asset_review_required,cutout_not_onboarded,athlete_images_registry; source_note=missing_review_required,asset_file_missing; cutout_slot_requires_manual_crop_review,review_only_not_renderable_until_approved,catalog_only_no_auto_approval_no_file_movement
phoenix_mercury_kiana_williams,Kiana Williams,phoenix_mercury,WNBA,1643487,https://cdn.wnba.com/headshots/wnba/latest/260x190/1643487.png,0.72,headshot,assets/leagues/wnba/athletes/phoenix_mercury_kiana_williams/headshot.png,true,assets/leagues/wnba/athletes/phoenix_mercury_kiana_williams/headshot.png.approved,true,approved,approved_marker_present_manual_source_recheck_required,manual_source_recheck_required,,approved_assets_registry; decision_source=default; source_file=outputs/latest/review_files/athlete_image_approval_pack/downloads/phoenix_mercury/phoenix_mercury_kiana_williams__1643487.png; approved_at_utc=2026-06-16T04:22:55.142575+00:00,approved_marker_present; headshot_slot_requires_identity_and_crop_review; image_size=260x190; meets_headshot_floor; default_decision_source_manual_recheck_required,review_only_manual_source_recheck_required: default_decision_source_manual_recheck_required,catalog_only_no_auto_approval_no_file_movement
phoenix_mercury_kyara_linskens,Kyara Linskens,phoenix_mercury,WNBA,,https://mercury.wnba.com/roster,,cutout,assets/leagues/wnba/athletes/phoenix_mercury_kyara_linskens/cutout.png,false,assets/leagues/wnba/athletes/phoenix_mercury_kyara_linskens/cutout.png.approved,false,missing,missing_asset_not_renderable,missing_asset_review_required,cutout_not_onboarded,athlete_images_registry; source_note=missing_review_required,asset_file_missing; cutout_slot_requires_manual_crop_review,review_only_not_renderable_until_approved,catalog_only_no_auto_approval_no_file_movement
phoenix_mercury_kyara_linskens,Kyara Linskens,phoenix_mercury,WNBA,203826,https://cdn.wnba.com/headshots/wnba/latest/260x190/203826.png,0.72,headshot,assets/leagues/wnba/athletes/phoenix_mercury_kyara_linskens/headshot.png,true,assets/leagues/wnba/athletes/phoenix_mercury_kyara_linskens/headshot.png.approved,true,approved,approved_marker_present_manual_source_recheck_required,manual_source_recheck_required,,approved_assets_registry; decision_source=default; source_file=outputs/latest/review_files/athlete_image_approval_pack/downloads/phoenix_mercury/phoenix_mercury_kyara_linskens__203826.png; approved_at_utc=2026-06-16T04:22:55.143652+00:00,approved_marker_present; headshot_slot_requires_identity_and_crop_review; image_size=260x190; meets_headshot_floor; default_decision_source_manual_recheck_required,review_only_manual_source_recheck_required: default_decision_source_manual_recheck_required,catalog_only_no_auto_approval_no_file_movement
phoenix_mercury_lexi_held,Lexi Held,phoenix_mercury,WNBA,,https://mercury.wnba.com/roster,,cutout,assets/leagues/wnba/athletes/phoenix_mercury_lexi_held/cutout.png,false,assets/leagues/wnba/athletes/phoenix_mercury_lexi_held/cutout.png.approved,false,missing,missing_asset_not_renderable,missing_asset_review_required,cutout_not_onboarded,athlete_images_registry; source_note=missing_review_required,asset_file_missing; cutout_slot_requires_manual_crop_review,review_only_not_renderable_until_approved,catalog_only_no_auto_approval_no_file_movement
phoenix_mercury_lexi_held,Lexi Held,phoenix_mercury,WNBA,204468,https://cdn.wnba.com/headshots/wnba/latest/260x190/204468.png,0.72,headshot,assets/leagues/wnba/athletes/phoenix_mercury_lexi_held/headshot.png,true,assets/leagues/wnba/athletes/phoenix_mercury_lexi_held/headshot.png.approved,true,approved,approved_marker_present_manual_source_recheck_required,manual_source_recheck_required,,approved_assets_registry; decision_source=default; source_file=outputs/latest/review_files/athlete_image_approval_pack/downloads/phoenix_mercury/phoenix_mercury_lexi_held__204468.png; approved_at_utc=2026-06-16T04:22:55.141757+00:00,approved_marker_present; headshot_slot_requires_identity_and_crop_review; image_size=260x190; meets_headshot_floor; default_decision_source_manual_recheck_required,review_only_manual_source_recheck_required: default_decision_source_manual_recheck_required,catalog_only_no_auto_approval_no_file_movement
phoenix_mercury_marta_suarez,Marta Suarez,phoenix_mercury,WNBA,,https://mercury.wnba.com/roster,,cutout,assets/leagues/wnba/athletes/phoenix_mercury_marta_suarez/cutout.png,false,assets/leagues/wnba/athletes/phoenix_mercury_marta_suarez/cutout.png.approved,false,missing,missing_asset_not_renderable,missing_asset_review_required,cutout_not_onboarded,athlete_images_registry; source_note=missing_review_required,asset_file_missing; cutout_slot_requires_manual_crop_review,review_only_not_renderable_until_approved,catalog_only_no_auto_approval_no_file_movement
phoenix_mercury_marta_suarez,Marta Suarez,phoenix_mercury,WNBA,1642768,https://cdn.wnba.com/headshots/wnba/latest/260x190/1642768.png,0.72,headshot,assets/leagues/wnba/athletes/phoenix_mercury_marta_suarez/headshot.png,true,assets/leagues/wnba/athletes/phoenix_mercury_marta_suarez/headshot.png.approved,true,approved,approved_marker_present_manual_source_recheck_required,manual_source_recheck_required,,approved_assets_registry; decision_source=default; source_file=outputs/latest/review_files/athlete_image_approval_pack/downloads/phoenix_mercury/phoenix_mercury_marta_suarez__1642768.png; approved_at_utc=2026-06-16T04:22:55.144348+00:00,approved_marker_present; headshot_slot_requires_identity_and_crop_review; image_size=260x190; meets_headshot_floor; default_decision_source_manual_recheck_required,review_only_manual_source_recheck_required: default_decision_source_manual_recheck_required,catalog_only_no_auto_approval_no_file_movement
phoenix_mercury_monique_akoa_makani,Monique Akoa Makani,phoenix_mercury,WNBA,,https://mercury.wnba.com/roster,,cutout,assets/leagues/wnba/athletes/phoenix_mercury_monique_akoa_makani/cutout.png,false,assets/leagues/wnba/athletes/phoenix_mercury_monique_akoa_makani/cutout.png.approved,false,missing,missing_asset_not_renderable,missing_asset_review_required,cutout_not_onboarded,athlete_images_registry; source_note=missing_review_required,asset_file_missing; cutout_slot_requires_manual_crop_review,review_only_not_renderable_until_approved,catalog_only_no_auto_approval_no_file_movement
phoenix_mercury_monique_akoa_makani,Monique Akoa Makani,phoenix_mercury,WNBA,1630442,https://cdn.wnba.com/headshots/wnba/latest/260x190/1630442.png,0.72,headshot,assets/leagues/wnba/athletes/phoenix_mercury_monique_akoa_makani/headshot.png,true,assets/leagues/wnba/athletes/phoenix_mercury_monique_akoa_makani/headshot.png.approved,true,approved,approved_marker_present_manual_source_recheck_required,manual_source_recheck_required,,approved_assets_registry; decision_source=default; source_file=outputs/latest/review_files/athlete_image_approval_pack/downloads/phoenix_mercury/phoenix_mercury_monique_akoa_makani__1630442.png; approved_at_utc=2026-06-16T04:22:55.141033+00:00,approved_marker_present; headshot_slot_requires_identity_and_crop_review; image_size=260x190; meets_headshot_floor; default_decision_source_manual_recheck_required,review_only_manual_source_recheck_required: default_decision_source_manual_recheck_required,catalog_only_no_auto_approval_no_file_movement
phoenix_mercury_natasha_mack,Natasha Mack,phoenix_mercury,WNBA,,https://mercury.wnba.com/roster,,cutout,assets/leagues/wnba/athletes/phoenix_mercury_natasha_mack/cutout.png,false,assets/leagues/wnba/athletes/phoenix_mercury_natasha_mack/cutout.png.approved,false,missing,missing_asset_not_renderable,missing_asset_review_required,cutout_not_onboarded,athlete_images_registry; source_note=missing_review_required,asset_file_missing; cutout_slot_requires_manual_crop_review,review_only_not_renderable_until_approved,catalog_only_no_auto_approval_no_file_movement
phoenix_mercury_natasha_mack,Natasha Mack,phoenix_mercury,WNBA,1627674,https://cdn.wnba.com/headshots/wnba/latest/260x190/1627674.png,0.72,headshot,assets/leagues/wnba/athletes/phoenix_mercury_natasha_mack/headshot.png,true,assets/leagues/wnba/athletes/phoenix_mercury_natasha_mack/headshot.png.approved,true,approved,approved_marker_present_manual_source_recheck_required,manual_source_recheck_required,,approved_assets_registry; decision_source=default; source_file=outputs/latest/review_files/athlete_image_approval_pack/downloads/phoenix_mercury/phoenix_mercury_natasha_mack__1627674.png; approved_at_utc=2026-06-16T04:22:55.140709+00:00,approved_marker_present; headshot_slot_requires_identity_and_crop_review; image_size=260x190; meets_headshot_floor; default_decision_source_manual_recheck_required,review_only_manual_source_recheck_required: default_decision_source_manual_recheck_required,catalog_only_no_auto_approval_no_file_movement
phoenix_mercury_quionche_carter,Quionche Carter,phoenix_mercury,WNBA,,https://mercury.wnba.com/roster,,cutout,assets/leagues/wnba/athletes/phoenix_mercury_quionche_carter/cutout.png,false,assets/leagues/wnba/athletes/phoenix_mercury_quionche_carter/cutout.png.approved,false,missing,missing_asset_not_renderable,missing_asset_review_required,cutout_not_onboarded,athlete_images_registry; source_note=missing_review_required,asset_file_missing; cutout_slot_requires_manual_crop_review,review_only_not_renderable_until_approved,catalog_only_no_auto_approval_no_file_movement
phoenix_mercury_quionche_carter,Quionche Carter,phoenix_mercury,WNBA,1631118,https://cdn.wnba.com/headshots/wnba/latest/260x190/1631118.png,0.72,headshot,assets/leagues/wnba/athletes/phoenix_mercury_quionche_carter/headshot.png,true,assets/leagues/wnba/athletes/phoenix_mercury_quionche_carter/headshot.png.approved,true,approved,approved_marker_present_manual_source_recheck_required,manual_source_recheck_required,,approved_assets_registry; decision_source=default; source_file=outputs/latest/review_files/athlete_image_approval_pack/downloads/phoenix_mercury/phoenix_mercury_quionche_carter__1631118.png; approved_at_utc=2026-06-16T04:22:55.142119+00:00,approved_marker_present; headshot_slot_requires_identity_and_crop_review; image_size=260x190; meets_headshot_floor; default_decision_source_manual_recheck_required,review_only_manual_source_recheck_required: default_decision_source_manual_recheck_required,catalog_only_no_auto_approval_no_file_movement
phoenix_mercury_sami_whitcomb,Sami Whitcomb,phoenix_mercury,WNBA,,https://mercury.wnba.com/roster,,cutout,assets/leagues/wnba/athletes/phoenix_mercury_sami_whitcomb/cutout.png,false,assets/leagues/wnba/athletes/phoenix_mercury_sami_whitcomb/cutout.png.approved,false,missing,missing_asset_not_renderable,missing_asset_review_required,cutout_not_onboarded,athlete_images_registry; source_note=missing_review_required,asset_file_missing; cutout_slot_requires_manual_crop_review,review_only_not_renderable_until_approved,catalog_only_no_auto_approval_no_file_movement
phoenix_mercury_sami_whitcomb,Sami Whitcomb,phoenix_mercury,WNBA,1643505,https://cdn.wnba.com/headshots/wnba/latest/260x190/1643505.png,0.72,headshot,assets/leagues/wnba/athletes/phoenix_mercury_sami_whitcomb/headshot.png,true,assets/leagues/wnba/athletes/phoenix_mercury_sami_whitcomb/headshot.png.approved,true,approved,approved_marker_present_manual_source_recheck_required,manual_source_recheck_required,,approved_assets_registry; decision_source=default; source_file=outputs/latest/review_files/athlete_image_approval_pack/downloads/phoenix_mercury/phoenix_mercury_sami_whitcomb__1643505.png; approved_at_utc=2026-06-16T04:22:55.144015+00:00,approved_marker_present; headshot_slot_requires_identity_and_crop_review; image_size=260x190; meets_headshot_floor; default_decision_source_manual_recheck_required,review_only_manual_source_recheck_required: default_decision_source_manual_recheck_required,catalog_only_no_auto_approval_no_file_movement
phoenix_mercury_valeriane_ayayi,Valeriane Ayayi,phoenix_mercury,WNBA,,https://mercury.wnba.com/roster,,cutout,assets/leagues/wnba/athletes/phoenix_mercury_valeriane_ayayi/cutout.png,false,assets/leagues/wnba/athletes/phoenix_mercury_valeriane_ayayi/cutout.png.approved,false,missing,missing_asset_not_renderable,missing_asset_review_required,cutout_not_onboarded,athlete_images_registry; source_note=missing_review_required,asset_file_missing; cutout_slot_requires_manual_crop_review,review_only_not_renderable_until_approved,catalog_only_no_auto_approval_no_file_movement
phoenix_mercury_valeriane_ayayi,Valeriane Ayayi,phoenix_mercury,WNBA,1642777,https://cdn.wnba.com/headshots/wnba/latest/260x190/1642777.png,0.72,headshot,assets/leagues/wnba/athletes/phoenix_mercury_valeriane_ayayi/headshot.png,true,assets/leagues/wnba/athletes/phoenix_mercury_valeriane_ayayi/headshot.png.approved,true,approved,approved_marker_present_manual_source_recheck_required,manual_source_recheck_required,,approved_assets_registry; decision_source=default; source_file=outputs/latest/review_files/athlete_image_approval_pack/downloads/phoenix_mercury/phoenix_mercury_valeriane_ayayi__1642777.png; approved_at_utc=2026-06-16T04:22:55.141363+00:00,approved_marker_present; headshot_slot_requires_identity_and_crop_review; image_size=260x190; meets_headshot_floor; default_decision_source_manual_recheck_required,review_only_manual_source_recheck_required: default_decision_source_manual_recheck_required,catalog_only_no_auto_approval_no_file_movement
portland_fire_bridget_carleton,Bridget Carleton,portland_fire,WNBA,,https://fire.wnba.com/roster,,cutout,assets/leagues/wnba/athletes/portland_fire_bridget_carleton/cutout.png,false,assets/leagues/wnba/athletes/portland_fire_bridget_carleton/cutout.png.approved,false,missing,missing_asset_not_renderable,missing_asset_review_required,cutout_not_onboarded,athlete_images_registry; source_note=missing_review_required,asset_file_missing; cutout_slot_requires_manual_crop_review,review_only_not_renderable_until_approved,catalog_only_no_auto_approval_no_file_movement
portland_fire_bridget_carleton,Bridget Carleton,portland_fire,WNBA,1629524,https://cdn.wnba.com/headshots/wnba/latest/260x190/1629524.png,0.72,headshot,assets/leagues/wnba/athletes/portland_fire_bridget_carleton/headshot.png,true,assets/leagues/wnba/athletes/portland_fire_bridget_carleton/headshot.png.approved,true,approved,approved_marker_present_manual_source_recheck_required,manual_source_recheck_required,,approved_assets_registry; decision_source=default; source_file=outputs/latest/review_files/athlete_image_approval_pack/downloads/portland_fire/portland_fire_bridget_carleton__1629524.png; approved_at_utc=2026-06-16T04:22:55.145830+00:00,approved_marker_present; headshot_slot_requires_identity_and_crop_review; image_size=260x190; meets_headshot_floor; default_decision_source_manual_recheck_required,review_only_manual_source_recheck_required: default_decision_source_manual_recheck_required,catalog_only_no_auto_approval_no_file_movement
portland_fire_carla_leite,Carla Leite,portland_fire,WNBA,,https://fire.wnba.com/roster,,cutout,assets/leagues/wnba/athletes/portland_fire_carla_leite/cutout.png,false,assets/leagues/wnba/athletes/portland_fire_carla_leite/cutout.png.approved,false,missing,missing_asset_not_renderable,missing_asset_review_required,cutout_not_onboarded,athlete_images_registry; source_note=missing_review_required,asset_file_missing; cutout_slot_requires_manual_crop_review,review_only_not_renderable_until_approved,catalog_only_no_auto_approval_no_file_movement
portland_fire_carla_leite,Carla Leite,portland_fire,WNBA,1642304,https://cdn.wnba.com/headshots/wnba/latest/260x190/1642304.png,0.72,headshot,assets/leagues/wnba/athletes/portland_fire_carla_leite/headshot.png,true,assets/leagues/wnba/athletes/portland_fire_carla_leite/headshot.png.approved,true,approved,approved_marker_present_manual_source_recheck_required,manual_source_recheck_required,,approved_assets_registry; decision_source=default; source_file=outputs/latest/review_files/athlete_image_approval_pack/downloads/portland_fire/portland_fire_carla_leite__1642304.png; approved_at_utc=2026-06-16T04:22:55.144716+00:00,approved_marker_present; headshot_slot_requires_identity_and_crop_review; image_size=260x190; meets_headshot_floor; default_decision_source_manual_recheck_required,review_only_manual_source_recheck_required: default_decision_source_manual_recheck_required,catalog_only_no_auto_approval_no_file_movement
portland_fire_emily_engstler,Emily Engstler,portland_fire,WNBA,,https://fire.wnba.com/roster,,cutout,assets/leagues/wnba/athletes/portland_fire_emily_engstler/cutout.png,false,assets/leagues/wnba/athletes/portland_fire_emily_engstler/cutout.png.approved,false,missing,missing_asset_not_renderable,missing_asset_review_required,cutout_not_onboarded,athlete_images_registry; source_note=missing_review_required,asset_file_missing; cutout_slot_requires_manual_crop_review,review_only_not_renderable_until_approved,catalog_only_no_auto_approval_no_file_movement
portland_fire_emily_engstler,Emily Engstler,portland_fire,WNBA,1631083,https://cdn.wnba.com/headshots/wnba/latest/260x190/1631083.png,0.72,headshot,assets/leagues/wnba/athletes/portland_fire_emily_engstler/headshot.png,true,assets/leagues/wnba/athletes/portland_fire_emily_engstler/headshot.png.approved,true,approved,approved_marker_present_manual_source_recheck_required,manual_source_recheck_required,,approved_assets_registry; decision_source=default; source_file=outputs/latest/review_files/athlete_image_approval_pack/downloads/portland_fire/portland_fire_emily_engstler__1631083.png; approved_at_utc=2026-06-16T04:22:55.147992+00:00,approved_marker_present; headshot_slot_requires_identity_and_crop_review; image_size=260x190; meets_headshot_floor; default_decision_source_manual_recheck_required,review_only_manual_source_recheck_required: default_decision_source_manual_recheck_required,catalog_only_no_auto_approval_no_file_movement
portland_fire_frieda_buhner,Frieda Buhner,portland_fire,WNBA,,https://fire.wnba.com/roster,,cutout,assets/leagues/wnba/athletes/portland_fire_frieda_buhner/cutout.png,false,assets/leagues/wnba/athletes/portland_fire_frieda_buhner/cutout.png.approved,false,missing,missing_asset_not_renderable,missing_asset_review_required,cutout_not_onboarded,athlete_images_registry; source_note=missing_review_required,asset_file_missing; cutout_slot_requires_manual_crop_review,review_only_not_renderable_until_approved,catalog_only_no_auto_approval_no_file_movement
portland_fire_frieda_buhner,Frieda Buhner,portland_fire,WNBA,1643494,https://cdn.wnba.com/headshots/wnba/latest/260x190/1643494.png,0.72,headshot,assets/leagues/wnba/athletes/portland_fire_frieda_buhner/headshot.png,true,assets/leagues/wnba/athletes/portland_fire_frieda_buhner/headshot.png.approved,true,approved,approved_marker_present_manual_source_recheck_required,manual_source_recheck_required,,approved_assets_registry; decision_source=default; source_file=outputs/latest/review_files/athlete_image_approval_pack/downloads/portland_fire/portland_fire_frieda_buhner__1643494.png; approved_at_utc=2026-06-16T04:22:55.147662+00:00,approved_marker_present; headshot_slot_requires_identity_and_crop_review; image_size=260x190; meets_headshot_floor; default_decision_source_manual_recheck_required,review_only_manual_source_recheck_required: default_decision_source_manual_recheck_required,catalog_only_no_auto_approval_no_file_movement
portland_fire_holly_winterburn,Holly Winterburn,portland_fire,WNBA,,https://fire.wnba.com/roster,,cutout,assets/leagues/wnba/athletes/portland_fire_holly_winterburn/cutout.png,false,assets/leagues/wnba/athletes/portland_fire_holly_winterburn/cutout.png.approved,false,missing,missing_asset_not_renderable,missing_asset_review_required,cutout_not_onboarded,athlete_images_registry; source_note=missing_review_required,asset_file_missing; cutout_slot_requires_manual_crop_review,review_only_not_renderable_until_approved,catalog_only_no_auto_approval_no_file_movement
portland_fire_holly_winterburn,Holly Winterburn,portland_fire,WNBA,1641683,https://cdn.wnba.com/headshots/wnba/latest/260x190/1641683.png,0.72,headshot,assets/leagues/wnba/athletes/portland_fire_holly_winterburn/headshot.png,true,assets/leagues/wnba/athletes/portland_fire_holly_winterburn/headshot.png.approved,true,approved,approved_marker_present_manual_source_recheck_required,manual_source_recheck_required,,approved_assets_registry; decision_source=default; source_file=outputs/latest/review_files/athlete_image_approval_pack/downloads/portland_fire/portland_fire_holly_winterburn__1641683.png; approved_at_utc=2026-06-16T04:22:55.149028+00:00,approved_marker_present; headshot_slot_requires_identity_and_crop_review; image_size=260x190; meets_headshot_floor; default_decision_source_manual_recheck_required,review_only_manual_source_recheck_required: default_decision_source_manual_recheck_required,catalog_only_no_auto_approval_no_file_movement
portland_fire_jordan_harrison,Jordan Harrison,portland_fire,WNBA,,https://fire.wnba.com/roster,,cutout,assets/leagues/wnba/athletes/portland_fire_jordan_harrison/cutout.png,false,assets/leagues/wnba/athletes/portland_fire_jordan_harrison/cutout.png.approved,false,missing,missing_asset_not_renderable,missing_asset_review_required,cutout_not_onboarded,athlete_images_registry; source_note=missing_review_required,asset_file_missing; cutout_slot_requires_manual_crop_review,review_only_not_renderable_until_approved,catalog_only_no_auto_approval_no_file_movement
portland_fire_jordan_harrison,Jordan Harrison,portland_fire,WNBA,1643527,https://cdn.wnba.com/headshots/wnba/latest/260x190/1643527.png,0.72,headshot,assets/leagues/wnba/athletes/portland_fire_jordan_harrison/headshot.png,true,assets/leagues/wnba/athletes/portland_fire_jordan_harrison/headshot.png.approved,true,approved,approved_marker_present_manual_source_recheck_required,manual_source_recheck_required,,approved_assets_registry; decision_source=default; source_file=outputs/latest/review_files/athlete_image_approval_pack/downloads/portland_fire/portland_fire_jordan_harrison__1643527.png; approved_at_utc=2026-06-16T04:22:55.145095+00:00,approved_marker_present; headshot_slot_requires_identity_and_crop_review; image_size=260x190; meets_headshot_floor; default_decision_source_manual_recheck_required,review_only_manual_source_recheck_required: default_decision_source_manual_recheck_required,catalog_only_no_auto_approval_no_file_movement
portland_fire_karlie_samuelson,Karlie Samuelson,portland_fire,WNBA,,https://fire.wnba.com/roster,,cutout,assets/leagues/wnba/athletes/portland_fire_karlie_samuelson/cutout.png,false,assets/leagues/wnba/athletes/portland_fire_karlie_samuelson/cutout.png.approved,false,missing,missing_asset_not_renderable,missing_asset_review_required,cutout_not_onboarded,athlete_images_registry; source_note=missing_review_required,asset_file_missing; cutout_slot_requires_manual_crop_review,review_only_not_renderable_until_approved,catalog_only_no_auto_approval_no_file_movement
portland_fire_karlie_samuelson,Karlie Samuelson,portland_fire,WNBA,1628317,https://cdn.wnba.com/headshots/wnba/latest/260x190/1628317.png,0.72,headshot,assets/leagues/wnba/athletes/portland_fire_karlie_samuelson/headshot.png,true,assets/leagues/wnba/athletes/portland_fire_karlie_samuelson/headshot.png.approved,true,approved,approved_marker_present_manual_source_recheck_required,manual_source_recheck_required,,approved_assets_registry; decision_source=default; source_file=outputs/latest/review_files/athlete_image_approval_pack/downloads/portland_fire/portland_fire_karlie_samuelson__1628317.png; approved_at_utc=2026-06-16T04:22:55.148696+00:00,approved_marker_present; headshot_slot_requires_identity_and_crop_review; image_size=260x190; meets_headshot_floor; default_decision_source_manual_recheck_required,review_only_manual_source_recheck_required: default_decision_source_manual_recheck_required,catalog_only_no_auto_approval_no_file_movement
portland_fire_luisa_geiselsoder,Luisa Geiselsoder,portland_fire,WNBA,,https://fire.wnba.com/roster,,cutout,assets/leagues/wnba/athletes/portland_fire_luisa_geiselsoder/cutout.png,false,assets/leagues/wnba/athletes/portland_fire_luisa_geiselsoder/cutout.png.approved,false,missing,missing_asset_not_renderable,missing_asset_review_required,cutout_not_onboarded,athlete_images_registry; source_note=missing_review_required,asset_file_missing; cutout_slot_requires_manual_crop_review,review_only_not_renderable_until_approved,catalog_only_no_auto_approval_no_file_movement
portland_fire_luisa_geiselsoder,Luisa Geiselsoder,portland_fire,WNBA,1630143,https://cdn.wnba.com/headshots/wnba/latest/260x190/1630143.png,0.72,headshot,assets/leagues/wnba/athletes/portland_fire_luisa_geiselsoder/headshot.png,true,assets/leagues/wnba/athletes/portland_fire_luisa_geiselsoder/headshot.png.approved,true,approved,approved_marker_present_manual_source_recheck_required,manual_source_recheck_required,,approved_assets_registry; decision_source=default; source_file=outputs/latest/review_files/athlete_image_approval_pack/downloads/portland_fire/portland_fire_luisa_geiselsoder__1630143.png; approved_at_utc=2026-06-16T04:22:55.146950+00:00,approved_marker_present; headshot_slot_requires_identity_and_crop_review; image_size=260x190; meets_headshot_floor; default_decision_source_manual_recheck_required,review_only_manual_source_recheck_required: default_decision_source_manual_recheck_required,catalog_only_no_auto_approval_no_file_movement
portland_fire_megan_gustafson,Megan Gustafson,portland_fire,WNBA,,https://fire.wnba.com/roster,,cutout,assets/leagues/wnba/athletes/portland_fire_megan_gustafson/cutout.png,false,assets/leagues/wnba/athletes/portland_fire_megan_gustafson/cutout.png.approved,false,missing,missing_asset_not_renderable,missing_asset_review_required,cutout_not_onboarded,athlete_images_registry; source_note=missing_review_required,asset_file_missing; cutout_slot_requires_manual_crop_review,review_only_not_renderable_until_approved,catalog_only_no_auto_approval_no_file_movement
portland_fire_megan_gustafson,Megan Gustafson,portland_fire,WNBA,1629484,https://cdn.wnba.com/headshots/wnba/latest/260x190/1629484.png,0.72,headshot,assets/leagues/wnba/athletes/portland_fire_megan_gustafson/headshot.png,true,assets/leagues/wnba/athletes/portland_fire_megan_gustafson/headshot.png.approved,true,approved,approved_marker_present_manual_source_recheck_required,manual_source_recheck_required,,approved_assets_registry; decision_source=default; source_file=outputs/latest/review_files/athlete_image_approval_pack/downloads/portland_fire/portland_fire_megan_gustafson__1629484.png; approved_at_utc=2026-06-16T04:22:55.147309+00:00,approved_marker_present; headshot_slot_requires_identity_and_crop_review; image_size=260x190; meets_headshot_floor; default_decision_source_manual_recheck_required,review_only_manual_source_recheck_required: default_decision_source_manual_recheck_required,catalog_only_no_auto_approval_no_file_movement
portland_fire_nyadiew_puoch,Nyadiew Puoch,portland_fire,WNBA,,https://fire.wnba.com/roster,,cutout,assets/leagues/wnba/athletes/portland_fire_nyadiew_puoch/cutout.png,false,assets/leagues/wnba/athletes/portland_fire_nyadiew_puoch/cutout.png.approved,false,missing,missing_asset_not_renderable,missing_asset_review_required,cutout_not_onboarded,athlete_images_registry; source_note=missing_review_required,asset_file_missing; cutout_slot_requires_manual_crop_review,review_only_not_renderable_until_approved,catalog_only_no_auto_approval_no_file_movement
portland_fire_nyadiew_puoch,Nyadiew Puoch,portland_fire,WNBA,1642296,https://cdn.wnba.com/headshots/wnba/latest/260x190/1642296.png,0.72,headshot,assets/leagues/wnba/athletes/portland_fire_nyadiew_puoch/headshot.png,true,assets/leagues/wnba/athletes/portland_fire_nyadiew_puoch/headshot.png.approved,true,approved,approved_marker_present_manual_source_recheck_required,manual_source_recheck_required,,approved_assets_registry; decision_source=default; source_file=outputs/latest/review_files/athlete_image_approval_pack/downloads/portland_fire/portland_fire_nyadiew_puoch__1642296.png; approved_at_utc=2026-06-16T04:22:55.146573+00:00,approved_marker_present; headshot_slot_requires_identity_and_crop_review; image_size=260x190; meets_headshot_floor; default_decision_source_manual_recheck_required,review_only_manual_source_recheck_required: default_decision_source_manual_recheck_required,catalog_only_no_auto_approval_no_file_movement
portland_fire_sarah_ashlee_barker,Sarah Ashlee Barker,portland_fire,WNBA,,https://fire.wnba.com/roster,,cutout,assets/leagues/wnba/athletes/portland_fire_sarah_ashlee_barker/cutout.png,false,assets/leagues/wnba/athletes/portland_fire_sarah_ashlee_barker/cutout.png.approved,false,missing,missing_asset_not_renderable,missing_asset_review_required,cutout_not_onboarded,athlete_images_registry; source_note=missing_review_required,asset_file_missing; cutout_slot_requires_manual_crop_review,review_only_not_renderable_until_approved,catalog_only_no_auto_approval_no_file_movement
portland_fire_sarah_ashlee_barker,Sarah Ashlee Barker,portland_fire,WNBA,1642782,https://cdn.wnba.com/headshots/wnba/latest/260x190/1642782.png,0.72,headshot,assets/leagues/wnba/athletes/portland_fire_sarah_ashlee_barker/headshot.png,true,assets/leagues/wnba/athletes/portland_fire_sarah_ashlee_barker/headshot.png.approved,true,approved,approved_marker_present_manual_source_recheck_required,manual_source_recheck_required,,approved_assets_registry; decision_source=default; source_file=outputs/latest/review_files/athlete_image_approval_pack/downloads/portland_fire/portland_fire_sarah_ashlee_barker__1642782.png; approved_at_utc=2026-06-16T04:22:55.145458+00:00,approved_marker_present; headshot_slot_requires_identity_and_crop_review; image_size=260x190; meets_headshot_floor; default_decision_source_manual_recheck_required,review_only_manual_source_recheck_required: default_decision_source_manual_recheck_required,catalog_only_no_auto_approval_no_file_movement
portland_fire_serah_williams,Serah Williams,portland_fire,WNBA,,https://fire.wnba.com/roster,,cutout,assets/leagues/wnba/athletes/portland_fire_serah_williams/cutout.png,false,assets/leagues/wnba/athletes/portland_fire_serah_williams/cutout.png.approved,false,missing,missing_asset_not_renderable,missing_asset_review_required,cutout_not_onboarded,athlete_images_registry; source_note=missing_review_required,asset_file_missing; cutout_slot_requires_manual_crop_review,review_only_not_renderable_until_approved,catalog_only_no_auto_approval_no_file_movement
portland_fire_serah_williams,Serah Williams,portland_fire,WNBA,1643436,https://cdn.wnba.com/headshots/wnba/latest/260x190/1643436.png,0.72,headshot,assets/leagues/wnba/athletes/portland_fire_serah_williams/headshot.png,true,assets/leagues/wnba/athletes/portland_fire_serah_williams/headshot.png.approved,true,approved,approved_marker_present_manual_source_recheck_required,manual_source_recheck_required,,approved_assets_registry; decision_source=default; source_file=outputs/latest/review_files/athlete_image_approval_pack/downloads/portland_fire/portland_fire_serah_williams__1643436.png; approved_at_utc=2026-06-16T04:22:55.148307+00:00,approved_marker_present; headshot_slot_requires_identity_and_crop_review; image_size=260x190; meets_headshot_floor; default_decision_source_manual_recheck_required,review_only_manual_source_recheck_required: default_decision_source_manual_recheck_required,catalog_only_no_auto_approval_no_file_movement
portland_fire_teja_oblak,Teja Oblak,portland_fire,WNBA,,https://fire.wnba.com/roster,,cutout,assets/leagues/wnba/athletes/portland_fire_teja_oblak/cutout.png,false,assets/leagues/wnba/athletes/portland_fire_teja_oblak/cutout.png.approved,false,missing,missing_asset_not_renderable,missing_asset_review_required,cutout_not_onboarded,athlete_images_registry; source_note=missing_review_required,asset_file_missing; cutout_slot_requires_manual_crop_review,review_only_not_renderable_until_approved,catalog_only_no_auto_approval_no_file_movement
portland_fire_teja_oblak,Teja Oblak,portland_fire,WNBA,1643506,https://cdn.wnba.com/headshots/wnba/latest/260x190/1643506.png,0.72,headshot,assets/leagues/wnba/athletes/portland_fire_teja_oblak/headshot.png,true,assets/leagues/wnba/athletes/portland_fire_teja_oblak/headshot.png.approved,true,approved,approved_marker_present_manual_source_recheck_required,manual_source_recheck_required,,approved_assets_registry; decision_source=default; source_file=outputs/latest/review_files/athlete_image_approval_pack/downloads/portland_fire/portland_fire_teja_oblak__1643506.png; approved_at_utc=2026-06-16T04:22:55.146243+00:00,approved_marker_present; headshot_slot_requires_identity_and_crop_review; image_size=260x190; meets_headshot_floor; default_decision_source_manual_recheck_required,review_only_manual_source_recheck_required: default_decision_source_manual_recheck_required,catalog_only_no_auto_approval_no_file_movement
seattle_storm_awa_fam,Awa Fam,seattle_storm,WNBA,,https://storm.wnba.com/roster,,cutout,assets/leagues/wnba/athletes/seattle_storm_awa_fam/cutout.png,false,assets/leagues/wnba/athletes/seattle_storm_awa_fam/cutout.png.approved,false,missing,missing_asset_not_renderable,missing_asset_review_required,cutout_not_onboarded,athlete_images_registry; source_note=missing_review_required,asset_file_missing; cutout_slot_requires_manual_crop_review,review_only_not_renderable_until_approved,catalog_only_no_auto_approval_no_file_movement
seattle_storm_awa_fam,Awa Fam,seattle_storm,WNBA,1643443,https://cdn.wnba.com/headshots/wnba/latest/260x190/1643443.png,0.72,headshot,assets/leagues/wnba/athletes/seattle_storm_awa_fam/headshot.png,true,assets/leagues/wnba/athletes/seattle_storm_awa_fam/headshot.png.approved,true,approved,approved_marker_present_manual_source_recheck_required,manual_source_recheck_required,,approved_assets_registry; decision_source=default; source_file=outputs/latest/review_files/athlete_image_approval_pack/downloads/seattle_storm/seattle_storm_awa_fam__1643443.png; approved_at_utc=2026-06-16T04:22:55.151089+00:00,approved_marker_present; headshot_slot_requires_identity_and_crop_review; image_size=260x190; meets_headshot_floor; default_decision_source_manual_recheck_required,review_only_manual_source_recheck_required: default_decision_source_manual_recheck_required,catalog_only_no_auto_approval_no_file_movement
seattle_storm_dominique_malonga,Dominique Malonga,seattle_storm,WNBA,,https://storm.wnba.com/roster,,cutout,assets/leagues/wnba/athletes/seattle_storm_dominique_malonga/cutout.png,false,assets/leagues/wnba/athletes/seattle_storm_dominique_malonga/cutout.png.approved,false,missing,missing_asset_not_renderable,missing_asset_review_required,cutout_not_onboarded,athlete_images_registry; source_note=missing_review_required,asset_file_missing; cutout_slot_requires_manual_crop_review,review_only_not_renderable_until_approved,catalog_only_no_auto_approval_no_file_movement
seattle_storm_dominique_malonga,Dominique Malonga,seattle_storm,WNBA,1642798,https://cdn.wnba.com/headshots/wnba/latest/260x190/1642798.png,0.72,headshot,assets/leagues/wnba/athletes/seattle_storm_dominique_malonga/headshot.png,true,assets/leagues/wnba/athletes/seattle_storm_dominique_malonga/headshot.png.approved,true,approved,approved_marker_present_manual_source_recheck_required,manual_source_recheck_required,,approved_assets_registry; decision_source=default; source_file=outputs/latest/review_files/athlete_image_approval_pack/downloads/seattle_storm/seattle_storm_dominique_malonga__1642798.png; approved_at_utc=2026-06-16T04:22:55.151796+00:00,approved_marker_present; headshot_slot_requires_identity_and_crop_review; image_size=260x190; meets_headshot_floor; default_decision_source_manual_recheck_required,review_only_manual_source_recheck_required: default_decision_source_manual_recheck_required,catalog_only_no_auto_approval_no_file_movement
seattle_storm_ezi_magbegor,Ezi Magbegor,seattle_storm,WNBA,,https://storm.wnba.com/roster,,cutout,assets/leagues/wnba/athletes/seattle_storm_ezi_magbegor/cutout.png,false,assets/leagues/wnba/athletes/seattle_storm_ezi_magbegor/cutout.png.approved,false,missing,missing_asset_not_renderable,missing_asset_review_required,cutout_not_onboarded,athlete_images_registry; source_note=missing_review_required,asset_file_missing; cutout_slot_requires_manual_crop_review,review_only_not_renderable_until_approved,catalog_only_no_auto_approval_no_file_movement
seattle_storm_ezi_magbegor,Ezi Magbegor,seattle_storm,WNBA,1629496,https://cdn.wnba.com/headshots/wnba/latest/260x190/1629496.png,0.72,headshot,assets/leagues/wnba/athletes/seattle_storm_ezi_magbegor/headshot.png,true,assets/leagues/wnba/athletes/seattle_storm_ezi_magbegor/headshot.png.approved,true,approved,approved_marker_present_manual_source_recheck_required,manual_source_recheck_required,,approved_assets_registry; decision_source=default; source_file=outputs/latest/review_files/athlete_image_approval_pack/downloads/seattle_storm/seattle_storm_ezi_magbegor__1629496.png; approved_at_utc=2026-06-16T04:22:55.151432+00:00,approved_marker_present; headshot_slot_requires_identity_and_crop_review; image_size=260x190; meets_headshot_floor; default_decision_source_manual_recheck_required,review_only_manual_source_recheck_required: default_decision_source_manual_recheck_required,catalog_only_no_auto_approval_no_file_movement
seattle_storm_flau_jae_johnson,Flau'jae Johnson,seattle_storm,WNBA,,https://storm.wnba.com/roster,,cutout,assets/leagues/wnba/athletes/seattle_storm_flau_jae_johnson/cutout.png,false,assets/leagues/wnba/athletes/seattle_storm_flau_jae_johnson/cutout.png.approved,false,missing,missing_asset_not_renderable,missing_asset_review_required,cutout_not_onboarded,athlete_images_registry; source_note=missing_review_required,asset_file_missing; cutout_slot_requires_manual_crop_review,review_only_not_renderable_until_approved,catalog_only_no_auto_approval_no_file_movement
seattle_storm_flau_jae_johnson,Flau'jae Johnson,seattle_storm,WNBA,1643428,https://cdn.wnba.com/headshots/wnba/latest/260x190/1643428.png,0.72,headshot,assets/leagues/wnba/athletes/seattle_storm_flau_jae_johnson/headshot.png,true,assets/leagues/wnba/athletes/seattle_storm_flau_jae_johnson/headshot.png.approved,true,approved,approved_marker_present_manual_source_recheck_required,manual_source_recheck_required,,approved_assets_registry; decision_source=default; source_file=outputs/latest/review_files/athlete_image_approval_pack/downloads/seattle_storm/seattle_storm_flau_jae_johnson__1643428.png; approved_at_utc=2026-06-16T04:22:55.149724+00:00,approved_marker_present; headshot_slot_requires_identity_and_crop_review; image_size=260x190; meets_headshot_floor; default_decision_source_manual_recheck_required,review_only_manual_source_recheck_required: default_decision_source_manual_recheck_required,catalog_only_no_auto_approval_no_file_movement
seattle_storm_jade_melbourne,Jade Melbourne,seattle_storm,WNBA,,https://storm.wnba.com/roster,,cutout,assets/leagues/wnba/athletes/seattle_storm_jade_melbourne/cutout.png,false,assets/leagues/wnba/athletes/seattle_storm_jade_melbourne/cutout.png.approved,false,missing,missing_asset_not_renderable,missing_asset_review_required,cutout_not_onboarded,athlete_images_registry; source_note=missing_review_required,asset_file_missing; cutout_slot_requires_manual_crop_review,review_only_not_renderable_until_approved,catalog_only_no_auto_approval_no_file_movement
seattle_storm_jade_melbourne,Jade Melbourne,seattle_storm,WNBA,1631141,https://cdn.wnba.com/headshots/wnba/latest/260x190/1631141.png,0.72,headshot,assets/leagues/wnba/athletes/seattle_storm_jade_melbourne/headshot.png,true,assets/leagues/wnba/athletes/seattle_storm_jade_melbourne/headshot.png.approved,true,approved,approved_marker_present_manual_source_recheck_required,manual_source_recheck_required,,approved_assets_registry; decision_source=default; source_file=outputs/latest/review_files/athlete_image_approval_pack/downloads/seattle_storm/seattle_storm_jade_melbourne__1631141.png; approved_at_utc=2026-06-16T04:22:55.150385+00:00,approved_marker_present; headshot_slot_requires_identity_and_crop_review; image_size=260x190; meets_headshot_floor; default_decision_source_manual_recheck_required,review_only_manual_source_recheck_required: default_decision_source_manual_recheck_required,catalog_only_no_auto_approval_no_file_movement
seattle_storm_jordan_horston,Jordan Horston,seattle_storm,WNBA,,https://storm.wnba.com/roster,,cutout,assets/leagues/wnba/athletes/seattle_storm_jordan_horston/cutout.png,false,assets/leagues/wnba/athletes/seattle_storm_jordan_horston/cutout.png.approved,false,missing,missing_asset_not_renderable,missing_asset_review_required,cutout_not_onboarded,athlete_images_registry; source_note=missing_review_required,asset_file_missing; cutout_slot_requires_manual_crop_review,review_only_not_renderable_until_approved,catalog_only_no_auto_approval_no_file_movement
seattle_storm_jordan_horston,Jordan Horston,seattle_storm,WNBA,1641651,https://cdn.wnba.com/headshots/wnba/latest/260x190/1641651.png,0.72,headshot,assets/leagues/wnba/athletes/seattle_storm_jordan_horston/headshot.png,true,assets/leagues/wnba/athletes/seattle_storm_jordan_horston/headshot.png.approved,true,approved,approved_marker_present_manual_source_recheck_required,manual_source_recheck_required,,approved_assets_registry; decision_source=default; source_file=outputs/latest/review_files/athlete_image_approval_pack/downloads/seattle_storm/seattle_storm_jordan_horston__1641651.png; approved_at_utc=2026-06-16T04:22:55.152405+00:00,approved_marker_present; headshot_slot_requires_identity_and_crop_review; image_size=260x190; meets_headshot_floor; default_decision_source_manual_recheck_required,review_only_manual_source_recheck_required: default_decision_source_manual_recheck_required,catalog_only_no_auto_approval_no_file_movement
seattle_storm_katie_lou_samuelson,Katie Lou Samuelson,seattle_storm,WNBA,,https://storm.wnba.com/roster,,cutout,assets/leagues/wnba/athletes/seattle_storm_katie_lou_samuelson/cutout.png,false,assets/leagues/wnba/athletes/seattle_storm_katie_lou_samuelson/cutout.png.approved,false,missing,missing_asset_not_renderable,missing_asset_review_required,cutout_not_onboarded,athlete_images_registry; source_note=missing_review_required,asset_file_missing; cutout_slot_requires_manual_crop_review,review_only_not_renderable_until_approved,catalog_only_no_auto_approval_no_file_movement
seattle_storm_katie_lou_samuelson,Katie Lou Samuelson,seattle_storm,WNBA,1629478,https://cdn.wnba.com/headshots/wnba/latest/260x190/1629478.png,0.72,headshot,assets/leagues/wnba/athletes/seattle_storm_katie_lou_samuelson/headshot.png,true,assets/leagues/wnba/athletes/seattle_storm_katie_lou_samuelson/headshot.png.approved,true,approved,approved_marker_present_manual_source_recheck_required,manual_source_recheck_required,,approved_assets_registry; decision_source=default; source_file=outputs/latest/review_files/athlete_image_approval_pack/downloads/seattle_storm/seattle_storm_katie_lou_samuelson__1629478.png; approved_at_utc=2026-06-16T04:22:55.152962+00:00,approved_marker_present; headshot_slot_requires_identity_and_crop_review; image_size=260x190; meets_headshot_floor; default_decision_source_manual_recheck_required,review_only_manual_source_recheck_required: default_decision_source_manual_recheck_required,catalog_only_no_auto_approval_no_file_movement
seattle_storm_mackenzie_holmes,Mackenzie Holmes,seattle_storm,WNBA,,https://storm.wnba.com/roster,,cutout,assets/leagues/wnba/athletes/seattle_storm_mackenzie_holmes/cutout.png,false,assets/leagues/wnba/athletes/seattle_storm_mackenzie_holmes/cutout.png.approved,false,missing,missing_asset_not_renderable,missing_asset_review_required,cutout_not_onboarded,athlete_images_registry; source_note=missing_review_required,asset_file_missing; cutout_slot_requires_manual_crop_review,review_only_not_renderable_until_approved,catalog_only_no_auto_approval_no_file_movement
seattle_storm_mackenzie_holmes,Mackenzie Holmes,seattle_storm,WNBA,1642307,https://cdn.wnba.com/headshots/wnba/latest/260x190/1642307.png,0.72,headshot,assets/leagues/wnba/athletes/seattle_storm_mackenzie_holmes/headshot.png,true,assets/leagues/wnba/athletes/seattle_storm_mackenzie_holmes/headshot.png.approved,true,approved,approved_marker_present_manual_source_recheck_required,manual_source_recheck_required,,approved_assets_registry; decision_source=default; source_file=outputs/latest/review_files/athlete_image_approval_pack/downloads/seattle_storm/seattle_storm_mackenzie_holmes__1642307.png; approved_at_utc=2026-06-16T04:22:55.153242+00:00,approved_marker_present; headshot_slot_requires_identity_and_crop_review; image_size=260x190; meets_headshot_floor; default_decision_source_manual_recheck_required,review_only_manual_source_recheck_required: default_decision_source_manual_recheck_required,catalog_only_no_auto_approval_no_file_movement
seattle_storm_natisha_hiedeman,Natisha Hiedeman,seattle_storm,WNBA,,https://storm.wnba.com/roster,,cutout,assets/leagues/wnba/athletes/seattle_storm_natisha_hiedeman/cutout.png,false,assets/leagues/wnba/athletes/seattle_storm_natisha_hiedeman/cutout.png.approved,false,missing,missing_asset_not_renderable,missing_asset_review_required,cutout_not_onboarded,athlete_images_registry; source_note=missing_review_required,asset_file_missing; cutout_slot_requires_manual_crop_review,review_only_not_renderable_until_approved,catalog_only_no_auto_approval_no_file_movement
seattle_storm_natisha_hiedeman,Natisha Hiedeman,seattle_storm,WNBA,1629567,https://cdn.wnba.com/headshots/wnba/latest/260x190/1629567.png,0.72,headshot,assets/leagues/wnba/athletes/seattle_storm_natisha_hiedeman/headshot.png,true,assets/leagues/wnba/athletes/seattle_storm_natisha_hiedeman/headshot.png.approved,true,approved,approved_marker_present_manual_source_recheck_required,manual_source_recheck_required,,approved_assets_registry; decision_source=default; source_file=outputs/latest/review_files/athlete_image_approval_pack/downloads/seattle_storm/seattle_storm_natisha_hiedeman__1629567.png; approved_at_utc=2026-06-16T04:22:55.149364+00:00,approved_marker_present; headshot_slot_requires_identity_and_crop_review; image_size=260x190; meets_headshot_floor; default_decision_source_manual_recheck_required,review_only_manual_source_recheck_required: default_decision_source_manual_recheck_required,catalog_only_no_auto_approval_no_file_movement
seattle_storm_stefanie_dolson,Stefanie Dolson,seattle_storm,WNBA,,https://storm.wnba.com/roster,,cutout,assets/leagues/wnba/athletes/seattle_storm_stefanie_dolson/cutout.png,false,assets/leagues/wnba/athletes/seattle_storm_stefanie_dolson/cutout.png.approved,false,missing,missing_asset_not_renderable,missing_asset_review_required,cutout_not_onboarded,athlete_images_registry; source_note=missing_review_required,asset_file_missing; cutout_slot_requires_manual_crop_review,review_only_not_renderable_until_approved,catalog_only_no_auto_approval_no_file_movement
seattle_storm_stefanie_dolson,Stefanie Dolson,seattle_storm,WNBA,203828,https://cdn.wnba.com/headshots/wnba/latest/260x190/203828.png,0.72,headshot,assets/leagues/wnba/athletes/seattle_storm_stefanie_dolson/headshot.png,true,assets/leagues/wnba/athletes/seattle_storm_stefanie_dolson/headshot.png.approved,true,approved,approved_marker_present_manual_source_recheck_required,manual_source_recheck_required,,approved_assets_registry; decision_source=default; source_file=outputs/latest/review_files/athlete_image_approval_pack/downloads/seattle_storm/seattle_storm_stefanie_dolson__203828.png; approved_at_utc=2026-06-16T04:22:55.152690+00:00,approved_marker_present; headshot_slot_requires_identity_and_crop_review; image_size=260x190; meets_headshot_floor; default_decision_source_manual_recheck_required,review_only_manual_source_recheck_required: default_decision_source_manual_recheck_required,catalog_only_no_auto_approval_no_file_movement
seattle_storm_taina_mair,Taina Mair,seattle_storm,WNBA,,https://storm.wnba.com/roster,,cutout,assets/leagues/wnba/athletes/seattle_storm_taina_mair/cutout.png,false,assets/leagues/wnba/athletes/seattle_storm_taina_mair/cutout.png.approved,false,missing,missing_asset_not_renderable,missing_asset_review_required,cutout_not_onboarded,athlete_images_registry; source_note=missing_review_required,asset_file_missing; cutout_slot_requires_manual_crop_review,review_only_not_renderable_until_approved,catalog_only_no_auto_approval_no_file_movement
seattle_storm_taina_mair,Taina Mair,seattle_storm,WNBA,1643473,https://cdn.wnba.com/headshots/wnba/latest/260x190/1643473.png,0.72,headshot,assets/leagues/wnba/athletes/seattle_storm_taina_mair/headshot.png,true,assets/leagues/wnba/athletes/seattle_storm_taina_mair/headshot.png.approved,true,approved,approved_marker_present_manual_source_recheck_required,manual_source_recheck_required,,approved_assets_registry; decision_source=default; source_file=outputs/latest/review_files/athlete_image_approval_pack/downloads/seattle_storm/seattle_storm_taina_mair__1643473.png; approved_at_utc=2026-06-16T04:22:55.152125+00:00,approved_marker_present; headshot_slot_requires_identity_and_crop_review; image_size=260x190; meets_headshot_floor; default_decision_source_manual_recheck_required,review_only_manual_source_recheck_required: default_decision_source_manual_recheck_required,catalog_only_no_auto_approval_no_file_movement
seattle_storm_taylor_thierry,Taylor Thierry,seattle_storm,WNBA,,https://storm.wnba.com/roster,,cutout,assets/leagues/wnba/athletes/seattle_storm_taylor_thierry/cutout.png,false,assets/leagues/wnba/athletes/seattle_storm_taylor_thierry/cutout.png.approved,false,missing,missing_asset_not_renderable,missing_asset_review_required,cutout_not_onboarded,athlete_images_registry; source_note=missing_review_required,asset_file_missing; cutout_slot_requires_manual_crop_review,review_only_not_renderable_until_approved,catalog_only_no_auto_approval_no_file_movement
seattle_storm_taylor_thierry,Taylor Thierry,seattle_storm,WNBA,1642814,https://cdn.wnba.com/headshots/wnba/latest/260x190/1642814.png,0.72,headshot,assets/leagues/wnba/athletes/seattle_storm_taylor_thierry/headshot.png,true,assets/leagues/wnba/athletes/seattle_storm_taylor_thierry/headshot.png.approved,true,approved,approved_marker_present_manual_source_recheck_required,manual_source_recheck_required,,approved_assets_registry; decision_source=default; source_file=outputs/latest/review_files/athlete_image_approval_pack/downloads/seattle_storm/seattle_storm_taylor_thierry__1642814.png; approved_at_utc=2026-06-16T04:22:55.150064+00:00,approved_marker_present; headshot_slot_requires_identity_and_crop_review; image_size=260x190; meets_headshot_floor; default_decision_source_manual_recheck_required,review_only_manual_source_recheck_required: default_decision_source_manual_recheck_required,catalog_only_no_auto_approval_no_file_movement
seattle_storm_zia_cooke,Zia Cooke,seattle_storm,WNBA,,https://storm.wnba.com/roster,,cutout,assets/leagues/wnba/athletes/seattle_storm_zia_cooke/cutout.png,false,assets/leagues/wnba/athletes/seattle_storm_zia_cooke/cutout.png.approved,false,missing,missing_asset_not_renderable,missing_asset_review_required,cutout_not_onboarded,athlete_images_registry; source_note=missing_review_required,asset_file_missing; cutout_slot_requires_manual_crop_review,review_only_not_renderable_until_approved,catalog_only_no_auto_approval_no_file_movement
seattle_storm_zia_cooke,Zia Cooke,seattle_storm,WNBA,1641660,https://cdn.wnba.com/headshots/wnba/latest/260x190/1641660.png,0.72,headshot,assets/leagues/wnba/athletes/seattle_storm_zia_cooke/headshot.png,true,assets/leagues/wnba/athletes/seattle_storm_zia_cooke/headshot.png.approved,true,approved,approved_marker_present_manual_source_recheck_required,manual_source_recheck_required,,approved_assets_registry; decision_source=default; source_file=outputs/latest/review_files/athlete_image_approval_pack/downloads/seattle_storm/seattle_storm_zia_cooke__1641660.png; approved_at_utc=2026-06-16T04:22:55.150759+00:00,approved_marker_present; headshot_slot_requires_identity_and_crop_review; image_size=260x190; meets_headshot_floor; default_decision_source_manual_recheck_required,review_only_manual_source_recheck_required: default_decision_source_manual_recheck_required,catalog_only_no_auto_approval_no_file_movement
toronto_tempo_brittney_sykes,Brittney Sykes,toronto_tempo,WNBA,,https://tempo.wnba.com/roster,,cutout,assets/leagues/wnba/athletes/toronto_tempo_brittney_sykes/cutout.png,false,assets/leagues/wnba/athletes/toronto_tempo_brittney_sykes/cutout.png.approved,false,missing,missing_asset_not_renderable,missing_asset_review_required,cutout_not_onboarded,athlete_images_registry; source_note=missing_review_required,asset_file_missing; cutout_slot_requires_manual_crop_review,review_only_not_renderable_until_approved,catalog_only_no_auto_approval_no_file_movement
toronto_tempo_brittney_sykes,Brittney Sykes,toronto_tempo,WNBA,1628279,https://cdn.wnba.com/headshots/wnba/latest/260x190/1628279.png,0.72,headshot,assets/leagues/wnba/athletes/toronto_tempo_brittney_sykes/headshot.png,true,assets/leagues/wnba/athletes/toronto_tempo_brittney_sykes/headshot.png.approved,true,approved,approved_marker_present_manual_source_recheck_required,manual_source_recheck_required,,approved_assets_registry; decision_source=default; source_file=outputs/latest/review_files/athlete_image_approval_pack/downloads/toronto_tempo/toronto_tempo_brittney_sykes__1628279.png; approved_at_utc=2026-06-16T04:22:55.115606+00:00,approved_marker_present; headshot_slot_requires_identity_and_crop_review; image_size=260x190; meets_headshot_floor; default_decision_source_manual_recheck_required,review_only_manual_source_recheck_required: default_decision_source_manual_recheck_required,catalog_only_no_auto_approval_no_file_movement
toronto_tempo_isabelle_harrison,Isabelle Harrison,toronto_tempo,WNBA,,https://tempo.wnba.com/roster,,cutout,assets/leagues/wnba/athletes/toronto_tempo_isabelle_harrison/cutout.png,false,assets/leagues/wnba/athletes/toronto_tempo_isabelle_harrison/cutout.png.approved,false,missing,missing_asset_not_renderable,missing_asset_review_required,cutout_not_onboarded,athlete_images_registry; source_note=missing_review_required,asset_file_missing; cutout_slot_requires_manual_crop_review,review_only_not_renderable_until_approved,catalog_only_no_auto_approval_no_file_movement
toronto_tempo_isabelle_harrison,Isabelle Harrison,toronto_tempo,WNBA,204330,https://cdn.wnba.com/headshots/wnba/latest/260x190/204330.png,0.72,headshot,assets/leagues/wnba/athletes/toronto_tempo_isabelle_harrison/headshot.png,true,assets/leagues/wnba/athletes/toronto_tempo_isabelle_harrison/headshot.png.approved,true,approved,approved_marker_present_manual_source_recheck_required,manual_source_recheck_required,,approved_assets_registry; decision_source=default; source_file=outputs/latest/review_files/athlete_image_approval_pack/downloads/toronto_tempo/toronto_tempo_isabelle_harrison__204330.png; approved_at_utc=2026-06-16T04:22:55.115907+00:00,approved_marker_present; headshot_slot_requires_identity_and_crop_review; image_size=260x190; meets_headshot_floor; default_decision_source_manual_recheck_required,review_only_manual_source_recheck_required: default_decision_source_manual_recheck_required,catalog_only_no_auto_approval_no_file_movement
toronto_tempo_julie_allemand,Julie Allemand,toronto_tempo,WNBA,,https://tempo.wnba.com/roster,,cutout,assets/leagues/wnba/athletes/toronto_tempo_julie_allemand/cutout.png,false,assets/leagues/wnba/athletes/toronto_tempo_julie_allemand/cutout.png.approved,false,missing,missing_asset_not_renderable,missing_asset_review_required,cutout_not_onboarded,athlete_images_registry; source_note=missing_review_required,asset_file_missing; cutout_slot_requires_manual_crop_review,review_only_not_renderable_until_approved,catalog_only_no_auto_approval_no_file_movement
toronto_tempo_julie_allemand,Julie Allemand,toronto_tempo,WNBA,1627700,https://cdn.wnba.com/headshots/wnba/latest/260x190/1627700.png,0.72,headshot,assets/leagues/wnba/athletes/toronto_tempo_julie_allemand/headshot.png,true,assets/leagues/wnba/athletes/toronto_tempo_julie_allemand/headshot.png.approved,true,approved,approved_marker_present_manual_source_recheck_required,manual_source_recheck_required,,approved_assets_registry; decision_source=default; source_file=outputs/latest/review_files/athlete_image_approval_pack/downloads/toronto_tempo/toronto_tempo_julie_allemand__1627700.png; approved_at_utc=2026-06-16T04:22:55.116176+00:00,approved_marker_present; headshot_slot_requires_identity_and_crop_review; image_size=260x190; meets_headshot_floor; default_decision_source_manual_recheck_required,review_only_manual_source_recheck_required: default_decision_source_manual_recheck_required,catalog_only_no_auto_approval_no_file_movement
toronto_tempo_kia_nurse,Kia Nurse,toronto_tempo,WNBA,,https://tempo.wnba.com/roster,,cutout,assets/leagues/wnba/athletes/toronto_tempo_kia_nurse/cutout.png,false,assets/leagues/wnba/athletes/toronto_tempo_kia_nurse/cutout.png.approved,false,missing,missing_asset_not_renderable,missing_asset_review_required,cutout_not_onboarded,athlete_images_registry; source_note=missing_review_required,asset_file_missing; cutout_slot_requires_manual_crop_review,review_only_not_renderable_until_approved,catalog_only_no_auto_approval_no_file_movement
toronto_tempo_kia_nurse,Kia Nurse,toronto_tempo,WNBA,1628915,https://cdn.wnba.com/headshots/wnba/latest/260x190/1628915.png,0.72,headshot,assets/leagues/wnba/athletes/toronto_tempo_kia_nurse/headshot.png,true,assets/leagues/wnba/athletes/toronto_tempo_kia_nurse/headshot.png.approved,true,approved,approved_marker_present_manual_source_recheck_required,manual_source_recheck_required,,approved_assets_registry; decision_source=default; source_file=outputs/latest/review_files/athlete_image_approval_pack/downloads/toronto_tempo/toronto_tempo_kia_nurse__1628915.png; approved_at_utc=2026-06-16T04:22:55.115058+00:00,approved_marker_present; headshot_slot_requires_identity_and_crop_review; image_size=260x190; meets_headshot_floor; default_decision_source_manual_recheck_required,review_only_manual_source_recheck_required: default_decision_source_manual_recheck_required,catalog_only_no_auto_approval_no_file_movement
toronto_tempo_kiki_rice,Kiki Rice,toronto_tempo,WNBA,,https://tempo.wnba.com/roster,,cutout,assets/leagues/wnba/athletes/toronto_tempo_kiki_rice/cutout.png,false,assets/leagues/wnba/athletes/toronto_tempo_kiki_rice/cutout.png.approved,false,missing,missing_asset_not_renderable,missing_asset_review_required,cutout_not_onboarded,athlete_images_registry; source_note=missing_review_required,asset_file_missing; cutout_slot_requires_manual_crop_review,review_only_not_renderable_until_approved,catalog_only_no_auto_approval_no_file_movement
toronto_tempo_kiki_rice,Kiki Rice,toronto_tempo,WNBA,1643445,https://cdn.wnba.com/headshots/wnba/latest/260x190/1643445.png,0.72,headshot,assets/leagues/wnba/athletes/toronto_tempo_kiki_rice/headshot.png,true,assets/leagues/wnba/athletes/toronto_tempo_kiki_rice/headshot.png.approved,true,approved,approved_marker_present_manual_source_recheck_required,manual_source_recheck_required,,approved_assets_registry; decision_source=default; source_file=outputs/latest/review_files/athlete_image_approval_pack/downloads/toronto_tempo/toronto_tempo_kiki_rice__1643445.png; approved_at_utc=2026-06-16T04:22:55.113653+00:00,approved_marker_present; headshot_slot_requires_identity_and_crop_review; image_size=260x190; meets_headshot_floor; default_decision_source_manual_recheck_required,review_only_manual_source_recheck_required: default_decision_source_manual_recheck_required,catalog_only_no_auto_approval_no_file_movement
toronto_tempo_laura_juskaite,Laura Juskaite,toronto_tempo,WNBA,,https://tempo.wnba.com/roster,,cutout,assets/leagues/wnba/athletes/toronto_tempo_laura_juskaite/cutout.png,false,assets/leagues/wnba/athletes/toronto_tempo_laura_juskaite/cutout.png.approved,false,missing,missing_asset_not_renderable,missing_asset_review_required,cutout_not_onboarded,athlete_images_registry; source_note=missing_review_required,asset_file_missing; cutout_slot_requires_manual_crop_review,review_only_not_renderable_until_approved,catalog_only_no_auto_approval_no_file_movement
toronto_tempo_laura_juskaite,Laura Juskaite,toronto_tempo,WNBA,1643420,https://cdn.wnba.com/headshots/wnba/latest/260x190/1643420.png,0.72,headshot,assets/leagues/wnba/athletes/toronto_tempo_laura_juskaite/headshot.png,true,assets/leagues/wnba/athletes/toronto_tempo_laura_juskaite/headshot.png.approved,true,approved,approved_marker_present_manual_source_recheck_required,manual_source_recheck_required,,approved_assets_registry; decision_source=default; source_file=outputs/latest/review_files/athlete_image_approval_pack/downloads/toronto_tempo/toronto_tempo_laura_juskaite__1643420.png; approved_at_utc=2026-06-16T04:22:55.113937+00:00,approved_marker_present; headshot_slot_requires_identity_and_crop_review; image_size=260x190; meets_headshot_floor; default_decision_source_manual_recheck_required,review_only_manual_source_recheck_required: default_decision_source_manual_recheck_required,catalog_only_no_auto_approval_no_file_movement
toronto_tempo_maria_conde,Maria Conde,toronto_tempo,WNBA,,https://tempo.wnba.com/roster,,cutout,assets/leagues/wnba/athletes/toronto_tempo_maria_conde/cutout.png,false,assets/leagues/wnba/athletes/toronto_tempo_maria_conde/cutout.png.approved,false,missing,missing_asset_not_renderable,missing_asset_review_required,cutout_not_onboarded,athlete_images_registry; source_note=missing_review_required,asset_file_missing; cutout_slot_requires_manual_crop_review,review_only_not_renderable_until_approved,catalog_only_no_auto_approval_no_file_movement
toronto_tempo_maria_conde,Maria Conde,toronto_tempo,WNBA,1629576,https://cdn.wnba.com/headshots/wnba/latest/260x190/1629576.png,0.72,headshot,assets/leagues/wnba/athletes/toronto_tempo_maria_conde/headshot.png,false,assets/leagues/wnba/athletes/toronto_tempo_maria_conde/headshot.png.approved,false,missing,missing_asset_not_renderable,needs_human_approval,headshot_candidate_not_promoted_to_local_asset,match_review_registry; status=needs_human_approval; image_url=https://cdn.wnba.com/headshots/wnba/latest/260x190/1629576.png; confidence=0.72,asset_file_missing; headshot_slot_requires_identity_and_crop_review,review_only_not_renderable_until_approved,catalog_only_no_auto_approval_no_file_movement
toronto_tempo_marina_mabrey,Marina Mabrey,toronto_tempo,WNBA,,https://tempo.wnba.com/roster,,cutout,assets/leagues/wnba/athletes/toronto_tempo_marina_mabrey/cutout.png,false,assets/leagues/wnba/athletes/toronto_tempo_marina_mabrey/cutout.png.approved,false,missing,missing_asset_not_renderable,missing_asset_review_required,cutout_not_onboarded,athlete_images_registry; source_note=missing_review_required,asset_file_missing; cutout_slot_requires_manual_crop_review,review_only_not_renderable_until_approved,catalog_only_no_auto_approval_no_file_movement
toronto_tempo_marina_mabrey,Marina Mabrey,toronto_tempo,WNBA,1629497,https://cdn.wnba.com/headshots/wnba/latest/260x190/1629497.png,0.72,headshot,assets/leagues/wnba/athletes/toronto_tempo_marina_mabrey/headshot.png,true,assets/leagues/wnba/athletes/toronto_tempo_marina_mabrey/headshot.png.approved,true,approved,approved_marker_present_manual_source_recheck_required,manual_source_recheck_required,,approved_assets_registry; decision_source=default; source_file=outputs/latest/review_files/athlete_image_approval_pack/downloads/toronto_tempo/toronto_tempo_marina_mabrey__1629497.png; approved_at_utc=2026-06-16T04:22:55.114211+00:00,approved_marker_present; headshot_slot_requires_identity_and_crop_review; image_size=260x190; meets_headshot_floor; default_decision_source_manual_recheck_required,review_only_manual_source_recheck_required: default_decision_source_manual_recheck_required,catalog_only_no_auto_approval_no_file_movement
toronto_tempo_nyara_sabally,Nyara Sabally,toronto_tempo,WNBA,,https://tempo.wnba.com/roster,,cutout,assets/leagues/wnba/athletes/toronto_tempo_nyara_sabally/cutout.png,false,assets/leagues/wnba/athletes/toronto_tempo_nyara_sabally/cutout.png.approved,false,missing,missing_asset_not_renderable,missing_asset_review_required,cutout_not_onboarded,athlete_images_registry; source_note=missing_review_required,asset_file_missing; cutout_slot_requires_manual_crop_review,review_only_not_renderable_until_approved,catalog_only_no_auto_approval_no_file_movement
toronto_tempo_nyara_sabally,Nyara Sabally,toronto_tempo,WNBA,1631055,https://cdn.wnba.com/headshots/wnba/latest/260x190/1631055.png,0.72,headshot,assets/leagues/wnba/athletes/toronto_tempo_nyara_sabally/headshot.png,true,assets/leagues/wnba/athletes/toronto_tempo_nyara_sabally/headshot.png.approved,true,approved,approved_marker_present_manual_source_recheck_required,manual_source_recheck_required,,approved_assets_registry; decision_source=default; source_file=outputs/latest/review_files/athlete_image_approval_pack/downloads/toronto_tempo/toronto_tempo_nyara_sabally__1631055.png; approved_at_utc=2026-06-16T04:22:55.114770+00:00,approved_marker_present; headshot_slot_requires_identity_and_crop_review; image_size=260x190; meets_headshot_floor; default_decision_source_manual_recheck_required,review_only_manual_source_recheck_required: default_decision_source_manual_recheck_required,catalog_only_no_auto_approval_no_file_movement
toronto_tempo_temi_fagbenle,Temi Fagbenle,toronto_tempo,WNBA,,https://tempo.wnba.com/roster,,cutout,assets/leagues/wnba/athletes/toronto_tempo_temi_fagbenle/cutout.png,false,assets/leagues/wnba/athletes/toronto_tempo_temi_fagbenle/cutout.png.approved,false,missing,missing_asset_not_renderable,missing_asset_review_required,cutout_not_onboarded,athlete_images_registry; source_note=missing_review_required,asset_file_missing; cutout_slot_requires_manual_crop_review,review_only_not_renderable_until_approved,catalog_only_no_auto_approval_no_file_movement
toronto_tempo_temi_fagbenle,Temi Fagbenle,toronto_tempo,WNBA,1627701,https://cdn.wnba.com/headshots/wnba/latest/260x190/1627701.png,0.72,headshot,assets/leagues/wnba/athletes/toronto_tempo_temi_fagbenle/headshot.png,true,assets/leagues/wnba/athletes/toronto_tempo_temi_fagbenle/headshot.png.approved,true,approved,approved_marker_present_manual_source_recheck_required,manual_source_recheck_required,,approved_assets_registry; decision_source=default; source_file=outputs/latest/review_files/athlete_image_approval_pack/downloads/toronto_tempo/toronto_tempo_temi_fagbenle__1627701.png; approved_at_utc=2026-06-16T04:22:55.115333+00:00,approved_marker_present; headshot_slot_requires_identity_and_crop_review; image_size=260x190; meets_headshot_floor; default_decision_source_manual_recheck_required,review_only_manual_source_recheck_required: default_decision_source_manual_recheck_required,catalog_only_no_auto_approval_no_file_movement
toronto_tempo_teonni_key,Teonni Key,toronto_tempo,WNBA,,https://tempo.wnba.com/roster,,cutout,assets/leagues/wnba/athletes/toronto_tempo_teonni_key/cutout.png,false,assets/leagues/wnba/athletes/toronto_tempo_teonni_key/cutout.png.approved,false,missing,missing_asset_not_renderable,missing_asset_review_required,cutout_not_onboarded,athlete_images_registry; source_note=missing_review_required,asset_file_missing; cutout_slot_requires_manual_crop_review,review_only_not_renderable_until_approved,catalog_only_no_auto_approval_no_file_movement
toronto_tempo_teonni_key,Teonni Key,toronto_tempo,WNBA,1643457,https://cdn.wnba.com/headshots/wnba/latest/260x190/1643457.png,0.72,headshot,assets/leagues/wnba/athletes/toronto_tempo_teonni_key/headshot.png,true,assets/leagues/wnba/athletes/toronto_tempo_teonni_key/headshot.png.approved,true,approved,approved_marker_present_manual_source_recheck_required,manual_source_recheck_required,,approved_assets_registry; decision_source=default; source_file=outputs/latest/review_files/athlete_image_approval_pack/downloads/toronto_tempo/toronto_tempo_teonni_key__1643457.png; approved_at_utc=2026-06-16T04:22:55.114478+00:00,approved_marker_present; headshot_slot_requires_identity_and_crop_review; image_size=260x190; meets_headshot_floor; default_decision_source_manual_recheck_required,review_only_manual_source_recheck_required: default_decision_source_manual_recheck_required,catalog_only_no_auto_approval_no_file_movement
toronto_tempo_tima_pouye,Tima Pouye,toronto_tempo,WNBA,,https://tempo.wnba.com/roster,,cutout,assets/leagues/wnba/athletes/toronto_tempo_tima_pouye/cutout.png,false,assets/leagues/wnba/athletes/toronto_tempo_tima_pouye/cutout.png.approved,false,missing,missing_asset_not_renderable,missing_asset_review_required,cutout_not_onboarded,athlete_images_registry; source_note=missing_review_required,asset_file_missing; cutout_slot_requires_manual_crop_review,review_only_not_renderable_until_approved,catalog_only_no_auto_approval_no_file_movement
toronto_tempo_tima_pouye,Tima Pouye,toronto_tempo,WNBA,1643647,https://cdn.wnba.com/headshots/wnba/latest/260x190/1643647.png,0.72,headshot,assets/leagues/wnba/athletes/toronto_tempo_tima_pouye/headshot.png,false,assets/leagues/wnba/athletes/toronto_tempo_tima_pouye/headshot.png.approved,false,missing,missing_asset_not_renderable,needs_human_approval,headshot_candidate_not_promoted_to_local_asset,match_review_registry; status=needs_human_approval; image_url=https://cdn.wnba.com/headshots/wnba/latest/260x190/1643647.png; confidence=0.72,asset_file_missing; headshot_slot_requires_identity_and_crop_review,review_only_not_renderable_until_approved,catalog_only_no_auto_approval_no_file_movement
washington_mystics_alicia_florez,Alicia Florez,washington_mystics,WNBA,,https://mystics.wnba.com/roster,,cutout,assets/leagues/wnba/athletes/washington_mystics_alicia_florez/cutout.png,false,assets/leagues/wnba/athletes/washington_mystics_alicia_florez/cutout.png.approved,false,missing,missing_asset_not_renderable,missing_asset_review_required,cutout_not_onboarded,athlete_images_registry; source_note=missing_review_required,asset_file_missing; cutout_slot_requires_manual_crop_review,review_only_not_renderable_until_approved,catalog_only_no_auto_approval_no_file_movement
washington_mystics_alicia_florez,Alicia Florez,washington_mystics,WNBA,1643644,https://cdn.wnba.com/headshots/wnba/latest/260x190/1643644.png,0.72,headshot,assets/leagues/wnba/athletes/washington_mystics_alicia_florez/headshot.png,true,assets/leagues/wnba/athletes/washington_mystics_alicia_florez/headshot.png.approved,true,approved,approved_marker_present_manual_source_recheck_required,manual_source_recheck_required,,approved_assets_registry; decision_source=default; source_file=outputs/latest/review_files/athlete_image_approval_pack/downloads/washington_mystics/washington_mystics_alicia_florez__1643644.png; approved_at_utc=2026-06-16T04:22:55.116758+00:00,approved_marker_present; headshot_slot_requires_identity_and_crop_review; image_size=260x190; meets_headshot_floor; default_decision_source_manual_recheck_required,review_only_manual_source_recheck_required: default_decision_source_manual_recheck_required,catalog_only_no_auto_approval_no_file_movement
washington_mystics_angela_dugalic,Angela Dugalic,washington_mystics,WNBA,,https://mystics.wnba.com/roster,,cutout,assets/leagues/wnba/athletes/washington_mystics_angela_dugalic/cutout.png,false,assets/leagues/wnba/athletes/washington_mystics_angela_dugalic/cutout.png.approved,false,missing,missing_asset_not_renderable,missing_asset_review_required,cutout_not_onboarded,athlete_images_registry; source_note=missing_review_required,asset_file_missing; cutout_slot_requires_manual_crop_review,review_only_not_renderable_until_approved,catalog_only_no_auto_approval_no_file_movement
washington_mystics_angela_dugalic,Angela Dugalic,washington_mystics,WNBA,1643455,https://cdn.wnba.com/headshots/wnba/latest/260x190/1643455.png,0.72,headshot,assets/leagues/wnba/athletes/washington_mystics_angela_dugalic/headshot.png,true,assets/leagues/wnba/athletes/washington_mystics_angela_dugalic/headshot.png.approved,true,approved,approved_marker_present_manual_source_recheck_required,manual_source_recheck_required,,approved_assets_registry; decision_source=default; source_file=outputs/latest/review_files/athlete_image_approval_pack/downloads/washington_mystics/washington_mystics_angela_dugalic__1643455.png; approved_at_utc=2026-06-16T04:22:55.119095+00:00,approved_marker_present; headshot_slot_requires_identity_and_crop_review; image_size=260x190; meets_headshot_floor; default_decision_source_manual_recheck_required,review_only_manual_source_recheck_required: default_decision_source_manual_recheck_required,catalog_only_no_auto_approval_no_file_movement
washington_mystics_cassandre_prosper,Cassandre Prosper,washington_mystics,WNBA,,https://mystics.wnba.com/roster,,cutout,assets/leagues/wnba/athletes/washington_mystics_cassandre_prosper/cutout.png,false,assets/leagues/wnba/athletes/washington_mystics_cassandre_prosper/cutout.png.approved,false,missing,missing_asset_not_renderable,missing_asset_review_required,cutout_not_onboarded,athlete_images_registry; source_note=missing_review_required,asset_file_missing; cutout_slot_requires_manual_crop_review,review_only_not_renderable_until_approved,catalog_only_no_auto_approval_no_file_movement
washington_mystics_cassandre_prosper,Cassandre Prosper,washington_mystics,WNBA,1643467,https://cdn.wnba.com/headshots/wnba/latest/260x190/1643467.png,0.72,headshot,assets/leagues/wnba/athletes/washington_mystics_cassandre_prosper/headshot.png,true,assets/leagues/wnba/athletes/washington_mystics_cassandre_prosper/headshot.png.approved,true,approved,approved_marker_present_manual_source_recheck_required,manual_source_recheck_required,,approved_assets_registry; decision_source=default; source_file=outputs/latest/review_files/athlete_image_approval_pack/downloads/washington_mystics/washington_mystics_cassandre_prosper__1643467.png; approved_at_utc=2026-06-16T04:22:55.118241+00:00,approved_marker_present; headshot_slot_requires_identity_and_crop_review; image_size=260x190; meets_headshot_floor; default_decision_source_manual_recheck_required,review_only_manual_source_recheck_required: default_decision_source_manual_recheck_required,catalog_only_no_auto_approval_no_file_movement
washington_mystics_cotie_mcmahon,Cotie McMahon,washington_mystics,WNBA,,https://mystics.wnba.com/roster,,cutout,assets/leagues/wnba/athletes/washington_mystics_cotie_mcmahon/cutout.png,false,assets/leagues/wnba/athletes/washington_mystics_cotie_mcmahon/cutout.png.approved,false,missing,missing_asset_not_renderable,missing_asset_review_required,cutout_not_onboarded,athlete_images_registry; source_note=missing_review_required,asset_file_missing; cutout_slot_requires_manual_crop_review,review_only_not_renderable_until_approved,catalog_only_no_auto_approval_no_file_movement
washington_mystics_cotie_mcmahon,Cotie McMahon,washington_mystics,WNBA,1643430,https://cdn.wnba.com/headshots/wnba/latest/260x190/1643430.png,0.72,headshot,assets/leagues/wnba/athletes/washington_mystics_cotie_mcmahon/headshot.png,true,assets/leagues/wnba/athletes/washington_mystics_cotie_mcmahon/headshot.png.approved,true,approved,approved_marker_present_manual_source_recheck_required,manual_source_recheck_required,,approved_assets_registry; decision_source=default; source_file=outputs/latest/review_files/athlete_image_approval_pack/downloads/washington_mystics/washington_mystics_cotie_mcmahon__1643430.png; approved_at_utc=2026-06-16T04:22:55.118821+00:00,approved_marker_present; headshot_slot_requires_identity_and_crop_review; image_size=260x190; meets_headshot_floor; default_decision_source_manual_recheck_required,review_only_manual_source_recheck_required: default_decision_source_manual_recheck_required,catalog_only_no_auto_approval_no_file_movement
washington_mystics_darianna_littlepage_buggs,Darianna Littlepage-Buggs,washington_mystics,WNBA,,https://mystics.wnba.com/roster,,cutout,assets/leagues/wnba/athletes/washington_mystics_darianna_littlepage_buggs/cutout.png,false,assets/leagues/wnba/athletes/washington_mystics_darianna_littlepage_buggs/cutout.png.approved,false,missing,missing_asset_not_renderable,missing_asset_review_required,cutout_not_onboarded,athlete_images_registry; source_note=missing_review_required,asset_file_missing; cutout_slot_requires_manual_crop_review,review_only_not_renderable_until_approved,catalog_only_no_auto_approval_no_file_movement
washington_mystics_darianna_littlepage_buggs,Darianna Littlepage-Buggs,washington_mystics,WNBA,1643440,https://cdn.wnba.com/headshots/wnba/latest/260x190/1643440.png,0.72,headshot,assets/leagues/wnba/athletes/washington_mystics_darianna_littlepage_buggs/headshot.png,true,assets/leagues/wnba/athletes/washington_mystics_darianna_littlepage_buggs/headshot.png.approved,true,approved,approved_marker_present_manual_source_recheck_required,manual_source_recheck_required,,approved_assets_registry; decision_source=default; source_file=outputs/latest/review_files/athlete_image_approval_pack/downloads/washington_mystics/washington_mystics_darianna_littlepage_buggs__1643440.png; approved_at_utc=2026-06-16T04:22:55.117380+00:00,approved_marker_present; headshot_slot_requires_identity_and_crop_review; image_size=260x190; meets_headshot_floor; default_decision_source_manual_recheck_required,review_only_manual_source_recheck_required: default_decision_source_manual_recheck_required,catalog_only_no_auto_approval_no_file_movement
washington_mystics_georgia_amoore,Georgia Amoore,washington_mystics,WNBA,,https://mystics.wnba.com/roster,,cutout,assets/leagues/wnba/athletes/washington_mystics_georgia_amoore/cutout.png,false,assets/leagues/wnba/athletes/washington_mystics_georgia_amoore/cutout.png.approved,false,missing,missing_asset_not_renderable,missing_asset_review_required,cutout_not_onboarded,athlete_images_registry; source_note=missing_review_required,asset_file_missing; cutout_slot_requires_manual_crop_review,review_only_not_renderable_until_approved,catalog_only_no_auto_approval_no_file_movement
washington_mystics_georgia_amoore,Georgia Amoore,washington_mystics,WNBA,1642781,https://cdn.wnba.com/headshots/wnba/latest/260x190/1642781.png,0.72,headshot,assets/leagues/wnba/athletes/washington_mystics_georgia_amoore/headshot.png,true,assets/leagues/wnba/athletes/washington_mystics_georgia_amoore/headshot.png.approved,true,approved,approved_marker_present_manual_source_recheck_required,manual_source_recheck_required,,approved_assets_registry; decision_source=default; source_file=outputs/latest/review_files/athlete_image_approval_pack/downloads/washington_mystics/washington_mystics_georgia_amoore__1642781.png; approved_at_utc=2026-06-16T04:22:55.117679+00:00,approved_marker_present; headshot_slot_requires_identity_and_crop_review; image_size=260x190; meets_headshot_floor; default_decision_source_manual_recheck_required,review_only_manual_source_recheck_required: default_decision_source_manual_recheck_required,catalog_only_no_auto_approval_no_file_movement
washington_mystics_kiki_iriafen,Kiki Iriafen,washington_mystics,WNBA,,https://mystics.wnba.com/roster,,cutout,assets/leagues/wnba/athletes/washington_mystics_kiki_iriafen/cutout.png,false,assets/leagues/wnba/athletes/washington_mystics_kiki_iriafen/cutout.png.approved,false,missing,missing_asset_not_renderable,missing_asset_review_required,cutout_not_onboarded,athlete_images_registry; source_note=missing_review_required,asset_file_missing; cutout_slot_requires_manual_crop_review,review_only_not_renderable_until_approved,catalog_only_no_auto_approval_no_file_movement
washington_mystics_kiki_iriafen,Kiki Iriafen,washington_mystics,WNBA,1642792,https://cdn.wnba.com/headshots/wnba/latest/260x190/1642792.png,0.72,headshot,assets/leagues/wnba/athletes/washington_mystics_kiki_iriafen/headshot.png,true,assets/leagues/wnba/athletes/washington_mystics_kiki_iriafen/headshot.png.approved,true,approved,approved_marker_present_manual_source_recheck_required,manual_source_recheck_required,,approved_assets_registry; decision_source=default; source_file=outputs/latest/review_files/athlete_image_approval_pack/downloads/washington_mystics/washington_mystics_kiki_iriafen__1642792.png; approved_at_utc=2026-06-16T04:22:55.119657+00:00,approved_marker_present; headshot_slot_requires_identity_and_crop_review; image_size=260x190; meets_headshot_floor; default_decision_source_manual_recheck_required,review_only_manual_source_recheck_required: default_decision_source_manual_recheck_required,catalog_only_no_auto_approval_no_file_movement
washington_mystics_lauren_betts,Lauren Betts,washington_mystics,WNBA,,https://mystics.wnba.com/roster,,cutout,assets/leagues/wnba/athletes/washington_mystics_lauren_betts/cutout.png,false,assets/leagues/wnba/athletes/washington_mystics_lauren_betts/cutout.png.approved,false,missing,missing_asset_not_renderable,missing_asset_review_required,cutout_not_onboarded,athlete_images_registry; source_note=missing_review_required,asset_file_missing; cutout_slot_requires_manual_crop_review,review_only_not_renderable_until_approved,catalog_only_no_auto_approval_no_file_movement
washington_mystics_lauren_betts,Lauren Betts,washington_mystics,WNBA,1643427,https://cdn.wnba.com/headshots/wnba/latest/260x190/1643427.png,0.72,headshot,assets/leagues/wnba/athletes/washington_mystics_lauren_betts/headshot.png,true,assets/leagues/wnba/athletes/washington_mystics_lauren_betts/headshot.png.approved,true,approved,approved_marker_present_manual_source_recheck_required,manual_source_recheck_required,,approved_assets_registry; decision_source=default; source_file=outputs/latest/review_files/athlete_image_approval_pack/downloads/washington_mystics/washington_mystics_lauren_betts__1643427.png; approved_at_utc=2026-06-16T04:22:55.119949+00:00,approved_marker_present; headshot_slot_requires_identity_and_crop_review; image_size=260x190; meets_headshot_floor; default_decision_source_manual_recheck_required,review_only_manual_source_recheck_required: default_decision_source_manual_recheck_required,catalog_only_no_auto_approval_no_file_movement
washington_mystics_lucy_olsen,Lucy Olsen,washington_mystics,WNBA,,https://mystics.wnba.com/roster,,cutout,assets/leagues/wnba/athletes/washington_mystics_lucy_olsen/cutout.png,false,assets/leagues/wnba/athletes/washington_mystics_lucy_olsen/cutout.png.approved,false,missing,missing_asset_not_renderable,missing_asset_review_required,cutout_not_onboarded,athlete_images_registry; source_note=missing_review_required,asset_file_missing; cutout_slot_requires_manual_crop_review,review_only_not_renderable_until_approved,catalog_only_no_auto_approval_no_file_movement
washington_mystics_lucy_olsen,Lucy Olsen,washington_mystics,WNBA,1642802,https://cdn.wnba.com/headshots/wnba/latest/260x190/1642802.png,0.72,headshot,assets/leagues/wnba/athletes/washington_mystics_lucy_olsen/headshot.png,true,assets/leagues/wnba/athletes/washington_mystics_lucy_olsen/headshot.png.approved,true,approved,approved_marker_present_manual_source_recheck_required,manual_source_recheck_required,,approved_assets_registry; decision_source=default; source_file=outputs/latest/review_files/athlete_image_approval_pack/downloads/washington_mystics/washington_mystics_lucy_olsen__1642802.png; approved_at_utc=2026-06-16T04:22:55.119370+00:00,approved_marker_present; headshot_slot_requires_identity_and_crop_review; image_size=260x190; meets_headshot_floor; default_decision_source_manual_recheck_required,review_only_manual_source_recheck_required: default_decision_source_manual_recheck_required,catalog_only_no_auto_approval_no_file_movement
washington_mystics_michaela_onyenwere,Michaela Onyenwere,washington_mystics,WNBA,,https://mystics.wnba.com/roster,,cutout,assets/leagues/wnba/athletes/washington_mystics_michaela_onyenwere/cutout.png,false,assets/leagues/wnba/athletes/washington_mystics_michaela_onyenwere/cutout.png.approved,false,missing,missing_asset_not_renderable,missing_asset_review_required,cutout_not_onboarded,athlete_images_registry; source_note=missing_review_required,asset_file_missing; cutout_slot_requires_manual_crop_review,review_only_not_renderable_until_approved,catalog_only_no_auto_approval_no_file_movement
washington_mystics_michaela_onyenwere,Michaela Onyenwere,washington_mystics,WNBA,1630446,https://cdn.wnba.com/headshots/wnba/latest/260x190/1630446.png,0.72,headshot,assets/leagues/wnba/athletes/washington_mystics_michaela_onyenwere/headshot.png,true,assets/leagues/wnba/athletes/washington_mystics_michaela_onyenwere/headshot.png.approved,true,approved,approved_marker_present_manual_source_recheck_required,manual_source_recheck_required,,approved_assets_registry; decision_source=default; source_file=outputs/latest/review_files/athlete_image_approval_pack/downloads/washington_mystics/washington_mystics_michaela_onyenwere__1630446.png; approved_at_utc=2026-06-16T04:22:55.117963+00:00,approved_marker_present; headshot_slot_requires_identity_and_crop_review; image_size=260x190; meets_headshot_floor; default_decision_source_manual_recheck_required,review_only_manual_source_recheck_required: default_decision_source_manual_recheck_required,catalog_only_no_auto_approval_no_file_movement
washington_mystics_rori_harmon,Rori Harmon,washington_mystics,WNBA,,https://mystics.wnba.com/roster,,cutout,assets/leagues/wnba/athletes/washington_mystics_rori_harmon/cutout.png,false,assets/leagues/wnba/athletes/washington_mystics_rori_harmon/cutout.png.approved,false,missing,missing_asset_not_renderable,missing_asset_review_required,cutout_not_onboarded,athlete_images_registry; source_note=missing_review_required,asset_file_missing; cutout_slot_requires_manual_crop_review,review_only_not_renderable_until_approved,catalog_only_no_auto_approval_no_file_movement
washington_mystics_rori_harmon,Rori Harmon,washington_mystics,WNBA,1643450,https://cdn.wnba.com/headshots/wnba/latest/260x190/1643450.png,0.72,headshot,assets/leagues/wnba/athletes/washington_mystics_rori_harmon/headshot.png,true,assets/leagues/wnba/athletes/washington_mystics_rori_harmon/headshot.png.approved,true,approved,approved_marker_present_manual_source_recheck_required,manual_source_recheck_required,,approved_assets_registry; decision_source=default; source_file=outputs/latest/review_files/athlete_image_approval_pack/downloads/washington_mystics/washington_mystics_rori_harmon__1643450.png; approved_at_utc=2026-06-16T04:22:55.117031+00:00,approved_marker_present; headshot_slot_requires_identity_and_crop_review; image_size=260x190; meets_headshot_floor; default_decision_source_manual_recheck_required,review_only_manual_source_recheck_required: default_decision_source_manual_recheck_required,catalog_only_no_auto_approval_no_file_movement
washington_mystics_shakira_austin,Shakira Austin,washington_mystics,WNBA,,https://mystics.wnba.com/roster,,cutout,assets/leagues/wnba/athletes/washington_mystics_shakira_austin/cutout.png,false,assets/leagues/wnba/athletes/washington_mystics_shakira_austin/cutout.png.approved,false,missing,missing_asset_not_renderable,missing_asset_review_required,cutout_not_onboarded,athlete_images_registry; source_note=missing_review_required,asset_file_missing; cutout_slot_requires_manual_crop_review,review_only_not_renderable_until_approved,catalog_only_no_auto_approval_no_file_movement
washington_mystics_shakira_austin,Shakira Austin,washington_mystics,WNBA,1631022,https://cdn.wnba.com/headshots/wnba/latest/260x190/1631022.png,0.72,headshot,assets/leagues/wnba/athletes/washington_mystics_shakira_austin/headshot.png,true,assets/leagues/wnba/athletes/washington_mystics_shakira_austin/headshot.png.approved,true,approved,approved_marker_present_manual_source_recheck_required,manual_source_recheck_required,,approved_assets_registry; decision_source=default; source_file=outputs/latest/review_files/athlete_image_approval_pack/downloads/washington_mystics/washington_mystics_shakira_austin__1631022.png; approved_at_utc=2026-06-16T04:22:55.116471+00:00,approved_marker_present; headshot_slot_requires_identity_and_crop_review; image_size=260x190; meets_headshot_floor; default_decision_source_manual_recheck_required,review_only_manual_source_recheck_required: default_decision_source_manual_recheck_required,catalog_only_no_auto_approval_no_file_movement
washington_mystics_sonia_citron,Sonia Citron,washington_mystics,WNBA,,https://mystics.wnba.com/roster,,cutout,assets/leagues/wnba/athletes/washington_mystics_sonia_citron/cutout.png,false,assets/leagues/wnba/athletes/washington_mystics_sonia_citron/cutout.png.approved,false,missing,missing_asset_not_renderable,missing_asset_review_required,cutout_not_onboarded,athlete_images_registry; source_note=missing_review_required,asset_file_missing; cutout_slot_requires_manual_crop_review,review_only_not_renderable_until_approved,catalog_only_no_auto_approval_no_file_movement
washington_mystics_sonia_citron,Sonia Citron,washington_mystics,WNBA,1642785,https://cdn.wnba.com/headshots/wnba/latest/260x190/1642785.png,0.72,headshot,assets/leagues/wnba/athletes/washington_mystics_sonia_citron/headshot.png,true,assets/leagues/wnba/athletes/washington_mystics_sonia_citron/headshot.png.approved,true,approved,approved_marker_present_manual_source_recheck_required,manual_source_recheck_required,,approved_assets_registry; decision_source=default; source_file=outputs/latest/review_files/athlete_image_approval_pack/downloads/washington_mystics/washington_mystics_sonia_citron__1642785.png; approved_at_utc=2026-06-16T04:22:55.118512+00:00,approved_marker_present; headshot_slot_requires_identity_and_crop_review; image_size=260x190; meets_headshot_floor; default_decision_source_manual_recheck_required,review_only_manual_source_recheck_required: default_decision_source_manual_recheck_required,catalog_only_no_auto_approval_no_file_movement
