athlete_id,athlete_name,team_id,team_name,conference,local_headshot_path,local_headshot_exists,approved_marker_path,approved_marker_exists,current_approval_status,identity_review_status,provider_player_id,official_roster_page_candidate,official_player_profile_candidate,official_roster_photo_candidate_url,source_evidence,crop_readiness_notes,allowed_decisions,human_intake_file,team_contact_sheet_path,team_review_board_path,review_only,publish_ready,auto_approval,auto_publish,move_files,paid_apis,asset_downloads
atlanta_dream_aaliyah_nye,Aaliyah Nye,atlanta_dream,Atlanta Dream,Eastern,assets/leagues/wnba/athletes/atlanta_dream_aaliyah_nye/headshot.png,true,assets/leagues/wnba/athletes/atlanta_dream_aaliyah_nye/headshot.png.approved,true,approved_marker_present_manual_source_recheck_required,manual_source_recheck_required,1642801,https://dream.wnba.com/roster,https://www.wnba.com/player/1642801/aaliyah-nye,https://cdn.wnba.com/headshots/wnba/latest/260x190/1642801.png,approved_assets_registry; decision_source=default; source_file=outputs/latest/review_files/athlete_image_approval_pack/downloads/atlanta_dream/atlanta_dream_aaliyah_nye__1642801.png; approved_at_utc=2026-06-16T04:22:55.096421+00:00,approved_marker_present; headshot_slot_requires_identity_and_crop_review; image_size=260x190; meets_headshot_floor; default_decision_source_manual_recheck_required,approve_for_review_only_renderer_use|hold_identity|revise_asset|revise_source_metadata,data/asset_registry/wnba/wnba_athlete_photo_review_intake.csv,data/asset_registry/wnba/athlete_photo_contact_sheets/atlanta_dream.png,data/asset_registry/wnba/athlete_photo_contact_sheets/atlanta_dream.md,true,false,false,false,false,false,false
atlanta_dream_allisha_gray,Allisha Gray,atlanta_dream,Atlanta Dream,Eastern,assets/leagues/wnba/athletes/atlanta_dream_allisha_gray/headshot.png,true,assets/leagues/wnba/athletes/atlanta_dream_allisha_gray/headshot.png.approved,true,approved_marker_present_manual_source_recheck_required,manual_source_recheck_required,1628277,https://dream.wnba.com/roster,https://www.wnba.com/player/1628277/allisha-gray,https://cdn.wnba.com/headshots/wnba/latest/260x190/1628277.png,approved_assets_registry; decision_source=default; source_file=outputs/latest/review_files/athlete_image_approval_pack/downloads/atlanta_dream/atlanta_dream_allisha_gray__1628277.png; approved_at_utc=2026-06-16T04:22:55.095267+00:00,approved_marker_present; headshot_slot_requires_identity_and_crop_review; image_size=260x190; meets_headshot_floor; default_decision_source_manual_recheck_required,approve_for_review_only_renderer_use|hold_identity|revise_asset|revise_source_metadata,data/asset_registry/wnba/wnba_athlete_photo_review_intake.csv,data/asset_registry/wnba/athlete_photo_contact_sheets/atlanta_dream.png,data/asset_registry/wnba/athlete_photo_contact_sheets/atlanta_dream.md,true,false,false,false,false,false,false
atlanta_dream_amy_okonkwo,Amy Okonkwo,atlanta_dream,Atlanta Dream,Eastern,assets/leagues/wnba/athletes/atlanta_dream_amy_okonkwo/headshot.png,true,assets/leagues/wnba/athletes/atlanta_dream_amy_okonkwo/headshot.png.approved,true,approved_marker_present_manual_source_recheck_required,manual_source_recheck_required,1629539,https://dream.wnba.com/roster,https://www.wnba.com/player/1629539/amy-okonkwo,https://cdn.wnba.com/headshots/wnba/latest/260x190/1629539.png,approved_assets_registry; decision_source=default; source_file=outputs/latest/review_files/athlete_image_approval_pack/downloads/atlanta_dream/atlanta_dream_amy_okonkwo__1629539.png; approved_at_utc=2026-06-16T04:22:55.093339+00:00,approved_marker_present; headshot_slot_requires_identity_and_crop_review; image_size=260x190; meets_headshot_floor; default_decision_source_manual_recheck_required,approve_for_review_only_renderer_use|hold_identity|revise_asset|revise_source_metadata,data/asset_registry/wnba/wnba_athlete_photo_review_intake.csv,data/asset_registry/wnba/athlete_photo_contact_sheets/atlanta_dream.png,data/asset_registry/wnba/athlete_photo_contact_sheets/atlanta_dream.md,true,false,false,false,false,false,false
atlanta_dream_angel_reese,Angel Reese,atlanta_dream,Atlanta Dream,Eastern,assets/leagues/wnba/athletes/atlanta_dream_angel_reese/headshot.png,true,assets/leagues/wnba/athletes/atlanta_dream_angel_reese/headshot.png.approved,true,approved_marker_present_manual_source_recheck_required,manual_source_recheck_required,1642291,https://dream.wnba.com/roster,https://www.wnba.com/player/1642291/angel-reese,https://cdn.wnba.com/headshots/wnba/latest/260x190/1642291.png,approved_assets_registry; decision_source=default; source_file=outputs/latest/review_files/athlete_image_approval_pack/downloads/atlanta_dream/atlanta_dream_angel_reese__1642291.png; approved_at_utc=2026-06-16T04:22:55.094316+00:00,approved_marker_present; headshot_slot_requires_identity_and_crop_review; image_size=260x190; meets_headshot_floor; default_decision_source_manual_recheck_required,approve_for_review_only_renderer_use|hold_identity|revise_asset|revise_source_metadata,data/asset_registry/wnba/wnba_athlete_photo_review_intake.csv,data/asset_registry/wnba/athlete_photo_contact_sheets/atlanta_dream.png,data/asset_registry/wnba/athlete_photo_contact_sheets/atlanta_dream.md,true,false,false,false,false,false,false
atlanta_dream_brionna_jones,Brionna Jones,atlanta_dream,Atlanta Dream,Eastern,assets/leagues/wnba/athletes/atlanta_dream_brionna_jones/headshot.png,true,assets/leagues/wnba/athletes/atlanta_dream_brionna_jones/headshot.png.approved,true,approved_marker_present_manual_source_recheck_required,manual_source_recheck_required,1628280,https://dream.wnba.com/roster,https://www.wnba.com/player/1628280/brionna-jones,https://cdn.wnba.com/headshots/wnba/latest/260x190/1628280.png,approved_assets_registry; decision_source=default; source_file=outputs/latest/review_files/athlete_image_approval_pack/downloads/atlanta_dream/atlanta_dream_brionna_jones__1628280.png; approved_at_utc=2026-06-16T04:22:55.096732+00:00,approved_marker_present; headshot_slot_requires_identity_and_crop_review; image_size=260x190; meets_headshot_floor; default_decision_source_manual_recheck_required,approve_for_review_only_renderer_use|hold_identity|revise_asset|revise_source_metadata,data/asset_registry/wnba/wnba_athlete_photo_review_intake.csv,data/asset_registry/wnba/athlete_photo_contact_sheets/atlanta_dream.png,data/asset_registry/wnba/athlete_photo_contact_sheets/atlanta_dream.md,true,false,false,false,false,false,false
atlanta_dream_indya_nivar,Indya Nivar,atlanta_dream,Atlanta Dream,Eastern,assets/leagues/wnba/athletes/atlanta_dream_indya_nivar/headshot.png,true,assets/leagues/wnba/athletes/atlanta_dream_indya_nivar/headshot.png.approved,true,approved_marker_present_manual_source_recheck_required,manual_source_recheck_required,1643469,https://dream.wnba.com/roster,https://www.wnba.com/player/1643469/indya-nivar,https://cdn.wnba.com/headshots/wnba/latest/260x190/1643469.png,approved_assets_registry; decision_source=default; source_file=outputs/latest/review_files/athlete_image_approval_pack/downloads/atlanta_dream/atlanta_dream_indya_nivar__1643469.png; approved_at_utc=2026-06-16T04:22:55.095866+00:00,approved_marker_present; headshot_slot_requires_identity_and_crop_review; image_size=260x190; meets_headshot_floor; default_decision_source_manual_recheck_required,approve_for_review_only_renderer_use|hold_identity|revise_asset|revise_source_metadata,data/asset_registry/wnba/wnba_athlete_photo_review_intake.csv,data/asset_registry/wnba/athlete_photo_contact_sheets/atlanta_dream.png,data/asset_registry/wnba/athlete_photo_contact_sheets/atlanta_dream.md,true,false,false,false,false,false,false
atlanta_dream_isobel_borlase,Isobel Borlase,atlanta_dream,Atlanta Dream,Eastern,assets/leagues/wnba/athletes/atlanta_dream_isobel_borlase/headshot.png,true,assets/leagues/wnba/athletes/atlanta_dream_isobel_borlase/headshot.png.approved,true,approved_marker_present_manual_source_recheck_required,manual_source_recheck_required,1642302,https://dream.wnba.com/roster,https://www.wnba.com/player/1642302/isobel-borlase,https://cdn.wnba.com/headshots/wnba/latest/260x190/1642302.png,approved_assets_registry; decision_source=default; source_file=outputs/latest/review_files/athlete_image_approval_pack/downloads/atlanta_dream/atlanta_dream_isobel_borlase__1642302.png; approved_at_utc=2026-06-16T04:22:55.095564+00:00,approved_marker_present; headshot_slot_requires_identity_and_crop_review; image_size=260x190; meets_headshot_floor; default_decision_source_manual_recheck_required,approve_for_review_only_renderer_use|hold_identity|revise_asset|revise_source_metadata,data/asset_registry/wnba/wnba_athlete_photo_review_intake.csv,data/asset_registry/wnba/athlete_photo_contact_sheets/atlanta_dream.png,data/asset_registry/wnba/athlete_photo_contact_sheets/atlanta_dream.md,true,false,false,false,false,false,false
atlanta_dream_jordin_canada,Jordin Canada,atlanta_dream,Atlanta Dream,Eastern,assets/leagues/wnba/athletes/atlanta_dream_jordin_canada/headshot.png,true,assets/leagues/wnba/athletes/atlanta_dream_jordin_canada/headshot.png.approved,true,approved_marker_present_manual_source_recheck_required,manual_source_recheck_required,1628886,https://dream.wnba.com/roster,https://www.wnba.com/player/1628886/jordin-canada,https://cdn.wnba.com/headshots/wnba/latest/260x190/1628886.png,approved_assets_registry; decision_source=default; source_file=outputs/latest/review_files/athlete_image_approval_pack/downloads/atlanta_dream/atlanta_dream_jordin_canada__1628886.png; approved_at_utc=2026-06-16T04:22:55.094019+00:00,approved_marker_present; headshot_slot_requires_identity_and_crop_review; image_size=260x190; meets_headshot_floor; default_decision_source_manual_recheck_required,approve_for_review_only_renderer_use|hold_identity|revise_asset|revise_source_metadata,data/asset_registry/wnba/wnba_athlete_photo_review_intake.csv,data/asset_registry/wnba/athlete_photo_contact_sheets/atlanta_dream.png,data/asset_registry/wnba/athlete_photo_contact_sheets/atlanta_dream.md,true,false,false,false,false,false,false
atlanta_dream_madina_okot,Madina Okot,atlanta_dream,Atlanta Dream,Eastern,assets/leagues/wnba/athletes/atlanta_dream_madina_okot/headshot.png,true,assets/leagues/wnba/athletes/atlanta_dream_madina_okot/headshot.png.approved,true,approved_marker_present_manual_source_recheck_required,manual_source_recheck_required,1643431,https://dream.wnba.com/roster,https://www.wnba.com/player/1643431/madina-okot,https://cdn.wnba.com/headshots/wnba/latest/260x190/1643431.png,approved_assets_registry; decision_source=default; source_file=outputs/latest/review_files/athlete_image_approval_pack/downloads/atlanta_dream/atlanta_dream_madina_okot__1643431.png; approved_at_utc=2026-06-16T04:22:55.094933+00:00,approved_marker_present; headshot_slot_requires_identity_and_crop_review; image_size=260x190; meets_headshot_floor; default_decision_source_manual_recheck_required,approve_for_review_only_renderer_use|hold_identity|revise_asset|revise_source_metadata,data/asset_registry/wnba/wnba_athlete_photo_review_intake.csv,data/asset_registry/wnba/athlete_photo_contact_sheets/atlanta_dream.png,data/asset_registry/wnba/athlete_photo_contact_sheets/atlanta_dream.md,true,false,false,false,false,false,false
atlanta_dream_naz_hillmon,Naz Hillmon,atlanta_dream,Atlanta Dream,Eastern,assets/leagues/wnba/athletes/atlanta_dream_naz_hillmon/headshot.png,true,assets/leagues/wnba/athletes/atlanta_dream_naz_hillmon/headshot.png.approved,true,approved_marker_present_manual_source_recheck_required,manual_source_recheck_required,1631044,https://dream.wnba.com/roster,https://www.wnba.com/player/1631044/naz-hillmon,https://cdn.wnba.com/headshots/wnba/latest/260x190/1631044.png,approved_assets_registry; decision_source=default; source_file=outputs/latest/review_files/athlete_image_approval_pack/downloads/atlanta_dream/atlanta_dream_naz_hillmon__1631044.png; approved_at_utc=2026-06-16T04:22:55.093000+00:00,approved_marker_present; headshot_slot_requires_identity_and_crop_review; image_size=260x190; meets_headshot_floor; default_decision_source_manual_recheck_required,approve_for_review_only_renderer_use|hold_identity|revise_asset|revise_source_metadata,data/asset_registry/wnba/wnba_athlete_photo_review_intake.csv,data/asset_registry/wnba/athlete_photo_contact_sheets/atlanta_dream.png,data/asset_registry/wnba/athlete_photo_contact_sheets/atlanta_dream.md,true,false,false,false,false,false,false
atlanta_dream_rhyne_howard,Rhyne Howard,atlanta_dream,Atlanta Dream,Eastern,assets/leagues/wnba/athletes/atlanta_dream_rhyne_howard/headshot.png,true,assets/leagues/wnba/athletes/atlanta_dream_rhyne_howard/headshot.png.approved,true,approved_marker_present_manual_source_recheck_required,manual_source_recheck_required,1631009,https://dream.wnba.com/roster,https://www.wnba.com/player/1631009/rhyne-howard,https://cdn.wnba.com/headshots/wnba/latest/260x190/1631009.png,approved_assets_registry; decision_source=default; source_file=outputs/latest/review_files/athlete_image_approval_pack/downloads/atlanta_dream/atlanta_dream_rhyne_howard__1631009.png; approved_at_utc=2026-06-16T04:22:55.094617+00:00,approved_marker_present; headshot_slot_requires_identity_and_crop_review; image_size=260x190; meets_headshot_floor; default_decision_source_manual_recheck_required,approve_for_review_only_renderer_use|hold_identity|revise_asset|revise_source_metadata,data/asset_registry/wnba/wnba_athlete_photo_review_intake.csv,data/asset_registry/wnba/athlete_photo_contact_sheets/atlanta_dream.png,data/asset_registry/wnba/athlete_photo_contact_sheets/atlanta_dream.md,true,false,false,false,false,false,false
atlanta_dream_sika_kone,Sika Kone,atlanta_dream,Atlanta Dream,Eastern,assets/leagues/wnba/athletes/atlanta_dream_sika_kone/headshot.png,true,assets/leagues/wnba/athletes/atlanta_dream_sika_kone/headshot.png.approved,true,approved_marker_present_manual_source_recheck_required,manual_source_recheck_required,1631021,https://dream.wnba.com/roster,https://www.wnba.com/player/1631021/sika-kone,https://cdn.wnba.com/headshots/wnba/latest/260x190/1631021.png,approved_assets_registry; decision_source=default; source_file=outputs/latest/review_files/athlete_image_approval_pack/downloads/atlanta_dream/atlanta_dream_sika_kone__1631021.png; approved_at_utc=2026-06-16T04:22:55.096142+00:00,approved_marker_present; headshot_slot_requires_identity_and_crop_review; image_size=260x190; meets_headshot_floor; default_decision_source_manual_recheck_required,approve_for_review_only_renderer_use|hold_identity|revise_asset|revise_source_metadata,data/asset_registry/wnba/wnba_athlete_photo_review_intake.csv,data/asset_registry/wnba/athlete_photo_contact_sheets/atlanta_dream.png,data/asset_registry/wnba/athlete_photo_contact_sheets/atlanta_dream.md,true,false,false,false,false,false,false
atlanta_dream_te_hina_paopao,Te-Hina Paopao,atlanta_dream,Atlanta Dream,Eastern,assets/leagues/wnba/athletes/atlanta_dream_te_hina_paopao/headshot.png,true,assets/leagues/wnba/athletes/atlanta_dream_te_hina_paopao/headshot.png.approved,true,approved_marker_present_manual_source_recheck_required,manual_source_recheck_required,1642804,https://dream.wnba.com/roster,https://www.wnba.com/player/1642804/te-hina-paopao,https://cdn.wnba.com/headshots/wnba/latest/260x190/1642804.png,approved_assets_registry; decision_source=default; source_file=outputs/latest/review_files/athlete_image_approval_pack/downloads/atlanta_dream/atlanta_dream_te_hina_paopao__1642804.png; approved_at_utc=2026-06-16T04:22:55.093696+00:00,approved_marker_present; headshot_slot_requires_identity_and_crop_review; image_size=260x190; meets_headshot_floor; default_decision_source_manual_recheck_required,approve_for_review_only_renderer_use|hold_identity|revise_asset|revise_source_metadata,data/asset_registry/wnba/wnba_athlete_photo_review_intake.csv,data/asset_registry/wnba/athlete_photo_contact_sheets/atlanta_dream.png,data/asset_registry/wnba/athlete_photo_contact_sheets/atlanta_dream.md,true,false,false,false,false,false,false
chicago_sky_aicha_coulibaly,Aicha Coulibaly,chicago_sky,Chicago Sky,Eastern,assets/leagues/wnba/athletes/chicago_sky_aicha_coulibaly/headshot.png,true,assets/leagues/wnba/athletes/chicago_sky_aicha_coulibaly/headshot.png.approved,true,approved_marker_present_manual_source_recheck_required,manual_source_recheck_required,1642786,https://sky.wnba.com/roster,https://www.wnba.com/player/1642786/aicha-coulibaly,https://cdn.wnba.com/headshots/wnba/latest/260x190/1642786.png,approved_assets_registry; decision_source=default; source_file=outputs/latest/review_files/athlete_image_approval_pack/downloads/chicago_sky/chicago_sky_aicha_coulibaly__1642786.png; approved_at_utc=2026-06-16T04:22:55.101037+00:00,approved_marker_present; headshot_slot_requires_identity_and_crop_review; image_size=260x190; meets_headshot_floor; default_decision_source_manual_recheck_required,approve_for_review_only_renderer_use|hold_identity|revise_asset|revise_source_metadata,data/asset_registry/wnba/wnba_athlete_photo_review_intake.csv,data/asset_registry/wnba/athlete_photo_contact_sheets/chicago_sky.png,data/asset_registry/wnba/athlete_photo_contact_sheets/chicago_sky.md,true,false,false,false,false,false,false
chicago_sky_azura_stevens,Azura Stevens,chicago_sky,Chicago Sky,Eastern,assets/leagues/wnba/athletes/chicago_sky_azura_stevens/headshot.png,true,assets/leagues/wnba/athletes/chicago_sky_azura_stevens/headshot.png.approved,true,approved_marker_present_manual_source_recheck_required,manual_source_recheck_required,1628922,https://sky.wnba.com/roster,https://www.wnba.com/player/1628922/azura-stevens,https://cdn.wnba.com/headshots/wnba/latest/260x190/1628922.png,approved_assets_registry; decision_source=default; source_file=outputs/latest/review_files/athlete_image_approval_pack/downloads/chicago_sky/chicago_sky_azura_stevens__1628922.png; approved_at_utc=2026-06-16T04:22:55.100768+00:00,approved_marker_present; headshot_slot_requires_identity_and_crop_review; image_size=260x190; meets_headshot_floor; default_decision_source_manual_recheck_required,approve_for_review_only_renderer_use|hold_identity|revise_asset|revise_source_metadata,data/asset_registry/wnba/wnba_athlete_photo_review_intake.csv,data/asset_registry/wnba/athlete_photo_contact_sheets/chicago_sky.png,data/asset_registry/wnba/athlete_photo_contact_sheets/chicago_sky.md,true,false,false,false,false,false,false
chicago_sky_courtney_vandersloot,Courtney Vandersloot,chicago_sky,Chicago Sky,Eastern,assets/leagues/wnba/athletes/chicago_sky_courtney_vandersloot/headshot.png,true,assets/leagues/wnba/athletes/chicago_sky_courtney_vandersloot/headshot.png.approved,true,approved_marker_present_manual_source_recheck_required,manual_source_recheck_required,202664,https://sky.wnba.com/roster,https://www.wnba.com/player/202664/courtney-vandersloot,https://cdn.wnba.com/headshots/wnba/latest/260x190/202664.png,approved_assets_registry; decision_source=default; source_file=outputs/latest/review_files/athlete_image_approval_pack/downloads/chicago_sky/chicago_sky_courtney_vandersloot__202664.png; approved_at_utc=2026-06-16T04:22:55.100200+00:00,approved_marker_present; headshot_slot_requires_identity_and_crop_review; image_size=260x190; meets_headshot_floor; default_decision_source_manual_recheck_required,approve_for_review_only_renderer_use|hold_identity|revise_asset|revise_source_metadata,data/asset_registry/wnba/wnba_athlete_photo_review_intake.csv,data/asset_registry/wnba/athlete_photo_contact_sheets/chicago_sky.png,data/asset_registry/wnba/athlete_photo_contact_sheets/chicago_sky.md,true,false,false,false,false,false,false
chicago_sky_dijonai_carrington,DiJonai Carrington,chicago_sky,Chicago Sky,Eastern,assets/leagues/wnba/athletes/chicago_sky_dijonai_carrington/headshot.png,true,assets/leagues/wnba/athletes/chicago_sky_dijonai_carrington/headshot.png.approved,true,approved_marker_present_manual_source_recheck_required,manual_source_recheck_required,1630096,https://sky.wnba.com/roster,https://www.wnba.com/player/1630096/dijonai-carrington,https://cdn.wnba.com/headshots/wnba/latest/260x190/1630096.png,approved_assets_registry; decision_source=default; source_file=outputs/latest/review_files/athlete_image_approval_pack/downloads/chicago_sky/chicago_sky_dijonai_carrington__1630096.png; approved_at_utc=2026-06-16T04:22:55.098507+00:00,approved_marker_present; headshot_slot_requires_identity_and_crop_review; image_size=260x190; meets_headshot_floor; default_decision_source_manual_recheck_required,approve_for_review_only_renderer_use|hold_identity|revise_asset|revise_source_metadata,data/asset_registry/wnba/wnba_athlete_photo_review_intake.csv,data/asset_registry/wnba/athlete_photo_contact_sheets/chicago_sky.png,data/asset_registry/wnba/athlete_photo_contact_sheets/chicago_sky.md,true,false,false,false,false,false,false
chicago_sky_elizabeth_williams,Elizabeth Williams,chicago_sky,Chicago Sky,Eastern,assets/leagues/wnba/athletes/chicago_sky_elizabeth_williams/headshot.png,true,assets/leagues/wnba/athletes/chicago_sky_elizabeth_williams/headshot.png.approved,true,approved_marker_present_manual_source_recheck_required,manual_source_recheck_required,204322,https://sky.wnba.com/roster,https://www.wnba.com/player/204322/elizabeth-williams,https://cdn.wnba.com/headshots/wnba/latest/260x190/204322.png,approved_assets_registry; decision_source=default; source_file=outputs/latest/review_files/athlete_image_approval_pack/downloads/chicago_sky/chicago_sky_elizabeth_williams__204322.png; approved_at_utc=2026-06-16T04:22:55.097300+00:00,approved_marker_present; headshot_slot_requires_identity_and_crop_review; image_size=260x190; meets_headshot_floor; default_decision_source_manual_recheck_required,approve_for_review_only_renderer_use|hold_identity|revise_asset|revise_source_metadata,data/asset_registry/wnba/wnba_athlete_photo_review_intake.csv,data/asset_registry/wnba/athlete_photo_contact_sheets/chicago_sky.png,data/asset_registry/wnba/athlete_photo_contact_sheets/chicago_sky.md,true,false,false,false,false,false,false
chicago_sky_gabriela_jaquez,Gabriela Jaquez,chicago_sky,Chicago Sky,Eastern,assets/leagues/wnba/athletes/chicago_sky_gabriela_jaquez/headshot.png,true,assets/leagues/wnba/athletes/chicago_sky_gabriela_jaquez/headshot.png.approved,true,approved_marker_present_manual_source_recheck_required,manual_source_recheck_required,1643447,https://sky.wnba.com/roster,https://www.wnba.com/player/1643447/gabriela-jaquez,https://cdn.wnba.com/headshots/wnba/latest/260x190/1643447.png,approved_assets_registry; decision_source=default; source_file=outputs/latest/review_files/athlete_image_approval_pack/downloads/chicago_sky/chicago_sky_gabriela_jaquez__1643447.png; approved_at_utc=2026-06-16T04:22:55.099359+00:00,approved_marker_present; headshot_slot_requires_identity_and_crop_review; image_size=260x190; meets_headshot_floor; default_decision_source_manual_recheck_required,approve_for_review_only_renderer_use|hold_identity|revise_asset|revise_source_metadata,data/asset_registry/wnba/wnba_athlete_photo_review_intake.csv,data/asset_registry/wnba/athlete_photo_contact_sheets/chicago_sky.png,data/asset_registry/wnba/athlete_photo_contact_sheets/chicago_sky.md,true,false,false,false,false,false,false
chicago_sky_jacy_sheldon,Jacy Sheldon,chicago_sky,Chicago Sky,Eastern,assets/leagues/wnba/athletes/chicago_sky_jacy_sheldon/headshot.png,true,assets/leagues/wnba/athletes/chicago_sky_jacy_sheldon/headshot.png.approved,true,approved_marker_present_manual_source_recheck_required,manual_source_recheck_required,1642292,https://sky.wnba.com/roster,https://www.wnba.com/player/1642292/jacy-sheldon,https://cdn.wnba.com/headshots/wnba/latest/260x190/1642292.png,approved_assets_registry; decision_source=default; source_file=outputs/latest/review_files/athlete_image_approval_pack/downloads/chicago_sky/chicago_sky_jacy_sheldon__1642292.png; approved_at_utc=2026-06-16T04:22:55.097021+00:00,approved_marker_present; headshot_slot_requires_identity_and_crop_review; image_size=260x190; meets_headshot_floor; default_decision_source_manual_recheck_required,approve_for_review_only_renderer_use|hold_identity|revise_asset|revise_source_metadata,data/asset_registry/wnba/wnba_athlete_photo_review_intake.csv,data/asset_registry/wnba/athlete_photo_contact_sheets/chicago_sky.png,data/asset_registry/wnba/athlete_photo_contact_sheets/chicago_sky.md,true,false,false,false,false,false,false
chicago_sky_kamilla_cardoso,Kamilla Cardoso,chicago_sky,Chicago Sky,Eastern,assets/leagues/wnba/athletes/chicago_sky_kamilla_cardoso/headshot.png,true,assets/leagues/wnba/athletes/chicago_sky_kamilla_cardoso/headshot.png.approved,true,approved_marker_present_manual_source_recheck_required,manual_source_recheck_required,1642289,https://sky.wnba.com/roster,https://www.wnba.com/player/1642289/kamilla-cardoso,https://cdn.wnba.com/headshots/wnba/latest/260x190/1642289.png,approved_assets_registry; decision_source=default; source_file=outputs/latest/review_files/athlete_image_approval_pack/downloads/chicago_sky/chicago_sky_kamilla_cardoso__1642289.png; approved_at_utc=2026-06-16T04:22:55.099092+00:00,approved_marker_present; headshot_slot_requires_identity_and_crop_review; image_size=260x190; meets_headshot_floor; default_decision_source_manual_recheck_required,approve_for_review_only_renderer_use|hold_identity|revise_asset|revise_source_metadata,data/asset_registry/wnba/wnba_athlete_photo_review_intake.csv,data/asset_registry/wnba/athlete_photo_contact_sheets/chicago_sky.png,data/asset_registry/wnba/athlete_photo_contact_sheets/chicago_sky.md,true,false,false,false,false,false,false
chicago_sky_maddy_westbeld,Maddy Westbeld,chicago_sky,Chicago Sky,Eastern,assets/leagues/wnba/athletes/chicago_sky_maddy_westbeld/headshot.png,true,assets/leagues/wnba/athletes/chicago_sky_maddy_westbeld/headshot.png.approved,true,approved_marker_present_manual_source_recheck_required,manual_source_recheck_required,1642818,https://sky.wnba.com/roster,https://www.wnba.com/player/1642818/maddy-westbeld,https://cdn.wnba.com/headshots/wnba/latest/260x190/1642818.png,approved_assets_registry; decision_source=default; source_file=outputs/latest/review_files/athlete_image_approval_pack/downloads/chicago_sky/chicago_sky_maddy_westbeld__1642818.png; approved_at_utc=2026-06-16T04:22:55.099924+00:00,approved_marker_present; headshot_slot_requires_identity_and_crop_review; image_size=260x190; meets_headshot_floor; default_decision_source_manual_recheck_required,approve_for_review_only_renderer_use|hold_identity|revise_asset|revise_source_metadata,data/asset_registry/wnba/wnba_athlete_photo_review_intake.csv,data/asset_registry/wnba/athlete_photo_contact_sheets/chicago_sky.png,data/asset_registry/wnba/athlete_photo_contact_sheets/chicago_sky.md,true,false,false,false,false,false,false
chicago_sky_natasha_cloud,Natasha Cloud,chicago_sky,Chicago Sky,Eastern,assets/leagues/wnba/athletes/chicago_sky_natasha_cloud/headshot.png,true,assets/leagues/wnba/athletes/chicago_sky_natasha_cloud/headshot.png.approved,true,approved_marker_present_manual_source_recheck_required,manual_source_recheck_required,204333,https://sky.wnba.com/roster,https://www.wnba.com/player/204333/natasha-cloud,https://cdn.wnba.com/headshots/wnba/latest/260x190/204333.png,approved_assets_registry; decision_source=default; source_file=outputs/latest/review_files/athlete_image_approval_pack/downloads/chicago_sky/chicago_sky_natasha_cloud__204333.png; approved_at_utc=2026-06-16T04:22:55.098805+00:00,approved_marker_present; headshot_slot_requires_identity_and_crop_review; image_size=260x190; meets_headshot_floor; default_decision_source_manual_recheck_required,approve_for_review_only_renderer_use|hold_identity|revise_asset|revise_source_metadata,data/asset_registry/wnba/wnba_athlete_photo_review_intake.csv,data/asset_registry/wnba/athlete_photo_contact_sheets/chicago_sky.png,data/asset_registry/wnba/athlete_photo_contact_sheets/chicago_sky.md,true,false,false,false,false,false,false
chicago_sky_rachel_banham,Rachel Banham,chicago_sky,Chicago Sky,Eastern,assets/leagues/wnba/athletes/chicago_sky_rachel_banham/headshot.png,true,assets/leagues/wnba/athletes/chicago_sky_rachel_banham/headshot.png.approved,true,approved_marker_present_manual_source_recheck_required,manual_source_recheck_required,1627671,https://sky.wnba.com/roster,https://www.wnba.com/player/1627671/rachel-banham,https://cdn.wnba.com/headshots/wnba/latest/260x190/1627671.png,approved_assets_registry; decision_source=default; source_file=outputs/latest/review_files/athlete_image_approval_pack/downloads/chicago_sky/chicago_sky_rachel_banham__1627671.png; approved_at_utc=2026-06-16T04:22:55.100472+00:00,approved_marker_present; headshot_slot_requires_identity_and_crop_review; image_size=260x190; meets_headshot_floor; default_decision_source_manual_recheck_required,approve_for_review_only_renderer_use|hold_identity|revise_asset|revise_source_metadata,data/asset_registry/wnba/wnba_athlete_photo_review_intake.csv,data/asset_registry/wnba/athlete_photo_contact_sheets/chicago_sky.png,data/asset_registry/wnba/athlete_photo_contact_sheets/chicago_sky.md,true,false,false,false,false,false,false
chicago_sky_rickea_jackson,Rickea Jackson,chicago_sky,Chicago Sky,Eastern,assets/leagues/wnba/athletes/chicago_sky_rickea_jackson/headshot.png,true,assets/leagues/wnba/athletes/chicago_sky_rickea_jackson/headshot.png.approved,true,approved_marker_present_manual_source_recheck_required,manual_source_recheck_required,1642288,https://sky.wnba.com/roster,https://www.wnba.com/player/1642288/rickea-jackson,https://cdn.wnba.com/headshots/wnba/latest/260x190/1642288.png,approved_assets_registry; decision_source=default; source_file=outputs/latest/review_files/athlete_image_approval_pack/downloads/chicago_sky/chicago_sky_rickea_jackson__1642288.png; approved_at_utc=2026-06-16T04:22:55.097952+00:00,approved_marker_present; headshot_slot_requires_identity_and_crop_review; image_size=260x190; meets_headshot_floor; default_decision_source_manual_recheck_required,approve_for_review_only_renderer_use|hold_identity|revise_asset|revise_source_metadata,data/asset_registry/wnba/wnba_athlete_photo_review_intake.csv,data/asset_registry/wnba/athlete_photo_contact_sheets/chicago_sky.png,data/asset_registry/wnba/athlete_photo_contact_sheets/chicago_sky.md,true,false,false,false,false,false,false
chicago_sky_saylor_poffenbarger,Saylor Poffenbarger,chicago_sky,Chicago Sky,Eastern,assets/leagues/wnba/athletes/chicago_sky_saylor_poffenbarger/headshot.png,true,assets/leagues/wnba/athletes/chicago_sky_saylor_poffenbarger/headshot.png.approved,true,approved_marker_present_manual_source_recheck_required,manual_source_recheck_required,1643458,https://sky.wnba.com/roster,https://www.wnba.com/player/1643458/saylor-poffenbarger,https://cdn.wnba.com/headshots/wnba/latest/260x190/1643458.png,approved_assets_registry; decision_source=default; source_file=outputs/latest/review_files/athlete_image_approval_pack/downloads/chicago_sky/chicago_sky_saylor_poffenbarger__1643458.png; approved_at_utc=2026-06-16T04:22:55.098228+00:00,approved_marker_present; headshot_slot_requires_identity_and_crop_review; image_size=260x190; meets_headshot_floor; default_decision_source_manual_recheck_required,approve_for_review_only_renderer_use|hold_identity|revise_asset|revise_source_metadata,data/asset_registry/wnba/wnba_athlete_photo_review_intake.csv,data/asset_registry/wnba/athlete_photo_contact_sheets/chicago_sky.png,data/asset_registry/wnba/athlete_photo_contact_sheets/chicago_sky.md,true,false,false,false,false,false,false
chicago_sky_skylar_diggins,Skylar Diggins,chicago_sky,Chicago Sky,Eastern,assets/leagues/wnba/athletes/chicago_sky_skylar_diggins/headshot.png,true,assets/leagues/wnba/athletes/chicago_sky_skylar_diggins/headshot.png.approved,true,approved_marker_present_manual_source_recheck_required,manual_source_recheck_required,203400,https://sky.wnba.com/roster,https://www.wnba.com/player/203400/skylar-diggins,https://cdn.wnba.com/headshots/wnba/latest/260x190/203400.png,approved_assets_registry; decision_source=default; source_file=outputs/latest/review_files/athlete_image_approval_pack/downloads/chicago_sky/chicago_sky_skylar_diggins__203400.png; approved_at_utc=2026-06-16T04:22:55.097592+00:00,approved_marker_present; headshot_slot_requires_identity_and_crop_review; image_size=260x190; meets_headshot_floor; default_decision_source_manual_recheck_required,approve_for_review_only_renderer_use|hold_identity|revise_asset|revise_source_metadata,data/asset_registry/wnba/wnba_athlete_photo_review_intake.csv,data/asset_registry/wnba/athlete_photo_contact_sheets/chicago_sky.png,data/asset_registry/wnba/athlete_photo_contact_sheets/chicago_sky.md,true,false,false,false,false,false,false
chicago_sky_sydney_taylor,Sydney Taylor,chicago_sky,Chicago Sky,Eastern,assets/leagues/wnba/athletes/chicago_sky_sydney_taylor/headshot.png,true,assets/leagues/wnba/athletes/chicago_sky_sydney_taylor/headshot.png.approved,true,approved_marker_present_manual_source_recheck_required,manual_source_recheck_required,1642321,https://sky.wnba.com/roster,https://www.wnba.com/player/1642321/sydney-taylor,https://cdn.wnba.com/headshots/wnba/latest/260x190/1642321.png,approved_assets_registry; decision_source=default; source_file=outputs/latest/review_files/athlete_image_approval_pack/downloads/chicago_sky/chicago_sky_sydney_taylor__1642321.png; approved_at_utc=2026-06-16T04:22:55.099626+00:00,approved_marker_present; headshot_slot_requires_identity_and_crop_review; image_size=260x190; meets_headshot_floor; default_decision_source_manual_recheck_required,approve_for_review_only_renderer_use|hold_identity|revise_asset|revise_source_metadata,data/asset_registry/wnba/wnba_athlete_photo_review_intake.csv,data/asset_registry/wnba/athlete_photo_contact_sheets/chicago_sky.png,data/asset_registry/wnba/athlete_photo_contact_sheets/chicago_sky.md,true,false,false,false,false,false,false
connecticut_sun_aaliyah_edwards,Aaliyah Edwards,connecticut_sun,Connecticut Sun,Eastern,assets/leagues/wnba/athletes/connecticut_sun_aaliyah_edwards/headshot.png,true,assets/leagues/wnba/athletes/connecticut_sun_aaliyah_edwards/headshot.png.approved,true,approved_marker_present_manual_source_recheck_required,manual_source_recheck_required,1642290,https://sun.wnba.com/roster,https://www.wnba.com/player/1642290/aaliyah-edwards,https://cdn.wnba.com/headshots/wnba/latest/260x190/1642290.png,approved_assets_registry; decision_source=default; source_file=outputs/latest/review_files/athlete_image_approval_pack/downloads/connecticut_sun/connecticut_sun_aaliyah_edwards__1642290.png; approved_at_utc=2026-06-16T04:22:55.102770+00:00,approved_marker_present; headshot_slot_requires_identity_and_crop_review; image_size=260x190; meets_headshot_floor; default_decision_source_manual_recheck_required,approve_for_review_only_renderer_use|hold_identity|revise_asset|revise_source_metadata,data/asset_registry/wnba/wnba_athlete_photo_review_intake.csv,data/asset_registry/wnba/athlete_photo_contact_sheets/connecticut_sun.png,data/asset_registry/wnba/athlete_photo_contact_sheets/connecticut_sun.md,true,false,false,false,false,false,false
connecticut_sun_aneesah_morrow,Aneesah Morrow,connecticut_sun,Connecticut Sun,Eastern,assets/leagues/wnba/athletes/connecticut_sun_aneesah_morrow/headshot.png,true,assets/leagues/wnba/athletes/connecticut_sun_aneesah_morrow/headshot.png.approved,true,approved_marker_present_manual_source_recheck_required,manual_source_recheck_required,1642800,https://sun.wnba.com/roster,https://www.wnba.com/player/1642800/aneesah-morrow,https://cdn.wnba.com/headshots/wnba/latest/260x190/1642800.png,approved_assets_registry; decision_source=default; source_file=outputs/latest/review_files/athlete_image_approval_pack/downloads/connecticut_sun/connecticut_sun_aneesah_morrow__1642800.png; approved_at_utc=2026-06-16T04:22:55.103954+00:00,approved_marker_present; headshot_slot_requires_identity_and_crop_review; image_size=260x190; meets_headshot_floor; default_decision_source_manual_recheck_required,approve_for_review_only_renderer_use|hold_identity|revise_asset|revise_source_metadata,data/asset_registry/wnba/wnba_athlete_photo_review_intake.csv,data/asset_registry/wnba/athlete_photo_contact_sheets/connecticut_sun.png,data/asset_registry/wnba/athlete_photo_contact_sheets/connecticut_sun.md,true,false,false,false,false,false,false
connecticut_sun_ashlon_jackson,Ashlon Jackson,connecticut_sun,Connecticut Sun,Eastern,assets/leagues/wnba/athletes/connecticut_sun_ashlon_jackson/headshot.png,true,assets/leagues/wnba/athletes/connecticut_sun_ashlon_jackson/headshot.png.approved,true,approved_marker_present_manual_source_recheck_required,manual_source_recheck_required,1643437,https://sun.wnba.com/roster,https://www.wnba.com/player/1643437/ashlon-jackson,https://cdn.wnba.com/headshots/wnba/latest/260x190/1643437.png,approved_assets_registry; decision_source=default; source_file=outputs/latest/review_files/athlete_image_approval_pack/downloads/connecticut_sun/connecticut_sun_ashlon_jackson__1643437.png; approved_at_utc=2026-06-16T04:22:55.101890+00:00,approved_marker_present; headshot_slot_requires_identity_and_crop_review; image_size=260x190; meets_headshot_floor; default_decision_source_manual_recheck_required,approve_for_review_only_renderer_use|hold_identity|revise_asset|revise_source_metadata,data/asset_registry/wnba/wnba_athlete_photo_review_intake.csv,data/asset_registry/wnba/athlete_photo_contact_sheets/connecticut_sun.png,data/asset_registry/wnba/athlete_photo_contact_sheets/connecticut_sun.md,true,false,false,false,false,false,false
connecticut_sun_brittney_griner,Brittney Griner,connecticut_sun,Connecticut Sun,Eastern,assets/leagues/wnba/athletes/connecticut_sun_brittney_griner/headshot.png,true,assets/leagues/wnba/athletes/connecticut_sun_brittney_griner/headshot.png.approved,true,approved_marker_present_manual_source_recheck_required,manual_source_recheck_required,203398,https://sun.wnba.com/roster,https://www.wnba.com/player/203398/brittney-griner,https://cdn.wnba.com/headshots/wnba/latest/260x190/203398.png,approved_assets_registry; decision_source=default; source_file=outputs/latest/review_files/athlete_image_approval_pack/downloads/connecticut_sun/connecticut_sun_brittney_griner__203398.png; approved_at_utc=2026-06-16T04:22:55.104806+00:00,approved_marker_present; headshot_slot_requires_identity_and_crop_review; image_size=260x190; meets_headshot_floor; default_decision_source_manual_recheck_required,approve_for_review_only_renderer_use|hold_identity|revise_asset|revise_source_metadata,data/asset_registry/wnba/wnba_athlete_photo_review_intake.csv,data/asset_registry/wnba/athlete_photo_contact_sheets/connecticut_sun.png,data/asset_registry/wnba/athlete_photo_contact_sheets/connecticut_sun.md,true,false,false,false,false,false,false
connecticut_sun_charlisse_leger_walker,Charlisse Leger-Walker,connecticut_sun,Connecticut Sun,Eastern,assets/leagues/wnba/athletes/connecticut_sun_charlisse_leger_walker/headshot.png,true,assets/leagues/wnba/athletes/connecticut_sun_charlisse_leger_walker/headshot.png.approved,true,approved_marker_present_manual_source_recheck_required,manual_source_recheck_required,1643449,https://sun.wnba.com/roster,https://www.wnba.com/player/1643449/charlisse-leger-walker,https://cdn.wnba.com/headshots/wnba/latest/260x190/1643449.png,approved_assets_registry; decision_source=default; source_file=outputs/latest/review_files/athlete_image_approval_pack/downloads/connecticut_sun/connecticut_sun_charlisse_leger_walker__1643449.png; approved_at_utc=2026-06-16T04:22:55.102174+00:00,approved_marker_present; headshot_slot_requires_identity_and_crop_review; image_size=260x190; meets_headshot_floor; default_decision_source_manual_recheck_required,approve_for_review_only_renderer_use|hold_identity|revise_asset|revise_source_metadata,data/asset_registry/wnba/wnba_athlete_photo_review_intake.csv,data/asset_registry/wnba/athlete_photo_contact_sheets/connecticut_sun.png,data/asset_registry/wnba/athlete_photo_contact_sheets/connecticut_sun.md,true,false,false,false,false,false,false
connecticut_sun_diamond_miller,Diamond Miller,connecticut_sun,Connecticut Sun,Eastern,assets/leagues/wnba/athletes/connecticut_sun_diamond_miller/headshot.png,true,assets/leagues/wnba/athletes/connecticut_sun_diamond_miller/headshot.png.approved,true,approved_marker_present_manual_source_recheck_required,manual_source_recheck_required,1641649,https://sun.wnba.com/roster,https://www.wnba.com/player/1641649/diamond-miller,https://cdn.wnba.com/headshots/wnba/latest/260x190/1641649.png,approved_assets_registry; decision_source=default; source_file=outputs/latest/review_files/athlete_image_approval_pack/downloads/connecticut_sun/connecticut_sun_diamond_miller__1641649.png; approved_at_utc=2026-06-16T04:22:55.101317+00:00,approved_marker_present; headshot_slot_requires_identity_and_crop_review; image_size=260x190; meets_headshot_floor; default_decision_source_manual_recheck_required,approve_for_review_only_renderer_use|hold_identity|revise_asset|revise_source_metadata,data/asset_registry/wnba/wnba_athlete_photo_review_intake.csv,data/asset_registry/wnba/athlete_photo_contact_sheets/connecticut_sun.png,data/asset_registry/wnba/athlete_photo_contact_sheets/connecticut_sun.md,true,false,false,false,false,false,false
connecticut_sun_gianna_kneepkens,Gianna Kneepkens,connecticut_sun,Connecticut Sun,Eastern,assets/leagues/wnba/athletes/connecticut_sun_gianna_kneepkens/headshot.png,true,assets/leagues/wnba/athletes/connecticut_sun_gianna_kneepkens/headshot.png.approved,true,approved_marker_present_manual_source_recheck_required,manual_source_recheck_required,1643429,https://sun.wnba.com/roster,https://www.wnba.com/player/1643429/gianna-kneepkens,https://cdn.wnba.com/headshots/wnba/latest/260x190/1643429.png,approved_assets_registry; decision_source=default; source_file=outputs/latest/review_files/athlete_image_approval_pack/downloads/connecticut_sun/connecticut_sun_gianna_kneepkens__1643429.png; approved_at_utc=2026-06-16T04:22:55.102452+00:00,approved_marker_present; headshot_slot_requires_identity_and_crop_review; image_size=260x190; meets_headshot_floor; default_decision_source_manual_recheck_required,approve_for_review_only_renderer_use|hold_identity|revise_asset|revise_source_metadata,data/asset_registry/wnba/wnba_athlete_photo_review_intake.csv,data/asset_registry/wnba/athlete_photo_contact_sheets/connecticut_sun.png,data/asset_registry/wnba/athlete_photo_contact_sheets/connecticut_sun.md,true,false,false,false,false,false,false
connecticut_sun_hailey_van_lith,Hailey Van Lith,connecticut_sun,Connecticut Sun,Eastern,assets/leagues/wnba/athletes/connecticut_sun_hailey_van_lith/headshot.png,true,assets/leagues/wnba/athletes/connecticut_sun_hailey_van_lith/headshot.png.approved,true,approved_marker_present_manual_source_recheck_required,manual_source_recheck_required,1642817,https://sun.wnba.com/roster,https://www.wnba.com/player/1642817/hailey-van-lith,https://cdn.wnba.com/headshots/wnba/latest/260x190/1642817.png,approved_assets_registry; decision_source=default; source_file=outputs/latest/review_files/athlete_image_approval_pack/downloads/connecticut_sun/connecticut_sun_hailey_van_lith__1642817.png; approved_at_utc=2026-06-16T04:22:55.101590+00:00,approved_marker_present; headshot_slot_requires_identity_and_crop_review; image_size=260x190; meets_headshot_floor; default_decision_source_manual_recheck_required,approve_for_review_only_renderer_use|hold_identity|revise_asset|revise_source_metadata,data/asset_registry/wnba/wnba_athlete_photo_review_intake.csv,data/asset_registry/wnba/athlete_photo_contact_sheets/connecticut_sun.png,data/asset_registry/wnba/athlete_photo_contact_sheets/connecticut_sun.md,true,false,false,false,false,false,false
connecticut_sun_kennedy_burke,Kennedy Burke,connecticut_sun,Connecticut Sun,Eastern,assets/leagues/wnba/athletes/connecticut_sun_kennedy_burke/headshot.png,true,assets/leagues/wnba/athletes/connecticut_sun_kennedy_burke/headshot.png.approved,true,approved_marker_present_manual_source_recheck_required,manual_source_recheck_required,1629568,https://sun.wnba.com/roster,https://www.wnba.com/player/1629568/kennedy-burke,https://cdn.wnba.com/headshots/wnba/latest/260x190/1629568.png,approved_assets_registry; decision_source=default; source_file=outputs/latest/review_files/athlete_image_approval_pack/downloads/connecticut_sun/connecticut_sun_kennedy_burke__1629568.png; approved_at_utc=2026-06-16T04:22:55.104225+00:00,approved_marker_present; headshot_slot_requires_identity_and_crop_review; image_size=260x190; meets_headshot_floor; default_decision_source_manual_recheck_required,approve_for_review_only_renderer_use|hold_identity|revise_asset|revise_source_metadata,data/asset_registry/wnba/wnba_athlete_photo_review_intake.csv,data/asset_registry/wnba/athlete_photo_contact_sheets/connecticut_sun.png,data/asset_registry/wnba/athlete_photo_contact_sheets/connecticut_sun.md,true,false,false,false,false,false,false
connecticut_sun_leila_lacan,Leila Lacan,connecticut_sun,Connecticut Sun,Eastern,assets/leagues/wnba/athletes/connecticut_sun_leila_lacan/headshot.png,true,assets/leagues/wnba/athletes/connecticut_sun_leila_lacan/headshot.png.approved,true,approved_marker_present_manual_source_recheck_required,manual_source_recheck_required,1642303,https://sun.wnba.com/roster,https://www.wnba.com/player/1642303/leila-lacan,https://cdn.wnba.com/headshots/wnba/latest/260x190/1642303.png,approved_assets_registry; decision_source=default; source_file=outputs/latest/review_files/athlete_image_approval_pack/downloads/connecticut_sun/connecticut_sun_leila_lacan__1642303.png; approved_at_utc=2026-06-16T04:22:55.105077+00:00,approved_marker_present; headshot_slot_requires_identity_and_crop_review; image_size=260x190; meets_headshot_floor; default_decision_source_manual_recheck_required,approve_for_review_only_renderer_use|hold_identity|revise_asset|revise_source_metadata,data/asset_registry/wnba/wnba_athlete_photo_review_intake.csv,data/asset_registry/wnba/athlete_photo_contact_sheets/connecticut_sun.png,data/asset_registry/wnba/athlete_photo_contact_sheets/connecticut_sun.md,true,false,false,false,false,false,false
connecticut_sun_nell_angloma,Nell Angloma,connecticut_sun,Connecticut Sun,Eastern,assets/leagues/wnba/athletes/connecticut_sun_nell_angloma/headshot.png,true,assets/leagues/wnba/athletes/connecticut_sun_nell_angloma/headshot.png.approved,true,approved_marker_present_manual_source_recheck_required,manual_source_recheck_required,1643448,https://sun.wnba.com/roster,https://www.wnba.com/player/1643448/nell-angloma,https://cdn.wnba.com/headshots/wnba/latest/260x190/1643448.png,approved_assets_registry; decision_source=default; source_file=outputs/latest/review_files/athlete_image_approval_pack/downloads/connecticut_sun/connecticut_sun_nell_angloma__1643448.png; approved_at_utc=2026-06-16T04:22:55.104509+00:00,approved_marker_present; headshot_slot_requires_identity_and_crop_review; image_size=260x190; meets_headshot_floor; default_decision_source_manual_recheck_required,approve_for_review_only_renderer_use|hold_identity|revise_asset|revise_source_metadata,data/asset_registry/wnba/wnba_athlete_photo_review_intake.csv,data/asset_registry/wnba/athlete_photo_contact_sheets/connecticut_sun.png,data/asset_registry/wnba/athlete_photo_contact_sheets/connecticut_sun.md,true,false,false,false,false,false,false
connecticut_sun_olivia_nelson_ododa,Olivia Nelson-Ododa,connecticut_sun,Connecticut Sun,Eastern,assets/leagues/wnba/athletes/connecticut_sun_olivia_nelson_ododa/headshot.png,true,assets/leagues/wnba/athletes/connecticut_sun_olivia_nelson_ododa/headshot.png.approved,true,approved_marker_present_manual_source_recheck_required,manual_source_recheck_required,1631135,https://sun.wnba.com/roster,https://www.wnba.com/player/1631135/olivia-nelson-ododa,https://cdn.wnba.com/headshots/wnba/latest/260x190/1631135.png,approved_assets_registry; decision_source=default; source_file=outputs/latest/review_files/athlete_image_approval_pack/downloads/connecticut_sun/connecticut_sun_olivia_nelson_ododa__1631135.png; approved_at_utc=2026-06-16T04:22:55.103044+00:00,approved_marker_present; headshot_slot_requires_identity_and_crop_review; image_size=260x190; meets_headshot_floor; default_decision_source_manual_recheck_required,approve_for_review_only_renderer_use|hold_identity|revise_asset|revise_source_metadata,data/asset_registry/wnba/wnba_athlete_photo_review_intake.csv,data/asset_registry/wnba/athlete_photo_contact_sheets/connecticut_sun.png,data/asset_registry/wnba/athlete_photo_contact_sheets/connecticut_sun.md,true,false,false,false,false,false,false
connecticut_sun_raegan_beers,Raegan Beers,connecticut_sun,Connecticut Sun,Eastern,assets/leagues/wnba/athletes/connecticut_sun_raegan_beers/headshot.png,true,assets/leagues/wnba/athletes/connecticut_sun_raegan_beers/headshot.png.approved,true,approved_marker_present_manual_source_recheck_required,manual_source_recheck_required,1643441,https://sun.wnba.com/roster,https://www.wnba.com/player/1643441/raegan-beers,https://cdn.wnba.com/headshots/wnba/latest/260x190/1643441.png,approved_assets_registry; decision_source=default; source_file=outputs/latest/review_files/athlete_image_approval_pack/downloads/connecticut_sun/connecticut_sun_raegan_beers__1643441.png; approved_at_utc=2026-06-16T04:22:55.103324+00:00,approved_marker_present; headshot_slot_requires_identity_and_crop_review; image_size=260x190; meets_headshot_floor; default_decision_source_manual_recheck_required,approve_for_review_only_renderer_use|hold_identity|revise_asset|revise_source_metadata,data/asset_registry/wnba/wnba_athlete_photo_review_intake.csv,data/asset_registry/wnba/athlete_photo_contact_sheets/connecticut_sun.png,data/asset_registry/wnba/athlete_photo_contact_sheets/connecticut_sun.md,true,false,false,false,false,false,false
connecticut_sun_saniya_rivers,Saniya Rivers,connecticut_sun,Connecticut Sun,Eastern,assets/leagues/wnba/athletes/connecticut_sun_saniya_rivers/headshot.png,true,assets/leagues/wnba/athletes/connecticut_sun_saniya_rivers/headshot.png.approved,true,approved_marker_present_manual_source_recheck_required,manual_source_recheck_required,1642809,https://sun.wnba.com/roster,https://www.wnba.com/player/1642809/saniya-rivers,https://cdn.wnba.com/headshots/wnba/latest/260x190/1642809.png,approved_assets_registry; decision_source=default; source_file=outputs/latest/review_files/athlete_image_approval_pack/downloads/connecticut_sun/connecticut_sun_saniya_rivers__1642809.png; approved_at_utc=2026-06-16T04:22:55.103594+00:00,approved_marker_present; headshot_slot_requires_identity_and_crop_review; image_size=260x190; meets_headshot_floor; default_decision_source_manual_recheck_required,approve_for_review_only_renderer_use|hold_identity|revise_asset|revise_source_metadata,data/asset_registry/wnba/wnba_athlete_photo_review_intake.csv,data/asset_registry/wnba/athlete_photo_contact_sheets/connecticut_sun.png,data/asset_registry/wnba/athlete_photo_contact_sheets/connecticut_sun.md,true,false,false,false,false,false,false
dallas_wings_alanna_smith,Alanna Smith,dallas_wings,Dallas Wings,Western,assets/leagues/wnba/athletes/dallas_wings_alanna_smith/headshot.png,true,assets/leagues/wnba/athletes/dallas_wings_alanna_smith/headshot.png.approved,true,approved_marker_present_manual_source_recheck_required,manual_source_recheck_required,1629501,https://wings.wnba.com/roster,https://www.wnba.com/player/1629501/alanna-smith,https://cdn.wnba.com/headshots/wnba/latest/260x190/1629501.png,approved_assets_registry; decision_source=default; source_file=outputs/latest/review_files/athlete_image_approval_pack/downloads/dallas_wings/dallas_wings_alanna_smith__1629501.png; approved_at_utc=2026-06-16T04:22:55.121734+00:00,approved_marker_present; headshot_slot_requires_identity_and_crop_review; image_size=260x190; meets_headshot_floor; default_decision_source_manual_recheck_required,approve_for_review_only_renderer_use|hold_identity|revise_asset|revise_source_metadata,data/asset_registry/wnba/wnba_athlete_photo_review_intake.csv,data/asset_registry/wnba/athlete_photo_contact_sheets/dallas_wings.png,data/asset_registry/wnba/athlete_photo_contact_sheets/dallas_wings.md,true,false,false,false,false,false,false
dallas_wings_alysha_clark,Alysha Clark,dallas_wings,Dallas Wings,Western,assets/leagues/wnba/athletes/dallas_wings_alysha_clark/headshot.png,true,assets/leagues/wnba/athletes/dallas_wings_alysha_clark/headshot.png.approved,true,approved_marker_present_manual_source_recheck_required,manual_source_recheck_required,202252,https://wings.wnba.com/roster,https://www.wnba.com/player/202252/alysha-clark,https://cdn.wnba.com/headshots/wnba/latest/260x190/202252.png,approved_assets_registry; decision_source=default; source_file=outputs/latest/review_files/athlete_image_approval_pack/downloads/dallas_wings/dallas_wings_alysha_clark__202252.png; approved_at_utc=2026-06-16T04:22:55.121423+00:00,approved_marker_present; headshot_slot_requires_identity_and_crop_review; image_size=260x190; meets_headshot_floor; default_decision_source_manual_recheck_required,approve_for_review_only_renderer_use|hold_identity|revise_asset|revise_source_metadata,data/asset_registry/wnba/wnba_athlete_photo_review_intake.csv,data/asset_registry/wnba/athlete_photo_contact_sheets/dallas_wings.png,data/asset_registry/wnba/athlete_photo_contact_sheets/dallas_wings.md,true,false,false,false,false,false,false
dallas_wings_arike_ogunbowale,Arike Ogunbowale,dallas_wings,Dallas Wings,Western,assets/leagues/wnba/athletes/dallas_wings_arike_ogunbowale/headshot.png,true,assets/leagues/wnba/athletes/dallas_wings_arike_ogunbowale/headshot.png.approved,true,approved_marker_present_manual_source_recheck_required,manual_source_recheck_required,1629481,https://wings.wnba.com/roster,https://www.wnba.com/player/1629481/arike-ogunbowale,https://cdn.wnba.com/headshots/wnba/latest/260x190/1629481.png,approved_assets_registry; decision_source=default; source_file=outputs/latest/review_files/athlete_image_approval_pack/downloads/dallas_wings/dallas_wings_arike_ogunbowale__1629481.png; approved_at_utc=2026-06-16T04:22:55.122650+00:00,approved_marker_present; headshot_slot_requires_identity_and_crop_review; image_size=260x190; meets_headshot_floor; default_decision_source_manual_recheck_required,approve_for_review_only_renderer_use|hold_identity|revise_asset|revise_source_metadata,data/asset_registry/wnba/wnba_athlete_photo_review_intake.csv,data/asset_registry/wnba/athlete_photo_contact_sheets/dallas_wings.png,data/asset_registry/wnba/athlete_photo_contact_sheets/dallas_wings.md,true,false,false,false,false,false,false
dallas_wings_awak_kuier,Awak Kuier,dallas_wings,Dallas Wings,Western,assets/leagues/wnba/athletes/dallas_wings_awak_kuier/headshot.png,true,assets/leagues/wnba/athletes/dallas_wings_awak_kuier/headshot.png.approved,true,approved_marker_present_manual_source_recheck_required,manual_source_recheck_required,1630386,https://wings.wnba.com/roster,https://www.wnba.com/player/1630386/awak-kuier,https://cdn.wnba.com/headshots/wnba/latest/260x190/1630386.png,approved_assets_registry; decision_source=default; source_file=outputs/latest/review_files/athlete_image_approval_pack/downloads/dallas_wings/dallas_wings_awak_kuier__1630386.png; approved_at_utc=2026-06-16T04:22:55.123463+00:00,approved_marker_present; headshot_slot_requires_identity_and_crop_review; image_size=260x190; meets_headshot_floor; default_decision_source_manual_recheck_required,approve_for_review_only_renderer_use|hold_identity|revise_asset|revise_source_metadata,data/asset_registry/wnba/wnba_athlete_photo_review_intake.csv,data/asset_registry/wnba/athlete_photo_contact_sheets/dallas_wings.png,data/asset_registry/wnba/athlete_photo_contact_sheets/dallas_wings.md,true,false,false,false,false,false,false
dallas_wings_aziaha_james,Aziaha James,dallas_wings,Dallas Wings,Western,assets/leagues/wnba/athletes/dallas_wings_aziaha_james/headshot.png,true,assets/leagues/wnba/athletes/dallas_wings_aziaha_james/headshot.png.approved,true,approved_marker_present_manual_source_recheck_required,manual_source_recheck_required,1642793,https://wings.wnba.com/roster,https://www.wnba.com/player/1642793/aziaha-james,https://cdn.wnba.com/headshots/wnba/latest/260x190/1642793.png,approved_assets_registry; decision_source=default; source_file=outputs/latest/review_files/athlete_image_approval_pack/downloads/dallas_wings/dallas_wings_aziaha_james__1642793.png; approved_at_utc=2026-06-16T04:22:55.122011+00:00,approved_marker_present; headshot_slot_requires_identity_and_crop_review; image_size=260x190; meets_headshot_floor; default_decision_source_manual_recheck_required,approve_for_review_only_renderer_use|hold_identity|revise_asset|revise_source_metadata,data/asset_registry/wnba/wnba_athlete_photo_review_intake.csv,data/asset_registry/wnba/athlete_photo_contact_sheets/dallas_wings.png,data/asset_registry/wnba/athlete_photo_contact_sheets/dallas_wings.md,true,false,false,false,false,false,false
dallas_wings_azzi_fudd,Azzi Fudd,dallas_wings,Dallas Wings,Western,assets/leagues/wnba/athletes/dallas_wings_azzi_fudd/headshot.png,true,assets/leagues/wnba/athletes/dallas_wings_azzi_fudd/headshot.png.approved,true,approved_marker_present_manual_source_recheck_required,manual_source_recheck_required,1643425,https://wings.wnba.com/roster,https://www.wnba.com/player/1643425/azzi-fudd,https://cdn.wnba.com/headshots/wnba/latest/260x190/1643425.png,approved_assets_registry; decision_source=default; source_file=outputs/latest/review_files/athlete_image_approval_pack/downloads/dallas_wings/dallas_wings_azzi_fudd__1643425.png; approved_at_utc=2026-06-16T04:22:55.123754+00:00,approved_marker_present; headshot_slot_requires_identity_and_crop_review; image_size=260x190; meets_headshot_floor; default_decision_source_manual_recheck_required,approve_for_review_only_renderer_use|hold_identity|revise_asset|revise_source_metadata,data/asset_registry/wnba/wnba_athlete_photo_review_intake.csv,data/asset_registry/wnba/athlete_photo_contact_sheets/dallas_wings.png,data/asset_registry/wnba/athlete_photo_contact_sheets/dallas_wings.md,true,false,false,false,false,false,false
dallas_wings_costanza_verona,Costanza Verona,dallas_wings,Dallas Wings,Western,assets/leagues/wnba/athletes/dallas_wings_costanza_verona/headshot.png,true,assets/leagues/wnba/athletes/dallas_wings_costanza_verona/headshot.png.approved,true,approved_marker_present_manual_source_recheck_required,manual_source_recheck_required,1643424,https://wings.wnba.com/roster,https://www.wnba.com/player/1643424/costanza-verona,https://cdn.wnba.com/headshots/wnba/latest/260x190/1643424.png,approved_assets_registry; decision_source=default; source_file=outputs/latest/review_files/athlete_image_approval_pack/downloads/dallas_wings/dallas_wings_costanza_verona__1643424.png; approved_at_utc=2026-06-16T04:22:55.121156+00:00,approved_marker_present; headshot_slot_requires_identity_and_crop_review; image_size=260x190; meets_headshot_floor; default_decision_source_manual_recheck_required,approve_for_review_only_renderer_use|hold_identity|revise_asset|revise_source_metadata,data/asset_registry/wnba/wnba_athlete_photo_review_intake.csv,data/asset_registry/wnba/athlete_photo_contact_sheets/dallas_wings.png,data/asset_registry/wnba/athlete_photo_contact_sheets/dallas_wings.md,true,false,false,false,false,false,false
dallas_wings_jessica_shepard,Jessica Shepard,dallas_wings,Dallas Wings,Western,assets/leagues/wnba/athletes/dallas_wings_jessica_shepard/headshot.png,true,assets/leagues/wnba/athletes/dallas_wings_jessica_shepard/headshot.png.approved,true,approved_marker_present_manual_source_recheck_required,manual_source_recheck_required,1629491,https://wings.wnba.com/roster,https://www.wnba.com/player/1629491/jessica-shepard,https://cdn.wnba.com/headshots/wnba/latest/260x190/1629491.png,approved_assets_registry; decision_source=default; source_file=outputs/latest/review_files/athlete_image_approval_pack/downloads/dallas_wings/dallas_wings_jessica_shepard__1629491.png; approved_at_utc=2026-06-16T04:22:55.123197+00:00,approved_marker_present; headshot_slot_requires_identity_and_crop_review; image_size=260x190; meets_headshot_floor; default_decision_source_manual_recheck_required,approve_for_review_only_renderer_use|hold_identity|revise_asset|revise_source_metadata,data/asset_registry/wnba/wnba_athlete_photo_review_intake.csv,data/asset_registry/wnba/athlete_photo_contact_sheets/dallas_wings.png,data/asset_registry/wnba/athlete_photo_contact_sheets/dallas_wings.md,true,false,false,false,false,false,false
dallas_wings_li_yueru,Li Yueru,dallas_wings,Dallas Wings,Western,assets/leagues/wnba/athletes/dallas_wings_li_yueru/headshot.png,true,assets/leagues/wnba/athletes/dallas_wings_li_yueru/headshot.png.approved,true,approved_marker_present_manual_source_recheck_required,manual_source_recheck_required,1629574,https://wings.wnba.com/roster,https://www.wnba.com/player/1629574/li-yueru,https://cdn.wnba.com/headshots/wnba/latest/260x190/1629574.png,approved_assets_registry; decision_source=default; source_file=outputs/latest/review_files/athlete_image_approval_pack/downloads/dallas_wings/dallas_wings_li_yueru__1629574.png; approved_at_utc=2026-06-16T04:22:55.122930+00:00,approved_marker_present; headshot_slot_requires_identity_and_crop_review; image_size=260x190; meets_headshot_floor; default_decision_source_manual_recheck_required,approve_for_review_only_renderer_use|hold_identity|revise_asset|revise_source_metadata,data/asset_registry/wnba/wnba_athlete_photo_review_intake.csv,data/asset_registry/wnba/athlete_photo_contact_sheets/dallas_wings.png,data/asset_registry/wnba/athlete_photo_contact_sheets/dallas_wings.md,true,false,false,false,false,false,false
dallas_wings_maddy_siegrist,Maddy Siegrist,dallas_wings,Dallas Wings,Western,assets/leagues/wnba/athletes/dallas_wings_maddy_siegrist/headshot.png,true,assets/leagues/wnba/athletes/dallas_wings_maddy_siegrist/headshot.png.approved,true,approved_marker_present_manual_source_recheck_required,manual_source_recheck_required,1641652,https://wings.wnba.com/roster,https://www.wnba.com/player/1641652/maddy-siegrist,https://cdn.wnba.com/headshots/wnba/latest/260x190/1641652.png,approved_assets_registry; decision_source=default; source_file=outputs/latest/review_files/athlete_image_approval_pack/downloads/dallas_wings/dallas_wings_maddy_siegrist__1641652.png; approved_at_utc=2026-06-16T04:22:55.122364+00:00,approved_marker_present; headshot_slot_requires_identity_and_crop_review; image_size=260x190; meets_headshot_floor; default_decision_source_manual_recheck_required,approve_for_review_only_renderer_use|hold_identity|revise_asset|revise_source_metadata,data/asset_registry/wnba/wnba_athlete_photo_review_intake.csv,data/asset_registry/wnba/athlete_photo_contact_sheets/dallas_wings.png,data/asset_registry/wnba/athlete_photo_contact_sheets/dallas_wings.md,true,false,false,false,false,false,false
dallas_wings_odyssey_sims,Odyssey Sims,dallas_wings,Dallas Wings,Western,assets/leagues/wnba/athletes/dallas_wings_odyssey_sims/headshot.png,true,assets/leagues/wnba/athletes/dallas_wings_odyssey_sims/headshot.png.approved,true,approved_marker_present_manual_source_recheck_required,manual_source_recheck_required,203824,https://wings.wnba.com/roster,https://www.wnba.com/player/203824/odyssey-sims,https://cdn.wnba.com/headshots/wnba/latest/260x190/203824.png,approved_assets_registry; decision_source=default; source_file=outputs/latest/review_files/athlete_image_approval_pack/downloads/dallas_wings/dallas_wings_odyssey_sims__203824.png; approved_at_utc=2026-06-16T04:22:55.120243+00:00,approved_marker_present; headshot_slot_requires_identity_and_crop_review; image_size=260x190; meets_headshot_floor; default_decision_source_manual_recheck_required,approve_for_review_only_renderer_use|hold_identity|revise_asset|revise_source_metadata,data/asset_registry/wnba/wnba_athlete_photo_review_intake.csv,data/asset_registry/wnba/athlete_photo_contact_sheets/dallas_wings.png,data/asset_registry/wnba/athlete_photo_contact_sheets/dallas_wings.md,true,false,false,false,false,false,false
dallas_wings_paige_bueckers,Paige Bueckers,dallas_wings,Dallas Wings,Western,assets/leagues/wnba/athletes/dallas_wings_paige_bueckers/headshot.png,true,assets/leagues/wnba/athletes/dallas_wings_paige_bueckers/headshot.png.approved,true,approved_marker_present_manual_source_recheck_required,manual_source_recheck_required,1642784,https://wings.wnba.com/roster,https://www.wnba.com/player/1642784/paige-bueckers,https://cdn.wnba.com/headshots/wnba/latest/260x190/1642784.png,approved_assets_registry; decision_source=default; source_file=outputs/latest/review_files/athlete_image_approval_pack/downloads/dallas_wings/dallas_wings_paige_bueckers__1642784.png; approved_at_utc=2026-06-16T04:22:55.120834+00:00,approved_marker_present; headshot_slot_requires_identity_and_crop_review; image_size=260x190; meets_headshot_floor; default_decision_source_manual_recheck_required,approve_for_review_only_renderer_use|hold_identity|revise_asset|revise_source_metadata,data/asset_registry/wnba/wnba_athlete_photo_review_intake.csv,data/asset_registry/wnba/athlete_photo_contact_sheets/dallas_wings.png,data/asset_registry/wnba/athlete_photo_contact_sheets/dallas_wings.md,true,false,false,false,false,false,false
dallas_wings_sug_sutton,Sug Sutton,dallas_wings,Dallas Wings,Western,assets/leagues/wnba/athletes/dallas_wings_sug_sutton/headshot.png,true,assets/leagues/wnba/athletes/dallas_wings_sug_sutton/headshot.png.approved,true,approved_marker_present_manual_source_recheck_required,manual_source_recheck_required,1630134,https://wings.wnba.com/roster,https://www.wnba.com/player/1630134/sug-sutton,https://cdn.wnba.com/headshots/wnba/latest/260x190/1630134.png,approved_assets_registry; decision_source=default; source_file=outputs/latest/review_files/athlete_image_approval_pack/downloads/dallas_wings/dallas_wings_sug_sutton__1630134.png; approved_at_utc=2026-06-16T04:22:55.120516+00:00,approved_marker_present; headshot_slot_requires_identity_and_crop_review; image_size=260x190; meets_headshot_floor; default_decision_source_manual_recheck_required,approve_for_review_only_renderer_use|hold_identity|revise_asset|revise_source_metadata,data/asset_registry/wnba/wnba_athlete_photo_review_intake.csv,data/asset_registry/wnba/athlete_photo_contact_sheets/dallas_wings.png,data/asset_registry/wnba/athlete_photo_contact_sheets/dallas_wings.md,true,false,false,false,false,false,false
golden_state_valkyries_ashten_prechtel,Ashten Prechtel,golden_state_valkyries,Golden State Valkyries,Western,assets/leagues/wnba/athletes/golden_state_valkyries_ashten_prechtel/headshot.png,true,assets/leagues/wnba/athletes/golden_state_valkyries_ashten_prechtel/headshot.png.approved,true,approved_marker_present_manual_source_recheck_required,manual_source_recheck_required,1641695,https://valkyries.wnba.com/roster,https://www.wnba.com/player/1641695/ashten-prechtel,https://cdn.wnba.com/headshots/wnba/latest/260x190/1641695.png,approved_assets_registry; decision_source=default; source_file=outputs/latest/review_files/athlete_image_approval_pack/downloads/golden_state_valkyries/golden_state_valkyries_ashten_prechtel__1641695.png; approved_at_utc=2026-06-16T04:22:55.125841+00:00,approved_marker_present; headshot_slot_requires_identity_and_crop_review; image_size=260x190; meets_headshot_floor; default_decision_source_manual_recheck_required,approve_for_review_only_renderer_use|hold_identity|revise_asset|revise_source_metadata,data/asset_registry/wnba/wnba_athlete_photo_review_intake.csv,data/asset_registry/wnba/athlete_photo_contact_sheets/golden_state_valkyries.png,data/asset_registry/wnba/athlete_photo_contact_sheets/golden_state_valkyries.md,true,false,false,false,false,false,false
golden_state_valkyries_cecilia_zandalasini,Cecilia Zandalasini,golden_state_valkyries,Golden State Valkyries,Western,assets/leagues/wnba/athletes/golden_state_valkyries_cecilia_zandalasini/headshot.png,true,assets/leagues/wnba/athletes/golden_state_valkyries_cecilia_zandalasini/headshot.png.approved,true,approved_marker_present_manual_source_recheck_required,manual_source_recheck_required,1628508,https://valkyries.wnba.com/roster,https://www.wnba.com/player/1628508/cecilia-zandalasini,https://cdn.wnba.com/headshots/wnba/latest/260x190/1628508.png,approved_assets_registry; decision_source=default; source_file=outputs/latest/review_files/athlete_image_approval_pack/downloads/golden_state_valkyries/golden_state_valkyries_cecilia_zandalasini__1628508.png; approved_at_utc=2026-06-16T04:22:55.127224+00:00,approved_marker_present; headshot_slot_requires_identity_and_crop_review; image_size=260x190; meets_headshot_floor; default_decision_source_manual_recheck_required,approve_for_review_only_renderer_use|hold_identity|revise_asset|revise_source_metadata,data/asset_registry/wnba/wnba_athlete_photo_review_intake.csv,data/asset_registry/wnba/athlete_photo_contact_sheets/golden_state_valkyries.png,data/asset_registry/wnba/athlete_photo_contact_sheets/golden_state_valkyries.md,true,false,false,false,false,false,false
golden_state_valkyries_gabby_williams,Gabby Williams,golden_state_valkyries,Golden State Valkyries,Western,assets/leagues/wnba/athletes/golden_state_valkyries_gabby_williams/headshot.png,true,assets/leagues/wnba/athletes/golden_state_valkyries_gabby_williams/headshot.png.approved,true,approved_marker_present_manual_source_recheck_required,manual_source_recheck_required,1628931,https://valkyries.wnba.com/roster,https://www.wnba.com/player/1628931/gabby-williams,https://cdn.wnba.com/headshots/wnba/latest/260x190/1628931.png,approved_assets_registry; decision_source=default; source_file=outputs/latest/review_files/athlete_image_approval_pack/downloads/golden_state_valkyries/golden_state_valkyries_gabby_williams__1628931.png; approved_at_utc=2026-06-16T04:22:55.124115+00:00,approved_marker_present; headshot_slot_requires_identity_and_crop_review; image_size=260x190; meets_headshot_floor; default_decision_source_manual_recheck_required,approve_for_review_only_renderer_use|hold_identity|revise_asset|revise_source_metadata,data/asset_registry/wnba/wnba_athlete_photo_review_intake.csv,data/asset_registry/wnba/athlete_photo_contact_sheets/golden_state_valkyries.png,data/asset_registry/wnba/athlete_photo_contact_sheets/golden_state_valkyries.md,true,false,false,false,false,false,false
golden_state_valkyries_iliana_rupert,Iliana Rupert,golden_state_valkyries,Golden State Valkyries,Western,assets/leagues/wnba/athletes/golden_state_valkyries_iliana_rupert/headshot.png,true,assets/leagues/wnba/athletes/golden_state_valkyries_iliana_rupert/headshot.png.approved,true,approved_marker_present_manual_source_recheck_required,manual_source_recheck_required,1630387,https://valkyries.wnba.com/roster,https://www.wnba.com/player/1630387/iliana-rupert,https://cdn.wnba.com/headshots/wnba/latest/260x190/1630387.png,approved_assets_registry; decision_source=default; source_file=outputs/latest/review_files/athlete_image_approval_pack/downloads/golden_state_valkyries/golden_state_valkyries_iliana_rupert__1630387.png; approved_at_utc=2026-06-16T04:22:55.126121+00:00,approved_marker_present; headshot_slot_requires_identity_and_crop_review; image_size=260x190; meets_headshot_floor; default_decision_source_manual_recheck_required,approve_for_review_only_renderer_use|hold_identity|revise_asset|revise_source_metadata,data/asset_registry/wnba/wnba_athlete_photo_review_intake.csv,data/asset_registry/wnba/athlete_photo_contact_sheets/golden_state_valkyries.png,data/asset_registry/wnba/athlete_photo_contact_sheets/golden_state_valkyries.md,true,false,false,false,false,false,false
golden_state_valkyries_janelle_salaun,Janelle Salaun,golden_state_valkyries,Golden State Valkyries,Western,assets/leagues/wnba/athletes/golden_state_valkyries_janelle_salaun/headshot.png,true,assets/leagues/wnba/athletes/golden_state_valkyries_janelle_salaun/headshot.png.approved,true,approved_marker_present_manual_source_recheck_required,manual_source_recheck_required,1642767,https://valkyries.wnba.com/roster,https://www.wnba.com/player/1642767/janelle-salaun,https://cdn.wnba.com/headshots/wnba/latest/260x190/1642767.png,approved_assets_registry; decision_source=default; source_file=outputs/latest/review_files/athlete_image_approval_pack/downloads/golden_state_valkyries/golden_state_valkyries_janelle_salaun__1642767.png; approved_at_utc=2026-06-16T04:22:55.126393+00:00,approved_marker_present; headshot_slot_requires_identity_and_crop_review; image_size=260x190; meets_headshot_floor; default_decision_source_manual_recheck_required,approve_for_review_only_renderer_use|hold_identity|revise_asset|revise_source_metadata,data/asset_registry/wnba/wnba_athlete_photo_review_intake.csv,data/asset_registry/wnba/athlete_photo_contact_sheets/golden_state_valkyries.png,data/asset_registry/wnba/athlete_photo_contact_sheets/golden_state_valkyries.md,true,false,false,false,false,false,false
golden_state_valkyries_juste_jocyte,Juste Jocyte,golden_state_valkyries,Golden State Valkyries,Western,assets/leagues/wnba/athletes/golden_state_valkyries_juste_jocyte/headshot.png,false,assets/leagues/wnba/athletes/golden_state_valkyries_juste_jocyte/headshot.png.approved,false,missing_asset_not_renderable,needs_human_approval,1642794,https://valkyries.wnba.com/roster,https://www.wnba.com/player/1642794/juste-jocyte,https://cdn.wnba.com/headshots/wnba/latest/260x190/1642794.png,match_review_registry; status=needs_human_approval; image_url=https://cdn.wnba.com/headshots/wnba/latest/260x190/1642794.png; confidence=0.72,asset_file_missing; headshot_slot_requires_identity_and_crop_review,approve_for_review_only_renderer_use|hold_identity|revise_asset|revise_source_metadata,data/asset_registry/wnba/wnba_athlete_photo_review_intake.csv,data/asset_registry/wnba/athlete_photo_contact_sheets/golden_state_valkyries.png,data/asset_registry/wnba/athlete_photo_contact_sheets/golden_state_valkyries.md,true,false,false,false,false,false,false
golden_state_valkyries_kaila_charles,Kaila Charles,golden_state_valkyries,Golden State Valkyries,Western,assets/leagues/wnba/athletes/golden_state_valkyries_kaila_charles/headshot.png,true,assets/leagues/wnba/athletes/golden_state_valkyries_kaila_charles/headshot.png.approved,true,approved_marker_present_manual_source_recheck_required,manual_source_recheck_required,1630097,https://valkyries.wnba.com/roster,https://www.wnba.com/player/1630097/kaila-charles,https://cdn.wnba.com/headshots/wnba/latest/260x190/1630097.png,approved_assets_registry; decision_source=default; source_file=outputs/latest/review_files/athlete_image_approval_pack/downloads/golden_state_valkyries/golden_state_valkyries_kaila_charles__1630097.png; approved_at_utc=2026-06-16T04:22:55.125256+00:00,approved_marker_present; headshot_slot_requires_identity_and_crop_review; image_size=260x190; meets_headshot_floor; default_decision_source_manual_recheck_required,approve_for_review_only_renderer_use|hold_identity|revise_asset|revise_source_metadata,data/asset_registry/wnba/wnba_athlete_photo_review_intake.csv,data/asset_registry/wnba/athlete_photo_contact_sheets/golden_state_valkyries.png,data/asset_registry/wnba/athlete_photo_contact_sheets/golden_state_valkyries.md,true,false,false,false,false,false,false
golden_state_valkyries_kaitlyn_chen,Kaitlyn Chen,golden_state_valkyries,Golden State Valkyries,Western,assets/leagues/wnba/athletes/golden_state_valkyries_kaitlyn_chen/headshot.png,true,assets/leagues/wnba/athletes/golden_state_valkyries_kaitlyn_chen/headshot.png.approved,true,approved_marker_present_manual_source_recheck_required,manual_source_recheck_required,1642822,https://valkyries.wnba.com/roster,https://www.wnba.com/player/1642822/kaitlyn-chen,https://cdn.wnba.com/headshots/wnba/latest/260x190/1642822.png,approved_assets_registry; decision_source=default; source_file=outputs/latest/review_files/athlete_image_approval_pack/downloads/golden_state_valkyries/golden_state_valkyries_kaitlyn_chen__1642822.png; approved_at_utc=2026-06-16T04:22:55.124392+00:00,approved_marker_present; headshot_slot_requires_identity_and_crop_review; image_size=260x190; meets_headshot_floor; default_decision_source_manual_recheck_required,approve_for_review_only_renderer_use|hold_identity|revise_asset|revise_source_metadata,data/asset_registry/wnba/wnba_athlete_photo_review_intake.csv,data/asset_registry/wnba/athlete_photo_contact_sheets/golden_state_valkyries.png,data/asset_registry/wnba/athlete_photo_contact_sheets/golden_state_valkyries.md,true,false,false,false,false,false,false
golden_state_valkyries_kayla_thornton,Kayla Thornton,golden_state_valkyries,Golden State Valkyries,Western,assets/leagues/wnba/athletes/golden_state_valkyries_kayla_thornton/headshot.png,true,assets/leagues/wnba/athletes/golden_state_valkyries_kayla_thornton/headshot.png.approved,true,approved_marker_present_manual_source_recheck_required,manual_source_recheck_required,203866,https://valkyries.wnba.com/roster,https://www.wnba.com/player/203866/kayla-thornton,https://cdn.wnba.com/headshots/wnba/latest/260x190/203866.png,approved_assets_registry; decision_source=default; source_file=outputs/latest/review_files/athlete_image_approval_pack/downloads/golden_state_valkyries/golden_state_valkyries_kayla_thornton__203866.png; approved_at_utc=2026-06-16T04:22:55.124988+00:00,approved_marker_present; headshot_slot_requires_identity_and_crop_review; image_size=260x190; meets_headshot_floor; default_decision_source_manual_recheck_required,approve_for_review_only_renderer_use|hold_identity|revise_asset|revise_source_metadata,data/asset_registry/wnba/wnba_athlete_photo_review_intake.csv,data/asset_registry/wnba/athlete_photo_contact_sheets/golden_state_valkyries.png,data/asset_registry/wnba/athlete_photo_contact_sheets/golden_state_valkyries.md,true,false,false,false,false,false,false
golden_state_valkyries_kiah_stokes,Kiah Stokes,golden_state_valkyries,Golden State Valkyries,Western,assets/leagues/wnba/athletes/golden_state_valkyries_kiah_stokes/headshot.png,true,assets/leagues/wnba/athletes/golden_state_valkyries_kiah_stokes/headshot.png.approved,true,approved_marker_present_manual_source_recheck_required,manual_source_recheck_required,204329,https://valkyries.wnba.com/roster,https://www.wnba.com/player/204329/kiah-stokes,https://cdn.wnba.com/headshots/wnba/latest/260x190/204329.png,approved_assets_registry; decision_source=default; source_file=outputs/latest/review_files/athlete_image_approval_pack/downloads/golden_state_valkyries/golden_state_valkyries_kiah_stokes__204329.png; approved_at_utc=2026-06-16T04:22:55.127496+00:00,approved_marker_present; headshot_slot_requires_identity_and_crop_review; image_size=260x190; meets_headshot_floor; default_decision_source_manual_recheck_required,approve_for_review_only_renderer_use|hold_identity|revise_asset|revise_source_metadata,data/asset_registry/wnba/wnba_athlete_photo_review_intake.csv,data/asset_registry/wnba/athlete_photo_contact_sheets/golden_state_valkyries.png,data/asset_registry/wnba/athlete_photo_contact_sheets/golden_state_valkyries.md,true,false,false,false,false,false,false
golden_state_valkyries_laeticia_amihere,Laeticia Amihere,golden_state_valkyries,Golden State Valkyries,Western,assets/leagues/wnba/athletes/golden_state_valkyries_laeticia_amihere/headshot.png,true,assets/leagues/wnba/athletes/golden_state_valkyries_laeticia_amihere/headshot.png.approved,true,approved_marker_present_manual_source_recheck_required,manual_source_recheck_required,1641656,https://valkyries.wnba.com/roster,https://www.wnba.com/player/1641656/laeticia-amihere,https://cdn.wnba.com/headshots/wnba/latest/260x190/1641656.png,approved_assets_registry; decision_source=default; source_file=outputs/latest/review_files/athlete_image_approval_pack/downloads/golden_state_valkyries/golden_state_valkyries_laeticia_amihere__1641656.png; approved_at_utc=2026-06-16T04:22:55.124693+00:00,approved_marker_present; headshot_slot_requires_identity_and_crop_review; image_size=260x190; meets_headshot_floor; default_decision_source_manual_recheck_required,approve_for_review_only_renderer_use|hold_identity|revise_asset|revise_source_metadata,data/asset_registry/wnba/wnba_athlete_photo_review_intake.csv,data/asset_registry/wnba/athlete_photo_contact_sheets/golden_state_valkyries.png,data/asset_registry/wnba/athlete_photo_contact_sheets/golden_state_valkyries.md,true,false,false,false,false,false,false
golden_state_valkyries_miela_sowah,Miela Sowah,golden_state_valkyries,Golden State Valkyries,Western,assets/leagues/wnba/athletes/golden_state_valkyries_miela_sowah/headshot.png,true,assets/leagues/wnba/athletes/golden_state_valkyries_miela_sowah/headshot.png.approved,true,approved_marker_present_manual_source_recheck_required,manual_source_recheck_required,1631039,https://valkyries.wnba.com/roster,https://www.wnba.com/player/1631039/miela-sowah,https://cdn.wnba.com/headshots/wnba/latest/260x190/1631039.png,approved_assets_registry; decision_source=default; source_file=outputs/latest/review_files/athlete_image_approval_pack/downloads/golden_state_valkyries/golden_state_valkyries_miela_sowah__1631039.png; approved_at_utc=2026-06-16T04:22:55.125527+00:00,approved_marker_present; headshot_slot_requires_identity_and_crop_review; image_size=260x190; meets_headshot_floor; default_decision_source_manual_recheck_required,approve_for_review_only_renderer_use|hold_identity|revise_asset|revise_source_metadata,data/asset_registry/wnba/wnba_athlete_photo_review_intake.csv,data/asset_registry/wnba/athlete_photo_contact_sheets/golden_state_valkyries.png,data/asset_registry/wnba/athlete_photo_contact_sheets/golden_state_valkyries.md,true,false,false,false,false,false,false
golden_state_valkyries_nadia_fingall,Nadia Fingall,golden_state_valkyries,Golden State Valkyries,Western,assets/leagues/wnba/athletes/golden_state_valkyries_nadia_fingall/headshot.png,false,assets/leagues/wnba/athletes/golden_state_valkyries_nadia_fingall/headshot.png.approved,false,missing_asset_not_renderable,needs_human_approval,1643686,https://valkyries.wnba.com/roster,https://www.wnba.com/player/1643686/nadia-fingall,https://cdn.wnba.com/headshots/wnba/latest/260x190/1643686.png,match_review_registry; status=needs_human_approval; image_url=https://cdn.wnba.com/headshots/wnba/latest/260x190/1643686.png; confidence=0.72,asset_file_missing; headshot_slot_requires_identity_and_crop_review,approve_for_review_only_renderer_use|hold_identity|revise_asset|revise_source_metadata,data/asset_registry/wnba/wnba_athlete_photo_review_intake.csv,data/asset_registry/wnba/athlete_photo_contact_sheets/golden_state_valkyries.png,data/asset_registry/wnba/athlete_photo_contact_sheets/golden_state_valkyries.md,true,false,false,false,false,false,false
golden_state_valkyries_tiffany_hayes,Tiffany Hayes,golden_state_valkyries,Golden State Valkyries,Western,assets/leagues/wnba/athletes/golden_state_valkyries_tiffany_hayes/headshot.png,true,assets/leagues/wnba/athletes/golden_state_valkyries_tiffany_hayes/headshot.png.approved,true,approved_marker_present_manual_source_recheck_required,manual_source_recheck_required,203026,https://valkyries.wnba.com/roster,https://www.wnba.com/player/203026/tiffany-hayes,https://cdn.wnba.com/headshots/wnba/latest/260x190/203026.png,approved_assets_registry; decision_source=default; source_file=outputs/latest/review_files/athlete_image_approval_pack/downloads/golden_state_valkyries/golden_state_valkyries_tiffany_hayes__203026.png; approved_at_utc=2026-06-16T04:22:55.126685+00:00,approved_marker_present; headshot_slot_requires_identity_and_crop_review; image_size=260x190; meets_headshot_floor; default_decision_source_manual_recheck_required,approve_for_review_only_renderer_use|hold_identity|revise_asset|revise_source_metadata,data/asset_registry/wnba/wnba_athlete_photo_review_intake.csv,data/asset_registry/wnba/athlete_photo_contact_sheets/golden_state_valkyries.png,data/asset_registry/wnba/athlete_photo_contact_sheets/golden_state_valkyries.md,true,false,false,false,false,false,false
golden_state_valkyries_veronica_burton,Veronica Burton,golden_state_valkyries,Golden State Valkyries,Western,assets/leagues/wnba/athletes/golden_state_valkyries_veronica_burton/headshot.png,true,assets/leagues/wnba/athletes/golden_state_valkyries_veronica_burton/headshot.png.approved,true,approved_marker_present_manual_source_recheck_required,manual_source_recheck_required,1631007,https://valkyries.wnba.com/roster,https://www.wnba.com/player/1631007/veronica-burton,https://cdn.wnba.com/headshots/wnba/latest/260x190/1631007.png,approved_assets_registry; decision_source=default; source_file=outputs/latest/review_files/athlete_image_approval_pack/downloads/golden_state_valkyries/golden_state_valkyries_veronica_burton__1631007.png; approved_at_utc=2026-06-16T04:22:55.126957+00:00,approved_marker_present; headshot_slot_requires_identity_and_crop_review; image_size=260x190; meets_headshot_floor; default_decision_source_manual_recheck_required,approve_for_review_only_renderer_use|hold_identity|revise_asset|revise_source_metadata,data/asset_registry/wnba/wnba_athlete_photo_review_intake.csv,data/asset_registry/wnba/athlete_photo_contact_sheets/golden_state_valkyries.png,data/asset_registry/wnba/athlete_photo_contact_sheets/golden_state_valkyries.md,true,false,false,false,false,false,false
indiana_fever_aliyah_boston,Aliyah Boston,indiana_fever,Indiana Fever,Eastern,assets/leagues/wnba/athletes/indiana_fever_aliyah_boston/headshot.png,true,assets/leagues/wnba/athletes/indiana_fever_aliyah_boston/headshot.png.approved,true,approved_marker_present_manual_source_recheck_required,manual_source_recheck_required,1641648,https://fever.wnba.com/roster,https://www.wnba.com/player/1641648/aliyah-boston,https://cdn.wnba.com/headshots/wnba/latest/260x190/1641648.png,approved_assets_registry; decision_source=default; source_file=outputs/latest/review_files/athlete_image_approval_pack/downloads/indiana_fever/indiana_fever_aliyah_boston__1641648.png; approved_at_utc=2026-06-16T04:22:55.106220+00:00,approved_marker_present; headshot_slot_requires_identity_and_crop_review; image_size=260x190; meets_headshot_floor; default_decision_source_manual_recheck_required,approve_for_review_only_renderer_use|hold_identity|revise_asset|revise_source_metadata,data/asset_registry/wnba/wnba_athlete_photo_review_intake.csv,data/asset_registry/wnba/athlete_photo_contact_sheets/indiana_fever.png,data/asset_registry/wnba/athlete_photo_contact_sheets/indiana_fever.md,true,false,false,false,false,false,false
indiana_fever_bree_hall,Bree Hall,indiana_fever,Indiana Fever,Eastern,assets/leagues/wnba/athletes/indiana_fever_bree_hall/headshot.png,true,assets/leagues/wnba/athletes/indiana_fever_bree_hall/headshot.png.approved,true,approved_marker_present_manual_source_recheck_required,manual_source_recheck_required,1642788,https://fever.wnba.com/roster,https://www.wnba.com/player/1642788/bree-hall,https://cdn.wnba.com/headshots/wnba/latest/260x190/1642788.png,approved_assets_registry; decision_source=default; source_file=outputs/latest/review_files/athlete_image_approval_pack/downloads/indiana_fever/indiana_fever_bree_hall__1642788.png; approved_at_utc=2026-06-16T04:22:55.108427+00:00,approved_marker_present; headshot_slot_requires_identity_and_crop_review; image_size=260x190; meets_headshot_floor; default_decision_source_manual_recheck_required,approve_for_review_only_renderer_use|hold_identity|revise_asset|revise_source_metadata,data/asset_registry/wnba/wnba_athlete_photo_review_intake.csv,data/asset_registry/wnba/athlete_photo_contact_sheets/indiana_fever.png,data/asset_registry/wnba/athlete_photo_contact_sheets/indiana_fever.md,true,false,false,false,false,false,false
indiana_fever_caitlin_clark,Caitlin Clark,indiana_fever,Indiana Fever,Eastern,assets/leagues/wnba/athletes/indiana_fever_caitlin_clark/headshot.png,true,assets/leagues/wnba/athletes/indiana_fever_caitlin_clark/headshot.png.approved,true,approved_marker_present_manual_source_recheck_required,manual_source_recheck_required,1642286,https://fever.wnba.com/roster,https://www.wnba.com/player/1642286/caitlin-clark,https://cdn.wnba.com/headshots/wnba/latest/260x190/1642286.png,approved_assets_registry; decision_source=default; source_file=outputs/latest/review_files/athlete_image_approval_pack/downloads/indiana_fever/indiana_fever_caitlin_clark__1642286.png; approved_at_utc=2026-06-16T04:22:55.108163+00:00,approved_marker_present; headshot_slot_requires_identity_and_crop_review; image_size=260x190; meets_headshot_floor; default_decision_source_manual_recheck_required,approve_for_review_only_renderer_use|hold_identity|revise_asset|revise_source_metadata,data/asset_registry/wnba/wnba_athlete_photo_review_intake.csv,data/asset_registry/wnba/athlete_photo_contact_sheets/indiana_fever.png,data/asset_registry/wnba/athlete_photo_contact_sheets/indiana_fever.md,true,false,false,false,false,false,false
indiana_fever_damiris_dantas,Damiris Dantas,indiana_fever,Indiana Fever,Eastern,assets/leagues/wnba/athletes/indiana_fever_damiris_dantas/headshot.png,true,assets/leagues/wnba/athletes/indiana_fever_damiris_dantas/headshot.png.approved,true,approved_marker_present_manual_source_recheck_required,manual_source_recheck_required,203024,https://fever.wnba.com/roster,https://www.wnba.com/player/203024/damiris-dantas,https://cdn.wnba.com/headshots/wnba/latest/260x190/203024.png,approved_assets_registry; decision_source=default; source_file=outputs/latest/review_files/athlete_image_approval_pack/downloads/indiana_fever/indiana_fever_damiris_dantas__203024.png; approved_at_utc=2026-06-16T04:22:55.107059+00:00,approved_marker_present; headshot_slot_requires_identity_and_crop_review; image_size=260x190; meets_headshot_floor; default_decision_source_manual_recheck_required,approve_for_review_only_renderer_use|hold_identity|revise_asset|revise_source_metadata,data/asset_registry/wnba/wnba_athlete_photo_review_intake.csv,data/asset_registry/wnba/athlete_photo_contact_sheets/indiana_fever.png,data/asset_registry/wnba/athlete_photo_contact_sheets/indiana_fever.md,true,false,false,false,false,false,false
indiana_fever_grace_vanslooten,Grace VanSlooten,indiana_fever,Indiana Fever,Eastern,assets/leagues/wnba/athletes/indiana_fever_grace_vanslooten/headshot.png,true,assets/leagues/wnba/athletes/indiana_fever_grace_vanslooten/headshot.png.approved,true,approved_marker_present_manual_source_recheck_required,manual_source_recheck_required,1643453,https://fever.wnba.com/roster,https://www.wnba.com/player/1643453/grace-vanslooten,https://cdn.wnba.com/headshots/wnba/latest/260x190/1643453.png,approved_assets_registry; decision_source=default; source_file=outputs/latest/review_files/athlete_image_approval_pack/downloads/indiana_fever/indiana_fever_grace_vanslooten__1643453.png; approved_at_utc=2026-06-16T04:22:55.107605+00:00,approved_marker_present; headshot_slot_requires_identity_and_crop_review; image_size=260x190; meets_headshot_floor; default_decision_source_manual_recheck_required,approve_for_review_only_renderer_use|hold_identity|revise_asset|revise_source_metadata,data/asset_registry/wnba/wnba_athlete_photo_review_intake.csv,data/asset_registry/wnba/athlete_photo_contact_sheets/indiana_fever.png,data/asset_registry/wnba/athlete_photo_contact_sheets/indiana_fever.md,true,false,false,false,false,false,false
indiana_fever_justine_pissott,Justine Pissott,indiana_fever,Indiana Fever,Eastern,assets/leagues/wnba/athletes/indiana_fever_justine_pissott/headshot.png,true,assets/leagues/wnba/athletes/indiana_fever_justine_pissott/headshot.png.approved,true,approved_marker_present_manual_source_recheck_required,manual_source_recheck_required,1643495,https://fever.wnba.com/roster,https://www.wnba.com/player/1643495/justine-pissott,https://cdn.wnba.com/headshots/wnba/latest/260x190/1643495.png,approved_assets_registry; decision_source=default; source_file=outputs/latest/review_files/athlete_image_approval_pack/downloads/indiana_fever/indiana_fever_justine_pissott__1643495.png; approved_at_utc=2026-06-16T04:22:55.107341+00:00,approved_marker_present; headshot_slot_requires_identity_and_crop_review; image_size=260x190; meets_headshot_floor; default_decision_source_manual_recheck_required,approve_for_review_only_renderer_use|hold_identity|revise_asset|revise_source_metadata,data/asset_registry/wnba/wnba_athlete_photo_review_intake.csv,data/asset_registry/wnba/athlete_photo_contact_sheets/indiana_fever.png,data/asset_registry/wnba/athlete_photo_contact_sheets/indiana_fever.md,true,false,false,false,false,false,false
indiana_fever_kelsey_mitchell,Kelsey Mitchell,indiana_fever,Indiana Fever,Eastern,assets/leagues/wnba/athletes/indiana_fever_kelsey_mitchell/headshot.png,true,assets/leagues/wnba/athletes/indiana_fever_kelsey_mitchell/headshot.png.approved,true,approved_marker_present_manual_source_recheck_required,manual_source_recheck_required,1628909,https://fever.wnba.com/roster,https://www.wnba.com/player/1628909/kelsey-mitchell,https://cdn.wnba.com/headshots/wnba/latest/260x190/1628909.png,approved_assets_registry; decision_source=default; source_file=outputs/latest/review_files/athlete_image_approval_pack/downloads/indiana_fever/indiana_fever_kelsey_mitchell__1628909.png; approved_at_utc=2026-06-16T04:22:55.105349+00:00,approved_marker_present; headshot_slot_requires_identity_and_crop_review; image_size=260x190; meets_headshot_floor; default_decision_source_manual_recheck_required,approve_for_review_only_renderer_use|hold_identity|revise_asset|revise_source_metadata,data/asset_registry/wnba/wnba_athlete_photo_review_intake.csv,data/asset_registry/wnba/athlete_photo_contact_sheets/indiana_fever.png,data/asset_registry/wnba/athlete_photo_contact_sheets/indiana_fever.md,true,false,false,false,false,false,false
indiana_fever_lexie_hull,Lexie Hull,indiana_fever,Indiana Fever,Eastern,assets/leagues/wnba/athletes/indiana_fever_lexie_hull/headshot.png,true,assets/leagues/wnba/athletes/indiana_fever_lexie_hull/headshot.png.approved,true,approved_marker_present_manual_source_recheck_required,manual_source_recheck_required,1631086,https://fever.wnba.com/roster,https://www.wnba.com/player/1631086/lexie-hull,https://cdn.wnba.com/headshots/wnba/latest/260x190/1631086.png,approved_assets_registry; decision_source=default; source_file=outputs/latest/review_files/athlete_image_approval_pack/downloads/indiana_fever/indiana_fever_lexie_hull__1631086.png; approved_at_utc=2026-06-16T04:22:55.106786+00:00,approved_marker_present; headshot_slot_requires_identity_and_crop_review; image_size=260x190; meets_headshot_floor; default_decision_source_manual_recheck_required,approve_for_review_only_renderer_use|hold_identity|revise_asset|revise_source_metadata,data/asset_registry/wnba/wnba_athlete_photo_review_intake.csv,data/asset_registry/wnba/athlete_photo_contact_sheets/indiana_fever.png,data/asset_registry/wnba/athlete_photo_contact_sheets/indiana_fever.md,true,false,false,false,false,false,false
indiana_fever_makayla_timpson,Makayla Timpson,indiana_fever,Indiana Fever,Eastern,assets/leagues/wnba/athletes/indiana_fever_makayla_timpson/headshot.png,true,assets/leagues/wnba/athletes/indiana_fever_makayla_timpson/headshot.png.approved,true,approved_marker_present_manual_source_recheck_required,manual_source_recheck_required,1642815,https://fever.wnba.com/roster,https://www.wnba.com/player/1642815/makayla-timpson,https://cdn.wnba.com/headshots/wnba/latest/260x190/1642815.png,approved_assets_registry; decision_source=default; source_file=outputs/latest/review_files/athlete_image_approval_pack/downloads/indiana_fever/indiana_fever_makayla_timpson__1642815.png; approved_at_utc=2026-06-16T04:22:55.107897+00:00,approved_marker_present; headshot_slot_requires_identity_and_crop_review; image_size=260x190; meets_headshot_floor; default_decision_source_manual_recheck_required,approve_for_review_only_renderer_use|hold_identity|revise_asset|revise_source_metadata,data/asset_registry/wnba/wnba_athlete_photo_review_intake.csv,data/asset_registry/wnba/athlete_photo_contact_sheets/indiana_fever.png,data/asset_registry/wnba/athlete_photo_contact_sheets/indiana_fever.md,true,false,false,false,false,false,false
indiana_fever_monique_billings,Monique Billings,indiana_fever,Indiana Fever,Eastern,assets/leagues/wnba/athletes/indiana_fever_monique_billings/headshot.png,true,assets/leagues/wnba/athletes/indiana_fever_monique_billings/headshot.png.approved,true,approved_marker_present_manual_source_recheck_required,manual_source_recheck_required,1628881,https://fever.wnba.com/roster,https://www.wnba.com/player/1628881/monique-billings,https://cdn.wnba.com/headshots/wnba/latest/260x190/1628881.png,approved_assets_registry; decision_source=default; source_file=outputs/latest/review_files/athlete_image_approval_pack/downloads/indiana_fever/indiana_fever_monique_billings__1628881.png; approved_at_utc=2026-06-16T04:22:55.108715+00:00,approved_marker_present; headshot_slot_requires_identity_and_crop_review; image_size=260x190; meets_headshot_floor; default_decision_source_manual_recheck_required,approve_for_review_only_renderer_use|hold_identity|revise_asset|revise_source_metadata,data/asset_registry/wnba/wnba_athlete_photo_review_intake.csv,data/asset_registry/wnba/athlete_photo_contact_sheets/indiana_fever.png,data/asset_registry/wnba/athlete_photo_contact_sheets/indiana_fever.md,true,false,false,false,false,false,false
indiana_fever_myisha_hines_allen,Myisha Hines-Allen,indiana_fever,Indiana Fever,Eastern,assets/leagues/wnba/athletes/indiana_fever_myisha_hines_allen/headshot.png,true,assets/leagues/wnba/athletes/indiana_fever_myisha_hines_allen/headshot.png.approved,true,approved_marker_present_manual_source_recheck_required,manual_source_recheck_required,1628899,https://fever.wnba.com/roster,https://www.wnba.com/player/1628899/myisha-hines-allen,https://cdn.wnba.com/headshots/wnba/latest/260x190/1628899.png,approved_assets_registry; decision_source=default; source_file=outputs/latest/review_files/athlete_image_approval_pack/downloads/indiana_fever/indiana_fever_myisha_hines_allen__1628899.png; approved_at_utc=2026-06-16T04:22:55.105650+00:00,approved_marker_present; headshot_slot_requires_identity_and_crop_review; image_size=260x190; meets_headshot_floor; default_decision_source_manual_recheck_required,approve_for_review_only_renderer_use|hold_identity|revise_asset|revise_source_metadata,data/asset_registry/wnba/wnba_athlete_photo_review_intake.csv,data/asset_registry/wnba/athlete_photo_contact_sheets/indiana_fever.png,data/asset_registry/wnba/athlete_photo_contact_sheets/indiana_fever.md,true,false,false,false,false,false,false
indiana_fever_raven_johnson,Raven Johnson,indiana_fever,Indiana Fever,Eastern,assets/leagues/wnba/athletes/indiana_fever_raven_johnson/headshot.png,true,assets/leagues/wnba/athletes/indiana_fever_raven_johnson/headshot.png.approved,true,approved_marker_present_manual_source_recheck_required,manual_source_recheck_required,1643433,https://fever.wnba.com/roster,https://www.wnba.com/player/1643433/raven-johnson,https://cdn.wnba.com/headshots/wnba/latest/260x190/1643433.png,approved_assets_registry; decision_source=default; source_file=outputs/latest/review_files/athlete_image_approval_pack/downloads/indiana_fever/indiana_fever_raven_johnson__1643433.png; approved_at_utc=2026-06-16T04:22:55.105940+00:00,approved_marker_present; headshot_slot_requires_identity_and_crop_review; image_size=260x190; meets_headshot_floor; default_decision_source_manual_recheck_required,approve_for_review_only_renderer_use|hold_identity|revise_asset|revise_source_metadata,data/asset_registry/wnba/wnba_athlete_photo_review_intake.csv,data/asset_registry/wnba/athlete_photo_contact_sheets/indiana_fever.png,data/asset_registry/wnba/athlete_photo_contact_sheets/indiana_fever.md,true,false,false,false,false,false,false
indiana_fever_sophie_cunningham,Sophie Cunningham,indiana_fever,Indiana Fever,Eastern,assets/leagues/wnba/athletes/indiana_fever_sophie_cunningham/headshot.png,true,assets/leagues/wnba/athletes/indiana_fever_sophie_cunningham/headshot.png.approved,true,approved_marker_present_manual_source_recheck_required,manual_source_recheck_required,1629482,https://fever.wnba.com/roster,https://www.wnba.com/player/1629482/sophie-cunningham,https://cdn.wnba.com/headshots/wnba/latest/260x190/1629482.png,approved_assets_registry; decision_source=default; source_file=outputs/latest/review_files/athlete_image_approval_pack/downloads/indiana_fever/indiana_fever_sophie_cunningham__1629482.png; approved_at_utc=2026-06-16T04:22:55.106488+00:00,approved_marker_present; headshot_slot_requires_identity_and_crop_review; image_size=260x190; meets_headshot_floor; default_decision_source_manual_recheck_required,approve_for_review_only_renderer_use|hold_identity|revise_asset|revise_source_metadata,data/asset_registry/wnba/wnba_athlete_photo_review_intake.csv,data/asset_registry/wnba/athlete_photo_contact_sheets/indiana_fever.png,data/asset_registry/wnba/athlete_photo_contact_sheets/indiana_fever.md,true,false,false,false,false,false,false
indiana_fever_tyasha_harris,Tyasha Harris,indiana_fever,Indiana Fever,Eastern,assets/leagues/wnba/athletes/indiana_fever_tyasha_harris/headshot.png,true,assets/leagues/wnba/athletes/indiana_fever_tyasha_harris/headshot.png.approved,true,approved_marker_present_manual_source_recheck_required,manual_source_recheck_required,1630112,https://fever.wnba.com/roster,https://www.wnba.com/player/1630112/tyasha-harris,https://cdn.wnba.com/headshots/wnba/latest/260x190/1630112.png,approved_assets_registry; decision_source=default; source_file=outputs/latest/review_files/athlete_image_approval_pack/downloads/indiana_fever/indiana_fever_tyasha_harris__1630112.png; approved_at_utc=2026-06-16T04:22:55.108995+00:00,approved_marker_present; headshot_slot_requires_identity_and_crop_review; image_size=260x190; meets_headshot_floor; default_decision_source_manual_recheck_required,approve_for_review_only_renderer_use|hold_identity|revise_asset|revise_source_metadata,data/asset_registry/wnba/wnba_athlete_photo_review_intake.csv,data/asset_registry/wnba/athlete_photo_contact_sheets/indiana_fever.png,data/asset_registry/wnba/athlete_photo_contact_sheets/indiana_fever.md,true,false,false,false,false,false,false
las_vegas_aces_a_ja_wilson,A'ja Wilson,las_vegas_aces,Las Vegas Aces,Western,assets/leagues/wnba/athletes/las_vegas_aces_a_ja_wilson/headshot.png,true,assets/leagues/wnba/athletes/las_vegas_aces_a_ja_wilson/headshot.png.approved,true,approved_marker_present_manual_source_recheck_required,manual_source_recheck_required,1628932,https://aces.wnba.com/roster,https://www.wnba.com/player/1628932/a-ja-wilson,https://cdn.wnba.com/headshots/wnba/latest/260x190/1628932.png,approved_assets_registry; decision_source=default; source_file=outputs/latest/review_files/athlete_image_approval_pack/downloads/las_vegas_aces/las_vegas_aces_a_ja_wilson__1628932.png; approved_at_utc=2026-06-16T04:22:55.130000+00:00,approved_marker_present; headshot_slot_requires_identity_and_crop_review; image_size=260x190; meets_headshot_floor; default_decision_source_manual_recheck_required,approve_for_review_only_renderer_use|hold_identity|revise_asset|revise_source_metadata,data/asset_registry/wnba/wnba_athlete_photo_review_intake.csv,data/asset_registry/wnba/athlete_photo_contact_sheets/las_vegas_aces.png,data/asset_registry/wnba/athlete_photo_contact_sheets/las_vegas_aces.md,true,false,false,false,false,false,false
las_vegas_aces_brianna_turner,Brianna Turner,las_vegas_aces,Las Vegas Aces,Western,assets/leagues/wnba/athletes/las_vegas_aces_brianna_turner/headshot.png,true,assets/leagues/wnba/athletes/las_vegas_aces_brianna_turner/headshot.png.approved,true,approved_marker_present_manual_source_recheck_required,manual_source_recheck_required,1629488,https://aces.wnba.com/roster,https://www.wnba.com/player/1629488/brianna-turner,https://cdn.wnba.com/headshots/wnba/latest/260x190/1629488.png,approved_assets_registry; decision_source=default; source_file=outputs/latest/review_files/athlete_image_approval_pack/downloads/las_vegas_aces/las_vegas_aces_brianna_turner__1629488.png; approved_at_utc=2026-06-16T04:22:55.129718+00:00,approved_marker_present; headshot_slot_requires_identity_and_crop_review; image_size=260x190; meets_headshot_floor; default_decision_source_manual_recheck_required,approve_for_review_only_renderer_use|hold_identity|revise_asset|revise_source_metadata,data/asset_registry/wnba/wnba_athlete_photo_review_intake.csv,data/asset_registry/wnba/athlete_photo_contact_sheets/las_vegas_aces.png,data/asset_registry/wnba/athlete_photo_contact_sheets/las_vegas_aces.md,true,false,false,false,false,false,false
las_vegas_aces_chelsea_gray,Chelsea Gray,las_vegas_aces,Las Vegas Aces,Western,assets/leagues/wnba/athletes/las_vegas_aces_chelsea_gray/headshot.png,true,assets/leagues/wnba/athletes/las_vegas_aces_chelsea_gray/headshot.png.approved,true,approved_marker_present_manual_source_recheck_required,manual_source_recheck_required,203833,https://aces.wnba.com/roster,https://www.wnba.com/player/203833/chelsea-gray,https://cdn.wnba.com/headshots/wnba/latest/260x190/203833.png,approved_assets_registry; decision_source=default; source_file=outputs/latest/review_files/athlete_image_approval_pack/downloads/las_vegas_aces/las_vegas_aces_chelsea_gray__203833.png; approved_at_utc=2026-06-16T04:22:55.129427+00:00,approved_marker_present; headshot_slot_requires_identity_and_crop_review; image_size=260x190; meets_headshot_floor; default_decision_source_manual_recheck_required,approve_for_review_only_renderer_use|hold_identity|revise_asset|revise_source_metadata,data/asset_registry/wnba/wnba_athlete_photo_review_intake.csv,data/asset_registry/wnba/athlete_photo_contact_sheets/las_vegas_aces.png,data/asset_registry/wnba/athlete_photo_contact_sheets/las_vegas_aces.md,true,false,false,false,false,false,false
las_vegas_aces_chennedy_carter,Chennedy Carter,las_vegas_aces,Las Vegas Aces,Western,assets/leagues/wnba/athletes/las_vegas_aces_chennedy_carter/headshot.png,true,assets/leagues/wnba/athletes/las_vegas_aces_chennedy_carter/headshot.png.approved,true,approved_marker_present_manual_source_recheck_required,manual_source_recheck_required,1630150,https://aces.wnba.com/roster,https://www.wnba.com/player/1630150/chennedy-carter,https://cdn.wnba.com/headshots/wnba/latest/260x190/1630150.png,approved_assets_registry; decision_source=default; source_file=outputs/latest/review_files/athlete_image_approval_pack/downloads/las_vegas_aces/las_vegas_aces_chennedy_carter__1630150.png; approved_at_utc=2026-06-16T04:22:55.130290+00:00,approved_marker_present; headshot_slot_requires_identity_and_crop_review; image_size=260x190; meets_headshot_floor; default_decision_source_manual_recheck_required,approve_for_review_only_renderer_use|hold_identity|revise_asset|revise_source_metadata,data/asset_registry/wnba/wnba_athlete_photo_review_intake.csv,data/asset_registry/wnba/athlete_photo_contact_sheets/las_vegas_aces.png,data/asset_registry/wnba/athlete_photo_contact_sheets/las_vegas_aces.md,true,false,false,false,false,false,false
las_vegas_aces_cheyenne_parker_tyus,Cheyenne Parker-Tyus,las_vegas_aces,Las Vegas Aces,Western,assets/leagues/wnba/athletes/las_vegas_aces_cheyenne_parker_tyus/headshot.png,true,assets/leagues/wnba/athletes/las_vegas_aces_cheyenne_parker_tyus/headshot.png.approved,true,approved_marker_present_manual_source_recheck_required,manual_source_recheck_required,204323,https://aces.wnba.com/roster,https://www.wnba.com/player/204323/cheyenne-parker-tyus,https://cdn.wnba.com/headshots/wnba/latest/260x190/204323.png,approved_assets_registry; decision_source=default; source_file=outputs/latest/review_files/athlete_image_approval_pack/downloads/las_vegas_aces/las_vegas_aces_cheyenne_parker_tyus__204323.png; approved_at_utc=2026-06-16T04:22:55.130947+00:00,approved_marker_present; headshot_slot_requires_identity_and_crop_review; image_size=260x190; meets_headshot_floor; default_decision_source_manual_recheck_required,approve_for_review_only_renderer_use|hold_identity|revise_asset|revise_source_metadata,data/asset_registry/wnba/wnba_athlete_photo_review_intake.csv,data/asset_registry/wnba/athlete_photo_contact_sheets/las_vegas_aces.png,data/asset_registry/wnba/athlete_photo_contact_sheets/las_vegas_aces.md,true,false,false,false,false,false,false
las_vegas_aces_dana_evans,Dana Evans,las_vegas_aces,Las Vegas Aces,Western,assets/leagues/wnba/athletes/las_vegas_aces_dana_evans/headshot.png,true,assets/leagues/wnba/athletes/las_vegas_aces_dana_evans/headshot.png.approved,true,approved_marker_present_manual_source_recheck_required,manual_source_recheck_required,1630389,https://aces.wnba.com/roster,https://www.wnba.com/player/1630389/dana-evans,https://cdn.wnba.com/headshots/wnba/latest/260x190/1630389.png,approved_assets_registry; decision_source=default; source_file=outputs/latest/review_files/athlete_image_approval_pack/downloads/las_vegas_aces/las_vegas_aces_dana_evans__1630389.png; approved_at_utc=2026-06-16T04:22:55.129160+00:00,approved_marker_present; headshot_slot_requires_identity_and_crop_review; image_size=260x190; meets_headshot_floor; default_decision_source_manual_recheck_required,approve_for_review_only_renderer_use|hold_identity|revise_asset|revise_source_metadata,data/asset_registry/wnba/wnba_athlete_photo_review_intake.csv,data/asset_registry/wnba/athlete_photo_contact_sheets/las_vegas_aces.png,data/asset_registry/wnba/athlete_photo_contact_sheets/las_vegas_aces.md,true,false,false,false,false,false,false
las_vegas_aces_jackie_young,Jackie Young,las_vegas_aces,Las Vegas Aces,Western,assets/leagues/wnba/athletes/las_vegas_aces_jackie_young/headshot.png,true,assets/leagues/wnba/athletes/las_vegas_aces_jackie_young/headshot.png.approved,true,approved_marker_present_manual_source_recheck_required,manual_source_recheck_required,1629498,https://aces.wnba.com/roster,https://www.wnba.com/player/1629498/jackie-young,https://cdn.wnba.com/headshots/wnba/latest/260x190/1629498.png,approved_assets_registry; decision_source=default; source_file=outputs/latest/review_files/athlete_image_approval_pack/downloads/las_vegas_aces/las_vegas_aces_jackie_young__1629498.png; approved_at_utc=2026-06-16T04:22:55.127802+00:00,approved_marker_present; headshot_slot_requires_identity_and_crop_review; image_size=260x190; meets_headshot_floor; default_decision_source_manual_recheck_required,approve_for_review_only_renderer_use|hold_identity|revise_asset|revise_source_metadata,data/asset_registry/wnba/wnba_athlete_photo_review_intake.csv,data/asset_registry/wnba/athlete_photo_contact_sheets/las_vegas_aces.png,data/asset_registry/wnba/athlete_photo_contact_sheets/las_vegas_aces.md,true,false,false,false,false,false,false
las_vegas_aces_janiah_barker,Janiah Barker,las_vegas_aces,Las Vegas Aces,Western,assets/leagues/wnba/athletes/las_vegas_aces_janiah_barker/headshot.png,true,assets/leagues/wnba/athletes/las_vegas_aces_janiah_barker/headshot.png.approved,true,approved_marker_present_manual_source_recheck_required,manual_source_recheck_required,1643434,https://aces.wnba.com/roster,https://www.wnba.com/player/1643434/janiah-barker,https://cdn.wnba.com/headshots/wnba/latest/260x190/1643434.png,approved_assets_registry; decision_source=default; source_file=outputs/latest/review_files/athlete_image_approval_pack/downloads/las_vegas_aces/las_vegas_aces_janiah_barker__1643434.png; approved_at_utc=2026-06-16T04:22:55.128338+00:00,approved_marker_present; headshot_slot_requires_identity_and_crop_review; image_size=260x190; meets_headshot_floor; default_decision_source_manual_recheck_required,approve_for_review_only_renderer_use|hold_identity|revise_asset|revise_source_metadata,data/asset_registry/wnba/wnba_athlete_photo_review_intake.csv,data/asset_registry/wnba/athlete_photo_contact_sheets/las_vegas_aces.png,data/asset_registry/wnba/athlete_photo_contact_sheets/las_vegas_aces.md,true,false,false,false,false,false,false
las_vegas_aces_jewell_loyd,Jewell Loyd,las_vegas_aces,Las Vegas Aces,Western,assets/leagues/wnba/athletes/las_vegas_aces_jewell_loyd/headshot.png,true,assets/leagues/wnba/athletes/las_vegas_aces_jewell_loyd/headshot.png.approved,true,approved_marker_present_manual_source_recheck_required,manual_source_recheck_required,204319,https://aces.wnba.com/roster,https://www.wnba.com/player/204319/jewell-loyd,https://cdn.wnba.com/headshots/wnba/latest/260x190/204319.png,approved_assets_registry; decision_source=default; source_file=outputs/latest/review_files/athlete_image_approval_pack/downloads/las_vegas_aces/las_vegas_aces_jewell_loyd__204319.png; approved_at_utc=2026-06-16T04:22:55.130655+00:00,approved_marker_present; headshot_slot_requires_identity_and_crop_review; image_size=260x190; meets_headshot_floor; default_decision_source_manual_recheck_required,approve_for_review_only_renderer_use|hold_identity|revise_asset|revise_source_metadata,data/asset_registry/wnba/wnba_athlete_photo_review_intake.csv,data/asset_registry/wnba/athlete_photo_contact_sheets/las_vegas_aces.png,data/asset_registry/wnba/athlete_photo_contact_sheets/las_vegas_aces.md,true,false,false,false,false,false,false
las_vegas_aces_kierstan_bell,Kierstan Bell,las_vegas_aces,Las Vegas Aces,Western,assets/leagues/wnba/athletes/las_vegas_aces_kierstan_bell/headshot.png,true,assets/leagues/wnba/athletes/las_vegas_aces_kierstan_bell/headshot.png.approved,true,approved_marker_present_manual_source_recheck_required,manual_source_recheck_required,1631006,https://aces.wnba.com/roster,https://www.wnba.com/player/1631006/kierstan-bell,https://cdn.wnba.com/headshots/wnba/latest/260x190/1631006.png,approved_assets_registry; decision_source=default; source_file=outputs/latest/review_files/athlete_image_approval_pack/downloads/las_vegas_aces/las_vegas_aces_kierstan_bell__1631006.png; approved_at_utc=2026-06-16T04:22:55.128073+00:00,approved_marker_present; headshot_slot_requires_identity_and_crop_review; image_size=260x190; meets_headshot_floor; default_decision_source_manual_recheck_required,approve_for_review_only_renderer_use|hold_identity|revise_asset|revise_source_metadata,data/asset_registry/wnba/wnba_athlete_photo_review_intake.csv,data/asset_registry/wnba/athlete_photo_contact_sheets/las_vegas_aces.png,data/asset_registry/wnba/athlete_photo_contact_sheets/las_vegas_aces.md,true,false,false,false,false,false,false
las_vegas_aces_nalyssa_smith,NaLyssa Smith,las_vegas_aces,Las Vegas Aces,Western,assets/leagues/wnba/athletes/las_vegas_aces_nalyssa_smith/headshot.png,true,assets/leagues/wnba/athletes/las_vegas_aces_nalyssa_smith/headshot.png.approved,true,approved_marker_present_manual_source_recheck_required,manual_source_recheck_required,1631019,https://aces.wnba.com/roster,https://www.wnba.com/player/1631019/nalyssa-smith,https://cdn.wnba.com/headshots/wnba/latest/260x190/1631019.png,approved_assets_registry; decision_source=default; source_file=outputs/latest/review_files/athlete_image_approval_pack/downloads/las_vegas_aces/las_vegas_aces_nalyssa_smith__1631019.png; approved_at_utc=2026-06-16T04:22:55.128603+00:00,approved_marker_present; headshot_slot_requires_identity_and_crop_review; image_size=260x190; meets_headshot_floor; default_decision_source_manual_recheck_required,approve_for_review_only_renderer_use|hold_identity|revise_asset|revise_source_metadata,data/asset_registry/wnba/wnba_athlete_photo_review_intake.csv,data/asset_registry/wnba/athlete_photo_contact_sheets/las_vegas_aces.png,data/asset_registry/wnba/athlete_photo_contact_sheets/las_vegas_aces.md,true,false,false,false,false,false,false
las_vegas_aces_stephanie_talbot,Stephanie Talbot,las_vegas_aces,Las Vegas Aces,Western,assets/leagues/wnba/athletes/las_vegas_aces_stephanie_talbot/headshot.png,true,assets/leagues/wnba/athletes/las_vegas_aces_stephanie_talbot/headshot.png.approved,true,approved_marker_present_manual_source_recheck_required,manual_source_recheck_required,203855,https://aces.wnba.com/roster,https://www.wnba.com/player/203855/stephanie-talbot,https://cdn.wnba.com/headshots/wnba/latest/260x190/203855.png,approved_assets_registry; decision_source=default; source_file=outputs/latest/review_files/athlete_image_approval_pack/downloads/las_vegas_aces/las_vegas_aces_stephanie_talbot__203855.png; approved_at_utc=2026-06-16T04:22:55.128893+00:00,approved_marker_present; headshot_slot_requires_identity_and_crop_review; image_size=260x190; meets_headshot_floor; default_decision_source_manual_recheck_required,approve_for_review_only_renderer_use|hold_identity|revise_asset|revise_source_metadata,data/asset_registry/wnba/wnba_athlete_photo_review_intake.csv,data/asset_registry/wnba/athlete_photo_contact_sheets/las_vegas_aces.png,data/asset_registry/wnba/athlete_photo_contact_sheets/las_vegas_aces.md,true,false,false,false,false,false,false
los_angeles_sparks_ariel_atkins,Ariel Atkins,los_angeles_sparks,Los Angeles Sparks,Western,assets/leagues/wnba/athletes/los_angeles_sparks_ariel_atkins/headshot.png,true,assets/leagues/wnba/athletes/los_angeles_sparks_ariel_atkins/headshot.png.approved,true,approved_marker_present_manual_source_recheck_required,manual_source_recheck_required,1628878,https://sparks.wnba.com/roster,https://www.wnba.com/player/1628878/ariel-atkins,https://cdn.wnba.com/headshots/wnba/latest/260x190/1628878.png,approved_assets_registry; decision_source=default; source_file=outputs/latest/review_files/athlete_image_approval_pack/downloads/los_angeles_sparks/los_angeles_sparks_ariel_atkins__1628878.png; approved_at_utc=2026-06-16T04:22:55.132586+00:00,approved_marker_present; headshot_slot_requires_identity_and_crop_review; image_size=260x190; meets_headshot_floor; default_decision_source_manual_recheck_required,approve_for_review_only_renderer_use|hold_identity|revise_asset|revise_source_metadata,data/asset_registry/wnba/wnba_athlete_photo_review_intake.csv,data/asset_registry/wnba/athlete_photo_contact_sheets/los_angeles_sparks.png,data/asset_registry/wnba/athlete_photo_contact_sheets/los_angeles_sparks.md,true,false,false,false,false,false,false
los_angeles_sparks_cameron_brink,Cameron Brink,los_angeles_sparks,Los Angeles Sparks,Western,assets/leagues/wnba/athletes/los_angeles_sparks_cameron_brink/headshot.png,true,assets/leagues/wnba/athletes/los_angeles_sparks_cameron_brink/headshot.png.approved,true,approved_marker_present_manual_source_recheck_required,manual_source_recheck_required,1642287,https://sparks.wnba.com/roster,https://www.wnba.com/player/1642287/cameron-brink,https://cdn.wnba.com/headshots/wnba/latest/260x190/1642287.png,approved_assets_registry; decision_source=default; source_file=outputs/latest/review_files/athlete_image_approval_pack/downloads/los_angeles_sparks/los_angeles_sparks_cameron_brink__1642287.png; approved_at_utc=2026-06-16T04:22:55.134539+00:00,approved_marker_present; headshot_slot_requires_identity_and_crop_review; image_size=260x190; meets_headshot_floor; default_decision_source_manual_recheck_required,approve_for_review_only_renderer_use|hold_identity|revise_asset|revise_source_metadata,data/asset_registry/wnba/wnba_athlete_photo_review_intake.csv,data/asset_registry/wnba/athlete_photo_contact_sheets/los_angeles_sparks.png,data/asset_registry/wnba/athlete_photo_contact_sheets/los_angeles_sparks.md,true,false,false,false,false,false,false
los_angeles_sparks_chance_gray,Chance Gray,los_angeles_sparks,Los Angeles Sparks,Western,assets/leagues/wnba/athletes/los_angeles_sparks_chance_gray/headshot.png,true,assets/leagues/wnba/athletes/los_angeles_sparks_chance_gray/headshot.png.approved,true,approved_marker_present_manual_source_recheck_required,manual_source_recheck_required,1643462,https://sparks.wnba.com/roster,https://www.wnba.com/player/1643462/chance-gray,https://cdn.wnba.com/headshots/wnba/latest/260x190/1643462.png,approved_assets_registry; decision_source=default; source_file=outputs/latest/review_files/athlete_image_approval_pack/downloads/los_angeles_sparks/los_angeles_sparks_chance_gray__1643462.png; approved_at_utc=2026-06-16T04:22:55.131488+00:00,approved_marker_present; headshot_slot_requires_identity_and_crop_review; image_size=260x190; meets_headshot_floor; default_decision_source_manual_recheck_required,approve_for_review_only_renderer_use|hold_identity|revise_asset|revise_source_metadata,data/asset_registry/wnba/wnba_athlete_photo_review_intake.csv,data/asset_registry/wnba/athlete_photo_contact_sheets/los_angeles_sparks.png,data/asset_registry/wnba/athlete_photo_contact_sheets/los_angeles_sparks.md,true,false,false,false,false,false,false
los_angeles_sparks_dearica_hamby,Dearica Hamby,los_angeles_sparks,Los Angeles Sparks,Western,assets/leagues/wnba/athletes/los_angeles_sparks_dearica_hamby/headshot.png,true,assets/leagues/wnba/athletes/los_angeles_sparks_dearica_hamby/headshot.png.approved,true,approved_marker_present_manual_source_recheck_required,manual_source_recheck_required,204324,https://sparks.wnba.com/roster,https://www.wnba.com/player/204324/dearica-hamby,https://cdn.wnba.com/headshots/wnba/latest/260x190/204324.png,approved_assets_registry; decision_source=default; source_file=outputs/latest/review_files/athlete_image_approval_pack/downloads/los_angeles_sparks/los_angeles_sparks_dearica_hamby__204324.png; approved_at_utc=2026-06-16T04:22:55.132053+00:00,approved_marker_present; headshot_slot_requires_identity_and_crop_review; image_size=260x190; meets_headshot_floor; default_decision_source_manual_recheck_required,approve_for_review_only_renderer_use|hold_identity|revise_asset|revise_source_metadata,data/asset_registry/wnba/wnba_athlete_photo_review_intake.csv,data/asset_registry/wnba/athlete_photo_contact_sheets/los_angeles_sparks.png,data/asset_registry/wnba/athlete_photo_contact_sheets/los_angeles_sparks.md,true,false,false,false,false,false,false
los_angeles_sparks_emma_cannon,Emma Cannon,los_angeles_sparks,Los Angeles Sparks,Western,assets/leagues/wnba/athletes/los_angeles_sparks_emma_cannon/headshot.png,true,assets/leagues/wnba/athletes/los_angeles_sparks_emma_cannon/headshot.png.approved,true,approved_marker_present_manual_source_recheck_required,manual_source_recheck_required,1628242,https://sparks.wnba.com/roster,https://www.wnba.com/player/1628242/emma-cannon,https://cdn.wnba.com/headshots/wnba/latest/260x190/1628242.png,approved_assets_registry; decision_source=default; source_file=outputs/latest/review_files/athlete_image_approval_pack/downloads/los_angeles_sparks/los_angeles_sparks_emma_cannon__1628242.png; approved_at_utc=2026-06-16T04:22:55.135226+00:00,approved_marker_present; headshot_slot_requires_identity_and_crop_review; image_size=260x190; meets_headshot_floor; default_decision_source_manual_recheck_required,approve_for_review_only_renderer_use|hold_identity|revise_asset|revise_source_metadata,data/asset_registry/wnba/wnba_athlete_photo_review_intake.csv,data/asset_registry/wnba/athlete_photo_contact_sheets/los_angeles_sparks.png,data/asset_registry/wnba/athlete_photo_contact_sheets/los_angeles_sparks.md,true,false,false,false,false,false,false
los_angeles_sparks_erica_wheeler,Erica Wheeler,los_angeles_sparks,Los Angeles Sparks,Western,assets/leagues/wnba/athletes/los_angeles_sparks_erica_wheeler/headshot.png,true,assets/leagues/wnba/athletes/los_angeles_sparks_erica_wheeler/headshot.png.approved,true,approved_marker_present_manual_source_recheck_required,manual_source_recheck_required,204365,https://sparks.wnba.com/roster,https://www.wnba.com/player/204365/erica-wheeler,https://cdn.wnba.com/headshots/wnba/latest/260x190/204365.png,approved_assets_registry; decision_source=default; source_file=outputs/latest/review_files/athlete_image_approval_pack/downloads/los_angeles_sparks/los_angeles_sparks_erica_wheeler__204365.png; approved_at_utc=2026-06-16T04:22:55.133507+00:00,approved_marker_present; headshot_slot_requires_identity_and_crop_review; image_size=260x190; meets_headshot_floor; default_decision_source_manual_recheck_required,approve_for_review_only_renderer_use|hold_identity|revise_asset|revise_source_metadata,data/asset_registry/wnba/wnba_athlete_photo_review_intake.csv,data/asset_registry/wnba/athlete_photo_contact_sheets/los_angeles_sparks.png,data/asset_registry/wnba/athlete_photo_contact_sheets/los_angeles_sparks.md,true,false,false,false,false,false,false
los_angeles_sparks_jihyun_park,Jihyun Park,los_angeles_sparks,Los Angeles Sparks,Western,assets/leagues/wnba/athletes/los_angeles_sparks_jihyun_park/headshot.png,true,assets/leagues/wnba/athletes/los_angeles_sparks_jihyun_park/headshot.png.approved,true,approved_marker_present_manual_source_recheck_required,manual_source_recheck_required,1630148,https://sparks.wnba.com/roster,https://www.wnba.com/player/1630148/jihyun-park,https://cdn.wnba.com/headshots/wnba/latest/260x190/1630148.png,approved_assets_registry; decision_source=default; source_file=outputs/latest/review_files/athlete_image_approval_pack/downloads/los_angeles_sparks/los_angeles_sparks_jihyun_park__1630148.png; approved_at_utc=2026-06-16T04:22:55.132324+00:00,approved_marker_present; headshot_slot_requires_identity_and_crop_review; image_size=260x190; meets_headshot_floor; default_decision_source_manual_recheck_required,approve_for_review_only_renderer_use|hold_identity|revise_asset|revise_source_metadata,data/asset_registry/wnba/wnba_athlete_photo_review_intake.csv,data/asset_registry/wnba/athlete_photo_contact_sheets/los_angeles_sparks.png,data/asset_registry/wnba/athlete_photo_contact_sheets/los_angeles_sparks.md,true,false,false,false,false,false,false
los_angeles_sparks_kate_martin,Kate Martin,los_angeles_sparks,Los Angeles Sparks,Western,assets/leagues/wnba/athletes/los_angeles_sparks_kate_martin/headshot.png,true,assets/leagues/wnba/athletes/los_angeles_sparks_kate_martin/headshot.png.approved,true,approved_marker_present_manual_source_recheck_required,manual_source_recheck_required,1642324,https://sparks.wnba.com/roster,https://www.wnba.com/player/1642324/kate-martin,https://cdn.wnba.com/headshots/wnba/latest/260x190/1642324.png,approved_assets_registry; decision_source=default; source_file=outputs/latest/review_files/athlete_image_approval_pack/downloads/los_angeles_sparks/los_angeles_sparks_kate_martin__1642324.png; approved_at_utc=2026-06-16T04:22:55.134211+00:00,approved_marker_present; headshot_slot_requires_identity_and_crop_review; image_size=260x190; meets_headshot_floor; default_decision_source_manual_recheck_required,approve_for_review_only_renderer_use|hold_identity|revise_asset|revise_source_metadata,data/asset_registry/wnba/wnba_athlete_photo_review_intake.csv,data/asset_registry/wnba/athlete_photo_contact_sheets/los_angeles_sparks.png,data/asset_registry/wnba/athlete_photo_contact_sheets/los_angeles_sparks.md,true,false,false,false,false,false,false
los_angeles_sparks_kelsey_plum,Kelsey Plum,los_angeles_sparks,Los Angeles Sparks,Western,assets/leagues/wnba/athletes/los_angeles_sparks_kelsey_plum/headshot.png,true,assets/leagues/wnba/athletes/los_angeles_sparks_kelsey_plum/headshot.png.approved,true,approved_marker_present_manual_source_recheck_required,manual_source_recheck_required,1628276,https://sparks.wnba.com/roster,https://www.wnba.com/player/1628276/kelsey-plum,https://cdn.wnba.com/headshots/wnba/latest/260x190/1628276.png,approved_assets_registry; decision_source=default; source_file=outputs/latest/review_files/athlete_image_approval_pack/downloads/los_angeles_sparks/los_angeles_sparks_kelsey_plum__1628276.png; approved_at_utc=2026-06-16T04:22:55.132880+00:00,approved_marker_present; headshot_slot_requires_identity_and_crop_review; image_size=260x190; meets_headshot_floor; default_decision_source_manual_recheck_required,approve_for_review_only_renderer_use|hold_identity|revise_asset|revise_source_metadata,data/asset_registry/wnba/wnba_athlete_photo_review_intake.csv,data/asset_registry/wnba/athlete_photo_contact_sheets/los_angeles_sparks.png,data/asset_registry/wnba/athlete_photo_contact_sheets/los_angeles_sparks.md,true,false,false,false,false,false,false
los_angeles_sparks_laura_ziegler,Laura Ziegler,los_angeles_sparks,Los Angeles Sparks,Western,assets/leagues/wnba/athletes/los_angeles_sparks_laura_ziegler/headshot.png,true,assets/leagues/wnba/athletes/los_angeles_sparks_laura_ziegler/headshot.png.approved,true,approved_marker_present_manual_source_recheck_required,manual_source_recheck_required,1643461,https://sparks.wnba.com/roster,https://www.wnba.com/player/1643461/laura-ziegler,https://cdn.wnba.com/headshots/wnba/latest/260x190/1643461.png,approved_assets_registry; decision_source=default; source_file=outputs/latest/review_files/athlete_image_approval_pack/downloads/los_angeles_sparks/los_angeles_sparks_laura_ziegler__1643461.png; approved_at_utc=2026-06-16T04:22:55.131777+00:00,approved_marker_present; headshot_slot_requires_identity_and_crop_review; image_size=260x190; meets_headshot_floor; default_decision_source_manual_recheck_required,approve_for_review_only_renderer_use|hold_identity|revise_asset|revise_source_metadata,data/asset_registry/wnba/wnba_athlete_photo_review_intake.csv,data/asset_registry/wnba/athlete_photo_contact_sheets/los_angeles_sparks.png,data/asset_registry/wnba/athlete_photo_contact_sheets/los_angeles_sparks.md,true,false,false,false,false,false,false
los_angeles_sparks_nneka_ogwumike,Nneka Ogwumike,los_angeles_sparks,Los Angeles Sparks,Western,assets/leagues/wnba/athletes/los_angeles_sparks_nneka_ogwumike/headshot.png,true,assets/leagues/wnba/athletes/los_angeles_sparks_nneka_ogwumike/headshot.png.approved,true,approved_marker_present_manual_source_recheck_required,manual_source_recheck_required,203014,https://sparks.wnba.com/roster,https://www.wnba.com/player/203014/nneka-ogwumike,https://cdn.wnba.com/headshots/wnba/latest/260x190/203014.png,approved_assets_registry; decision_source=default; source_file=outputs/latest/review_files/athlete_image_approval_pack/downloads/los_angeles_sparks/los_angeles_sparks_nneka_ogwumike__203014.png; approved_at_utc=2026-06-16T04:22:55.134893+00:00,approved_marker_present; headshot_slot_requires_identity_and_crop_review; image_size=260x190; meets_headshot_floor; default_decision_source_manual_recheck_required,approve_for_review_only_renderer_use|hold_identity|revise_asset|revise_source_metadata,data/asset_registry/wnba/wnba_athlete_photo_review_intake.csv,data/asset_registry/wnba/athlete_photo_contact_sheets/los_angeles_sparks.png,data/asset_registry/wnba/athlete_photo_contact_sheets/los_angeles_sparks.md,true,false,false,false,false,false,false
los_angeles_sparks_rae_burrell,Rae Burrell,los_angeles_sparks,Los Angeles Sparks,Western,assets/leagues/wnba/athletes/los_angeles_sparks_rae_burrell/headshot.png,true,assets/leagues/wnba/athletes/los_angeles_sparks_rae_burrell/headshot.png.approved,true,approved_marker_present_manual_source_recheck_required,manual_source_recheck_required,1630996,https://sparks.wnba.com/roster,https://www.wnba.com/player/1630996/rae-burrell,https://cdn.wnba.com/headshots/wnba/latest/260x190/1630996.png,approved_assets_registry; decision_source=default; source_file=outputs/latest/review_files/athlete_image_approval_pack/downloads/los_angeles_sparks/los_angeles_sparks_rae_burrell__1630996.png; approved_at_utc=2026-06-16T04:22:55.133153+00:00,approved_marker_present; headshot_slot_requires_identity_and_crop_review; image_size=260x190; meets_headshot_floor; default_decision_source_manual_recheck_required,approve_for_review_only_renderer_use|hold_identity|revise_asset|revise_source_metadata,data/asset_registry/wnba/wnba_athlete_photo_review_intake.csv,data/asset_registry/wnba/athlete_photo_contact_sheets/los_angeles_sparks.png,data/asset_registry/wnba/athlete_photo_contact_sheets/los_angeles_sparks.md,true,false,false,false,false,false,false
los_angeles_sparks_sania_feagin,Sania Feagin,los_angeles_sparks,Los Angeles Sparks,Western,assets/leagues/wnba/athletes/los_angeles_sparks_sania_feagin/headshot.png,true,assets/leagues/wnba/athletes/los_angeles_sparks_sania_feagin/headshot.png.approved,true,approved_marker_present_manual_source_recheck_required,manual_source_recheck_required,1642790,https://sparks.wnba.com/roster,https://www.wnba.com/player/1642790/sania-feagin,https://cdn.wnba.com/headshots/wnba/latest/260x190/1642790.png,approved_assets_registry; decision_source=default; source_file=outputs/latest/review_files/athlete_image_approval_pack/downloads/los_angeles_sparks/los_angeles_sparks_sania_feagin__1642790.png; approved_at_utc=2026-06-16T04:22:55.133874+00:00,approved_marker_present; headshot_slot_requires_identity_and_crop_review; image_size=260x190; meets_headshot_floor; default_decision_source_manual_recheck_required,approve_for_review_only_renderer_use|hold_identity|revise_asset|revise_source_metadata,data/asset_registry/wnba/wnba_athlete_photo_review_intake.csv,data/asset_registry/wnba/athlete_photo_contact_sheets/los_angeles_sparks.png,data/asset_registry/wnba/athlete_photo_contact_sheets/los_angeles_sparks.md,true,false,false,false,false,false,false
los_angeles_sparks_ta_niya_latson,Ta'Niya Latson,los_angeles_sparks,Los Angeles Sparks,Western,assets/leagues/wnba/athletes/los_angeles_sparks_ta_niya_latson/headshot.png,true,assets/leagues/wnba/athletes/los_angeles_sparks_ta_niya_latson/headshot.png.approved,true,approved_marker_present_manual_source_recheck_required,manual_source_recheck_required,1643444,https://sparks.wnba.com/roster,https://www.wnba.com/player/1643444/ta-niya-latson,https://cdn.wnba.com/headshots/wnba/latest/260x190/1643444.png,approved_assets_registry; decision_source=default; source_file=outputs/latest/review_files/athlete_image_approval_pack/downloads/los_angeles_sparks/los_angeles_sparks_ta_niya_latson__1643444.png; approved_at_utc=2026-06-16T04:22:55.131221+00:00,approved_marker_present; headshot_slot_requires_identity_and_crop_review; image_size=260x190; meets_headshot_floor; default_decision_source_manual_recheck_required,approve_for_review_only_renderer_use|hold_identity|revise_asset|revise_source_metadata,data/asset_registry/wnba/wnba_athlete_photo_review_intake.csv,data/asset_registry/wnba/athlete_photo_contact_sheets/los_angeles_sparks.png,data/asset_registry/wnba/athlete_photo_contact_sheets/los_angeles_sparks.md,true,false,false,false,false,false,false
minnesota_lynx_anastasiia_olairi_kosu,Anastasiia Olairi Kosu,minnesota_lynx,Minnesota Lynx,Western,assets/leagues/wnba/athletes/minnesota_lynx_anastasiia_olairi_kosu/headshot.png,true,assets/leagues/wnba/athletes/minnesota_lynx_anastasiia_olairi_kosu/headshot.png.approved,true,approved_marker_present_manual_source_recheck_required,manual_source_recheck_required,1642797,https://lynx.wnba.com/roster,https://www.wnba.com/player/1642797/anastasiia-olairi-kosu,https://cdn.wnba.com/headshots/wnba/latest/260x190/1642797.png,approved_assets_registry; decision_source=default; source_file=outputs/latest/review_files/athlete_image_approval_pack/downloads/minnesota_lynx/minnesota_lynx_anastasiia_olairi_kosu__1642797.png; approved_at_utc=2026-06-16T04:22:55.136919+00:00,approved_marker_present; headshot_slot_requires_identity_and_crop_review; image_size=260x190; meets_headshot_floor; default_decision_source_manual_recheck_required,approve_for_review_only_renderer_use|hold_identity|revise_asset|revise_source_metadata,data/asset_registry/wnba/wnba_athlete_photo_review_intake.csv,data/asset_registry/wnba/athlete_photo_contact_sheets/minnesota_lynx.png,data/asset_registry/wnba/athlete_photo_contact_sheets/minnesota_lynx.md,true,false,false,false,false,false,false
minnesota_lynx_antonia_delaere,Antonia Delaere,minnesota_lynx,Minnesota Lynx,Western,assets/leagues/wnba/athletes/minnesota_lynx_antonia_delaere/headshot.png,true,assets/leagues/wnba/athletes/minnesota_lynx_antonia_delaere/headshot.png.approved,true,approved_marker_present_manual_source_recheck_required,manual_source_recheck_required,1643489,https://lynx.wnba.com/roster,https://www.wnba.com/player/1643489/antonia-delaere,https://cdn.wnba.com/headshots/wnba/latest/260x190/1643489.png,approved_assets_registry; decision_source=default; source_file=outputs/latest/review_files/athlete_image_approval_pack/downloads/minnesota_lynx/minnesota_lynx_antonia_delaere__1643489.png; approved_at_utc=2026-06-16T04:22:55.137237+00:00,approved_marker_present; headshot_slot_requires_identity_and_crop_review; image_size=260x190; meets_headshot_floor; default_decision_source_manual_recheck_required,approve_for_review_only_renderer_use|hold_identity|revise_asset|revise_source_metadata,data/asset_registry/wnba/wnba_athlete_photo_review_intake.csv,data/asset_registry/wnba/athlete_photo_contact_sheets/minnesota_lynx.png,data/asset_registry/wnba/athlete_photo_contact_sheets/minnesota_lynx.md,true,false,false,false,false,false,false
minnesota_lynx_courtney_williams,Courtney Williams,minnesota_lynx,Minnesota Lynx,Western,assets/leagues/wnba/athletes/minnesota_lynx_courtney_williams/headshot.png,true,assets/leagues/wnba/athletes/minnesota_lynx_courtney_williams/headshot.png.approved,true,approved_marker_present_manual_source_recheck_required,manual_source_recheck_required,1627675,https://lynx.wnba.com/roster,https://www.wnba.com/player/1627675/courtney-williams,https://cdn.wnba.com/headshots/wnba/latest/260x190/1627675.png,approved_assets_registry; decision_source=default; source_file=outputs/latest/review_files/athlete_image_approval_pack/downloads/minnesota_lynx/minnesota_lynx_courtney_williams__1627675.png; approved_at_utc=2026-06-16T04:22:55.137554+00:00,approved_marker_present; headshot_slot_requires_identity_and_crop_review; image_size=260x190; meets_headshot_floor; default_decision_source_manual_recheck_required,approve_for_review_only_renderer_use|hold_identity|revise_asset|revise_source_metadata,data/asset_registry/wnba/wnba_athlete_photo_review_intake.csv,data/asset_registry/wnba/athlete_photo_contact_sheets/minnesota_lynx.png,data/asset_registry/wnba/athlete_photo_contact_sheets/minnesota_lynx.md,true,false,false,false,false,false,false
minnesota_lynx_dorka_juhasz,Dorka Juhasz,minnesota_lynx,Minnesota Lynx,Western,assets/leagues/wnba/athletes/minnesota_lynx_dorka_juhasz/headshot.png,true,assets/leagues/wnba/athletes/minnesota_lynx_dorka_juhasz/headshot.png.approved,true,approved_marker_present_manual_source_recheck_required,manual_source_recheck_required,1641657,https://lynx.wnba.com/roster,https://www.wnba.com/player/1641657/dorka-juhasz,https://cdn.wnba.com/headshots/wnba/latest/260x190/1641657.png,approved_assets_registry; decision_source=default; source_file=outputs/latest/review_files/athlete_image_approval_pack/downloads/minnesota_lynx/minnesota_lynx_dorka_juhasz__1641657.png; approved_at_utc=2026-06-16T04:22:55.138700+00:00,approved_marker_present; headshot_slot_requires_identity_and_crop_review; image_size=260x190; meets_headshot_floor; default_decision_source_manual_recheck_required,approve_for_review_only_renderer_use|hold_identity|revise_asset|revise_source_metadata,data/asset_registry/wnba/wnba_athlete_photo_review_intake.csv,data/asset_registry/wnba/athlete_photo_contact_sheets/minnesota_lynx.png,data/asset_registry/wnba/athlete_photo_contact_sheets/minnesota_lynx.md,true,false,false,false,false,false,false
minnesota_lynx_eliska_hamzova,Eliska Hamzova,minnesota_lynx,Minnesota Lynx,Western,assets/leagues/wnba/athletes/minnesota_lynx_eliska_hamzova/headshot.png,true,assets/leagues/wnba/athletes/minnesota_lynx_eliska_hamzova/headshot.png.approved,true,approved_marker_present_manual_source_recheck_required,manual_source_recheck_required,1643490,https://lynx.wnba.com/roster,https://www.wnba.com/player/1643490/eliska-hamzova,https://cdn.wnba.com/headshots/wnba/latest/260x190/1643490.png,approved_assets_registry; decision_source=default; source_file=outputs/latest/review_files/athlete_image_approval_pack/downloads/minnesota_lynx/minnesota_lynx_eliska_hamzova__1643490.png; approved_at_utc=2026-06-16T04:22:55.137975+00:00,approved_marker_present; headshot_slot_requires_identity_and_crop_review; image_size=260x190; meets_headshot_floor; default_decision_source_manual_recheck_required,approve_for_review_only_renderer_use|hold_identity|revise_asset|revise_source_metadata,data/asset_registry/wnba/wnba_athlete_photo_review_intake.csv,data/asset_registry/wnba/athlete_photo_contact_sheets/minnesota_lynx.png,data/asset_registry/wnba/athlete_photo_contact_sheets/minnesota_lynx.md,true,false,false,false,false,false,false
minnesota_lynx_emma_cechova,Emma Cechova,minnesota_lynx,Minnesota Lynx,Western,assets/leagues/wnba/athletes/minnesota_lynx_emma_cechova/headshot.png,true,assets/leagues/wnba/athletes/minnesota_lynx_emma_cechova/headshot.png.approved,true,approved_marker_present_manual_source_recheck_required,manual_source_recheck_required,1643488,https://lynx.wnba.com/roster,https://www.wnba.com/player/1643488/emma-cechova,https://cdn.wnba.com/headshots/wnba/latest/260x190/1643488.png,approved_assets_registry; decision_source=default; source_file=outputs/latest/review_files/athlete_image_approval_pack/downloads/minnesota_lynx/minnesota_lynx_emma_cechova__1643488.png; approved_at_utc=2026-06-16T04:22:55.139711+00:00,approved_marker_present; headshot_slot_requires_identity_and_crop_review; image_size=260x190; meets_headshot_floor; default_decision_source_manual_recheck_required,approve_for_review_only_renderer_use|hold_identity|revise_asset|revise_source_metadata,data/asset_registry/wnba/wnba_athlete_photo_review_intake.csv,data/asset_registry/wnba/athlete_photo_contact_sheets/minnesota_lynx.png,data/asset_registry/wnba/athlete_photo_contact_sheets/minnesota_lynx.md,true,false,false,false,false,false,false
minnesota_lynx_kayla_mcbride,Kayla McBride,minnesota_lynx,Minnesota Lynx,Western,assets/leagues/wnba/athletes/minnesota_lynx_kayla_mcbride/headshot.png,true,assets/leagues/wnba/athletes/minnesota_lynx_kayla_mcbride/headshot.png.approved,true,approved_marker_present_manual_source_recheck_required,manual_source_recheck_required,203825,https://lynx.wnba.com/roster,https://www.wnba.com/player/203825/kayla-mcbride,https://cdn.wnba.com/headshots/wnba/latest/260x190/203825.png,approved_assets_registry; decision_source=default; source_file=outputs/latest/review_files/athlete_image_approval_pack/downloads/minnesota_lynx/minnesota_lynx_kayla_mcbride__203825.png; approved_at_utc=2026-06-16T04:22:55.139362+00:00,approved_marker_present; headshot_slot_requires_identity_and_crop_review; image_size=260x190; meets_headshot_floor; default_decision_source_manual_recheck_required,approve_for_review_only_renderer_use|hold_identity|revise_asset|revise_source_metadata,data/asset_registry/wnba/wnba_athlete_photo_review_intake.csv,data/asset_registry/wnba/athlete_photo_contact_sheets/minnesota_lynx.png,data/asset_registry/wnba/athlete_photo_contact_sheets/minnesota_lynx.md,true,false,false,false,false,false,false
minnesota_lynx_liatu_king,Liatu King,minnesota_lynx,Minnesota Lynx,Western,assets/leagues/wnba/athletes/minnesota_lynx_liatu_king/headshot.png,true,assets/leagues/wnba/athletes/minnesota_lynx_liatu_king/headshot.png.approved,true,approved_marker_present_manual_source_recheck_required,manual_source_recheck_required,1642820,https://lynx.wnba.com/roster,https://www.wnba.com/player/1642820/liatu-king,https://cdn.wnba.com/headshots/wnba/latest/260x190/1642820.png,approved_assets_registry; decision_source=default; source_file=outputs/latest/review_files/athlete_image_approval_pack/downloads/minnesota_lynx/minnesota_lynx_liatu_king__1642820.png; approved_at_utc=2026-06-16T04:22:55.135911+00:00,approved_marker_present; headshot_slot_requires_identity_and_crop_review; image_size=260x190; meets_headshot_floor; default_decision_source_manual_recheck_required,approve_for_review_only_renderer_use|hold_identity|revise_asset|revise_source_metadata,data/asset_registry/wnba/wnba_athlete_photo_review_intake.csv,data/asset_registry/wnba/athlete_photo_contact_sheets/minnesota_lynx.png,data/asset_registry/wnba/athlete_photo_contact_sheets/minnesota_lynx.md,true,false,false,false,false,false,false
minnesota_lynx_maya_caldwell,Maya Caldwell,minnesota_lynx,Minnesota Lynx,Western,assets/leagues/wnba/athletes/minnesota_lynx_maya_caldwell/headshot.png,true,assets/leagues/wnba/athletes/minnesota_lynx_maya_caldwell/headshot.png.approved,true,approved_marker_present_manual_source_recheck_required,manual_source_recheck_required,1630471,https://lynx.wnba.com/roster,https://www.wnba.com/player/1630471/maya-caldwell,https://cdn.wnba.com/headshots/wnba/latest/260x190/1630471.png,approved_assets_registry; decision_source=default; source_file=outputs/latest/review_files/athlete_image_approval_pack/downloads/minnesota_lynx/minnesota_lynx_maya_caldwell__1630471.png; approved_at_utc=2026-06-16T04:22:55.136240+00:00,approved_marker_present; headshot_slot_requires_identity_and_crop_review; image_size=260x190; meets_headshot_floor; default_decision_source_manual_recheck_required,approve_for_review_only_renderer_use|hold_identity|revise_asset|revise_source_metadata,data/asset_registry/wnba/wnba_athlete_photo_review_intake.csv,data/asset_registry/wnba/athlete_photo_contact_sheets/minnesota_lynx.png,data/asset_registry/wnba/athlete_photo_contact_sheets/minnesota_lynx.md,true,false,false,false,false,false,false
minnesota_lynx_napheesa_collier,Napheesa Collier,minnesota_lynx,Minnesota Lynx,Western,assets/leagues/wnba/athletes/minnesota_lynx_napheesa_collier/headshot.png,true,assets/leagues/wnba/athletes/minnesota_lynx_napheesa_collier/headshot.png.approved,true,approved_marker_present_manual_source_recheck_required,manual_source_recheck_required,1629483,https://lynx.wnba.com/roster,https://www.wnba.com/player/1629483/napheesa-collier,https://cdn.wnba.com/headshots/wnba/latest/260x190/1629483.png,approved_assets_registry; decision_source=default; source_file=outputs/latest/review_files/athlete_image_approval_pack/downloads/minnesota_lynx/minnesota_lynx_napheesa_collier__1629483.png; approved_at_utc=2026-06-16T04:22:55.140033+00:00,approved_marker_present; headshot_slot_requires_identity_and_crop_review; image_size=260x190; meets_headshot_floor; default_decision_source_manual_recheck_required,approve_for_review_only_renderer_use|hold_identity|revise_asset|revise_source_metadata,data/asset_registry/wnba/wnba_athlete_photo_review_intake.csv,data/asset_registry/wnba/athlete_photo_contact_sheets/minnesota_lynx.png,data/asset_registry/wnba/athlete_photo_contact_sheets/minnesota_lynx.md,true,false,false,false,false,false,false
minnesota_lynx_natasha_howard,Natasha Howard,minnesota_lynx,Minnesota Lynx,Western,assets/leagues/wnba/athletes/minnesota_lynx_natasha_howard/headshot.png,true,assets/leagues/wnba/athletes/minnesota_lynx_natasha_howard/headshot.png.approved,true,approved_marker_present_manual_source_recheck_required,manual_source_recheck_required,203827,https://lynx.wnba.com/roster,https://www.wnba.com/player/203827/natasha-howard,https://cdn.wnba.com/headshots/wnba/latest/260x190/203827.png,approved_assets_registry; decision_source=default; source_file=outputs/latest/review_files/athlete_image_approval_pack/downloads/minnesota_lynx/minnesota_lynx_natasha_howard__203827.png; approved_at_utc=2026-06-16T04:22:55.135574+00:00,approved_marker_present; headshot_slot_requires_identity_and_crop_review; image_size=260x190; meets_headshot_floor; default_decision_source_manual_recheck_required,approve_for_review_only_renderer_use|hold_identity|revise_asset|revise_source_metadata,data/asset_registry/wnba/wnba_athlete_photo_review_intake.csv,data/asset_registry/wnba/athlete_photo_contact_sheets/minnesota_lynx.png,data/asset_registry/wnba/athlete_photo_contact_sheets/minnesota_lynx.md,true,false,false,false,false,false,false
minnesota_lynx_nia_coffey,Nia Coffey,minnesota_lynx,Minnesota Lynx,Western,assets/leagues/wnba/athletes/minnesota_lynx_nia_coffey/headshot.png,true,assets/leagues/wnba/athletes/minnesota_lynx_nia_coffey/headshot.png.approved,true,approved_marker_present_manual_source_recheck_required,manual_source_recheck_required,1628269,https://lynx.wnba.com/roster,https://www.wnba.com/player/1628269/nia-coffey,https://cdn.wnba.com/headshots/wnba/latest/260x190/1628269.png,approved_assets_registry; decision_source=default; source_file=outputs/latest/review_files/athlete_image_approval_pack/downloads/minnesota_lynx/minnesota_lynx_nia_coffey__1628269.png; approved_at_utc=2026-06-16T04:22:55.138284+00:00,approved_marker_present; headshot_slot_requires_identity_and_crop_review; image_size=260x190; meets_headshot_floor; default_decision_source_manual_recheck_required,approve_for_review_only_renderer_use|hold_identity|revise_asset|revise_source_metadata,data/asset_registry/wnba/wnba_athlete_photo_review_intake.csv,data/asset_registry/wnba/athlete_photo_contact_sheets/minnesota_lynx.png,data/asset_registry/wnba/athlete_photo_contact_sheets/minnesota_lynx.md,true,false,false,false,false,false,false
minnesota_lynx_olivia_miles,Olivia Miles,minnesota_lynx,Minnesota Lynx,Western,assets/leagues/wnba/athletes/minnesota_lynx_olivia_miles/headshot.png,true,assets/leagues/wnba/athletes/minnesota_lynx_olivia_miles/headshot.png.approved,true,approved_marker_present_manual_source_recheck_required,manual_source_recheck_required,1643426,https://lynx.wnba.com/roster,https://www.wnba.com/player/1643426/olivia-miles,https://cdn.wnba.com/headshots/wnba/latest/260x190/1643426.png,approved_assets_registry; decision_source=default; source_file=outputs/latest/review_files/athlete_image_approval_pack/downloads/minnesota_lynx/minnesota_lynx_olivia_miles__1643426.png; approved_at_utc=2026-06-16T04:22:55.136568+00:00,approved_marker_present; headshot_slot_requires_identity_and_crop_review; image_size=260x190; meets_headshot_floor; default_decision_source_manual_recheck_required,approve_for_review_only_renderer_use|hold_identity|revise_asset|revise_source_metadata,data/asset_registry/wnba/wnba_athlete_photo_review_intake.csv,data/asset_registry/wnba/athlete_photo_contact_sheets/minnesota_lynx.png,data/asset_registry/wnba/athlete_photo_contact_sheets/minnesota_lynx.md,true,false,false,false,false,false,false
minnesota_lynx_teaira_mccowan,Teaira McCowan,minnesota_lynx,Minnesota Lynx,Western,assets/leagues/wnba/athletes/minnesota_lynx_teaira_mccowan/headshot.png,true,assets/leagues/wnba/athletes/minnesota_lynx_teaira_mccowan/headshot.png.approved,true,approved_marker_present_manual_source_recheck_required,manual_source_recheck_required,1629479,https://lynx.wnba.com/roster,https://www.wnba.com/player/1629479/teaira-mccowan,https://cdn.wnba.com/headshots/wnba/latest/260x190/1629479.png,approved_assets_registry; decision_source=default; source_file=outputs/latest/review_files/athlete_image_approval_pack/downloads/minnesota_lynx/minnesota_lynx_teaira_mccowan__1629479.png; approved_at_utc=2026-06-16T04:22:55.139033+00:00,approved_marker_present; headshot_slot_requires_identity_and_crop_review; image_size=260x190; meets_headshot_floor; default_decision_source_manual_recheck_required,approve_for_review_only_renderer_use|hold_identity|revise_asset|revise_source_metadata,data/asset_registry/wnba/wnba_athlete_photo_review_intake.csv,data/asset_registry/wnba/athlete_photo_contact_sheets/minnesota_lynx.png,data/asset_registry/wnba/athlete_photo_contact_sheets/minnesota_lynx.md,true,false,false,false,false,false,false
new_york_liberty_anneli_maley,Anneli Maley,new_york_liberty,New York Liberty,Eastern,assets/leagues/wnba/athletes/new_york_liberty_anneli_maley/headshot.png,true,assets/leagues/wnba/athletes/new_york_liberty_anneli_maley/headshot.png.approved,true,approved_marker_present_manual_source_recheck_required,manual_source_recheck_required,1629546,https://liberty.wnba.com/roster,https://www.wnba.com/player/1629546/anneli-maley,https://cdn.wnba.com/headshots/wnba/latest/260x190/1629546.png,approved_assets_registry; decision_source=default; source_file=outputs/latest/review_files/athlete_image_approval_pack/downloads/new_york_liberty/new_york_liberty_anneli_maley__1629546.png; approved_at_utc=2026-06-16T04:22:55.112517+00:00,approved_marker_present; headshot_slot_requires_identity_and_crop_review; image_size=260x190; meets_headshot_floor; default_decision_source_manual_recheck_required,approve_for_review_only_renderer_use|hold_identity|revise_asset|revise_source_metadata,data/asset_registry/wnba/wnba_athlete_photo_review_intake.csv,data/asset_registry/wnba/athlete_photo_contact_sheets/new_york_liberty.png,data/asset_registry/wnba/athlete_photo_contact_sheets/new_york_liberty.md,true,false,false,false,false,false,false
new_york_liberty_betnijah_laney_hamilton,Betnijah Laney-Hamilton,new_york_liberty,New York Liberty,Eastern,assets/leagues/wnba/athletes/new_york_liberty_betnijah_laney_hamilton/headshot.png,true,assets/leagues/wnba/athletes/new_york_liberty_betnijah_laney_hamilton/headshot.png.approved,true,approved_marker_present_manual_source_recheck_required,manual_source_recheck_required,1627673,https://liberty.wnba.com/roster,https://www.wnba.com/player/1627673/betnijah-laney-hamilton,https://cdn.wnba.com/headshots/wnba/latest/260x190/1627673.png,approved_assets_registry; decision_source=default; source_file=outputs/latest/review_files/athlete_image_approval_pack/downloads/new_york_liberty/new_york_liberty_betnijah_laney_hamilton__1627673.png; approved_at_utc=2026-06-16T04:22:55.113352+00:00,approved_marker_present; headshot_slot_requires_identity_and_crop_review; image_size=260x190; meets_headshot_floor; default_decision_source_manual_recheck_required,approve_for_review_only_renderer_use|hold_identity|revise_asset|revise_source_metadata,data/asset_registry/wnba/wnba_athlete_photo_review_intake.csv,data/asset_registry/wnba/athlete_photo_contact_sheets/new_york_liberty.png,data/asset_registry/wnba/athlete_photo_contact_sheets/new_york_liberty.md,true,false,false,false,false,false,false
new_york_liberty_breanna_stewart,Breanna Stewart,new_york_liberty,New York Liberty,Eastern,assets/leagues/wnba/athletes/new_york_liberty_breanna_stewart/headshot.png,true,assets/leagues/wnba/athletes/new_york_liberty_breanna_stewart/headshot.png.approved,true,approved_marker_present_manual_source_recheck_required,manual_source_recheck_required,1630993,https://liberty.wnba.com/roster,https://www.wnba.com/player/1630993/breanna-stewart,https://cdn.wnba.com/headshots/wnba/latest/260x190/1630993.png,approved_assets_registry; decision_source=default; source_file=outputs/latest/review_files/athlete_image_approval_pack/downloads/new_york_liberty/new_york_liberty_breanna_stewart__1630993.png; approved_at_utc=2026-06-16T04:22:55.112809+00:00,approved_marker_present; headshot_slot_requires_identity_and_crop_review; image_size=260x190; meets_headshot_floor; default_decision_source_manual_recheck_required,approve_for_review_only_renderer_use|hold_identity|revise_asset|revise_source_metadata,data/asset_registry/wnba/wnba_athlete_photo_review_intake.csv,data/asset_registry/wnba/athlete_photo_contact_sheets/new_york_liberty.png,data/asset_registry/wnba/athlete_photo_contact_sheets/new_york_liberty.md,true,false,false,false,false,false,false
new_york_liberty_han_xu,Han Xu,new_york_liberty,New York Liberty,Eastern,assets/leagues/wnba/athletes/new_york_liberty_han_xu/headshot.png,true,assets/leagues/wnba/athletes/new_york_liberty_han_xu/headshot.png.approved,true,approved_marker_present_manual_source_recheck_required,manual_source_recheck_required,1629477,https://liberty.wnba.com/roster,https://www.wnba.com/player/1629477/han-xu,https://cdn.wnba.com/headshots/wnba/latest/260x190/1629477.png,approved_assets_registry; decision_source=default; source_file=outputs/latest/review_files/athlete_image_approval_pack/downloads/new_york_liberty/new_york_liberty_han_xu__1629477.png; approved_at_utc=2026-06-16T04:22:55.111949+00:00,approved_marker_present; headshot_slot_requires_identity_and_crop_review; image_size=260x190; meets_headshot_floor; default_decision_source_manual_recheck_required,approve_for_review_only_renderer_use|hold_identity|revise_asset|revise_source_metadata,data/asset_registry/wnba/wnba_athlete_photo_review_intake.csv,data/asset_registry/wnba/athlete_photo_contact_sheets/new_york_liberty.png,data/asset_registry/wnba/athlete_photo_contact_sheets/new_york_liberty.md,true,false,false,false,false,false,false
new_york_liberty_jonquel_jones,Jonquel Jones,new_york_liberty,New York Liberty,Eastern,assets/leagues/wnba/athletes/new_york_liberty_jonquel_jones/headshot.png,true,assets/leagues/wnba/athletes/new_york_liberty_jonquel_jones/headshot.png.approved,true,approved_marker_present_manual_source_recheck_required,manual_source_recheck_required,1627668,https://liberty.wnba.com/roster,https://www.wnba.com/player/1627668/jonquel-jones,https://cdn.wnba.com/headshots/wnba/latest/260x190/1627668.png,approved_assets_registry; decision_source=default; source_file=outputs/latest/review_files/athlete_image_approval_pack/downloads/new_york_liberty/new_york_liberty_jonquel_jones__1627668.png; approved_at_utc=2026-06-16T04:22:55.113081+00:00,approved_marker_present; headshot_slot_requires_identity_and_crop_review; image_size=260x190; meets_headshot_floor; default_decision_source_manual_recheck_required,approve_for_review_only_renderer_use|hold_identity|revise_asset|revise_source_metadata,data/asset_registry/wnba/wnba_athlete_photo_review_intake.csv,data/asset_registry/wnba/athlete_photo_contact_sheets/new_york_liberty.png,data/asset_registry/wnba/athlete_photo_contact_sheets/new_york_liberty.md,true,false,false,false,false,false,false
new_york_liberty_leonie_fiebich,Leonie Fiebich,new_york_liberty,New York Liberty,Eastern,assets/leagues/wnba/athletes/new_york_liberty_leonie_fiebich/headshot.png,true,assets/leagues/wnba/athletes/new_york_liberty_leonie_fiebich/headshot.png.approved,true,approved_marker_present_manual_source_recheck_required,manual_source_recheck_required,204296,https://liberty.wnba.com/roster,https://www.wnba.com/player/204296/leonie-fiebich,https://cdn.wnba.com/headshots/wnba/latest/260x190/204296.png,approved_assets_registry; decision_source=default; source_file=outputs/latest/review_files/athlete_image_approval_pack/downloads/new_york_liberty/new_york_liberty_leonie_fiebich__204296.png; approved_at_utc=2026-06-16T04:22:55.110149+00:00,approved_marker_present; headshot_slot_requires_identity_and_crop_review; image_size=260x190; meets_headshot_floor; default_decision_source_manual_recheck_required,approve_for_review_only_renderer_use|hold_identity|revise_asset|revise_source_metadata,data/asset_registry/wnba/wnba_athlete_photo_review_intake.csv,data/asset_registry/wnba/athlete_photo_contact_sheets/new_york_liberty.png,data/asset_registry/wnba/athlete_photo_contact_sheets/new_york_liberty.md,true,false,false,false,false,false,false
new_york_liberty_marine_fauthoux,Marine Fauthoux,new_york_liberty,New York Liberty,Eastern,assets/leagues/wnba/athletes/new_york_liberty_marine_fauthoux/headshot.png,true,assets/leagues/wnba/athletes/new_york_liberty_marine_fauthoux/headshot.png.approved,true,approved_marker_present_manual_source_recheck_required,manual_source_recheck_required,1630469,https://liberty.wnba.com/roster,https://www.wnba.com/player/1630469/marine-fauthoux,https://cdn.wnba.com/headshots/wnba/latest/260x190/1630469.png,approved_assets_registry; decision_source=default; source_file=outputs/latest/review_files/athlete_image_approval_pack/downloads/new_york_liberty/new_york_liberty_marine_fauthoux__1630469.png; approved_at_utc=2026-06-16T04:22:55.109552+00:00,approved_marker_present; headshot_slot_requires_identity_and_crop_review; image_size=260x190; meets_headshot_floor; default_decision_source_manual_recheck_required,approve_for_review_only_renderer_use|hold_identity|revise_asset|revise_source_metadata,data/asset_registry/wnba/wnba_athlete_photo_review_intake.csv,data/asset_registry/wnba/athlete_photo_contact_sheets/new_york_liberty.png,data/asset_registry/wnba/athlete_photo_contact_sheets/new_york_liberty.md,true,false,false,false,false,false,false
new_york_liberty_marine_johannes,Marine Johannes,new_york_liberty,New York Liberty,Eastern,assets/leagues/wnba/athletes/new_york_liberty_marine_johannes/headshot.png,true,assets/leagues/wnba/athletes/new_york_liberty_marine_johannes/headshot.png.approved,true,approved_marker_present_manual_source_recheck_required,manual_source_recheck_required,1629566,https://liberty.wnba.com/roster,https://www.wnba.com/player/1629566/marine-johannes,https://cdn.wnba.com/headshots/wnba/latest/260x190/1629566.png,approved_assets_registry; decision_source=default; source_file=outputs/latest/review_files/athlete_image_approval_pack/downloads/new_york_liberty/new_york_liberty_marine_johannes__1629566.png; approved_at_utc=2026-06-16T04:22:55.112230+00:00,approved_marker_present; headshot_slot_requires_identity_and_crop_review; image_size=260x190; meets_headshot_floor; default_decision_source_manual_recheck_required,approve_for_review_only_renderer_use|hold_identity|revise_asset|revise_source_metadata,data/asset_registry/wnba/wnba_athlete_photo_review_intake.csv,data/asset_registry/wnba/athlete_photo_contact_sheets/new_york_liberty.png,data/asset_registry/wnba/athlete_photo_contact_sheets/new_york_liberty.md,true,false,false,false,false,false,false
new_york_liberty_pauline_astier,Pauline Astier,new_york_liberty,New York Liberty,Eastern,assets/leagues/wnba/athletes/new_york_liberty_pauline_astier/headshot.png,true,assets/leagues/wnba/athletes/new_york_liberty_pauline_astier/headshot.png.approved,true,approved_marker_present_manual_source_recheck_required,manual_source_recheck_required,1630384,https://liberty.wnba.com/roster,https://www.wnba.com/player/1630384/pauline-astier,https://cdn.wnba.com/headshots/wnba/latest/260x190/1630384.png,approved_assets_registry; decision_source=default; source_file=outputs/latest/review_files/athlete_image_approval_pack/downloads/new_york_liberty/new_york_liberty_pauline_astier__1630384.png; approved_at_utc=2026-06-16T04:22:55.111373+00:00,approved_marker_present; headshot_slot_requires_identity_and_crop_review; image_size=260x190; meets_headshot_floor; default_decision_source_manual_recheck_required,approve_for_review_only_renderer_use|hold_identity|revise_asset|revise_source_metadata,data/asset_registry/wnba/wnba_athlete_photo_review_intake.csv,data/asset_registry/wnba/athlete_photo_contact_sheets/new_york_liberty.png,data/asset_registry/wnba/athlete_photo_contact_sheets/new_york_liberty.md,true,false,false,false,false,false,false
new_york_liberty_raquel_carrera,Raquel Carrera,new_york_liberty,New York Liberty,Eastern,assets/leagues/wnba/athletes/new_york_liberty_raquel_carrera/headshot.png,true,assets/leagues/wnba/athletes/new_york_liberty_raquel_carrera/headshot.png.approved,true,approved_marker_present_manual_source_recheck_required,manual_source_recheck_required,1630142,https://liberty.wnba.com/roster,https://www.wnba.com/player/1630142/raquel-carrera,https://cdn.wnba.com/headshots/wnba/latest/260x190/1630142.png,approved_assets_registry; decision_source=default; source_file=outputs/latest/review_files/athlete_image_approval_pack/downloads/new_york_liberty/new_york_liberty_raquel_carrera__1630142.png; approved_at_utc=2026-06-16T04:22:55.111080+00:00,approved_marker_present; headshot_slot_requires_identity_and_crop_review; image_size=260x190; meets_headshot_floor; default_decision_source_manual_recheck_required,approve_for_review_only_renderer_use|hold_identity|revise_asset|revise_source_metadata,data/asset_registry/wnba/wnba_athlete_photo_review_intake.csv,data/asset_registry/wnba/athlete_photo_contact_sheets/new_york_liberty.png,data/asset_registry/wnba/athlete_photo_contact_sheets/new_york_liberty.md,true,false,false,false,false,false,false
new_york_liberty_rebekah_gardner,Rebekah Gardner,new_york_liberty,New York Liberty,Eastern,assets/leagues/wnba/athletes/new_york_liberty_rebekah_gardner/headshot.png,true,assets/leagues/wnba/athletes/new_york_liberty_rebekah_gardner/headshot.png.approved,true,approved_marker_present_manual_source_recheck_required,manual_source_recheck_required,203822,https://liberty.wnba.com/roster,https://www.wnba.com/player/203822/rebekah-gardner,https://cdn.wnba.com/headshots/wnba/latest/260x190/203822.png,approved_assets_registry; decision_source=default; source_file=outputs/latest/review_files/athlete_image_approval_pack/downloads/new_york_liberty/new_york_liberty_rebekah_gardner__203822.png; approved_at_utc=2026-06-16T04:22:55.109865+00:00,approved_marker_present; headshot_slot_requires_identity_and_crop_review; image_size=260x190; meets_headshot_floor; default_decision_source_manual_recheck_required,approve_for_review_only_renderer_use|hold_identity|revise_asset|revise_source_metadata,data/asset_registry/wnba/wnba_athlete_photo_review_intake.csv,data/asset_registry/wnba/athlete_photo_contact_sheets/new_york_liberty.png,data/asset_registry/wnba/athlete_photo_contact_sheets/new_york_liberty.md,true,false,false,false,false,false,false
new_york_liberty_sabrina_ionescu,Sabrina Ionescu,new_york_liberty,New York Liberty,Eastern,assets/leagues/wnba/athletes/new_york_liberty_sabrina_ionescu/headshot.png,true,assets/leagues/wnba/athletes/new_york_liberty_sabrina_ionescu/headshot.png.approved,true,approved_marker_present_manual_source_recheck_required,manual_source_recheck_required,1631136,https://liberty.wnba.com/roster,https://www.wnba.com/player/1631136/sabrina-ionescu,https://cdn.wnba.com/headshots/wnba/latest/260x190/1631136.png,approved_assets_registry; decision_source=default; source_file=outputs/latest/review_files/athlete_image_approval_pack/downloads/new_york_liberty/new_york_liberty_sabrina_ionescu__1631136.png; approved_at_utc=2026-06-16T04:22:55.111666+00:00,approved_marker_present; headshot_slot_requires_identity_and_crop_review; image_size=260x190; meets_headshot_floor; default_decision_source_manual_recheck_required,approve_for_review_only_renderer_use|hold_identity|revise_asset|revise_source_metadata,data/asset_registry/wnba/wnba_athlete_photo_review_intake.csv,data/asset_registry/wnba/athlete_photo_contact_sheets/new_york_liberty.png,data/asset_registry/wnba/athlete_photo_contact_sheets/new_york_liberty.md,true,false,false,false,false,false,false
new_york_liberty_satou_sabally,Satou Sabally,new_york_liberty,New York Liberty,Eastern,assets/leagues/wnba/athletes/new_york_liberty_satou_sabally/headshot.png,true,assets/leagues/wnba/athletes/new_york_liberty_satou_sabally/headshot.png.approved,true,approved_marker_present_manual_source_recheck_required,manual_source_recheck_required,1630149,https://liberty.wnba.com/roster,https://www.wnba.com/player/1630149/satou-sabally,https://cdn.wnba.com/headshots/wnba/latest/260x190/1630149.png,approved_assets_registry; decision_source=default; source_file=outputs/latest/review_files/athlete_image_approval_pack/downloads/new_york_liberty/new_york_liberty_satou_sabally__1630149.png; approved_at_utc=2026-06-16T04:22:55.109274+00:00,approved_marker_present; headshot_slot_requires_identity_and_crop_review; image_size=260x190; meets_headshot_floor; default_decision_source_manual_recheck_required,approve_for_review_only_renderer_use|hold_identity|revise_asset|revise_source_metadata,data/asset_registry/wnba/wnba_athlete_photo_review_intake.csv,data/asset_registry/wnba/athlete_photo_contact_sheets/new_york_liberty.png,data/asset_registry/wnba/athlete_photo_contact_sheets/new_york_liberty.md,true,false,false,false,false,false,false
phoenix_mercury_alyssa_thomas,Alyssa Thomas,phoenix_mercury,Phoenix Mercury,Western,assets/leagues/wnba/athletes/phoenix_mercury_alyssa_thomas/headshot.png,true,assets/leagues/wnba/athletes/phoenix_mercury_alyssa_thomas/headshot.png.approved,true,approved_marker_present_manual_source_recheck_required,manual_source_recheck_required,1630461,https://mercury.wnba.com/roster,https://www.wnba.com/player/1630461/alyssa-thomas,https://cdn.wnba.com/headshots/wnba/latest/260x190/1630461.png,approved_assets_registry; decision_source=default; source_file=outputs/latest/review_files/athlete_image_approval_pack/downloads/phoenix_mercury/phoenix_mercury_alyssa_thomas__1630461.png; approved_at_utc=2026-06-16T04:22:55.142991+00:00,approved_marker_present; headshot_slot_requires_identity_and_crop_review; image_size=260x190; meets_headshot_floor; default_decision_source_manual_recheck_required,approve_for_review_only_renderer_use|hold_identity|revise_asset|revise_source_metadata,data/asset_registry/wnba/wnba_athlete_photo_review_intake.csv,data/asset_registry/wnba/athlete_photo_contact_sheets/phoenix_mercury.png,data/asset_registry/wnba/athlete_photo_contact_sheets/phoenix_mercury.md,true,false,false,false,false,false,false
phoenix_mercury_jovana_nogic,Jovana Nogic,phoenix_mercury,Phoenix Mercury,Western,assets/leagues/wnba/athletes/phoenix_mercury_jovana_nogic/headshot.png,true,assets/leagues/wnba/athletes/phoenix_mercury_jovana_nogic/headshot.png.approved,true,approved_marker_present_manual_source_recheck_required,manual_source_recheck_required,201886,https://mercury.wnba.com/roster,https://www.wnba.com/player/201886/jovana-nogic,https://cdn.wnba.com/headshots/wnba/latest/260x190/201886.png,approved_assets_registry; decision_source=default; source_file=outputs/latest/review_files/athlete_image_approval_pack/downloads/phoenix_mercury/phoenix_mercury_jovana_nogic__201886.png; approved_at_utc=2026-06-16T04:22:55.143317+00:00,approved_marker_present; headshot_slot_requires_identity_and_crop_review; image_size=260x190; meets_headshot_floor; default_decision_source_manual_recheck_required,approve_for_review_only_renderer_use|hold_identity|revise_asset|revise_source_metadata,data/asset_registry/wnba/wnba_athlete_photo_review_intake.csv,data/asset_registry/wnba/athlete_photo_contact_sheets/phoenix_mercury.png,data/asset_registry/wnba/athlete_photo_contact_sheets/phoenix_mercury.md,true,false,false,false,false,false,false
phoenix_mercury_kahleah_copper,Kahleah Copper,phoenix_mercury,Phoenix Mercury,Western,assets/leagues/wnba/athletes/phoenix_mercury_kahleah_copper/headshot.png,true,assets/leagues/wnba/athletes/phoenix_mercury_kahleah_copper/headshot.png.approved,true,approved_marker_present_manual_source_recheck_required,manual_source_recheck_required,1643493,https://mercury.wnba.com/roster,https://www.wnba.com/player/1643493/kahleah-copper,https://cdn.wnba.com/headshots/wnba/latest/260x190/1643493.png,approved_assets_registry; decision_source=default; source_file=outputs/latest/review_files/athlete_image_approval_pack/downloads/phoenix_mercury/phoenix_mercury_kahleah_copper__1643493.png; approved_at_utc=2026-06-16T04:22:55.140358+00:00,approved_marker_present; headshot_slot_requires_identity_and_crop_review; image_size=260x190; meets_headshot_floor; default_decision_source_manual_recheck_required,approve_for_review_only_renderer_use|hold_identity|revise_asset|revise_source_metadata,data/asset_registry/wnba/wnba_athlete_photo_review_intake.csv,data/asset_registry/wnba/athlete_photo_contact_sheets/phoenix_mercury.png,data/asset_registry/wnba/athlete_photo_contact_sheets/phoenix_mercury.md,true,false,false,false,false,false,false
phoenix_mercury_kiana_williams,Kiana Williams,phoenix_mercury,Phoenix Mercury,Western,assets/leagues/wnba/athletes/phoenix_mercury_kiana_williams/headshot.png,true,assets/leagues/wnba/athletes/phoenix_mercury_kiana_williams/headshot.png.approved,true,approved_marker_present_manual_source_recheck_required,manual_source_recheck_required,1643487,https://mercury.wnba.com/roster,https://www.wnba.com/player/1643487/kiana-williams,https://cdn.wnba.com/headshots/wnba/latest/260x190/1643487.png,approved_assets_registry; decision_source=default; source_file=outputs/latest/review_files/athlete_image_approval_pack/downloads/phoenix_mercury/phoenix_mercury_kiana_williams__1643487.png; approved_at_utc=2026-06-16T04:22:55.142575+00:00,approved_marker_present; headshot_slot_requires_identity_and_crop_review; image_size=260x190; meets_headshot_floor; default_decision_source_manual_recheck_required,approve_for_review_only_renderer_use|hold_identity|revise_asset|revise_source_metadata,data/asset_registry/wnba/wnba_athlete_photo_review_intake.csv,data/asset_registry/wnba/athlete_photo_contact_sheets/phoenix_mercury.png,data/asset_registry/wnba/athlete_photo_contact_sheets/phoenix_mercury.md,true,false,false,false,false,false,false
phoenix_mercury_kyara_linskens,Kyara Linskens,phoenix_mercury,Phoenix Mercury,Western,assets/leagues/wnba/athletes/phoenix_mercury_kyara_linskens/headshot.png,true,assets/leagues/wnba/athletes/phoenix_mercury_kyara_linskens/headshot.png.approved,true,approved_marker_present_manual_source_recheck_required,manual_source_recheck_required,203826,https://mercury.wnba.com/roster,https://www.wnba.com/player/203826/kyara-linskens,https://cdn.wnba.com/headshots/wnba/latest/260x190/203826.png,approved_assets_registry; decision_source=default; source_file=outputs/latest/review_files/athlete_image_approval_pack/downloads/phoenix_mercury/phoenix_mercury_kyara_linskens__203826.png; approved_at_utc=2026-06-16T04:22:55.143652+00:00,approved_marker_present; headshot_slot_requires_identity_and_crop_review; image_size=260x190; meets_headshot_floor; default_decision_source_manual_recheck_required,approve_for_review_only_renderer_use|hold_identity|revise_asset|revise_source_metadata,data/asset_registry/wnba/wnba_athlete_photo_review_intake.csv,data/asset_registry/wnba/athlete_photo_contact_sheets/phoenix_mercury.png,data/asset_registry/wnba/athlete_photo_contact_sheets/phoenix_mercury.md,true,false,false,false,false,false,false
phoenix_mercury_lexi_held,Lexi Held,phoenix_mercury,Phoenix Mercury,Western,assets/leagues/wnba/athletes/phoenix_mercury_lexi_held/headshot.png,true,assets/leagues/wnba/athletes/phoenix_mercury_lexi_held/headshot.png.approved,true,approved_marker_present_manual_source_recheck_required,manual_source_recheck_required,204468,https://mercury.wnba.com/roster,https://www.wnba.com/player/204468/lexi-held,https://cdn.wnba.com/headshots/wnba/latest/260x190/204468.png,approved_assets_registry; decision_source=default; source_file=outputs/latest/review_files/athlete_image_approval_pack/downloads/phoenix_mercury/phoenix_mercury_lexi_held__204468.png; approved_at_utc=2026-06-16T04:22:55.141757+00:00,approved_marker_present; headshot_slot_requires_identity_and_crop_review; image_size=260x190; meets_headshot_floor; default_decision_source_manual_recheck_required,approve_for_review_only_renderer_use|hold_identity|revise_asset|revise_source_metadata,data/asset_registry/wnba/wnba_athlete_photo_review_intake.csv,data/asset_registry/wnba/athlete_photo_contact_sheets/phoenix_mercury.png,data/asset_registry/wnba/athlete_photo_contact_sheets/phoenix_mercury.md,true,false,false,false,false,false,false
phoenix_mercury_marta_suarez,Marta Suarez,phoenix_mercury,Phoenix Mercury,Western,assets/leagues/wnba/athletes/phoenix_mercury_marta_suarez/headshot.png,true,assets/leagues/wnba/athletes/phoenix_mercury_marta_suarez/headshot.png.approved,true,approved_marker_present_manual_source_recheck_required,manual_source_recheck_required,1642768,https://mercury.wnba.com/roster,https://www.wnba.com/player/1642768/marta-suarez,https://cdn.wnba.com/headshots/wnba/latest/260x190/1642768.png,approved_assets_registry; decision_source=default; source_file=outputs/latest/review_files/athlete_image_approval_pack/downloads/phoenix_mercury/phoenix_mercury_marta_suarez__1642768.png; approved_at_utc=2026-06-16T04:22:55.144348+00:00,approved_marker_present; headshot_slot_requires_identity_and_crop_review; image_size=260x190; meets_headshot_floor; default_decision_source_manual_recheck_required,approve_for_review_only_renderer_use|hold_identity|revise_asset|revise_source_metadata,data/asset_registry/wnba/wnba_athlete_photo_review_intake.csv,data/asset_registry/wnba/athlete_photo_contact_sheets/phoenix_mercury.png,data/asset_registry/wnba/athlete_photo_contact_sheets/phoenix_mercury.md,true,false,false,false,false,false,false
phoenix_mercury_monique_akoa_makani,Monique Akoa Makani,phoenix_mercury,Phoenix Mercury,Western,assets/leagues/wnba/athletes/phoenix_mercury_monique_akoa_makani/headshot.png,true,assets/leagues/wnba/athletes/phoenix_mercury_monique_akoa_makani/headshot.png.approved,true,approved_marker_present_manual_source_recheck_required,manual_source_recheck_required,1630442,https://mercury.wnba.com/roster,https://www.wnba.com/player/1630442/monique-akoa-makani,https://cdn.wnba.com/headshots/wnba/latest/260x190/1630442.png,approved_assets_registry; decision_source=default; source_file=outputs/latest/review_files/athlete_image_approval_pack/downloads/phoenix_mercury/phoenix_mercury_monique_akoa_makani__1630442.png; approved_at_utc=2026-06-16T04:22:55.141033+00:00,approved_marker_present; headshot_slot_requires_identity_and_crop_review; image_size=260x190; meets_headshot_floor; default_decision_source_manual_recheck_required,approve_for_review_only_renderer_use|hold_identity|revise_asset|revise_source_metadata,data/asset_registry/wnba/wnba_athlete_photo_review_intake.csv,data/asset_registry/wnba/athlete_photo_contact_sheets/phoenix_mercury.png,data/asset_registry/wnba/athlete_photo_contact_sheets/phoenix_mercury.md,true,false,false,false,false,false,false
phoenix_mercury_natasha_mack,Natasha Mack,phoenix_mercury,Phoenix Mercury,Western,assets/leagues/wnba/athletes/phoenix_mercury_natasha_mack/headshot.png,true,assets/leagues/wnba/athletes/phoenix_mercury_natasha_mack/headshot.png.approved,true,approved_marker_present_manual_source_recheck_required,manual_source_recheck_required,1627674,https://mercury.wnba.com/roster,https://www.wnba.com/player/1627674/natasha-mack,https://cdn.wnba.com/headshots/wnba/latest/260x190/1627674.png,approved_assets_registry; decision_source=default; source_file=outputs/latest/review_files/athlete_image_approval_pack/downloads/phoenix_mercury/phoenix_mercury_natasha_mack__1627674.png; approved_at_utc=2026-06-16T04:22:55.140709+00:00,approved_marker_present; headshot_slot_requires_identity_and_crop_review; image_size=260x190; meets_headshot_floor; default_decision_source_manual_recheck_required,approve_for_review_only_renderer_use|hold_identity|revise_asset|revise_source_metadata,data/asset_registry/wnba/wnba_athlete_photo_review_intake.csv,data/asset_registry/wnba/athlete_photo_contact_sheets/phoenix_mercury.png,data/asset_registry/wnba/athlete_photo_contact_sheets/phoenix_mercury.md,true,false,false,false,false,false,false
phoenix_mercury_quionche_carter,Quionche Carter,phoenix_mercury,Phoenix Mercury,Western,assets/leagues/wnba/athletes/phoenix_mercury_quionche_carter/headshot.png,true,assets/leagues/wnba/athletes/phoenix_mercury_quionche_carter/headshot.png.approved,true,approved_marker_present_manual_source_recheck_required,manual_source_recheck_required,1631118,https://mercury.wnba.com/roster,https://www.wnba.com/player/1631118/quionche-carter,https://cdn.wnba.com/headshots/wnba/latest/260x190/1631118.png,approved_assets_registry; decision_source=default; source_file=outputs/latest/review_files/athlete_image_approval_pack/downloads/phoenix_mercury/phoenix_mercury_quionche_carter__1631118.png; approved_at_utc=2026-06-16T04:22:55.142119+00:00,approved_marker_present; headshot_slot_requires_identity_and_crop_review; image_size=260x190; meets_headshot_floor; default_decision_source_manual_recheck_required,approve_for_review_only_renderer_use|hold_identity|revise_asset|revise_source_metadata,data/asset_registry/wnba/wnba_athlete_photo_review_intake.csv,data/asset_registry/wnba/athlete_photo_contact_sheets/phoenix_mercury.png,data/asset_registry/wnba/athlete_photo_contact_sheets/phoenix_mercury.md,true,false,false,false,false,false,false
phoenix_mercury_sami_whitcomb,Sami Whitcomb,phoenix_mercury,Phoenix Mercury,Western,assets/leagues/wnba/athletes/phoenix_mercury_sami_whitcomb/headshot.png,true,assets/leagues/wnba/athletes/phoenix_mercury_sami_whitcomb/headshot.png.approved,true,approved_marker_present_manual_source_recheck_required,manual_source_recheck_required,1643505,https://mercury.wnba.com/roster,https://www.wnba.com/player/1643505/sami-whitcomb,https://cdn.wnba.com/headshots/wnba/latest/260x190/1643505.png,approved_assets_registry; decision_source=default; source_file=outputs/latest/review_files/athlete_image_approval_pack/downloads/phoenix_mercury/phoenix_mercury_sami_whitcomb__1643505.png; approved_at_utc=2026-06-16T04:22:55.144015+00:00,approved_marker_present; headshot_slot_requires_identity_and_crop_review; image_size=260x190; meets_headshot_floor; default_decision_source_manual_recheck_required,approve_for_review_only_renderer_use|hold_identity|revise_asset|revise_source_metadata,data/asset_registry/wnba/wnba_athlete_photo_review_intake.csv,data/asset_registry/wnba/athlete_photo_contact_sheets/phoenix_mercury.png,data/asset_registry/wnba/athlete_photo_contact_sheets/phoenix_mercury.md,true,false,false,false,false,false,false
phoenix_mercury_valeriane_ayayi,Valeriane Ayayi,phoenix_mercury,Phoenix Mercury,Western,assets/leagues/wnba/athletes/phoenix_mercury_valeriane_ayayi/headshot.png,true,assets/leagues/wnba/athletes/phoenix_mercury_valeriane_ayayi/headshot.png.approved,true,approved_marker_present_manual_source_recheck_required,manual_source_recheck_required,1642777,https://mercury.wnba.com/roster,https://www.wnba.com/player/1642777/valeriane-ayayi,https://cdn.wnba.com/headshots/wnba/latest/260x190/1642777.png,approved_assets_registry; decision_source=default; source_file=outputs/latest/review_files/athlete_image_approval_pack/downloads/phoenix_mercury/phoenix_mercury_valeriane_ayayi__1642777.png; approved_at_utc=2026-06-16T04:22:55.141363+00:00,approved_marker_present; headshot_slot_requires_identity_and_crop_review; image_size=260x190; meets_headshot_floor; default_decision_source_manual_recheck_required,approve_for_review_only_renderer_use|hold_identity|revise_asset|revise_source_metadata,data/asset_registry/wnba/wnba_athlete_photo_review_intake.csv,data/asset_registry/wnba/athlete_photo_contact_sheets/phoenix_mercury.png,data/asset_registry/wnba/athlete_photo_contact_sheets/phoenix_mercury.md,true,false,false,false,false,false,false
portland_fire_bridget_carleton,Bridget Carleton,portland_fire,Portland Fire,Western,assets/leagues/wnba/athletes/portland_fire_bridget_carleton/headshot.png,true,assets/leagues/wnba/athletes/portland_fire_bridget_carleton/headshot.png.approved,true,approved_marker_present_manual_source_recheck_required,manual_source_recheck_required,1629524,https://fire.wnba.com/roster,https://www.wnba.com/player/1629524/bridget-carleton,https://cdn.wnba.com/headshots/wnba/latest/260x190/1629524.png,approved_assets_registry; decision_source=default; source_file=outputs/latest/review_files/athlete_image_approval_pack/downloads/portland_fire/portland_fire_bridget_carleton__1629524.png; approved_at_utc=2026-06-16T04:22:55.145830+00:00,approved_marker_present; headshot_slot_requires_identity_and_crop_review; image_size=260x190; meets_headshot_floor; default_decision_source_manual_recheck_required,approve_for_review_only_renderer_use|hold_identity|revise_asset|revise_source_metadata,data/asset_registry/wnba/wnba_athlete_photo_review_intake.csv,data/asset_registry/wnba/athlete_photo_contact_sheets/portland_fire.png,data/asset_registry/wnba/athlete_photo_contact_sheets/portland_fire.md,true,false,false,false,false,false,false
portland_fire_carla_leite,Carla Leite,portland_fire,Portland Fire,Western,assets/leagues/wnba/athletes/portland_fire_carla_leite/headshot.png,true,assets/leagues/wnba/athletes/portland_fire_carla_leite/headshot.png.approved,true,approved_marker_present_manual_source_recheck_required,manual_source_recheck_required,1642304,https://fire.wnba.com/roster,https://www.wnba.com/player/1642304/carla-leite,https://cdn.wnba.com/headshots/wnba/latest/260x190/1642304.png,approved_assets_registry; decision_source=default; source_file=outputs/latest/review_files/athlete_image_approval_pack/downloads/portland_fire/portland_fire_carla_leite__1642304.png; approved_at_utc=2026-06-16T04:22:55.144716+00:00,approved_marker_present; headshot_slot_requires_identity_and_crop_review; image_size=260x190; meets_headshot_floor; default_decision_source_manual_recheck_required,approve_for_review_only_renderer_use|hold_identity|revise_asset|revise_source_metadata,data/asset_registry/wnba/wnba_athlete_photo_review_intake.csv,data/asset_registry/wnba/athlete_photo_contact_sheets/portland_fire.png,data/asset_registry/wnba/athlete_photo_contact_sheets/portland_fire.md,true,false,false,false,false,false,false
portland_fire_emily_engstler,Emily Engstler,portland_fire,Portland Fire,Western,assets/leagues/wnba/athletes/portland_fire_emily_engstler/headshot.png,true,assets/leagues/wnba/athletes/portland_fire_emily_engstler/headshot.png.approved,true,approved_marker_present_manual_source_recheck_required,manual_source_recheck_required,1631083,https://fire.wnba.com/roster,https://www.wnba.com/player/1631083/emily-engstler,https://cdn.wnba.com/headshots/wnba/latest/260x190/1631083.png,approved_assets_registry; decision_source=default; source_file=outputs/latest/review_files/athlete_image_approval_pack/downloads/portland_fire/portland_fire_emily_engstler__1631083.png; approved_at_utc=2026-06-16T04:22:55.147992+00:00,approved_marker_present; headshot_slot_requires_identity_and_crop_review; image_size=260x190; meets_headshot_floor; default_decision_source_manual_recheck_required,approve_for_review_only_renderer_use|hold_identity|revise_asset|revise_source_metadata,data/asset_registry/wnba/wnba_athlete_photo_review_intake.csv,data/asset_registry/wnba/athlete_photo_contact_sheets/portland_fire.png,data/asset_registry/wnba/athlete_photo_contact_sheets/portland_fire.md,true,false,false,false,false,false,false
portland_fire_frieda_buhner,Frieda Buhner,portland_fire,Portland Fire,Western,assets/leagues/wnba/athletes/portland_fire_frieda_buhner/headshot.png,true,assets/leagues/wnba/athletes/portland_fire_frieda_buhner/headshot.png.approved,true,approved_marker_present_manual_source_recheck_required,manual_source_recheck_required,1643494,https://fire.wnba.com/roster,https://www.wnba.com/player/1643494/frieda-buhner,https://cdn.wnba.com/headshots/wnba/latest/260x190/1643494.png,approved_assets_registry; decision_source=default; source_file=outputs/latest/review_files/athlete_image_approval_pack/downloads/portland_fire/portland_fire_frieda_buhner__1643494.png; approved_at_utc=2026-06-16T04:22:55.147662+00:00,approved_marker_present; headshot_slot_requires_identity_and_crop_review; image_size=260x190; meets_headshot_floor; default_decision_source_manual_recheck_required,approve_for_review_only_renderer_use|hold_identity|revise_asset|revise_source_metadata,data/asset_registry/wnba/wnba_athlete_photo_review_intake.csv,data/asset_registry/wnba/athlete_photo_contact_sheets/portland_fire.png,data/asset_registry/wnba/athlete_photo_contact_sheets/portland_fire.md,true,false,false,false,false,false,false
portland_fire_holly_winterburn,Holly Winterburn,portland_fire,Portland Fire,Western,assets/leagues/wnba/athletes/portland_fire_holly_winterburn/headshot.png,true,assets/leagues/wnba/athletes/portland_fire_holly_winterburn/headshot.png.approved,true,approved_marker_present_manual_source_recheck_required,manual_source_recheck_required,1641683,https://fire.wnba.com/roster,https://www.wnba.com/player/1641683/holly-winterburn,https://cdn.wnba.com/headshots/wnba/latest/260x190/1641683.png,approved_assets_registry; decision_source=default; source_file=outputs/latest/review_files/athlete_image_approval_pack/downloads/portland_fire/portland_fire_holly_winterburn__1641683.png; approved_at_utc=2026-06-16T04:22:55.149028+00:00,approved_marker_present; headshot_slot_requires_identity_and_crop_review; image_size=260x190; meets_headshot_floor; default_decision_source_manual_recheck_required,approve_for_review_only_renderer_use|hold_identity|revise_asset|revise_source_metadata,data/asset_registry/wnba/wnba_athlete_photo_review_intake.csv,data/asset_registry/wnba/athlete_photo_contact_sheets/portland_fire.png,data/asset_registry/wnba/athlete_photo_contact_sheets/portland_fire.md,true,false,false,false,false,false,false
portland_fire_jordan_harrison,Jordan Harrison,portland_fire,Portland Fire,Western,assets/leagues/wnba/athletes/portland_fire_jordan_harrison/headshot.png,true,assets/leagues/wnba/athletes/portland_fire_jordan_harrison/headshot.png.approved,true,approved_marker_present_manual_source_recheck_required,manual_source_recheck_required,1643527,https://fire.wnba.com/roster,https://www.wnba.com/player/1643527/jordan-harrison,https://cdn.wnba.com/headshots/wnba/latest/260x190/1643527.png,approved_assets_registry; decision_source=default; source_file=outputs/latest/review_files/athlete_image_approval_pack/downloads/portland_fire/portland_fire_jordan_harrison__1643527.png; approved_at_utc=2026-06-16T04:22:55.145095+00:00,approved_marker_present; headshot_slot_requires_identity_and_crop_review; image_size=260x190; meets_headshot_floor; default_decision_source_manual_recheck_required,approve_for_review_only_renderer_use|hold_identity|revise_asset|revise_source_metadata,data/asset_registry/wnba/wnba_athlete_photo_review_intake.csv,data/asset_registry/wnba/athlete_photo_contact_sheets/portland_fire.png,data/asset_registry/wnba/athlete_photo_contact_sheets/portland_fire.md,true,false,false,false,false,false,false
portland_fire_karlie_samuelson,Karlie Samuelson,portland_fire,Portland Fire,Western,assets/leagues/wnba/athletes/portland_fire_karlie_samuelson/headshot.png,true,assets/leagues/wnba/athletes/portland_fire_karlie_samuelson/headshot.png.approved,true,approved_marker_present_manual_source_recheck_required,manual_source_recheck_required,1628317,https://fire.wnba.com/roster,https://www.wnba.com/player/1628317/karlie-samuelson,https://cdn.wnba.com/headshots/wnba/latest/260x190/1628317.png,approved_assets_registry; decision_source=default; source_file=outputs/latest/review_files/athlete_image_approval_pack/downloads/portland_fire/portland_fire_karlie_samuelson__1628317.png; approved_at_utc=2026-06-16T04:22:55.148696+00:00,approved_marker_present; headshot_slot_requires_identity_and_crop_review; image_size=260x190; meets_headshot_floor; default_decision_source_manual_recheck_required,approve_for_review_only_renderer_use|hold_identity|revise_asset|revise_source_metadata,data/asset_registry/wnba/wnba_athlete_photo_review_intake.csv,data/asset_registry/wnba/athlete_photo_contact_sheets/portland_fire.png,data/asset_registry/wnba/athlete_photo_contact_sheets/portland_fire.md,true,false,false,false,false,false,false
portland_fire_luisa_geiselsoder,Luisa Geiselsoder,portland_fire,Portland Fire,Western,assets/leagues/wnba/athletes/portland_fire_luisa_geiselsoder/headshot.png,true,assets/leagues/wnba/athletes/portland_fire_luisa_geiselsoder/headshot.png.approved,true,approved_marker_present_manual_source_recheck_required,manual_source_recheck_required,1630143,https://fire.wnba.com/roster,https://www.wnba.com/player/1630143/luisa-geiselsoder,https://cdn.wnba.com/headshots/wnba/latest/260x190/1630143.png,approved_assets_registry; decision_source=default; source_file=outputs/latest/review_files/athlete_image_approval_pack/downloads/portland_fire/portland_fire_luisa_geiselsoder__1630143.png; approved_at_utc=2026-06-16T04:22:55.146950+00:00,approved_marker_present; headshot_slot_requires_identity_and_crop_review; image_size=260x190; meets_headshot_floor; default_decision_source_manual_recheck_required,approve_for_review_only_renderer_use|hold_identity|revise_asset|revise_source_metadata,data/asset_registry/wnba/wnba_athlete_photo_review_intake.csv,data/asset_registry/wnba/athlete_photo_contact_sheets/portland_fire.png,data/asset_registry/wnba/athlete_photo_contact_sheets/portland_fire.md,true,false,false,false,false,false,false
portland_fire_megan_gustafson,Megan Gustafson,portland_fire,Portland Fire,Western,assets/leagues/wnba/athletes/portland_fire_megan_gustafson/headshot.png,true,assets/leagues/wnba/athletes/portland_fire_megan_gustafson/headshot.png.approved,true,approved_marker_present_manual_source_recheck_required,manual_source_recheck_required,1629484,https://fire.wnba.com/roster,https://www.wnba.com/player/1629484/megan-gustafson,https://cdn.wnba.com/headshots/wnba/latest/260x190/1629484.png,approved_assets_registry; decision_source=default; source_file=outputs/latest/review_files/athlete_image_approval_pack/downloads/portland_fire/portland_fire_megan_gustafson__1629484.png; approved_at_utc=2026-06-16T04:22:55.147309+00:00,approved_marker_present; headshot_slot_requires_identity_and_crop_review; image_size=260x190; meets_headshot_floor; default_decision_source_manual_recheck_required,approve_for_review_only_renderer_use|hold_identity|revise_asset|revise_source_metadata,data/asset_registry/wnba/wnba_athlete_photo_review_intake.csv,data/asset_registry/wnba/athlete_photo_contact_sheets/portland_fire.png,data/asset_registry/wnba/athlete_photo_contact_sheets/portland_fire.md,true,false,false,false,false,false,false
portland_fire_nyadiew_puoch,Nyadiew Puoch,portland_fire,Portland Fire,Western,assets/leagues/wnba/athletes/portland_fire_nyadiew_puoch/headshot.png,true,assets/leagues/wnba/athletes/portland_fire_nyadiew_puoch/headshot.png.approved,true,approved_marker_present_manual_source_recheck_required,manual_source_recheck_required,1642296,https://fire.wnba.com/roster,https://www.wnba.com/player/1642296/nyadiew-puoch,https://cdn.wnba.com/headshots/wnba/latest/260x190/1642296.png,approved_assets_registry; decision_source=default; source_file=outputs/latest/review_files/athlete_image_approval_pack/downloads/portland_fire/portland_fire_nyadiew_puoch__1642296.png; approved_at_utc=2026-06-16T04:22:55.146573+00:00,approved_marker_present; headshot_slot_requires_identity_and_crop_review; image_size=260x190; meets_headshot_floor; default_decision_source_manual_recheck_required,approve_for_review_only_renderer_use|hold_identity|revise_asset|revise_source_metadata,data/asset_registry/wnba/wnba_athlete_photo_review_intake.csv,data/asset_registry/wnba/athlete_photo_contact_sheets/portland_fire.png,data/asset_registry/wnba/athlete_photo_contact_sheets/portland_fire.md,true,false,false,false,false,false,false
portland_fire_sarah_ashlee_barker,Sarah Ashlee Barker,portland_fire,Portland Fire,Western,assets/leagues/wnba/athletes/portland_fire_sarah_ashlee_barker/headshot.png,true,assets/leagues/wnba/athletes/portland_fire_sarah_ashlee_barker/headshot.png.approved,true,approved_marker_present_manual_source_recheck_required,manual_source_recheck_required,1642782,https://fire.wnba.com/roster,https://www.wnba.com/player/1642782/sarah-ashlee-barker,https://cdn.wnba.com/headshots/wnba/latest/260x190/1642782.png,approved_assets_registry; decision_source=default; source_file=outputs/latest/review_files/athlete_image_approval_pack/downloads/portland_fire/portland_fire_sarah_ashlee_barker__1642782.png; approved_at_utc=2026-06-16T04:22:55.145458+00:00,approved_marker_present; headshot_slot_requires_identity_and_crop_review; image_size=260x190; meets_headshot_floor; default_decision_source_manual_recheck_required,approve_for_review_only_renderer_use|hold_identity|revise_asset|revise_source_metadata,data/asset_registry/wnba/wnba_athlete_photo_review_intake.csv,data/asset_registry/wnba/athlete_photo_contact_sheets/portland_fire.png,data/asset_registry/wnba/athlete_photo_contact_sheets/portland_fire.md,true,false,false,false,false,false,false
portland_fire_serah_williams,Serah Williams,portland_fire,Portland Fire,Western,assets/leagues/wnba/athletes/portland_fire_serah_williams/headshot.png,true,assets/leagues/wnba/athletes/portland_fire_serah_williams/headshot.png.approved,true,approved_marker_present_manual_source_recheck_required,manual_source_recheck_required,1643436,https://fire.wnba.com/roster,https://www.wnba.com/player/1643436/serah-williams,https://cdn.wnba.com/headshots/wnba/latest/260x190/1643436.png,approved_assets_registry; decision_source=default; source_file=outputs/latest/review_files/athlete_image_approval_pack/downloads/portland_fire/portland_fire_serah_williams__1643436.png; approved_at_utc=2026-06-16T04:22:55.148307+00:00,approved_marker_present; headshot_slot_requires_identity_and_crop_review; image_size=260x190; meets_headshot_floor; default_decision_source_manual_recheck_required,approve_for_review_only_renderer_use|hold_identity|revise_asset|revise_source_metadata,data/asset_registry/wnba/wnba_athlete_photo_review_intake.csv,data/asset_registry/wnba/athlete_photo_contact_sheets/portland_fire.png,data/asset_registry/wnba/athlete_photo_contact_sheets/portland_fire.md,true,false,false,false,false,false,false
portland_fire_teja_oblak,Teja Oblak,portland_fire,Portland Fire,Western,assets/leagues/wnba/athletes/portland_fire_teja_oblak/headshot.png,true,assets/leagues/wnba/athletes/portland_fire_teja_oblak/headshot.png.approved,true,approved_marker_present_manual_source_recheck_required,manual_source_recheck_required,1643506,https://fire.wnba.com/roster,https://www.wnba.com/player/1643506/teja-oblak,https://cdn.wnba.com/headshots/wnba/latest/260x190/1643506.png,approved_assets_registry; decision_source=default; source_file=outputs/latest/review_files/athlete_image_approval_pack/downloads/portland_fire/portland_fire_teja_oblak__1643506.png; approved_at_utc=2026-06-16T04:22:55.146243+00:00,approved_marker_present; headshot_slot_requires_identity_and_crop_review; image_size=260x190; meets_headshot_floor; default_decision_source_manual_recheck_required,approve_for_review_only_renderer_use|hold_identity|revise_asset|revise_source_metadata,data/asset_registry/wnba/wnba_athlete_photo_review_intake.csv,data/asset_registry/wnba/athlete_photo_contact_sheets/portland_fire.png,data/asset_registry/wnba/athlete_photo_contact_sheets/portland_fire.md,true,false,false,false,false,false,false
seattle_storm_awa_fam,Awa Fam,seattle_storm,Seattle Storm,Western,assets/leagues/wnba/athletes/seattle_storm_awa_fam/headshot.png,true,assets/leagues/wnba/athletes/seattle_storm_awa_fam/headshot.png.approved,true,approved_marker_present_manual_source_recheck_required,manual_source_recheck_required,1643443,https://storm.wnba.com/roster,https://www.wnba.com/player/1643443/awa-fam,https://cdn.wnba.com/headshots/wnba/latest/260x190/1643443.png,approved_assets_registry; decision_source=default; source_file=outputs/latest/review_files/athlete_image_approval_pack/downloads/seattle_storm/seattle_storm_awa_fam__1643443.png; approved_at_utc=2026-06-16T04:22:55.151089+00:00,approved_marker_present; headshot_slot_requires_identity_and_crop_review; image_size=260x190; meets_headshot_floor; default_decision_source_manual_recheck_required,approve_for_review_only_renderer_use|hold_identity|revise_asset|revise_source_metadata,data/asset_registry/wnba/wnba_athlete_photo_review_intake.csv,data/asset_registry/wnba/athlete_photo_contact_sheets/seattle_storm.png,data/asset_registry/wnba/athlete_photo_contact_sheets/seattle_storm.md,true,false,false,false,false,false,false
seattle_storm_dominique_malonga,Dominique Malonga,seattle_storm,Seattle Storm,Western,assets/leagues/wnba/athletes/seattle_storm_dominique_malonga/headshot.png,true,assets/leagues/wnba/athletes/seattle_storm_dominique_malonga/headshot.png.approved,true,approved_marker_present_manual_source_recheck_required,manual_source_recheck_required,1642798,https://storm.wnba.com/roster,https://www.wnba.com/player/1642798/dominique-malonga,https://cdn.wnba.com/headshots/wnba/latest/260x190/1642798.png,approved_assets_registry; decision_source=default; source_file=outputs/latest/review_files/athlete_image_approval_pack/downloads/seattle_storm/seattle_storm_dominique_malonga__1642798.png; approved_at_utc=2026-06-16T04:22:55.151796+00:00,approved_marker_present; headshot_slot_requires_identity_and_crop_review; image_size=260x190; meets_headshot_floor; default_decision_source_manual_recheck_required,approve_for_review_only_renderer_use|hold_identity|revise_asset|revise_source_metadata,data/asset_registry/wnba/wnba_athlete_photo_review_intake.csv,data/asset_registry/wnba/athlete_photo_contact_sheets/seattle_storm.png,data/asset_registry/wnba/athlete_photo_contact_sheets/seattle_storm.md,true,false,false,false,false,false,false
seattle_storm_ezi_magbegor,Ezi Magbegor,seattle_storm,Seattle Storm,Western,assets/leagues/wnba/athletes/seattle_storm_ezi_magbegor/headshot.png,true,assets/leagues/wnba/athletes/seattle_storm_ezi_magbegor/headshot.png.approved,true,approved_marker_present_manual_source_recheck_required,manual_source_recheck_required,1629496,https://storm.wnba.com/roster,https://www.wnba.com/player/1629496/ezi-magbegor,https://cdn.wnba.com/headshots/wnba/latest/260x190/1629496.png,approved_assets_registry; decision_source=default; source_file=outputs/latest/review_files/athlete_image_approval_pack/downloads/seattle_storm/seattle_storm_ezi_magbegor__1629496.png; approved_at_utc=2026-06-16T04:22:55.151432+00:00,approved_marker_present; headshot_slot_requires_identity_and_crop_review; image_size=260x190; meets_headshot_floor; default_decision_source_manual_recheck_required,approve_for_review_only_renderer_use|hold_identity|revise_asset|revise_source_metadata,data/asset_registry/wnba/wnba_athlete_photo_review_intake.csv,data/asset_registry/wnba/athlete_photo_contact_sheets/seattle_storm.png,data/asset_registry/wnba/athlete_photo_contact_sheets/seattle_storm.md,true,false,false,false,false,false,false
seattle_storm_flau_jae_johnson,Flau'jae Johnson,seattle_storm,Seattle Storm,Western,assets/leagues/wnba/athletes/seattle_storm_flau_jae_johnson/headshot.png,true,assets/leagues/wnba/athletes/seattle_storm_flau_jae_johnson/headshot.png.approved,true,approved_marker_present_manual_source_recheck_required,manual_source_recheck_required,1643428,https://storm.wnba.com/roster,https://www.wnba.com/player/1643428/flau-jae-johnson,https://cdn.wnba.com/headshots/wnba/latest/260x190/1643428.png,approved_assets_registry; decision_source=default; source_file=outputs/latest/review_files/athlete_image_approval_pack/downloads/seattle_storm/seattle_storm_flau_jae_johnson__1643428.png; approved_at_utc=2026-06-16T04:22:55.149724+00:00,approved_marker_present; headshot_slot_requires_identity_and_crop_review; image_size=260x190; meets_headshot_floor; default_decision_source_manual_recheck_required,approve_for_review_only_renderer_use|hold_identity|revise_asset|revise_source_metadata,data/asset_registry/wnba/wnba_athlete_photo_review_intake.csv,data/asset_registry/wnba/athlete_photo_contact_sheets/seattle_storm.png,data/asset_registry/wnba/athlete_photo_contact_sheets/seattle_storm.md,true,false,false,false,false,false,false
seattle_storm_jade_melbourne,Jade Melbourne,seattle_storm,Seattle Storm,Western,assets/leagues/wnba/athletes/seattle_storm_jade_melbourne/headshot.png,true,assets/leagues/wnba/athletes/seattle_storm_jade_melbourne/headshot.png.approved,true,approved_marker_present_manual_source_recheck_required,manual_source_recheck_required,1631141,https://storm.wnba.com/roster,https://www.wnba.com/player/1631141/jade-melbourne,https://cdn.wnba.com/headshots/wnba/latest/260x190/1631141.png,approved_assets_registry; decision_source=default; source_file=outputs/latest/review_files/athlete_image_approval_pack/downloads/seattle_storm/seattle_storm_jade_melbourne__1631141.png; approved_at_utc=2026-06-16T04:22:55.150385+00:00,approved_marker_present; headshot_slot_requires_identity_and_crop_review; image_size=260x190; meets_headshot_floor; default_decision_source_manual_recheck_required,approve_for_review_only_renderer_use|hold_identity|revise_asset|revise_source_metadata,data/asset_registry/wnba/wnba_athlete_photo_review_intake.csv,data/asset_registry/wnba/athlete_photo_contact_sheets/seattle_storm.png,data/asset_registry/wnba/athlete_photo_contact_sheets/seattle_storm.md,true,false,false,false,false,false,false
seattle_storm_jordan_horston,Jordan Horston,seattle_storm,Seattle Storm,Western,assets/leagues/wnba/athletes/seattle_storm_jordan_horston/headshot.png,true,assets/leagues/wnba/athletes/seattle_storm_jordan_horston/headshot.png.approved,true,approved_marker_present_manual_source_recheck_required,manual_source_recheck_required,1641651,https://storm.wnba.com/roster,https://www.wnba.com/player/1641651/jordan-horston,https://cdn.wnba.com/headshots/wnba/latest/260x190/1641651.png,approved_assets_registry; decision_source=default; source_file=outputs/latest/review_files/athlete_image_approval_pack/downloads/seattle_storm/seattle_storm_jordan_horston__1641651.png; approved_at_utc=2026-06-16T04:22:55.152405+00:00,approved_marker_present; headshot_slot_requires_identity_and_crop_review; image_size=260x190; meets_headshot_floor; default_decision_source_manual_recheck_required,approve_for_review_only_renderer_use|hold_identity|revise_asset|revise_source_metadata,data/asset_registry/wnba/wnba_athlete_photo_review_intake.csv,data/asset_registry/wnba/athlete_photo_contact_sheets/seattle_storm.png,data/asset_registry/wnba/athlete_photo_contact_sheets/seattle_storm.md,true,false,false,false,false,false,false
seattle_storm_katie_lou_samuelson,Katie Lou Samuelson,seattle_storm,Seattle Storm,Western,assets/leagues/wnba/athletes/seattle_storm_katie_lou_samuelson/headshot.png,true,assets/leagues/wnba/athletes/seattle_storm_katie_lou_samuelson/headshot.png.approved,true,approved_marker_present_manual_source_recheck_required,manual_source_recheck_required,1629478,https://storm.wnba.com/roster,https://www.wnba.com/player/1629478/katie-lou-samuelson,https://cdn.wnba.com/headshots/wnba/latest/260x190/1629478.png,approved_assets_registry; decision_source=default; source_file=outputs/latest/review_files/athlete_image_approval_pack/downloads/seattle_storm/seattle_storm_katie_lou_samuelson__1629478.png; approved_at_utc=2026-06-16T04:22:55.152962+00:00,approved_marker_present; headshot_slot_requires_identity_and_crop_review; image_size=260x190; meets_headshot_floor; default_decision_source_manual_recheck_required,approve_for_review_only_renderer_use|hold_identity|revise_asset|revise_source_metadata,data/asset_registry/wnba/wnba_athlete_photo_review_intake.csv,data/asset_registry/wnba/athlete_photo_contact_sheets/seattle_storm.png,data/asset_registry/wnba/athlete_photo_contact_sheets/seattle_storm.md,true,false,false,false,false,false,false
seattle_storm_mackenzie_holmes,Mackenzie Holmes,seattle_storm,Seattle Storm,Western,assets/leagues/wnba/athletes/seattle_storm_mackenzie_holmes/headshot.png,true,assets/leagues/wnba/athletes/seattle_storm_mackenzie_holmes/headshot.png.approved,true,approved_marker_present_manual_source_recheck_required,manual_source_recheck_required,1642307,https://storm.wnba.com/roster,https://www.wnba.com/player/1642307/mackenzie-holmes,https://cdn.wnba.com/headshots/wnba/latest/260x190/1642307.png,approved_assets_registry; decision_source=default; source_file=outputs/latest/review_files/athlete_image_approval_pack/downloads/seattle_storm/seattle_storm_mackenzie_holmes__1642307.png; approved_at_utc=2026-06-16T04:22:55.153242+00:00,approved_marker_present; headshot_slot_requires_identity_and_crop_review; image_size=260x190; meets_headshot_floor; default_decision_source_manual_recheck_required,approve_for_review_only_renderer_use|hold_identity|revise_asset|revise_source_metadata,data/asset_registry/wnba/wnba_athlete_photo_review_intake.csv,data/asset_registry/wnba/athlete_photo_contact_sheets/seattle_storm.png,data/asset_registry/wnba/athlete_photo_contact_sheets/seattle_storm.md,true,false,false,false,false,false,false
seattle_storm_natisha_hiedeman,Natisha Hiedeman,seattle_storm,Seattle Storm,Western,assets/leagues/wnba/athletes/seattle_storm_natisha_hiedeman/headshot.png,true,assets/leagues/wnba/athletes/seattle_storm_natisha_hiedeman/headshot.png.approved,true,approved_marker_present_manual_source_recheck_required,manual_source_recheck_required,1629567,https://storm.wnba.com/roster,https://www.wnba.com/player/1629567/natisha-hiedeman,https://cdn.wnba.com/headshots/wnba/latest/260x190/1629567.png,approved_assets_registry; decision_source=default; source_file=outputs/latest/review_files/athlete_image_approval_pack/downloads/seattle_storm/seattle_storm_natisha_hiedeman__1629567.png; approved_at_utc=2026-06-16T04:22:55.149364+00:00,approved_marker_present; headshot_slot_requires_identity_and_crop_review; image_size=260x190; meets_headshot_floor; default_decision_source_manual_recheck_required,approve_for_review_only_renderer_use|hold_identity|revise_asset|revise_source_metadata,data/asset_registry/wnba/wnba_athlete_photo_review_intake.csv,data/asset_registry/wnba/athlete_photo_contact_sheets/seattle_storm.png,data/asset_registry/wnba/athlete_photo_contact_sheets/seattle_storm.md,true,false,false,false,false,false,false
seattle_storm_stefanie_dolson,Stefanie Dolson,seattle_storm,Seattle Storm,Western,assets/leagues/wnba/athletes/seattle_storm_stefanie_dolson/headshot.png,true,assets/leagues/wnba/athletes/seattle_storm_stefanie_dolson/headshot.png.approved,true,approved_marker_present_manual_source_recheck_required,manual_source_recheck_required,203828,https://storm.wnba.com/roster,https://www.wnba.com/player/203828/stefanie-dolson,https://cdn.wnba.com/headshots/wnba/latest/260x190/203828.png,approved_assets_registry; decision_source=default; source_file=outputs/latest/review_files/athlete_image_approval_pack/downloads/seattle_storm/seattle_storm_stefanie_dolson__203828.png; approved_at_utc=2026-06-16T04:22:55.152690+00:00,approved_marker_present; headshot_slot_requires_identity_and_crop_review; image_size=260x190; meets_headshot_floor; default_decision_source_manual_recheck_required,approve_for_review_only_renderer_use|hold_identity|revise_asset|revise_source_metadata,data/asset_registry/wnba/wnba_athlete_photo_review_intake.csv,data/asset_registry/wnba/athlete_photo_contact_sheets/seattle_storm.png,data/asset_registry/wnba/athlete_photo_contact_sheets/seattle_storm.md,true,false,false,false,false,false,false
seattle_storm_taina_mair,Taina Mair,seattle_storm,Seattle Storm,Western,assets/leagues/wnba/athletes/seattle_storm_taina_mair/headshot.png,true,assets/leagues/wnba/athletes/seattle_storm_taina_mair/headshot.png.approved,true,approved_marker_present_manual_source_recheck_required,manual_source_recheck_required,1643473,https://storm.wnba.com/roster,https://www.wnba.com/player/1643473/taina-mair,https://cdn.wnba.com/headshots/wnba/latest/260x190/1643473.png,approved_assets_registry; decision_source=default; source_file=outputs/latest/review_files/athlete_image_approval_pack/downloads/seattle_storm/seattle_storm_taina_mair__1643473.png; approved_at_utc=2026-06-16T04:22:55.152125+00:00,approved_marker_present; headshot_slot_requires_identity_and_crop_review; image_size=260x190; meets_headshot_floor; default_decision_source_manual_recheck_required,approve_for_review_only_renderer_use|hold_identity|revise_asset|revise_source_metadata,data/asset_registry/wnba/wnba_athlete_photo_review_intake.csv,data/asset_registry/wnba/athlete_photo_contact_sheets/seattle_storm.png,data/asset_registry/wnba/athlete_photo_contact_sheets/seattle_storm.md,true,false,false,false,false,false,false
seattle_storm_taylor_thierry,Taylor Thierry,seattle_storm,Seattle Storm,Western,assets/leagues/wnba/athletes/seattle_storm_taylor_thierry/headshot.png,true,assets/leagues/wnba/athletes/seattle_storm_taylor_thierry/headshot.png.approved,true,approved_marker_present_manual_source_recheck_required,manual_source_recheck_required,1642814,https://storm.wnba.com/roster,https://www.wnba.com/player/1642814/taylor-thierry,https://cdn.wnba.com/headshots/wnba/latest/260x190/1642814.png,approved_assets_registry; decision_source=default; source_file=outputs/latest/review_files/athlete_image_approval_pack/downloads/seattle_storm/seattle_storm_taylor_thierry__1642814.png; approved_at_utc=2026-06-16T04:22:55.150064+00:00,approved_marker_present; headshot_slot_requires_identity_and_crop_review; image_size=260x190; meets_headshot_floor; default_decision_source_manual_recheck_required,approve_for_review_only_renderer_use|hold_identity|revise_asset|revise_source_metadata,data/asset_registry/wnba/wnba_athlete_photo_review_intake.csv,data/asset_registry/wnba/athlete_photo_contact_sheets/seattle_storm.png,data/asset_registry/wnba/athlete_photo_contact_sheets/seattle_storm.md,true,false,false,false,false,false,false
seattle_storm_zia_cooke,Zia Cooke,seattle_storm,Seattle Storm,Western,assets/leagues/wnba/athletes/seattle_storm_zia_cooke/headshot.png,true,assets/leagues/wnba/athletes/seattle_storm_zia_cooke/headshot.png.approved,true,approved_marker_present_manual_source_recheck_required,manual_source_recheck_required,1641660,https://storm.wnba.com/roster,https://www.wnba.com/player/1641660/zia-cooke,https://cdn.wnba.com/headshots/wnba/latest/260x190/1641660.png,approved_assets_registry; decision_source=default; source_file=outputs/latest/review_files/athlete_image_approval_pack/downloads/seattle_storm/seattle_storm_zia_cooke__1641660.png; approved_at_utc=2026-06-16T04:22:55.150759+00:00,approved_marker_present; headshot_slot_requires_identity_and_crop_review; image_size=260x190; meets_headshot_floor; default_decision_source_manual_recheck_required,approve_for_review_only_renderer_use|hold_identity|revise_asset|revise_source_metadata,data/asset_registry/wnba/wnba_athlete_photo_review_intake.csv,data/asset_registry/wnba/athlete_photo_contact_sheets/seattle_storm.png,data/asset_registry/wnba/athlete_photo_contact_sheets/seattle_storm.md,true,false,false,false,false,false,false
toronto_tempo_brittney_sykes,Brittney Sykes,toronto_tempo,Toronto Tempo,Eastern,assets/leagues/wnba/athletes/toronto_tempo_brittney_sykes/headshot.png,true,assets/leagues/wnba/athletes/toronto_tempo_brittney_sykes/headshot.png.approved,true,approved_marker_present_manual_source_recheck_required,manual_source_recheck_required,1628279,https://tempo.wnba.com/roster,https://www.wnba.com/player/1628279/brittney-sykes,https://cdn.wnba.com/headshots/wnba/latest/260x190/1628279.png,approved_assets_registry; decision_source=default; source_file=outputs/latest/review_files/athlete_image_approval_pack/downloads/toronto_tempo/toronto_tempo_brittney_sykes__1628279.png; approved_at_utc=2026-06-16T04:22:55.115606+00:00,approved_marker_present; headshot_slot_requires_identity_and_crop_review; image_size=260x190; meets_headshot_floor; default_decision_source_manual_recheck_required,approve_for_review_only_renderer_use|hold_identity|revise_asset|revise_source_metadata,data/asset_registry/wnba/wnba_athlete_photo_review_intake.csv,data/asset_registry/wnba/athlete_photo_contact_sheets/toronto_tempo.png,data/asset_registry/wnba/athlete_photo_contact_sheets/toronto_tempo.md,true,false,false,false,false,false,false
toronto_tempo_isabelle_harrison,Isabelle Harrison,toronto_tempo,Toronto Tempo,Eastern,assets/leagues/wnba/athletes/toronto_tempo_isabelle_harrison/headshot.png,true,assets/leagues/wnba/athletes/toronto_tempo_isabelle_harrison/headshot.png.approved,true,approved_marker_present_manual_source_recheck_required,manual_source_recheck_required,204330,https://tempo.wnba.com/roster,https://www.wnba.com/player/204330/isabelle-harrison,https://cdn.wnba.com/headshots/wnba/latest/260x190/204330.png,approved_assets_registry; decision_source=default; source_file=outputs/latest/review_files/athlete_image_approval_pack/downloads/toronto_tempo/toronto_tempo_isabelle_harrison__204330.png; approved_at_utc=2026-06-16T04:22:55.115907+00:00,approved_marker_present; headshot_slot_requires_identity_and_crop_review; image_size=260x190; meets_headshot_floor; default_decision_source_manual_recheck_required,approve_for_review_only_renderer_use|hold_identity|revise_asset|revise_source_metadata,data/asset_registry/wnba/wnba_athlete_photo_review_intake.csv,data/asset_registry/wnba/athlete_photo_contact_sheets/toronto_tempo.png,data/asset_registry/wnba/athlete_photo_contact_sheets/toronto_tempo.md,true,false,false,false,false,false,false
toronto_tempo_julie_allemand,Julie Allemand,toronto_tempo,Toronto Tempo,Eastern,assets/leagues/wnba/athletes/toronto_tempo_julie_allemand/headshot.png,true,assets/leagues/wnba/athletes/toronto_tempo_julie_allemand/headshot.png.approved,true,approved_marker_present_manual_source_recheck_required,manual_source_recheck_required,1627700,https://tempo.wnba.com/roster,https://www.wnba.com/player/1627700/julie-allemand,https://cdn.wnba.com/headshots/wnba/latest/260x190/1627700.png,approved_assets_registry; decision_source=default; source_file=outputs/latest/review_files/athlete_image_approval_pack/downloads/toronto_tempo/toronto_tempo_julie_allemand__1627700.png; approved_at_utc=2026-06-16T04:22:55.116176+00:00,approved_marker_present; headshot_slot_requires_identity_and_crop_review; image_size=260x190; meets_headshot_floor; default_decision_source_manual_recheck_required,approve_for_review_only_renderer_use|hold_identity|revise_asset|revise_source_metadata,data/asset_registry/wnba/wnba_athlete_photo_review_intake.csv,data/asset_registry/wnba/athlete_photo_contact_sheets/toronto_tempo.png,data/asset_registry/wnba/athlete_photo_contact_sheets/toronto_tempo.md,true,false,false,false,false,false,false
toronto_tempo_kia_nurse,Kia Nurse,toronto_tempo,Toronto Tempo,Eastern,assets/leagues/wnba/athletes/toronto_tempo_kia_nurse/headshot.png,true,assets/leagues/wnba/athletes/toronto_tempo_kia_nurse/headshot.png.approved,true,approved_marker_present_manual_source_recheck_required,manual_source_recheck_required,1628915,https://tempo.wnba.com/roster,https://www.wnba.com/player/1628915/kia-nurse,https://cdn.wnba.com/headshots/wnba/latest/260x190/1628915.png,approved_assets_registry; decision_source=default; source_file=outputs/latest/review_files/athlete_image_approval_pack/downloads/toronto_tempo/toronto_tempo_kia_nurse__1628915.png; approved_at_utc=2026-06-16T04:22:55.115058+00:00,approved_marker_present; headshot_slot_requires_identity_and_crop_review; image_size=260x190; meets_headshot_floor; default_decision_source_manual_recheck_required,approve_for_review_only_renderer_use|hold_identity|revise_asset|revise_source_metadata,data/asset_registry/wnba/wnba_athlete_photo_review_intake.csv,data/asset_registry/wnba/athlete_photo_contact_sheets/toronto_tempo.png,data/asset_registry/wnba/athlete_photo_contact_sheets/toronto_tempo.md,true,false,false,false,false,false,false
toronto_tempo_kiki_rice,Kiki Rice,toronto_tempo,Toronto Tempo,Eastern,assets/leagues/wnba/athletes/toronto_tempo_kiki_rice/headshot.png,true,assets/leagues/wnba/athletes/toronto_tempo_kiki_rice/headshot.png.approved,true,approved_marker_present_manual_source_recheck_required,manual_source_recheck_required,1643445,https://tempo.wnba.com/roster,https://www.wnba.com/player/1643445/kiki-rice,https://cdn.wnba.com/headshots/wnba/latest/260x190/1643445.png,approved_assets_registry; decision_source=default; source_file=outputs/latest/review_files/athlete_image_approval_pack/downloads/toronto_tempo/toronto_tempo_kiki_rice__1643445.png; approved_at_utc=2026-06-16T04:22:55.113653+00:00,approved_marker_present; headshot_slot_requires_identity_and_crop_review; image_size=260x190; meets_headshot_floor; default_decision_source_manual_recheck_required,approve_for_review_only_renderer_use|hold_identity|revise_asset|revise_source_metadata,data/asset_registry/wnba/wnba_athlete_photo_review_intake.csv,data/asset_registry/wnba/athlete_photo_contact_sheets/toronto_tempo.png,data/asset_registry/wnba/athlete_photo_contact_sheets/toronto_tempo.md,true,false,false,false,false,false,false
toronto_tempo_laura_juskaite,Laura Juskaite,toronto_tempo,Toronto Tempo,Eastern,assets/leagues/wnba/athletes/toronto_tempo_laura_juskaite/headshot.png,true,assets/leagues/wnba/athletes/toronto_tempo_laura_juskaite/headshot.png.approved,true,approved_marker_present_manual_source_recheck_required,manual_source_recheck_required,1643420,https://tempo.wnba.com/roster,https://www.wnba.com/player/1643420/laura-juskaite,https://cdn.wnba.com/headshots/wnba/latest/260x190/1643420.png,approved_assets_registry; decision_source=default; source_file=outputs/latest/review_files/athlete_image_approval_pack/downloads/toronto_tempo/toronto_tempo_laura_juskaite__1643420.png; approved_at_utc=2026-06-16T04:22:55.113937+00:00,approved_marker_present; headshot_slot_requires_identity_and_crop_review; image_size=260x190; meets_headshot_floor; default_decision_source_manual_recheck_required,approve_for_review_only_renderer_use|hold_identity|revise_asset|revise_source_metadata,data/asset_registry/wnba/wnba_athlete_photo_review_intake.csv,data/asset_registry/wnba/athlete_photo_contact_sheets/toronto_tempo.png,data/asset_registry/wnba/athlete_photo_contact_sheets/toronto_tempo.md,true,false,false,false,false,false,false
toronto_tempo_maria_conde,Maria Conde,toronto_tempo,Toronto Tempo,Eastern,assets/leagues/wnba/athletes/toronto_tempo_maria_conde/headshot.png,false,assets/leagues/wnba/athletes/toronto_tempo_maria_conde/headshot.png.approved,false,missing_asset_not_renderable,needs_human_approval,1629576,https://tempo.wnba.com/roster,https://www.wnba.com/player/1629576/maria-conde,https://cdn.wnba.com/headshots/wnba/latest/260x190/1629576.png,match_review_registry; status=needs_human_approval; image_url=https://cdn.wnba.com/headshots/wnba/latest/260x190/1629576.png; confidence=0.72,asset_file_missing; headshot_slot_requires_identity_and_crop_review,approve_for_review_only_renderer_use|hold_identity|revise_asset|revise_source_metadata,data/asset_registry/wnba/wnba_athlete_photo_review_intake.csv,data/asset_registry/wnba/athlete_photo_contact_sheets/toronto_tempo.png,data/asset_registry/wnba/athlete_photo_contact_sheets/toronto_tempo.md,true,false,false,false,false,false,false
toronto_tempo_marina_mabrey,Marina Mabrey,toronto_tempo,Toronto Tempo,Eastern,assets/leagues/wnba/athletes/toronto_tempo_marina_mabrey/headshot.png,true,assets/leagues/wnba/athletes/toronto_tempo_marina_mabrey/headshot.png.approved,true,approved_marker_present_manual_source_recheck_required,manual_source_recheck_required,1629497,https://tempo.wnba.com/roster,https://www.wnba.com/player/1629497/marina-mabrey,https://cdn.wnba.com/headshots/wnba/latest/260x190/1629497.png,approved_assets_registry; decision_source=default; source_file=outputs/latest/review_files/athlete_image_approval_pack/downloads/toronto_tempo/toronto_tempo_marina_mabrey__1629497.png; approved_at_utc=2026-06-16T04:22:55.114211+00:00,approved_marker_present; headshot_slot_requires_identity_and_crop_review; image_size=260x190; meets_headshot_floor; default_decision_source_manual_recheck_required,approve_for_review_only_renderer_use|hold_identity|revise_asset|revise_source_metadata,data/asset_registry/wnba/wnba_athlete_photo_review_intake.csv,data/asset_registry/wnba/athlete_photo_contact_sheets/toronto_tempo.png,data/asset_registry/wnba/athlete_photo_contact_sheets/toronto_tempo.md,true,false,false,false,false,false,false
toronto_tempo_nyara_sabally,Nyara Sabally,toronto_tempo,Toronto Tempo,Eastern,assets/leagues/wnba/athletes/toronto_tempo_nyara_sabally/headshot.png,true,assets/leagues/wnba/athletes/toronto_tempo_nyara_sabally/headshot.png.approved,true,approved_marker_present_manual_source_recheck_required,manual_source_recheck_required,1631055,https://tempo.wnba.com/roster,https://www.wnba.com/player/1631055/nyara-sabally,https://cdn.wnba.com/headshots/wnba/latest/260x190/1631055.png,approved_assets_registry; decision_source=default; source_file=outputs/latest/review_files/athlete_image_approval_pack/downloads/toronto_tempo/toronto_tempo_nyara_sabally__1631055.png; approved_at_utc=2026-06-16T04:22:55.114770+00:00,approved_marker_present; headshot_slot_requires_identity_and_crop_review; image_size=260x190; meets_headshot_floor; default_decision_source_manual_recheck_required,approve_for_review_only_renderer_use|hold_identity|revise_asset|revise_source_metadata,data/asset_registry/wnba/wnba_athlete_photo_review_intake.csv,data/asset_registry/wnba/athlete_photo_contact_sheets/toronto_tempo.png,data/asset_registry/wnba/athlete_photo_contact_sheets/toronto_tempo.md,true,false,false,false,false,false,false
toronto_tempo_temi_fagbenle,Temi Fagbenle,toronto_tempo,Toronto Tempo,Eastern,assets/leagues/wnba/athletes/toronto_tempo_temi_fagbenle/headshot.png,true,assets/leagues/wnba/athletes/toronto_tempo_temi_fagbenle/headshot.png.approved,true,approved_marker_present_manual_source_recheck_required,manual_source_recheck_required,1627701,https://tempo.wnba.com/roster,https://www.wnba.com/player/1627701/temi-fagbenle,https://cdn.wnba.com/headshots/wnba/latest/260x190/1627701.png,approved_assets_registry; decision_source=default; source_file=outputs/latest/review_files/athlete_image_approval_pack/downloads/toronto_tempo/toronto_tempo_temi_fagbenle__1627701.png; approved_at_utc=2026-06-16T04:22:55.115333+00:00,approved_marker_present; headshot_slot_requires_identity_and_crop_review; image_size=260x190; meets_headshot_floor; default_decision_source_manual_recheck_required,approve_for_review_only_renderer_use|hold_identity|revise_asset|revise_source_metadata,data/asset_registry/wnba/wnba_athlete_photo_review_intake.csv,data/asset_registry/wnba/athlete_photo_contact_sheets/toronto_tempo.png,data/asset_registry/wnba/athlete_photo_contact_sheets/toronto_tempo.md,true,false,false,false,false,false,false
toronto_tempo_teonni_key,Teonni Key,toronto_tempo,Toronto Tempo,Eastern,assets/leagues/wnba/athletes/toronto_tempo_teonni_key/headshot.png,true,assets/leagues/wnba/athletes/toronto_tempo_teonni_key/headshot.png.approved,true,approved_marker_present_manual_source_recheck_required,manual_source_recheck_required,1643457,https://tempo.wnba.com/roster,https://www.wnba.com/player/1643457/teonni-key,https://cdn.wnba.com/headshots/wnba/latest/260x190/1643457.png,approved_assets_registry; decision_source=default; source_file=outputs/latest/review_files/athlete_image_approval_pack/downloads/toronto_tempo/toronto_tempo_teonni_key__1643457.png; approved_at_utc=2026-06-16T04:22:55.114478+00:00,approved_marker_present; headshot_slot_requires_identity_and_crop_review; image_size=260x190; meets_headshot_floor; default_decision_source_manual_recheck_required,approve_for_review_only_renderer_use|hold_identity|revise_asset|revise_source_metadata,data/asset_registry/wnba/wnba_athlete_photo_review_intake.csv,data/asset_registry/wnba/athlete_photo_contact_sheets/toronto_tempo.png,data/asset_registry/wnba/athlete_photo_contact_sheets/toronto_tempo.md,true,false,false,false,false,false,false
toronto_tempo_tima_pouye,Tima Pouye,toronto_tempo,Toronto Tempo,Eastern,assets/leagues/wnba/athletes/toronto_tempo_tima_pouye/headshot.png,false,assets/leagues/wnba/athletes/toronto_tempo_tima_pouye/headshot.png.approved,false,missing_asset_not_renderable,needs_human_approval,1643647,https://tempo.wnba.com/roster,https://www.wnba.com/player/1643647/tima-pouye,https://cdn.wnba.com/headshots/wnba/latest/260x190/1643647.png,match_review_registry; status=needs_human_approval; image_url=https://cdn.wnba.com/headshots/wnba/latest/260x190/1643647.png; confidence=0.72,asset_file_missing; headshot_slot_requires_identity_and_crop_review,approve_for_review_only_renderer_use|hold_identity|revise_asset|revise_source_metadata,data/asset_registry/wnba/wnba_athlete_photo_review_intake.csv,data/asset_registry/wnba/athlete_photo_contact_sheets/toronto_tempo.png,data/asset_registry/wnba/athlete_photo_contact_sheets/toronto_tempo.md,true,false,false,false,false,false,false
washington_mystics_alicia_florez,Alicia Florez,washington_mystics,Washington Mystics,Eastern,assets/leagues/wnba/athletes/washington_mystics_alicia_florez/headshot.png,true,assets/leagues/wnba/athletes/washington_mystics_alicia_florez/headshot.png.approved,true,approved_marker_present_manual_source_recheck_required,manual_source_recheck_required,1643644,https://mystics.wnba.com/roster,https://www.wnba.com/player/1643644/alicia-florez,https://cdn.wnba.com/headshots/wnba/latest/260x190/1643644.png,approved_assets_registry; decision_source=default; source_file=outputs/latest/review_files/athlete_image_approval_pack/downloads/washington_mystics/washington_mystics_alicia_florez__1643644.png; approved_at_utc=2026-06-16T04:22:55.116758+00:00,approved_marker_present; headshot_slot_requires_identity_and_crop_review; image_size=260x190; meets_headshot_floor; default_decision_source_manual_recheck_required,approve_for_review_only_renderer_use|hold_identity|revise_asset|revise_source_metadata,data/asset_registry/wnba/wnba_athlete_photo_review_intake.csv,data/asset_registry/wnba/athlete_photo_contact_sheets/washington_mystics.png,data/asset_registry/wnba/athlete_photo_contact_sheets/washington_mystics.md,true,false,false,false,false,false,false
washington_mystics_angela_dugalic,Angela Dugalic,washington_mystics,Washington Mystics,Eastern,assets/leagues/wnba/athletes/washington_mystics_angela_dugalic/headshot.png,true,assets/leagues/wnba/athletes/washington_mystics_angela_dugalic/headshot.png.approved,true,approved_marker_present_manual_source_recheck_required,manual_source_recheck_required,1643455,https://mystics.wnba.com/roster,https://www.wnba.com/player/1643455/angela-dugalic,https://cdn.wnba.com/headshots/wnba/latest/260x190/1643455.png,approved_assets_registry; decision_source=default; source_file=outputs/latest/review_files/athlete_image_approval_pack/downloads/washington_mystics/washington_mystics_angela_dugalic__1643455.png; approved_at_utc=2026-06-16T04:22:55.119095+00:00,approved_marker_present; headshot_slot_requires_identity_and_crop_review; image_size=260x190; meets_headshot_floor; default_decision_source_manual_recheck_required,approve_for_review_only_renderer_use|hold_identity|revise_asset|revise_source_metadata,data/asset_registry/wnba/wnba_athlete_photo_review_intake.csv,data/asset_registry/wnba/athlete_photo_contact_sheets/washington_mystics.png,data/asset_registry/wnba/athlete_photo_contact_sheets/washington_mystics.md,true,false,false,false,false,false,false
washington_mystics_cassandre_prosper,Cassandre Prosper,washington_mystics,Washington Mystics,Eastern,assets/leagues/wnba/athletes/washington_mystics_cassandre_prosper/headshot.png,true,assets/leagues/wnba/athletes/washington_mystics_cassandre_prosper/headshot.png.approved,true,approved_marker_present_manual_source_recheck_required,manual_source_recheck_required,1643467,https://mystics.wnba.com/roster,https://www.wnba.com/player/1643467/cassandre-prosper,https://cdn.wnba.com/headshots/wnba/latest/260x190/1643467.png,approved_assets_registry; decision_source=default; source_file=outputs/latest/review_files/athlete_image_approval_pack/downloads/washington_mystics/washington_mystics_cassandre_prosper__1643467.png; approved_at_utc=2026-06-16T04:22:55.118241+00:00,approved_marker_present; headshot_slot_requires_identity_and_crop_review; image_size=260x190; meets_headshot_floor; default_decision_source_manual_recheck_required,approve_for_review_only_renderer_use|hold_identity|revise_asset|revise_source_metadata,data/asset_registry/wnba/wnba_athlete_photo_review_intake.csv,data/asset_registry/wnba/athlete_photo_contact_sheets/washington_mystics.png,data/asset_registry/wnba/athlete_photo_contact_sheets/washington_mystics.md,true,false,false,false,false,false,false
washington_mystics_cotie_mcmahon,Cotie McMahon,washington_mystics,Washington Mystics,Eastern,assets/leagues/wnba/athletes/washington_mystics_cotie_mcmahon/headshot.png,true,assets/leagues/wnba/athletes/washington_mystics_cotie_mcmahon/headshot.png.approved,true,approved_marker_present_manual_source_recheck_required,manual_source_recheck_required,1643430,https://mystics.wnba.com/roster,https://www.wnba.com/player/1643430/cotie-mcmahon,https://cdn.wnba.com/headshots/wnba/latest/260x190/1643430.png,approved_assets_registry; decision_source=default; source_file=outputs/latest/review_files/athlete_image_approval_pack/downloads/washington_mystics/washington_mystics_cotie_mcmahon__1643430.png; approved_at_utc=2026-06-16T04:22:55.118821+00:00,approved_marker_present; headshot_slot_requires_identity_and_crop_review; image_size=260x190; meets_headshot_floor; default_decision_source_manual_recheck_required,approve_for_review_only_renderer_use|hold_identity|revise_asset|revise_source_metadata,data/asset_registry/wnba/wnba_athlete_photo_review_intake.csv,data/asset_registry/wnba/athlete_photo_contact_sheets/washington_mystics.png,data/asset_registry/wnba/athlete_photo_contact_sheets/washington_mystics.md,true,false,false,false,false,false,false
washington_mystics_darianna_littlepage_buggs,Darianna Littlepage-Buggs,washington_mystics,Washington Mystics,Eastern,assets/leagues/wnba/athletes/washington_mystics_darianna_littlepage_buggs/headshot.png,true,assets/leagues/wnba/athletes/washington_mystics_darianna_littlepage_buggs/headshot.png.approved,true,approved_marker_present_manual_source_recheck_required,manual_source_recheck_required,1643440,https://mystics.wnba.com/roster,https://www.wnba.com/player/1643440/darianna-littlepage-buggs,https://cdn.wnba.com/headshots/wnba/latest/260x190/1643440.png,approved_assets_registry; decision_source=default; source_file=outputs/latest/review_files/athlete_image_approval_pack/downloads/washington_mystics/washington_mystics_darianna_littlepage_buggs__1643440.png; approved_at_utc=2026-06-16T04:22:55.117380+00:00,approved_marker_present; headshot_slot_requires_identity_and_crop_review; image_size=260x190; meets_headshot_floor; default_decision_source_manual_recheck_required,approve_for_review_only_renderer_use|hold_identity|revise_asset|revise_source_metadata,data/asset_registry/wnba/wnba_athlete_photo_review_intake.csv,data/asset_registry/wnba/athlete_photo_contact_sheets/washington_mystics.png,data/asset_registry/wnba/athlete_photo_contact_sheets/washington_mystics.md,true,false,false,false,false,false,false
washington_mystics_georgia_amoore,Georgia Amoore,washington_mystics,Washington Mystics,Eastern,assets/leagues/wnba/athletes/washington_mystics_georgia_amoore/headshot.png,true,assets/leagues/wnba/athletes/washington_mystics_georgia_amoore/headshot.png.approved,true,approved_marker_present_manual_source_recheck_required,manual_source_recheck_required,1642781,https://mystics.wnba.com/roster,https://www.wnba.com/player/1642781/georgia-amoore,https://cdn.wnba.com/headshots/wnba/latest/260x190/1642781.png,approved_assets_registry; decision_source=default; source_file=outputs/latest/review_files/athlete_image_approval_pack/downloads/washington_mystics/washington_mystics_georgia_amoore__1642781.png; approved_at_utc=2026-06-16T04:22:55.117679+00:00,approved_marker_present; headshot_slot_requires_identity_and_crop_review; image_size=260x190; meets_headshot_floor; default_decision_source_manual_recheck_required,approve_for_review_only_renderer_use|hold_identity|revise_asset|revise_source_metadata,data/asset_registry/wnba/wnba_athlete_photo_review_intake.csv,data/asset_registry/wnba/athlete_photo_contact_sheets/washington_mystics.png,data/asset_registry/wnba/athlete_photo_contact_sheets/washington_mystics.md,true,false,false,false,false,false,false
washington_mystics_kiki_iriafen,Kiki Iriafen,washington_mystics,Washington Mystics,Eastern,assets/leagues/wnba/athletes/washington_mystics_kiki_iriafen/headshot.png,true,assets/leagues/wnba/athletes/washington_mystics_kiki_iriafen/headshot.png.approved,true,approved_marker_present_manual_source_recheck_required,manual_source_recheck_required,1642792,https://mystics.wnba.com/roster,https://www.wnba.com/player/1642792/kiki-iriafen,https://cdn.wnba.com/headshots/wnba/latest/260x190/1642792.png,approved_assets_registry; decision_source=default; source_file=outputs/latest/review_files/athlete_image_approval_pack/downloads/washington_mystics/washington_mystics_kiki_iriafen__1642792.png; approved_at_utc=2026-06-16T04:22:55.119657+00:00,approved_marker_present; headshot_slot_requires_identity_and_crop_review; image_size=260x190; meets_headshot_floor; default_decision_source_manual_recheck_required,approve_for_review_only_renderer_use|hold_identity|revise_asset|revise_source_metadata,data/asset_registry/wnba/wnba_athlete_photo_review_intake.csv,data/asset_registry/wnba/athlete_photo_contact_sheets/washington_mystics.png,data/asset_registry/wnba/athlete_photo_contact_sheets/washington_mystics.md,true,false,false,false,false,false,false
washington_mystics_lauren_betts,Lauren Betts,washington_mystics,Washington Mystics,Eastern,assets/leagues/wnba/athletes/washington_mystics_lauren_betts/headshot.png,true,assets/leagues/wnba/athletes/washington_mystics_lauren_betts/headshot.png.approved,true,approved_marker_present_manual_source_recheck_required,manual_source_recheck_required,1643427,https://mystics.wnba.com/roster,https://www.wnba.com/player/1643427/lauren-betts,https://cdn.wnba.com/headshots/wnba/latest/260x190/1643427.png,approved_assets_registry; decision_source=default; source_file=outputs/latest/review_files/athlete_image_approval_pack/downloads/washington_mystics/washington_mystics_lauren_betts__1643427.png; approved_at_utc=2026-06-16T04:22:55.119949+00:00,approved_marker_present; headshot_slot_requires_identity_and_crop_review; image_size=260x190; meets_headshot_floor; default_decision_source_manual_recheck_required,approve_for_review_only_renderer_use|hold_identity|revise_asset|revise_source_metadata,data/asset_registry/wnba/wnba_athlete_photo_review_intake.csv,data/asset_registry/wnba/athlete_photo_contact_sheets/washington_mystics.png,data/asset_registry/wnba/athlete_photo_contact_sheets/washington_mystics.md,true,false,false,false,false,false,false
washington_mystics_lucy_olsen,Lucy Olsen,washington_mystics,Washington Mystics,Eastern,assets/leagues/wnba/athletes/washington_mystics_lucy_olsen/headshot.png,true,assets/leagues/wnba/athletes/washington_mystics_lucy_olsen/headshot.png.approved,true,approved_marker_present_manual_source_recheck_required,manual_source_recheck_required,1642802,https://mystics.wnba.com/roster,https://www.wnba.com/player/1642802/lucy-olsen,https://cdn.wnba.com/headshots/wnba/latest/260x190/1642802.png,approved_assets_registry; decision_source=default; source_file=outputs/latest/review_files/athlete_image_approval_pack/downloads/washington_mystics/washington_mystics_lucy_olsen__1642802.png; approved_at_utc=2026-06-16T04:22:55.119370+00:00,approved_marker_present; headshot_slot_requires_identity_and_crop_review; image_size=260x190; meets_headshot_floor; default_decision_source_manual_recheck_required,approve_for_review_only_renderer_use|hold_identity|revise_asset|revise_source_metadata,data/asset_registry/wnba/wnba_athlete_photo_review_intake.csv,data/asset_registry/wnba/athlete_photo_contact_sheets/washington_mystics.png,data/asset_registry/wnba/athlete_photo_contact_sheets/washington_mystics.md,true,false,false,false,false,false,false
washington_mystics_michaela_onyenwere,Michaela Onyenwere,washington_mystics,Washington Mystics,Eastern,assets/leagues/wnba/athletes/washington_mystics_michaela_onyenwere/headshot.png,true,assets/leagues/wnba/athletes/washington_mystics_michaela_onyenwere/headshot.png.approved,true,approved_marker_present_manual_source_recheck_required,manual_source_recheck_required,1630446,https://mystics.wnba.com/roster,https://www.wnba.com/player/1630446/michaela-onyenwere,https://cdn.wnba.com/headshots/wnba/latest/260x190/1630446.png,approved_assets_registry; decision_source=default; source_file=outputs/latest/review_files/athlete_image_approval_pack/downloads/washington_mystics/washington_mystics_michaela_onyenwere__1630446.png; approved_at_utc=2026-06-16T04:22:55.117963+00:00,approved_marker_present; headshot_slot_requires_identity_and_crop_review; image_size=260x190; meets_headshot_floor; default_decision_source_manual_recheck_required,approve_for_review_only_renderer_use|hold_identity|revise_asset|revise_source_metadata,data/asset_registry/wnba/wnba_athlete_photo_review_intake.csv,data/asset_registry/wnba/athlete_photo_contact_sheets/washington_mystics.png,data/asset_registry/wnba/athlete_photo_contact_sheets/washington_mystics.md,true,false,false,false,false,false,false
washington_mystics_rori_harmon,Rori Harmon,washington_mystics,Washington Mystics,Eastern,assets/leagues/wnba/athletes/washington_mystics_rori_harmon/headshot.png,true,assets/leagues/wnba/athletes/washington_mystics_rori_harmon/headshot.png.approved,true,approved_marker_present_manual_source_recheck_required,manual_source_recheck_required,1643450,https://mystics.wnba.com/roster,https://www.wnba.com/player/1643450/rori-harmon,https://cdn.wnba.com/headshots/wnba/latest/260x190/1643450.png,approved_assets_registry; decision_source=default; source_file=outputs/latest/review_files/athlete_image_approval_pack/downloads/washington_mystics/washington_mystics_rori_harmon__1643450.png; approved_at_utc=2026-06-16T04:22:55.117031+00:00,approved_marker_present; headshot_slot_requires_identity_and_crop_review; image_size=260x190; meets_headshot_floor; default_decision_source_manual_recheck_required,approve_for_review_only_renderer_use|hold_identity|revise_asset|revise_source_metadata,data/asset_registry/wnba/wnba_athlete_photo_review_intake.csv,data/asset_registry/wnba/athlete_photo_contact_sheets/washington_mystics.png,data/asset_registry/wnba/athlete_photo_contact_sheets/washington_mystics.md,true,false,false,false,false,false,false
washington_mystics_shakira_austin,Shakira Austin,washington_mystics,Washington Mystics,Eastern,assets/leagues/wnba/athletes/washington_mystics_shakira_austin/headshot.png,true,assets/leagues/wnba/athletes/washington_mystics_shakira_austin/headshot.png.approved,true,approved_marker_present_manual_source_recheck_required,manual_source_recheck_required,1631022,https://mystics.wnba.com/roster,https://www.wnba.com/player/1631022/shakira-austin,https://cdn.wnba.com/headshots/wnba/latest/260x190/1631022.png,approved_assets_registry; decision_source=default; source_file=outputs/latest/review_files/athlete_image_approval_pack/downloads/washington_mystics/washington_mystics_shakira_austin__1631022.png; approved_at_utc=2026-06-16T04:22:55.116471+00:00,approved_marker_present; headshot_slot_requires_identity_and_crop_review; image_size=260x190; meets_headshot_floor; default_decision_source_manual_recheck_required,approve_for_review_only_renderer_use|hold_identity|revise_asset|revise_source_metadata,data/asset_registry/wnba/wnba_athlete_photo_review_intake.csv,data/asset_registry/wnba/athlete_photo_contact_sheets/washington_mystics.png,data/asset_registry/wnba/athlete_photo_contact_sheets/washington_mystics.md,true,false,false,false,false,false,false
washington_mystics_sonia_citron,Sonia Citron,washington_mystics,Washington Mystics,Eastern,assets/leagues/wnba/athletes/washington_mystics_sonia_citron/headshot.png,true,assets/leagues/wnba/athletes/washington_mystics_sonia_citron/headshot.png.approved,true,approved_marker_present_manual_source_recheck_required,manual_source_recheck_required,1642785,https://mystics.wnba.com/roster,https://www.wnba.com/player/1642785/sonia-citron,https://cdn.wnba.com/headshots/wnba/latest/260x190/1642785.png,approved_assets_registry; decision_source=default; source_file=outputs/latest/review_files/athlete_image_approval_pack/downloads/washington_mystics/washington_mystics_sonia_citron__1642785.png; approved_at_utc=2026-06-16T04:22:55.118512+00:00,approved_marker_present; headshot_slot_requires_identity_and_crop_review; image_size=260x190; meets_headshot_floor; default_decision_source_manual_recheck_required,approve_for_review_only_renderer_use|hold_identity|revise_asset|revise_source_metadata,data/asset_registry/wnba/wnba_athlete_photo_review_intake.csv,data/asset_registry/wnba/athlete_photo_contact_sheets/washington_mystics.png,data/asset_registry/wnba/athlete_photo_contact_sheets/washington_mystics.md,true,false,false,false,false,false,false
