athlete_id,athlete_name,team_id,team_name,local_headshot_path,approved_marker_path,provider_player_id,official_roster_page_candidate,official_player_profile_candidate,official_roster_photo_candidate_url,current_approval_status,identity_review_status,allowed_decisions,operator_decision,identity_verified,source_reviewed,local_file_reviewed,source_url_to_record,provider_player_id_verified,registry_action,operator_notes,reviewed_by,reviewed_at_local,approval_scope,publish_ready,auto_approval,auto_publish,move_files,paid_apis,asset_downloads
atlanta_dream_aaliyah_nye,Aaliyah Nye,atlanta_dream,Atlanta Dream,assets/leagues/wnba/athletes/atlanta_dream_aaliyah_nye/headshot.png,assets/leagues/wnba/athletes/atlanta_dream_aaliyah_nye/headshot.png.approved,1642801,https://dream.wnba.com/roster,https://www.wnba.com/player/1642801/aaliyah-nye,https://cdn.wnba.com/headshots/wnba/latest/260x190/1642801.png,approved_marker_present_manual_source_recheck_required,manual_source_recheck_required,approve_for_review_only_renderer_use|hold_identity|revise_asset|revise_source_metadata,operator_fill_required,operator_fill_required,operator_fill_required,operator_fill_required,,,,,,,review_only_renderer_athlete_photo_trust_manual_intake,false,false,false,false,false,false
atlanta_dream_allisha_gray,Allisha Gray,atlanta_dream,Atlanta Dream,assets/leagues/wnba/athletes/atlanta_dream_allisha_gray/headshot.png,assets/leagues/wnba/athletes/atlanta_dream_allisha_gray/headshot.png.approved,1628277,https://dream.wnba.com/roster,https://www.wnba.com/player/1628277/allisha-gray,https://cdn.wnba.com/headshots/wnba/latest/260x190/1628277.png,approved_marker_present_manual_source_recheck_required,manual_source_recheck_required,approve_for_review_only_renderer_use|hold_identity|revise_asset|revise_source_metadata,operator_fill_required,operator_fill_required,operator_fill_required,operator_fill_required,,,,,,,review_only_renderer_athlete_photo_trust_manual_intake,false,false,false,false,false,false
atlanta_dream_amy_okonkwo,Amy Okonkwo,atlanta_dream,Atlanta Dream,assets/leagues/wnba/athletes/atlanta_dream_amy_okonkwo/headshot.png,assets/leagues/wnba/athletes/atlanta_dream_amy_okonkwo/headshot.png.approved,1629539,https://dream.wnba.com/roster,https://www.wnba.com/player/1629539/amy-okonkwo,https://cdn.wnba.com/headshots/wnba/latest/260x190/1629539.png,approved_marker_present_manual_source_recheck_required,manual_source_recheck_required,approve_for_review_only_renderer_use|hold_identity|revise_asset|revise_source_metadata,operator_fill_required,operator_fill_required,operator_fill_required,operator_fill_required,,,,,,,review_only_renderer_athlete_photo_trust_manual_intake,false,false,false,false,false,false
atlanta_dream_angel_reese,Angel Reese,atlanta_dream,Atlanta Dream,assets/leagues/wnba/athletes/atlanta_dream_angel_reese/headshot.png,assets/leagues/wnba/athletes/atlanta_dream_angel_reese/headshot.png.approved,1642291,https://dream.wnba.com/roster,https://www.wnba.com/player/1642291/angel-reese,https://cdn.wnba.com/headshots/wnba/latest/260x190/1642291.png,approved_marker_present_manual_source_recheck_required,manual_source_recheck_required,approve_for_review_only_renderer_use|hold_identity|revise_asset|revise_source_metadata,operator_fill_required,operator_fill_required,operator_fill_required,operator_fill_required,,,,,,,review_only_renderer_athlete_photo_trust_manual_intake,false,false,false,false,false,false
atlanta_dream_brionna_jones,Brionna Jones,atlanta_dream,Atlanta Dream,assets/leagues/wnba/athletes/atlanta_dream_brionna_jones/headshot.png,assets/leagues/wnba/athletes/atlanta_dream_brionna_jones/headshot.png.approved,1628280,https://dream.wnba.com/roster,https://www.wnba.com/player/1628280/brionna-jones,https://cdn.wnba.com/headshots/wnba/latest/260x190/1628280.png,approved_marker_present_manual_source_recheck_required,manual_source_recheck_required,approve_for_review_only_renderer_use|hold_identity|revise_asset|revise_source_metadata,operator_fill_required,operator_fill_required,operator_fill_required,operator_fill_required,,,,,,,review_only_renderer_athlete_photo_trust_manual_intake,false,false,false,false,false,false
atlanta_dream_indya_nivar,Indya Nivar,atlanta_dream,Atlanta Dream,assets/leagues/wnba/athletes/atlanta_dream_indya_nivar/headshot.png,assets/leagues/wnba/athletes/atlanta_dream_indya_nivar/headshot.png.approved,1643469,https://dream.wnba.com/roster,https://www.wnba.com/player/1643469/indya-nivar,https://cdn.wnba.com/headshots/wnba/latest/260x190/1643469.png,approved_marker_present_manual_source_recheck_required,manual_source_recheck_required,approve_for_review_only_renderer_use|hold_identity|revise_asset|revise_source_metadata,operator_fill_required,operator_fill_required,operator_fill_required,operator_fill_required,,,,,,,review_only_renderer_athlete_photo_trust_manual_intake,false,false,false,false,false,false
atlanta_dream_isobel_borlase,Isobel Borlase,atlanta_dream,Atlanta Dream,assets/leagues/wnba/athletes/atlanta_dream_isobel_borlase/headshot.png,assets/leagues/wnba/athletes/atlanta_dream_isobel_borlase/headshot.png.approved,1642302,https://dream.wnba.com/roster,https://www.wnba.com/player/1642302/isobel-borlase,https://cdn.wnba.com/headshots/wnba/latest/260x190/1642302.png,approved_marker_present_manual_source_recheck_required,manual_source_recheck_required,approve_for_review_only_renderer_use|hold_identity|revise_asset|revise_source_metadata,operator_fill_required,operator_fill_required,operator_fill_required,operator_fill_required,,,,,,,review_only_renderer_athlete_photo_trust_manual_intake,false,false,false,false,false,false
atlanta_dream_jordin_canada,Jordin Canada,atlanta_dream,Atlanta Dream,assets/leagues/wnba/athletes/atlanta_dream_jordin_canada/headshot.png,assets/leagues/wnba/athletes/atlanta_dream_jordin_canada/headshot.png.approved,1628886,https://dream.wnba.com/roster,https://www.wnba.com/player/1628886/jordin-canada,https://cdn.wnba.com/headshots/wnba/latest/260x190/1628886.png,approved_marker_present_manual_source_recheck_required,manual_source_recheck_required,approve_for_review_only_renderer_use|hold_identity|revise_asset|revise_source_metadata,operator_fill_required,operator_fill_required,operator_fill_required,operator_fill_required,,,,,,,review_only_renderer_athlete_photo_trust_manual_intake,false,false,false,false,false,false
atlanta_dream_madina_okot,Madina Okot,atlanta_dream,Atlanta Dream,assets/leagues/wnba/athletes/atlanta_dream_madina_okot/headshot.png,assets/leagues/wnba/athletes/atlanta_dream_madina_okot/headshot.png.approved,1643431,https://dream.wnba.com/roster,https://www.wnba.com/player/1643431/madina-okot,https://cdn.wnba.com/headshots/wnba/latest/260x190/1643431.png,approved_marker_present_manual_source_recheck_required,manual_source_recheck_required,approve_for_review_only_renderer_use|hold_identity|revise_asset|revise_source_metadata,operator_fill_required,operator_fill_required,operator_fill_required,operator_fill_required,,,,,,,review_only_renderer_athlete_photo_trust_manual_intake,false,false,false,false,false,false
atlanta_dream_naz_hillmon,Naz Hillmon,atlanta_dream,Atlanta Dream,assets/leagues/wnba/athletes/atlanta_dream_naz_hillmon/headshot.png,assets/leagues/wnba/athletes/atlanta_dream_naz_hillmon/headshot.png.approved,1631044,https://dream.wnba.com/roster,https://www.wnba.com/player/1631044/naz-hillmon,https://cdn.wnba.com/headshots/wnba/latest/260x190/1631044.png,approved_marker_present_manual_source_recheck_required,manual_source_recheck_required,approve_for_review_only_renderer_use|hold_identity|revise_asset|revise_source_metadata,operator_fill_required,operator_fill_required,operator_fill_required,operator_fill_required,,,,,,,review_only_renderer_athlete_photo_trust_manual_intake,false,false,false,false,false,false
atlanta_dream_rhyne_howard,Rhyne Howard,atlanta_dream,Atlanta Dream,assets/leagues/wnba/athletes/atlanta_dream_rhyne_howard/headshot.png,assets/leagues/wnba/athletes/atlanta_dream_rhyne_howard/headshot.png.approved,1631009,https://dream.wnba.com/roster,https://www.wnba.com/player/1631009/rhyne-howard,https://cdn.wnba.com/headshots/wnba/latest/260x190/1631009.png,approved_marker_present_manual_source_recheck_required,manual_source_recheck_required,approve_for_review_only_renderer_use|hold_identity|revise_asset|revise_source_metadata,operator_fill_required,operator_fill_required,operator_fill_required,operator_fill_required,,,,,,,review_only_renderer_athlete_photo_trust_manual_intake,false,false,false,false,false,false
atlanta_dream_sika_kone,Sika Kone,atlanta_dream,Atlanta Dream,assets/leagues/wnba/athletes/atlanta_dream_sika_kone/headshot.png,assets/leagues/wnba/athletes/atlanta_dream_sika_kone/headshot.png.approved,1631021,https://dream.wnba.com/roster,https://www.wnba.com/player/1631021/sika-kone,https://cdn.wnba.com/headshots/wnba/latest/260x190/1631021.png,approved_marker_present_manual_source_recheck_required,manual_source_recheck_required,approve_for_review_only_renderer_use|hold_identity|revise_asset|revise_source_metadata,operator_fill_required,operator_fill_required,operator_fill_required,operator_fill_required,,,,,,,review_only_renderer_athlete_photo_trust_manual_intake,false,false,false,false,false,false
atlanta_dream_te_hina_paopao,Te-Hina Paopao,atlanta_dream,Atlanta Dream,assets/leagues/wnba/athletes/atlanta_dream_te_hina_paopao/headshot.png,assets/leagues/wnba/athletes/atlanta_dream_te_hina_paopao/headshot.png.approved,1642804,https://dream.wnba.com/roster,https://www.wnba.com/player/1642804/te-hina-paopao,https://cdn.wnba.com/headshots/wnba/latest/260x190/1642804.png,approved_marker_present_manual_source_recheck_required,manual_source_recheck_required,approve_for_review_only_renderer_use|hold_identity|revise_asset|revise_source_metadata,operator_fill_required,operator_fill_required,operator_fill_required,operator_fill_required,,,,,,,review_only_renderer_athlete_photo_trust_manual_intake,false,false,false,false,false,false
chicago_sky_aicha_coulibaly,Aicha Coulibaly,chicago_sky,Chicago Sky,assets/leagues/wnba/athletes/chicago_sky_aicha_coulibaly/headshot.png,assets/leagues/wnba/athletes/chicago_sky_aicha_coulibaly/headshot.png.approved,1642786,https://sky.wnba.com/roster,https://www.wnba.com/player/1642786/aicha-coulibaly,https://cdn.wnba.com/headshots/wnba/latest/260x190/1642786.png,approved_marker_present_manual_source_recheck_required,manual_source_recheck_required,approve_for_review_only_renderer_use|hold_identity|revise_asset|revise_source_metadata,operator_fill_required,operator_fill_required,operator_fill_required,operator_fill_required,,,,,,,review_only_renderer_athlete_photo_trust_manual_intake,false,false,false,false,false,false
chicago_sky_azura_stevens,Azura Stevens,chicago_sky,Chicago Sky,assets/leagues/wnba/athletes/chicago_sky_azura_stevens/headshot.png,assets/leagues/wnba/athletes/chicago_sky_azura_stevens/headshot.png.approved,1628922,https://sky.wnba.com/roster,https://www.wnba.com/player/1628922/azura-stevens,https://cdn.wnba.com/headshots/wnba/latest/260x190/1628922.png,approved_marker_present_manual_source_recheck_required,manual_source_recheck_required,approve_for_review_only_renderer_use|hold_identity|revise_asset|revise_source_metadata,operator_fill_required,operator_fill_required,operator_fill_required,operator_fill_required,,,,,,,review_only_renderer_athlete_photo_trust_manual_intake,false,false,false,false,false,false
chicago_sky_courtney_vandersloot,Courtney Vandersloot,chicago_sky,Chicago Sky,assets/leagues/wnba/athletes/chicago_sky_courtney_vandersloot/headshot.png,assets/leagues/wnba/athletes/chicago_sky_courtney_vandersloot/headshot.png.approved,202664,https://sky.wnba.com/roster,https://www.wnba.com/player/202664/courtney-vandersloot,https://cdn.wnba.com/headshots/wnba/latest/260x190/202664.png,approved_marker_present_manual_source_recheck_required,manual_source_recheck_required,approve_for_review_only_renderer_use|hold_identity|revise_asset|revise_source_metadata,operator_fill_required,operator_fill_required,operator_fill_required,operator_fill_required,,,,,,,review_only_renderer_athlete_photo_trust_manual_intake,false,false,false,false,false,false
chicago_sky_dijonai_carrington,DiJonai Carrington,chicago_sky,Chicago Sky,assets/leagues/wnba/athletes/chicago_sky_dijonai_carrington/headshot.png,assets/leagues/wnba/athletes/chicago_sky_dijonai_carrington/headshot.png.approved,1630096,https://sky.wnba.com/roster,https://www.wnba.com/player/1630096/dijonai-carrington,https://cdn.wnba.com/headshots/wnba/latest/260x190/1630096.png,approved_marker_present_manual_source_recheck_required,manual_source_recheck_required,approve_for_review_only_renderer_use|hold_identity|revise_asset|revise_source_metadata,operator_fill_required,operator_fill_required,operator_fill_required,operator_fill_required,,,,,,,review_only_renderer_athlete_photo_trust_manual_intake,false,false,false,false,false,false
chicago_sky_elizabeth_williams,Elizabeth Williams,chicago_sky,Chicago Sky,assets/leagues/wnba/athletes/chicago_sky_elizabeth_williams/headshot.png,assets/leagues/wnba/athletes/chicago_sky_elizabeth_williams/headshot.png.approved,204322,https://sky.wnba.com/roster,https://www.wnba.com/player/204322/elizabeth-williams,https://cdn.wnba.com/headshots/wnba/latest/260x190/204322.png,approved_marker_present_manual_source_recheck_required,manual_source_recheck_required,approve_for_review_only_renderer_use|hold_identity|revise_asset|revise_source_metadata,operator_fill_required,operator_fill_required,operator_fill_required,operator_fill_required,,,,,,,review_only_renderer_athlete_photo_trust_manual_intake,false,false,false,false,false,false
chicago_sky_gabriela_jaquez,Gabriela Jaquez,chicago_sky,Chicago Sky,assets/leagues/wnba/athletes/chicago_sky_gabriela_jaquez/headshot.png,assets/leagues/wnba/athletes/chicago_sky_gabriela_jaquez/headshot.png.approved,1643447,https://sky.wnba.com/roster,https://www.wnba.com/player/1643447/gabriela-jaquez,https://cdn.wnba.com/headshots/wnba/latest/260x190/1643447.png,approved_marker_present_manual_source_recheck_required,manual_source_recheck_required,approve_for_review_only_renderer_use|hold_identity|revise_asset|revise_source_metadata,operator_fill_required,operator_fill_required,operator_fill_required,operator_fill_required,,,,,,,review_only_renderer_athlete_photo_trust_manual_intake,false,false,false,false,false,false
chicago_sky_jacy_sheldon,Jacy Sheldon,chicago_sky,Chicago Sky,assets/leagues/wnba/athletes/chicago_sky_jacy_sheldon/headshot.png,assets/leagues/wnba/athletes/chicago_sky_jacy_sheldon/headshot.png.approved,1642292,https://sky.wnba.com/roster,https://www.wnba.com/player/1642292/jacy-sheldon,https://cdn.wnba.com/headshots/wnba/latest/260x190/1642292.png,approved_marker_present_manual_source_recheck_required,manual_source_recheck_required,approve_for_review_only_renderer_use|hold_identity|revise_asset|revise_source_metadata,operator_fill_required,operator_fill_required,operator_fill_required,operator_fill_required,,,,,,,review_only_renderer_athlete_photo_trust_manual_intake,false,false,false,false,false,false
chicago_sky_kamilla_cardoso,Kamilla Cardoso,chicago_sky,Chicago Sky,assets/leagues/wnba/athletes/chicago_sky_kamilla_cardoso/headshot.png,assets/leagues/wnba/athletes/chicago_sky_kamilla_cardoso/headshot.png.approved,1642289,https://sky.wnba.com/roster,https://www.wnba.com/player/1642289/kamilla-cardoso,https://cdn.wnba.com/headshots/wnba/latest/260x190/1642289.png,approved_marker_present_manual_source_recheck_required,manual_source_recheck_required,approve_for_review_only_renderer_use|hold_identity|revise_asset|revise_source_metadata,operator_fill_required,operator_fill_required,operator_fill_required,operator_fill_required,,,,,,,review_only_renderer_athlete_photo_trust_manual_intake,false,false,false,false,false,false
chicago_sky_maddy_westbeld,Maddy Westbeld,chicago_sky,Chicago Sky,assets/leagues/wnba/athletes/chicago_sky_maddy_westbeld/headshot.png,assets/leagues/wnba/athletes/chicago_sky_maddy_westbeld/headshot.png.approved,1642818,https://sky.wnba.com/roster,https://www.wnba.com/player/1642818/maddy-westbeld,https://cdn.wnba.com/headshots/wnba/latest/260x190/1642818.png,approved_marker_present_manual_source_recheck_required,manual_source_recheck_required,approve_for_review_only_renderer_use|hold_identity|revise_asset|revise_source_metadata,operator_fill_required,operator_fill_required,operator_fill_required,operator_fill_required,,,,,,,review_only_renderer_athlete_photo_trust_manual_intake,false,false,false,false,false,false
chicago_sky_natasha_cloud,Natasha Cloud,chicago_sky,Chicago Sky,assets/leagues/wnba/athletes/chicago_sky_natasha_cloud/headshot.png,assets/leagues/wnba/athletes/chicago_sky_natasha_cloud/headshot.png.approved,204333,https://sky.wnba.com/roster,https://www.wnba.com/player/204333/natasha-cloud,https://cdn.wnba.com/headshots/wnba/latest/260x190/204333.png,approved_marker_present_manual_source_recheck_required,manual_source_recheck_required,approve_for_review_only_renderer_use|hold_identity|revise_asset|revise_source_metadata,operator_fill_required,operator_fill_required,operator_fill_required,operator_fill_required,,,,,,,review_only_renderer_athlete_photo_trust_manual_intake,false,false,false,false,false,false
chicago_sky_rachel_banham,Rachel Banham,chicago_sky,Chicago Sky,assets/leagues/wnba/athletes/chicago_sky_rachel_banham/headshot.png,assets/leagues/wnba/athletes/chicago_sky_rachel_banham/headshot.png.approved,1627671,https://sky.wnba.com/roster,https://www.wnba.com/player/1627671/rachel-banham,https://cdn.wnba.com/headshots/wnba/latest/260x190/1627671.png,approved_marker_present_manual_source_recheck_required,manual_source_recheck_required,approve_for_review_only_renderer_use|hold_identity|revise_asset|revise_source_metadata,operator_fill_required,operator_fill_required,operator_fill_required,operator_fill_required,,,,,,,review_only_renderer_athlete_photo_trust_manual_intake,false,false,false,false,false,false
chicago_sky_rickea_jackson,Rickea Jackson,chicago_sky,Chicago Sky,assets/leagues/wnba/athletes/chicago_sky_rickea_jackson/headshot.png,assets/leagues/wnba/athletes/chicago_sky_rickea_jackson/headshot.png.approved,1642288,https://sky.wnba.com/roster,https://www.wnba.com/player/1642288/rickea-jackson,https://cdn.wnba.com/headshots/wnba/latest/260x190/1642288.png,approved_marker_present_manual_source_recheck_required,manual_source_recheck_required,approve_for_review_only_renderer_use|hold_identity|revise_asset|revise_source_metadata,operator_fill_required,operator_fill_required,operator_fill_required,operator_fill_required,,,,,,,review_only_renderer_athlete_photo_trust_manual_intake,false,false,false,false,false,false
chicago_sky_saylor_poffenbarger,Saylor Poffenbarger,chicago_sky,Chicago Sky,assets/leagues/wnba/athletes/chicago_sky_saylor_poffenbarger/headshot.png,assets/leagues/wnba/athletes/chicago_sky_saylor_poffenbarger/headshot.png.approved,1643458,https://sky.wnba.com/roster,https://www.wnba.com/player/1643458/saylor-poffenbarger,https://cdn.wnba.com/headshots/wnba/latest/260x190/1643458.png,approved_marker_present_manual_source_recheck_required,manual_source_recheck_required,approve_for_review_only_renderer_use|hold_identity|revise_asset|revise_source_metadata,operator_fill_required,operator_fill_required,operator_fill_required,operator_fill_required,,,,,,,review_only_renderer_athlete_photo_trust_manual_intake,false,false,false,false,false,false
chicago_sky_skylar_diggins,Skylar Diggins,chicago_sky,Chicago Sky,assets/leagues/wnba/athletes/chicago_sky_skylar_diggins/headshot.png,assets/leagues/wnba/athletes/chicago_sky_skylar_diggins/headshot.png.approved,203400,https://sky.wnba.com/roster,https://www.wnba.com/player/203400/skylar-diggins,https://cdn.wnba.com/headshots/wnba/latest/260x190/203400.png,approved_marker_present_manual_source_recheck_required,manual_source_recheck_required,approve_for_review_only_renderer_use|hold_identity|revise_asset|revise_source_metadata,operator_fill_required,operator_fill_required,operator_fill_required,operator_fill_required,,,,,,,review_only_renderer_athlete_photo_trust_manual_intake,false,false,false,false,false,false
chicago_sky_sydney_taylor,Sydney Taylor,chicago_sky,Chicago Sky,assets/leagues/wnba/athletes/chicago_sky_sydney_taylor/headshot.png,assets/leagues/wnba/athletes/chicago_sky_sydney_taylor/headshot.png.approved,1642321,https://sky.wnba.com/roster,https://www.wnba.com/player/1642321/sydney-taylor,https://cdn.wnba.com/headshots/wnba/latest/260x190/1642321.png,approved_marker_present_manual_source_recheck_required,manual_source_recheck_required,approve_for_review_only_renderer_use|hold_identity|revise_asset|revise_source_metadata,operator_fill_required,operator_fill_required,operator_fill_required,operator_fill_required,,,,,,,review_only_renderer_athlete_photo_trust_manual_intake,false,false,false,false,false,false
connecticut_sun_aaliyah_edwards,Aaliyah Edwards,connecticut_sun,Connecticut Sun,assets/leagues/wnba/athletes/connecticut_sun_aaliyah_edwards/headshot.png,assets/leagues/wnba/athletes/connecticut_sun_aaliyah_edwards/headshot.png.approved,1642290,https://sun.wnba.com/roster,https://www.wnba.com/player/1642290/aaliyah-edwards,https://cdn.wnba.com/headshots/wnba/latest/260x190/1642290.png,approved_marker_present_manual_source_recheck_required,manual_source_recheck_required,approve_for_review_only_renderer_use|hold_identity|revise_asset|revise_source_metadata,operator_fill_required,operator_fill_required,operator_fill_required,operator_fill_required,,,,,,,review_only_renderer_athlete_photo_trust_manual_intake,false,false,false,false,false,false
connecticut_sun_aneesah_morrow,Aneesah Morrow,connecticut_sun,Connecticut Sun,assets/leagues/wnba/athletes/connecticut_sun_aneesah_morrow/headshot.png,assets/leagues/wnba/athletes/connecticut_sun_aneesah_morrow/headshot.png.approved,1642800,https://sun.wnba.com/roster,https://www.wnba.com/player/1642800/aneesah-morrow,https://cdn.wnba.com/headshots/wnba/latest/260x190/1642800.png,approved_marker_present_manual_source_recheck_required,manual_source_recheck_required,approve_for_review_only_renderer_use|hold_identity|revise_asset|revise_source_metadata,operator_fill_required,operator_fill_required,operator_fill_required,operator_fill_required,,,,,,,review_only_renderer_athlete_photo_trust_manual_intake,false,false,false,false,false,false
connecticut_sun_ashlon_jackson,Ashlon Jackson,connecticut_sun,Connecticut Sun,assets/leagues/wnba/athletes/connecticut_sun_ashlon_jackson/headshot.png,assets/leagues/wnba/athletes/connecticut_sun_ashlon_jackson/headshot.png.approved,1643437,https://sun.wnba.com/roster,https://www.wnba.com/player/1643437/ashlon-jackson,https://cdn.wnba.com/headshots/wnba/latest/260x190/1643437.png,approved_marker_present_manual_source_recheck_required,manual_source_recheck_required,approve_for_review_only_renderer_use|hold_identity|revise_asset|revise_source_metadata,operator_fill_required,operator_fill_required,operator_fill_required,operator_fill_required,,,,,,,review_only_renderer_athlete_photo_trust_manual_intake,false,false,false,false,false,false
connecticut_sun_brittney_griner,Brittney Griner,connecticut_sun,Connecticut Sun,assets/leagues/wnba/athletes/connecticut_sun_brittney_griner/headshot.png,assets/leagues/wnba/athletes/connecticut_sun_brittney_griner/headshot.png.approved,203398,https://sun.wnba.com/roster,https://www.wnba.com/player/203398/brittney-griner,https://cdn.wnba.com/headshots/wnba/latest/260x190/203398.png,approved_marker_present_manual_source_recheck_required,manual_source_recheck_required,approve_for_review_only_renderer_use|hold_identity|revise_asset|revise_source_metadata,operator_fill_required,operator_fill_required,operator_fill_required,operator_fill_required,,,,,,,review_only_renderer_athlete_photo_trust_manual_intake,false,false,false,false,false,false
connecticut_sun_charlisse_leger_walker,Charlisse Leger-Walker,connecticut_sun,Connecticut Sun,assets/leagues/wnba/athletes/connecticut_sun_charlisse_leger_walker/headshot.png,assets/leagues/wnba/athletes/connecticut_sun_charlisse_leger_walker/headshot.png.approved,1643449,https://sun.wnba.com/roster,https://www.wnba.com/player/1643449/charlisse-leger-walker,https://cdn.wnba.com/headshots/wnba/latest/260x190/1643449.png,approved_marker_present_manual_source_recheck_required,manual_source_recheck_required,approve_for_review_only_renderer_use|hold_identity|revise_asset|revise_source_metadata,operator_fill_required,operator_fill_required,operator_fill_required,operator_fill_required,,,,,,,review_only_renderer_athlete_photo_trust_manual_intake,false,false,false,false,false,false
connecticut_sun_diamond_miller,Diamond Miller,connecticut_sun,Connecticut Sun,assets/leagues/wnba/athletes/connecticut_sun_diamond_miller/headshot.png,assets/leagues/wnba/athletes/connecticut_sun_diamond_miller/headshot.png.approved,1641649,https://sun.wnba.com/roster,https://www.wnba.com/player/1641649/diamond-miller,https://cdn.wnba.com/headshots/wnba/latest/260x190/1641649.png,approved_marker_present_manual_source_recheck_required,manual_source_recheck_required,approve_for_review_only_renderer_use|hold_identity|revise_asset|revise_source_metadata,operator_fill_required,operator_fill_required,operator_fill_required,operator_fill_required,,,,,,,review_only_renderer_athlete_photo_trust_manual_intake,false,false,false,false,false,false
connecticut_sun_gianna_kneepkens,Gianna Kneepkens,connecticut_sun,Connecticut Sun,assets/leagues/wnba/athletes/connecticut_sun_gianna_kneepkens/headshot.png,assets/leagues/wnba/athletes/connecticut_sun_gianna_kneepkens/headshot.png.approved,1643429,https://sun.wnba.com/roster,https://www.wnba.com/player/1643429/gianna-kneepkens,https://cdn.wnba.com/headshots/wnba/latest/260x190/1643429.png,approved_marker_present_manual_source_recheck_required,manual_source_recheck_required,approve_for_review_only_renderer_use|hold_identity|revise_asset|revise_source_metadata,operator_fill_required,operator_fill_required,operator_fill_required,operator_fill_required,,,,,,,review_only_renderer_athlete_photo_trust_manual_intake,false,false,false,false,false,false
connecticut_sun_hailey_van_lith,Hailey Van Lith,connecticut_sun,Connecticut Sun,assets/leagues/wnba/athletes/connecticut_sun_hailey_van_lith/headshot.png,assets/leagues/wnba/athletes/connecticut_sun_hailey_van_lith/headshot.png.approved,1642817,https://sun.wnba.com/roster,https://www.wnba.com/player/1642817/hailey-van-lith,https://cdn.wnba.com/headshots/wnba/latest/260x190/1642817.png,approved_marker_present_manual_source_recheck_required,manual_source_recheck_required,approve_for_review_only_renderer_use|hold_identity|revise_asset|revise_source_metadata,operator_fill_required,operator_fill_required,operator_fill_required,operator_fill_required,,,,,,,review_only_renderer_athlete_photo_trust_manual_intake,false,false,false,false,false,false
connecticut_sun_kennedy_burke,Kennedy Burke,connecticut_sun,Connecticut Sun,assets/leagues/wnba/athletes/connecticut_sun_kennedy_burke/headshot.png,assets/leagues/wnba/athletes/connecticut_sun_kennedy_burke/headshot.png.approved,1629568,https://sun.wnba.com/roster,https://www.wnba.com/player/1629568/kennedy-burke,https://cdn.wnba.com/headshots/wnba/latest/260x190/1629568.png,approved_marker_present_manual_source_recheck_required,manual_source_recheck_required,approve_for_review_only_renderer_use|hold_identity|revise_asset|revise_source_metadata,operator_fill_required,operator_fill_required,operator_fill_required,operator_fill_required,,,,,,,review_only_renderer_athlete_photo_trust_manual_intake,false,false,false,false,false,false
connecticut_sun_leila_lacan,Leila Lacan,connecticut_sun,Connecticut Sun,assets/leagues/wnba/athletes/connecticut_sun_leila_lacan/headshot.png,assets/leagues/wnba/athletes/connecticut_sun_leila_lacan/headshot.png.approved,1642303,https://sun.wnba.com/roster,https://www.wnba.com/player/1642303/leila-lacan,https://cdn.wnba.com/headshots/wnba/latest/260x190/1642303.png,approved_marker_present_manual_source_recheck_required,manual_source_recheck_required,approve_for_review_only_renderer_use|hold_identity|revise_asset|revise_source_metadata,operator_fill_required,operator_fill_required,operator_fill_required,operator_fill_required,,,,,,,review_only_renderer_athlete_photo_trust_manual_intake,false,false,false,false,false,false
connecticut_sun_nell_angloma,Nell Angloma,connecticut_sun,Connecticut Sun,assets/leagues/wnba/athletes/connecticut_sun_nell_angloma/headshot.png,assets/leagues/wnba/athletes/connecticut_sun_nell_angloma/headshot.png.approved,1643448,https://sun.wnba.com/roster,https://www.wnba.com/player/1643448/nell-angloma,https://cdn.wnba.com/headshots/wnba/latest/260x190/1643448.png,approved_marker_present_manual_source_recheck_required,manual_source_recheck_required,approve_for_review_only_renderer_use|hold_identity|revise_asset|revise_source_metadata,operator_fill_required,operator_fill_required,operator_fill_required,operator_fill_required,,,,,,,review_only_renderer_athlete_photo_trust_manual_intake,false,false,false,false,false,false
connecticut_sun_olivia_nelson_ododa,Olivia Nelson-Ododa,connecticut_sun,Connecticut Sun,assets/leagues/wnba/athletes/connecticut_sun_olivia_nelson_ododa/headshot.png,assets/leagues/wnba/athletes/connecticut_sun_olivia_nelson_ododa/headshot.png.approved,1631135,https://sun.wnba.com/roster,https://www.wnba.com/player/1631135/olivia-nelson-ododa,https://cdn.wnba.com/headshots/wnba/latest/260x190/1631135.png,approved_marker_present_manual_source_recheck_required,manual_source_recheck_required,approve_for_review_only_renderer_use|hold_identity|revise_asset|revise_source_metadata,operator_fill_required,operator_fill_required,operator_fill_required,operator_fill_required,,,,,,,review_only_renderer_athlete_photo_trust_manual_intake,false,false,false,false,false,false
connecticut_sun_raegan_beers,Raegan Beers,connecticut_sun,Connecticut Sun,assets/leagues/wnba/athletes/connecticut_sun_raegan_beers/headshot.png,assets/leagues/wnba/athletes/connecticut_sun_raegan_beers/headshot.png.approved,1643441,https://sun.wnba.com/roster,https://www.wnba.com/player/1643441/raegan-beers,https://cdn.wnba.com/headshots/wnba/latest/260x190/1643441.png,approved_marker_present_manual_source_recheck_required,manual_source_recheck_required,approve_for_review_only_renderer_use|hold_identity|revise_asset|revise_source_metadata,operator_fill_required,operator_fill_required,operator_fill_required,operator_fill_required,,,,,,,review_only_renderer_athlete_photo_trust_manual_intake,false,false,false,false,false,false
connecticut_sun_saniya_rivers,Saniya Rivers,connecticut_sun,Connecticut Sun,assets/leagues/wnba/athletes/connecticut_sun_saniya_rivers/headshot.png,assets/leagues/wnba/athletes/connecticut_sun_saniya_rivers/headshot.png.approved,1642809,https://sun.wnba.com/roster,https://www.wnba.com/player/1642809/saniya-rivers,https://cdn.wnba.com/headshots/wnba/latest/260x190/1642809.png,approved_marker_present_manual_source_recheck_required,manual_source_recheck_required,approve_for_review_only_renderer_use|hold_identity|revise_asset|revise_source_metadata,operator_fill_required,operator_fill_required,operator_fill_required,operator_fill_required,,,,,,,review_only_renderer_athlete_photo_trust_manual_intake,false,false,false,false,false,false
dallas_wings_alanna_smith,Alanna Smith,dallas_wings,Dallas Wings,assets/leagues/wnba/athletes/dallas_wings_alanna_smith/headshot.png,assets/leagues/wnba/athletes/dallas_wings_alanna_smith/headshot.png.approved,1629501,https://wings.wnba.com/roster,https://www.wnba.com/player/1629501/alanna-smith,https://cdn.wnba.com/headshots/wnba/latest/260x190/1629501.png,approved_marker_present_manual_source_recheck_required,manual_source_recheck_required,approve_for_review_only_renderer_use|hold_identity|revise_asset|revise_source_metadata,operator_fill_required,operator_fill_required,operator_fill_required,operator_fill_required,,,,,,,review_only_renderer_athlete_photo_trust_manual_intake,false,false,false,false,false,false
dallas_wings_alysha_clark,Alysha Clark,dallas_wings,Dallas Wings,assets/leagues/wnba/athletes/dallas_wings_alysha_clark/headshot.png,assets/leagues/wnba/athletes/dallas_wings_alysha_clark/headshot.png.approved,202252,https://wings.wnba.com/roster,https://www.wnba.com/player/202252/alysha-clark,https://cdn.wnba.com/headshots/wnba/latest/260x190/202252.png,approved_marker_present_manual_source_recheck_required,manual_source_recheck_required,approve_for_review_only_renderer_use|hold_identity|revise_asset|revise_source_metadata,operator_fill_required,operator_fill_required,operator_fill_required,operator_fill_required,,,,,,,review_only_renderer_athlete_photo_trust_manual_intake,false,false,false,false,false,false
dallas_wings_arike_ogunbowale,Arike Ogunbowale,dallas_wings,Dallas Wings,assets/leagues/wnba/athletes/dallas_wings_arike_ogunbowale/headshot.png,assets/leagues/wnba/athletes/dallas_wings_arike_ogunbowale/headshot.png.approved,1629481,https://wings.wnba.com/roster,https://www.wnba.com/player/1629481/arike-ogunbowale,https://cdn.wnba.com/headshots/wnba/latest/260x190/1629481.png,approved_marker_present_manual_source_recheck_required,manual_source_recheck_required,approve_for_review_only_renderer_use|hold_identity|revise_asset|revise_source_metadata,operator_fill_required,operator_fill_required,operator_fill_required,operator_fill_required,,,,,,,review_only_renderer_athlete_photo_trust_manual_intake,false,false,false,false,false,false
dallas_wings_awak_kuier,Awak Kuier,dallas_wings,Dallas Wings,assets/leagues/wnba/athletes/dallas_wings_awak_kuier/headshot.png,assets/leagues/wnba/athletes/dallas_wings_awak_kuier/headshot.png.approved,1630386,https://wings.wnba.com/roster,https://www.wnba.com/player/1630386/awak-kuier,https://cdn.wnba.com/headshots/wnba/latest/260x190/1630386.png,approved_marker_present_manual_source_recheck_required,manual_source_recheck_required,approve_for_review_only_renderer_use|hold_identity|revise_asset|revise_source_metadata,operator_fill_required,operator_fill_required,operator_fill_required,operator_fill_required,,,,,,,review_only_renderer_athlete_photo_trust_manual_intake,false,false,false,false,false,false
dallas_wings_aziaha_james,Aziaha James,dallas_wings,Dallas Wings,assets/leagues/wnba/athletes/dallas_wings_aziaha_james/headshot.png,assets/leagues/wnba/athletes/dallas_wings_aziaha_james/headshot.png.approved,1642793,https://wings.wnba.com/roster,https://www.wnba.com/player/1642793/aziaha-james,https://cdn.wnba.com/headshots/wnba/latest/260x190/1642793.png,approved_marker_present_manual_source_recheck_required,manual_source_recheck_required,approve_for_review_only_renderer_use|hold_identity|revise_asset|revise_source_metadata,operator_fill_required,operator_fill_required,operator_fill_required,operator_fill_required,,,,,,,review_only_renderer_athlete_photo_trust_manual_intake,false,false,false,false,false,false
dallas_wings_azzi_fudd,Azzi Fudd,dallas_wings,Dallas Wings,assets/leagues/wnba/athletes/dallas_wings_azzi_fudd/headshot.png,assets/leagues/wnba/athletes/dallas_wings_azzi_fudd/headshot.png.approved,1643425,https://wings.wnba.com/roster,https://www.wnba.com/player/1643425/azzi-fudd,https://cdn.wnba.com/headshots/wnba/latest/260x190/1643425.png,approved_marker_present_manual_source_recheck_required,manual_source_recheck_required,approve_for_review_only_renderer_use|hold_identity|revise_asset|revise_source_metadata,operator_fill_required,operator_fill_required,operator_fill_required,operator_fill_required,,,,,,,review_only_renderer_athlete_photo_trust_manual_intake,false,false,false,false,false,false
dallas_wings_costanza_verona,Costanza Verona,dallas_wings,Dallas Wings,assets/leagues/wnba/athletes/dallas_wings_costanza_verona/headshot.png,assets/leagues/wnba/athletes/dallas_wings_costanza_verona/headshot.png.approved,1643424,https://wings.wnba.com/roster,https://www.wnba.com/player/1643424/costanza-verona,https://cdn.wnba.com/headshots/wnba/latest/260x190/1643424.png,approved_marker_present_manual_source_recheck_required,manual_source_recheck_required,approve_for_review_only_renderer_use|hold_identity|revise_asset|revise_source_metadata,operator_fill_required,operator_fill_required,operator_fill_required,operator_fill_required,,,,,,,review_only_renderer_athlete_photo_trust_manual_intake,false,false,false,false,false,false
dallas_wings_jessica_shepard,Jessica Shepard,dallas_wings,Dallas Wings,assets/leagues/wnba/athletes/dallas_wings_jessica_shepard/headshot.png,assets/leagues/wnba/athletes/dallas_wings_jessica_shepard/headshot.png.approved,1629491,https://wings.wnba.com/roster,https://www.wnba.com/player/1629491/jessica-shepard,https://cdn.wnba.com/headshots/wnba/latest/260x190/1629491.png,approved_marker_present_manual_source_recheck_required,manual_source_recheck_required,approve_for_review_only_renderer_use|hold_identity|revise_asset|revise_source_metadata,operator_fill_required,operator_fill_required,operator_fill_required,operator_fill_required,,,,,,,review_only_renderer_athlete_photo_trust_manual_intake,false,false,false,false,false,false
dallas_wings_li_yueru,Li Yueru,dallas_wings,Dallas Wings,assets/leagues/wnba/athletes/dallas_wings_li_yueru/headshot.png,assets/leagues/wnba/athletes/dallas_wings_li_yueru/headshot.png.approved,1629574,https://wings.wnba.com/roster,https://www.wnba.com/player/1629574/li-yueru,https://cdn.wnba.com/headshots/wnba/latest/260x190/1629574.png,approved_marker_present_manual_source_recheck_required,manual_source_recheck_required,approve_for_review_only_renderer_use|hold_identity|revise_asset|revise_source_metadata,operator_fill_required,operator_fill_required,operator_fill_required,operator_fill_required,,,,,,,review_only_renderer_athlete_photo_trust_manual_intake,false,false,false,false,false,false
dallas_wings_maddy_siegrist,Maddy Siegrist,dallas_wings,Dallas Wings,assets/leagues/wnba/athletes/dallas_wings_maddy_siegrist/headshot.png,assets/leagues/wnba/athletes/dallas_wings_maddy_siegrist/headshot.png.approved,1641652,https://wings.wnba.com/roster,https://www.wnba.com/player/1641652/maddy-siegrist,https://cdn.wnba.com/headshots/wnba/latest/260x190/1641652.png,approved_marker_present_manual_source_recheck_required,manual_source_recheck_required,approve_for_review_only_renderer_use|hold_identity|revise_asset|revise_source_metadata,operator_fill_required,operator_fill_required,operator_fill_required,operator_fill_required,,,,,,,review_only_renderer_athlete_photo_trust_manual_intake,false,false,false,false,false,false
dallas_wings_odyssey_sims,Odyssey Sims,dallas_wings,Dallas Wings,assets/leagues/wnba/athletes/dallas_wings_odyssey_sims/headshot.png,assets/leagues/wnba/athletes/dallas_wings_odyssey_sims/headshot.png.approved,203824,https://wings.wnba.com/roster,https://www.wnba.com/player/203824/odyssey-sims,https://cdn.wnba.com/headshots/wnba/latest/260x190/203824.png,approved_marker_present_manual_source_recheck_required,manual_source_recheck_required,approve_for_review_only_renderer_use|hold_identity|revise_asset|revise_source_metadata,operator_fill_required,operator_fill_required,operator_fill_required,operator_fill_required,,,,,,,review_only_renderer_athlete_photo_trust_manual_intake,false,false,false,false,false,false
dallas_wings_paige_bueckers,Paige Bueckers,dallas_wings,Dallas Wings,assets/leagues/wnba/athletes/dallas_wings_paige_bueckers/headshot.png,assets/leagues/wnba/athletes/dallas_wings_paige_bueckers/headshot.png.approved,1642784,https://wings.wnba.com/roster,https://www.wnba.com/player/1642784/paige-bueckers,https://cdn.wnba.com/headshots/wnba/latest/260x190/1642784.png,approved_marker_present_manual_source_recheck_required,manual_source_recheck_required,approve_for_review_only_renderer_use|hold_identity|revise_asset|revise_source_metadata,operator_fill_required,operator_fill_required,operator_fill_required,operator_fill_required,,,,,,,review_only_renderer_athlete_photo_trust_manual_intake,false,false,false,false,false,false
dallas_wings_sug_sutton,Sug Sutton,dallas_wings,Dallas Wings,assets/leagues/wnba/athletes/dallas_wings_sug_sutton/headshot.png,assets/leagues/wnba/athletes/dallas_wings_sug_sutton/headshot.png.approved,1630134,https://wings.wnba.com/roster,https://www.wnba.com/player/1630134/sug-sutton,https://cdn.wnba.com/headshots/wnba/latest/260x190/1630134.png,approved_marker_present_manual_source_recheck_required,manual_source_recheck_required,approve_for_review_only_renderer_use|hold_identity|revise_asset|revise_source_metadata,operator_fill_required,operator_fill_required,operator_fill_required,operator_fill_required,,,,,,,review_only_renderer_athlete_photo_trust_manual_intake,false,false,false,false,false,false
golden_state_valkyries_ashten_prechtel,Ashten Prechtel,golden_state_valkyries,Golden State Valkyries,assets/leagues/wnba/athletes/golden_state_valkyries_ashten_prechtel/headshot.png,assets/leagues/wnba/athletes/golden_state_valkyries_ashten_prechtel/headshot.png.approved,1641695,https://valkyries.wnba.com/roster,https://www.wnba.com/player/1641695/ashten-prechtel,https://cdn.wnba.com/headshots/wnba/latest/260x190/1641695.png,approved_marker_present_manual_source_recheck_required,manual_source_recheck_required,approve_for_review_only_renderer_use|hold_identity|revise_asset|revise_source_metadata,operator_fill_required,operator_fill_required,operator_fill_required,operator_fill_required,,,,,,,review_only_renderer_athlete_photo_trust_manual_intake,false,false,false,false,false,false
golden_state_valkyries_cecilia_zandalasini,Cecilia Zandalasini,golden_state_valkyries,Golden State Valkyries,assets/leagues/wnba/athletes/golden_state_valkyries_cecilia_zandalasini/headshot.png,assets/leagues/wnba/athletes/golden_state_valkyries_cecilia_zandalasini/headshot.png.approved,1628508,https://valkyries.wnba.com/roster,https://www.wnba.com/player/1628508/cecilia-zandalasini,https://cdn.wnba.com/headshots/wnba/latest/260x190/1628508.png,approved_marker_present_manual_source_recheck_required,manual_source_recheck_required,approve_for_review_only_renderer_use|hold_identity|revise_asset|revise_source_metadata,operator_fill_required,operator_fill_required,operator_fill_required,operator_fill_required,,,,,,,review_only_renderer_athlete_photo_trust_manual_intake,false,false,false,false,false,false
golden_state_valkyries_gabby_williams,Gabby Williams,golden_state_valkyries,Golden State Valkyries,assets/leagues/wnba/athletes/golden_state_valkyries_gabby_williams/headshot.png,assets/leagues/wnba/athletes/golden_state_valkyries_gabby_williams/headshot.png.approved,1628931,https://valkyries.wnba.com/roster,https://www.wnba.com/player/1628931/gabby-williams,https://cdn.wnba.com/headshots/wnba/latest/260x190/1628931.png,approved_marker_present_manual_source_recheck_required,manual_source_recheck_required,approve_for_review_only_renderer_use|hold_identity|revise_asset|revise_source_metadata,operator_fill_required,operator_fill_required,operator_fill_required,operator_fill_required,,,,,,,review_only_renderer_athlete_photo_trust_manual_intake,false,false,false,false,false,false
golden_state_valkyries_iliana_rupert,Iliana Rupert,golden_state_valkyries,Golden State Valkyries,assets/leagues/wnba/athletes/golden_state_valkyries_iliana_rupert/headshot.png,assets/leagues/wnba/athletes/golden_state_valkyries_iliana_rupert/headshot.png.approved,1630387,https://valkyries.wnba.com/roster,https://www.wnba.com/player/1630387/iliana-rupert,https://cdn.wnba.com/headshots/wnba/latest/260x190/1630387.png,approved_marker_present_manual_source_recheck_required,manual_source_recheck_required,approve_for_review_only_renderer_use|hold_identity|revise_asset|revise_source_metadata,operator_fill_required,operator_fill_required,operator_fill_required,operator_fill_required,,,,,,,review_only_renderer_athlete_photo_trust_manual_intake,false,false,false,false,false,false
golden_state_valkyries_janelle_salaun,Janelle Salaun,golden_state_valkyries,Golden State Valkyries,assets/leagues/wnba/athletes/golden_state_valkyries_janelle_salaun/headshot.png,assets/leagues/wnba/athletes/golden_state_valkyries_janelle_salaun/headshot.png.approved,1642767,https://valkyries.wnba.com/roster,https://www.wnba.com/player/1642767/janelle-salaun,https://cdn.wnba.com/headshots/wnba/latest/260x190/1642767.png,approved_marker_present_manual_source_recheck_required,manual_source_recheck_required,approve_for_review_only_renderer_use|hold_identity|revise_asset|revise_source_metadata,operator_fill_required,operator_fill_required,operator_fill_required,operator_fill_required,,,,,,,review_only_renderer_athlete_photo_trust_manual_intake,false,false,false,false,false,false
golden_state_valkyries_juste_jocyte,Juste Jocyte,golden_state_valkyries,Golden State Valkyries,assets/leagues/wnba/athletes/golden_state_valkyries_juste_jocyte/headshot.png,assets/leagues/wnba/athletes/golden_state_valkyries_juste_jocyte/headshot.png.approved,1642794,https://valkyries.wnba.com/roster,https://www.wnba.com/player/1642794/juste-jocyte,https://cdn.wnba.com/headshots/wnba/latest/260x190/1642794.png,missing_asset_not_renderable,needs_human_approval,approve_for_review_only_renderer_use|hold_identity|revise_asset|revise_source_metadata,operator_fill_required,operator_fill_required,operator_fill_required,operator_fill_required,,,,,,,review_only_renderer_athlete_photo_trust_manual_intake,false,false,false,false,false,false
golden_state_valkyries_kaila_charles,Kaila Charles,golden_state_valkyries,Golden State Valkyries,assets/leagues/wnba/athletes/golden_state_valkyries_kaila_charles/headshot.png,assets/leagues/wnba/athletes/golden_state_valkyries_kaila_charles/headshot.png.approved,1630097,https://valkyries.wnba.com/roster,https://www.wnba.com/player/1630097/kaila-charles,https://cdn.wnba.com/headshots/wnba/latest/260x190/1630097.png,approved_marker_present_manual_source_recheck_required,manual_source_recheck_required,approve_for_review_only_renderer_use|hold_identity|revise_asset|revise_source_metadata,operator_fill_required,operator_fill_required,operator_fill_required,operator_fill_required,,,,,,,review_only_renderer_athlete_photo_trust_manual_intake,false,false,false,false,false,false
golden_state_valkyries_kaitlyn_chen,Kaitlyn Chen,golden_state_valkyries,Golden State Valkyries,assets/leagues/wnba/athletes/golden_state_valkyries_kaitlyn_chen/headshot.png,assets/leagues/wnba/athletes/golden_state_valkyries_kaitlyn_chen/headshot.png.approved,1642822,https://valkyries.wnba.com/roster,https://www.wnba.com/player/1642822/kaitlyn-chen,https://cdn.wnba.com/headshots/wnba/latest/260x190/1642822.png,approved_marker_present_manual_source_recheck_required,manual_source_recheck_required,approve_for_review_only_renderer_use|hold_identity|revise_asset|revise_source_metadata,operator_fill_required,operator_fill_required,operator_fill_required,operator_fill_required,,,,,,,review_only_renderer_athlete_photo_trust_manual_intake,false,false,false,false,false,false
golden_state_valkyries_kayla_thornton,Kayla Thornton,golden_state_valkyries,Golden State Valkyries,assets/leagues/wnba/athletes/golden_state_valkyries_kayla_thornton/headshot.png,assets/leagues/wnba/athletes/golden_state_valkyries_kayla_thornton/headshot.png.approved,203866,https://valkyries.wnba.com/roster,https://www.wnba.com/player/203866/kayla-thornton,https://cdn.wnba.com/headshots/wnba/latest/260x190/203866.png,approved_marker_present_manual_source_recheck_required,manual_source_recheck_required,approve_for_review_only_renderer_use|hold_identity|revise_asset|revise_source_metadata,operator_fill_required,operator_fill_required,operator_fill_required,operator_fill_required,,,,,,,review_only_renderer_athlete_photo_trust_manual_intake,false,false,false,false,false,false
golden_state_valkyries_kiah_stokes,Kiah Stokes,golden_state_valkyries,Golden State Valkyries,assets/leagues/wnba/athletes/golden_state_valkyries_kiah_stokes/headshot.png,assets/leagues/wnba/athletes/golden_state_valkyries_kiah_stokes/headshot.png.approved,204329,https://valkyries.wnba.com/roster,https://www.wnba.com/player/204329/kiah-stokes,https://cdn.wnba.com/headshots/wnba/latest/260x190/204329.png,approved_marker_present_manual_source_recheck_required,manual_source_recheck_required,approve_for_review_only_renderer_use|hold_identity|revise_asset|revise_source_metadata,operator_fill_required,operator_fill_required,operator_fill_required,operator_fill_required,,,,,,,review_only_renderer_athlete_photo_trust_manual_intake,false,false,false,false,false,false
golden_state_valkyries_laeticia_amihere,Laeticia Amihere,golden_state_valkyries,Golden State Valkyries,assets/leagues/wnba/athletes/golden_state_valkyries_laeticia_amihere/headshot.png,assets/leagues/wnba/athletes/golden_state_valkyries_laeticia_amihere/headshot.png.approved,1641656,https://valkyries.wnba.com/roster,https://www.wnba.com/player/1641656/laeticia-amihere,https://cdn.wnba.com/headshots/wnba/latest/260x190/1641656.png,approved_marker_present_manual_source_recheck_required,manual_source_recheck_required,approve_for_review_only_renderer_use|hold_identity|revise_asset|revise_source_metadata,operator_fill_required,operator_fill_required,operator_fill_required,operator_fill_required,,,,,,,review_only_renderer_athlete_photo_trust_manual_intake,false,false,false,false,false,false
golden_state_valkyries_miela_sowah,Miela Sowah,golden_state_valkyries,Golden State Valkyries,assets/leagues/wnba/athletes/golden_state_valkyries_miela_sowah/headshot.png,assets/leagues/wnba/athletes/golden_state_valkyries_miela_sowah/headshot.png.approved,1631039,https://valkyries.wnba.com/roster,https://www.wnba.com/player/1631039/miela-sowah,https://cdn.wnba.com/headshots/wnba/latest/260x190/1631039.png,approved_marker_present_manual_source_recheck_required,manual_source_recheck_required,approve_for_review_only_renderer_use|hold_identity|revise_asset|revise_source_metadata,operator_fill_required,operator_fill_required,operator_fill_required,operator_fill_required,,,,,,,review_only_renderer_athlete_photo_trust_manual_intake,false,false,false,false,false,false
golden_state_valkyries_nadia_fingall,Nadia Fingall,golden_state_valkyries,Golden State Valkyries,assets/leagues/wnba/athletes/golden_state_valkyries_nadia_fingall/headshot.png,assets/leagues/wnba/athletes/golden_state_valkyries_nadia_fingall/headshot.png.approved,1643686,https://valkyries.wnba.com/roster,https://www.wnba.com/player/1643686/nadia-fingall,https://cdn.wnba.com/headshots/wnba/latest/260x190/1643686.png,missing_asset_not_renderable,needs_human_approval,approve_for_review_only_renderer_use|hold_identity|revise_asset|revise_source_metadata,operator_fill_required,operator_fill_required,operator_fill_required,operator_fill_required,,,,,,,review_only_renderer_athlete_photo_trust_manual_intake,false,false,false,false,false,false
golden_state_valkyries_tiffany_hayes,Tiffany Hayes,golden_state_valkyries,Golden State Valkyries,assets/leagues/wnba/athletes/golden_state_valkyries_tiffany_hayes/headshot.png,assets/leagues/wnba/athletes/golden_state_valkyries_tiffany_hayes/headshot.png.approved,203026,https://valkyries.wnba.com/roster,https://www.wnba.com/player/203026/tiffany-hayes,https://cdn.wnba.com/headshots/wnba/latest/260x190/203026.png,approved_marker_present_manual_source_recheck_required,manual_source_recheck_required,approve_for_review_only_renderer_use|hold_identity|revise_asset|revise_source_metadata,operator_fill_required,operator_fill_required,operator_fill_required,operator_fill_required,,,,,,,review_only_renderer_athlete_photo_trust_manual_intake,false,false,false,false,false,false
golden_state_valkyries_veronica_burton,Veronica Burton,golden_state_valkyries,Golden State Valkyries,assets/leagues/wnba/athletes/golden_state_valkyries_veronica_burton/headshot.png,assets/leagues/wnba/athletes/golden_state_valkyries_veronica_burton/headshot.png.approved,1631007,https://valkyries.wnba.com/roster,https://www.wnba.com/player/1631007/veronica-burton,https://cdn.wnba.com/headshots/wnba/latest/260x190/1631007.png,approved_marker_present_manual_source_recheck_required,manual_source_recheck_required,approve_for_review_only_renderer_use|hold_identity|revise_asset|revise_source_metadata,operator_fill_required,operator_fill_required,operator_fill_required,operator_fill_required,,,,,,,review_only_renderer_athlete_photo_trust_manual_intake,false,false,false,false,false,false
indiana_fever_aliyah_boston,Aliyah Boston,indiana_fever,Indiana Fever,assets/leagues/wnba/athletes/indiana_fever_aliyah_boston/headshot.png,assets/leagues/wnba/athletes/indiana_fever_aliyah_boston/headshot.png.approved,1641648,https://fever.wnba.com/roster,https://www.wnba.com/player/1641648/aliyah-boston,https://cdn.wnba.com/headshots/wnba/latest/260x190/1641648.png,approved_marker_present_manual_source_recheck_required,manual_source_recheck_required,approve_for_review_only_renderer_use|hold_identity|revise_asset|revise_source_metadata,operator_fill_required,operator_fill_required,operator_fill_required,operator_fill_required,,,,,,,review_only_renderer_athlete_photo_trust_manual_intake,false,false,false,false,false,false
indiana_fever_bree_hall,Bree Hall,indiana_fever,Indiana Fever,assets/leagues/wnba/athletes/indiana_fever_bree_hall/headshot.png,assets/leagues/wnba/athletes/indiana_fever_bree_hall/headshot.png.approved,1642788,https://fever.wnba.com/roster,https://www.wnba.com/player/1642788/bree-hall,https://cdn.wnba.com/headshots/wnba/latest/260x190/1642788.png,approved_marker_present_manual_source_recheck_required,manual_source_recheck_required,approve_for_review_only_renderer_use|hold_identity|revise_asset|revise_source_metadata,operator_fill_required,operator_fill_required,operator_fill_required,operator_fill_required,,,,,,,review_only_renderer_athlete_photo_trust_manual_intake,false,false,false,false,false,false
indiana_fever_caitlin_clark,Caitlin Clark,indiana_fever,Indiana Fever,assets/leagues/wnba/athletes/indiana_fever_caitlin_clark/headshot.png,assets/leagues/wnba/athletes/indiana_fever_caitlin_clark/headshot.png.approved,1642286,https://fever.wnba.com/roster,https://www.wnba.com/player/1642286/caitlin-clark,https://cdn.wnba.com/headshots/wnba/latest/260x190/1642286.png,approved_marker_present_manual_source_recheck_required,manual_source_recheck_required,approve_for_review_only_renderer_use|hold_identity|revise_asset|revise_source_metadata,operator_fill_required,operator_fill_required,operator_fill_required,operator_fill_required,,,,,,,review_only_renderer_athlete_photo_trust_manual_intake,false,false,false,false,false,false
indiana_fever_damiris_dantas,Damiris Dantas,indiana_fever,Indiana Fever,assets/leagues/wnba/athletes/indiana_fever_damiris_dantas/headshot.png,assets/leagues/wnba/athletes/indiana_fever_damiris_dantas/headshot.png.approved,203024,https://fever.wnba.com/roster,https://www.wnba.com/player/203024/damiris-dantas,https://cdn.wnba.com/headshots/wnba/latest/260x190/203024.png,approved_marker_present_manual_source_recheck_required,manual_source_recheck_required,approve_for_review_only_renderer_use|hold_identity|revise_asset|revise_source_metadata,operator_fill_required,operator_fill_required,operator_fill_required,operator_fill_required,,,,,,,review_only_renderer_athlete_photo_trust_manual_intake,false,false,false,false,false,false
indiana_fever_grace_vanslooten,Grace VanSlooten,indiana_fever,Indiana Fever,assets/leagues/wnba/athletes/indiana_fever_grace_vanslooten/headshot.png,assets/leagues/wnba/athletes/indiana_fever_grace_vanslooten/headshot.png.approved,1643453,https://fever.wnba.com/roster,https://www.wnba.com/player/1643453/grace-vanslooten,https://cdn.wnba.com/headshots/wnba/latest/260x190/1643453.png,approved_marker_present_manual_source_recheck_required,manual_source_recheck_required,approve_for_review_only_renderer_use|hold_identity|revise_asset|revise_source_metadata,operator_fill_required,operator_fill_required,operator_fill_required,operator_fill_required,,,,,,,review_only_renderer_athlete_photo_trust_manual_intake,false,false,false,false,false,false
indiana_fever_justine_pissott,Justine Pissott,indiana_fever,Indiana Fever,assets/leagues/wnba/athletes/indiana_fever_justine_pissott/headshot.png,assets/leagues/wnba/athletes/indiana_fever_justine_pissott/headshot.png.approved,1643495,https://fever.wnba.com/roster,https://www.wnba.com/player/1643495/justine-pissott,https://cdn.wnba.com/headshots/wnba/latest/260x190/1643495.png,approved_marker_present_manual_source_recheck_required,manual_source_recheck_required,approve_for_review_only_renderer_use|hold_identity|revise_asset|revise_source_metadata,operator_fill_required,operator_fill_required,operator_fill_required,operator_fill_required,,,,,,,review_only_renderer_athlete_photo_trust_manual_intake,false,false,false,false,false,false
indiana_fever_kelsey_mitchell,Kelsey Mitchell,indiana_fever,Indiana Fever,assets/leagues/wnba/athletes/indiana_fever_kelsey_mitchell/headshot.png,assets/leagues/wnba/athletes/indiana_fever_kelsey_mitchell/headshot.png.approved,1628909,https://fever.wnba.com/roster,https://www.wnba.com/player/1628909/kelsey-mitchell,https://cdn.wnba.com/headshots/wnba/latest/260x190/1628909.png,approved_marker_present_manual_source_recheck_required,manual_source_recheck_required,approve_for_review_only_renderer_use|hold_identity|revise_asset|revise_source_metadata,operator_fill_required,operator_fill_required,operator_fill_required,operator_fill_required,,,,,,,review_only_renderer_athlete_photo_trust_manual_intake,false,false,false,false,false,false
indiana_fever_lexie_hull,Lexie Hull,indiana_fever,Indiana Fever,assets/leagues/wnba/athletes/indiana_fever_lexie_hull/headshot.png,assets/leagues/wnba/athletes/indiana_fever_lexie_hull/headshot.png.approved,1631086,https://fever.wnba.com/roster,https://www.wnba.com/player/1631086/lexie-hull,https://cdn.wnba.com/headshots/wnba/latest/260x190/1631086.png,approved_marker_present_manual_source_recheck_required,manual_source_recheck_required,approve_for_review_only_renderer_use|hold_identity|revise_asset|revise_source_metadata,operator_fill_required,operator_fill_required,operator_fill_required,operator_fill_required,,,,,,,review_only_renderer_athlete_photo_trust_manual_intake,false,false,false,false,false,false
indiana_fever_makayla_timpson,Makayla Timpson,indiana_fever,Indiana Fever,assets/leagues/wnba/athletes/indiana_fever_makayla_timpson/headshot.png,assets/leagues/wnba/athletes/indiana_fever_makayla_timpson/headshot.png.approved,1642815,https://fever.wnba.com/roster,https://www.wnba.com/player/1642815/makayla-timpson,https://cdn.wnba.com/headshots/wnba/latest/260x190/1642815.png,approved_marker_present_manual_source_recheck_required,manual_source_recheck_required,approve_for_review_only_renderer_use|hold_identity|revise_asset|revise_source_metadata,operator_fill_required,operator_fill_required,operator_fill_required,operator_fill_required,,,,,,,review_only_renderer_athlete_photo_trust_manual_intake,false,false,false,false,false,false
indiana_fever_monique_billings,Monique Billings,indiana_fever,Indiana Fever,assets/leagues/wnba/athletes/indiana_fever_monique_billings/headshot.png,assets/leagues/wnba/athletes/indiana_fever_monique_billings/headshot.png.approved,1628881,https://fever.wnba.com/roster,https://www.wnba.com/player/1628881/monique-billings,https://cdn.wnba.com/headshots/wnba/latest/260x190/1628881.png,approved_marker_present_manual_source_recheck_required,manual_source_recheck_required,approve_for_review_only_renderer_use|hold_identity|revise_asset|revise_source_metadata,operator_fill_required,operator_fill_required,operator_fill_required,operator_fill_required,,,,,,,review_only_renderer_athlete_photo_trust_manual_intake,false,false,false,false,false,false
indiana_fever_myisha_hines_allen,Myisha Hines-Allen,indiana_fever,Indiana Fever,assets/leagues/wnba/athletes/indiana_fever_myisha_hines_allen/headshot.png,assets/leagues/wnba/athletes/indiana_fever_myisha_hines_allen/headshot.png.approved,1628899,https://fever.wnba.com/roster,https://www.wnba.com/player/1628899/myisha-hines-allen,https://cdn.wnba.com/headshots/wnba/latest/260x190/1628899.png,approved_marker_present_manual_source_recheck_required,manual_source_recheck_required,approve_for_review_only_renderer_use|hold_identity|revise_asset|revise_source_metadata,operator_fill_required,operator_fill_required,operator_fill_required,operator_fill_required,,,,,,,review_only_renderer_athlete_photo_trust_manual_intake,false,false,false,false,false,false
indiana_fever_raven_johnson,Raven Johnson,indiana_fever,Indiana Fever,assets/leagues/wnba/athletes/indiana_fever_raven_johnson/headshot.png,assets/leagues/wnba/athletes/indiana_fever_raven_johnson/headshot.png.approved,1643433,https://fever.wnba.com/roster,https://www.wnba.com/player/1643433/raven-johnson,https://cdn.wnba.com/headshots/wnba/latest/260x190/1643433.png,approved_marker_present_manual_source_recheck_required,manual_source_recheck_required,approve_for_review_only_renderer_use|hold_identity|revise_asset|revise_source_metadata,operator_fill_required,operator_fill_required,operator_fill_required,operator_fill_required,,,,,,,review_only_renderer_athlete_photo_trust_manual_intake,false,false,false,false,false,false
indiana_fever_sophie_cunningham,Sophie Cunningham,indiana_fever,Indiana Fever,assets/leagues/wnba/athletes/indiana_fever_sophie_cunningham/headshot.png,assets/leagues/wnba/athletes/indiana_fever_sophie_cunningham/headshot.png.approved,1629482,https://fever.wnba.com/roster,https://www.wnba.com/player/1629482/sophie-cunningham,https://cdn.wnba.com/headshots/wnba/latest/260x190/1629482.png,approved_marker_present_manual_source_recheck_required,manual_source_recheck_required,approve_for_review_only_renderer_use|hold_identity|revise_asset|revise_source_metadata,operator_fill_required,operator_fill_required,operator_fill_required,operator_fill_required,,,,,,,review_only_renderer_athlete_photo_trust_manual_intake,false,false,false,false,false,false
indiana_fever_tyasha_harris,Tyasha Harris,indiana_fever,Indiana Fever,assets/leagues/wnba/athletes/indiana_fever_tyasha_harris/headshot.png,assets/leagues/wnba/athletes/indiana_fever_tyasha_harris/headshot.png.approved,1630112,https://fever.wnba.com/roster,https://www.wnba.com/player/1630112/tyasha-harris,https://cdn.wnba.com/headshots/wnba/latest/260x190/1630112.png,approved_marker_present_manual_source_recheck_required,manual_source_recheck_required,approve_for_review_only_renderer_use|hold_identity|revise_asset|revise_source_metadata,operator_fill_required,operator_fill_required,operator_fill_required,operator_fill_required,,,,,,,review_only_renderer_athlete_photo_trust_manual_intake,false,false,false,false,false,false
las_vegas_aces_a_ja_wilson,A'ja Wilson,las_vegas_aces,Las Vegas Aces,assets/leagues/wnba/athletes/las_vegas_aces_a_ja_wilson/headshot.png,assets/leagues/wnba/athletes/las_vegas_aces_a_ja_wilson/headshot.png.approved,1628932,https://aces.wnba.com/roster,https://www.wnba.com/player/1628932/a-ja-wilson,https://cdn.wnba.com/headshots/wnba/latest/260x190/1628932.png,approved_marker_present_manual_source_recheck_required,manual_source_recheck_required,approve_for_review_only_renderer_use|hold_identity|revise_asset|revise_source_metadata,operator_fill_required,operator_fill_required,operator_fill_required,operator_fill_required,,,,,,,review_only_renderer_athlete_photo_trust_manual_intake,false,false,false,false,false,false
las_vegas_aces_brianna_turner,Brianna Turner,las_vegas_aces,Las Vegas Aces,assets/leagues/wnba/athletes/las_vegas_aces_brianna_turner/headshot.png,assets/leagues/wnba/athletes/las_vegas_aces_brianna_turner/headshot.png.approved,1629488,https://aces.wnba.com/roster,https://www.wnba.com/player/1629488/brianna-turner,https://cdn.wnba.com/headshots/wnba/latest/260x190/1629488.png,approved_marker_present_manual_source_recheck_required,manual_source_recheck_required,approve_for_review_only_renderer_use|hold_identity|revise_asset|revise_source_metadata,operator_fill_required,operator_fill_required,operator_fill_required,operator_fill_required,,,,,,,review_only_renderer_athlete_photo_trust_manual_intake,false,false,false,false,false,false
las_vegas_aces_chelsea_gray,Chelsea Gray,las_vegas_aces,Las Vegas Aces,assets/leagues/wnba/athletes/las_vegas_aces_chelsea_gray/headshot.png,assets/leagues/wnba/athletes/las_vegas_aces_chelsea_gray/headshot.png.approved,203833,https://aces.wnba.com/roster,https://www.wnba.com/player/203833/chelsea-gray,https://cdn.wnba.com/headshots/wnba/latest/260x190/203833.png,approved_marker_present_manual_source_recheck_required,manual_source_recheck_required,approve_for_review_only_renderer_use|hold_identity|revise_asset|revise_source_metadata,operator_fill_required,operator_fill_required,operator_fill_required,operator_fill_required,,,,,,,review_only_renderer_athlete_photo_trust_manual_intake,false,false,false,false,false,false
las_vegas_aces_chennedy_carter,Chennedy Carter,las_vegas_aces,Las Vegas Aces,assets/leagues/wnba/athletes/las_vegas_aces_chennedy_carter/headshot.png,assets/leagues/wnba/athletes/las_vegas_aces_chennedy_carter/headshot.png.approved,1630150,https://aces.wnba.com/roster,https://www.wnba.com/player/1630150/chennedy-carter,https://cdn.wnba.com/headshots/wnba/latest/260x190/1630150.png,approved_marker_present_manual_source_recheck_required,manual_source_recheck_required,approve_for_review_only_renderer_use|hold_identity|revise_asset|revise_source_metadata,operator_fill_required,operator_fill_required,operator_fill_required,operator_fill_required,,,,,,,review_only_renderer_athlete_photo_trust_manual_intake,false,false,false,false,false,false
las_vegas_aces_cheyenne_parker_tyus,Cheyenne Parker-Tyus,las_vegas_aces,Las Vegas Aces,assets/leagues/wnba/athletes/las_vegas_aces_cheyenne_parker_tyus/headshot.png,assets/leagues/wnba/athletes/las_vegas_aces_cheyenne_parker_tyus/headshot.png.approved,204323,https://aces.wnba.com/roster,https://www.wnba.com/player/204323/cheyenne-parker-tyus,https://cdn.wnba.com/headshots/wnba/latest/260x190/204323.png,approved_marker_present_manual_source_recheck_required,manual_source_recheck_required,approve_for_review_only_renderer_use|hold_identity|revise_asset|revise_source_metadata,operator_fill_required,operator_fill_required,operator_fill_required,operator_fill_required,,,,,,,review_only_renderer_athlete_photo_trust_manual_intake,false,false,false,false,false,false
las_vegas_aces_dana_evans,Dana Evans,las_vegas_aces,Las Vegas Aces,assets/leagues/wnba/athletes/las_vegas_aces_dana_evans/headshot.png,assets/leagues/wnba/athletes/las_vegas_aces_dana_evans/headshot.png.approved,1630389,https://aces.wnba.com/roster,https://www.wnba.com/player/1630389/dana-evans,https://cdn.wnba.com/headshots/wnba/latest/260x190/1630389.png,approved_marker_present_manual_source_recheck_required,manual_source_recheck_required,approve_for_review_only_renderer_use|hold_identity|revise_asset|revise_source_metadata,operator_fill_required,operator_fill_required,operator_fill_required,operator_fill_required,,,,,,,review_only_renderer_athlete_photo_trust_manual_intake,false,false,false,false,false,false
las_vegas_aces_jackie_young,Jackie Young,las_vegas_aces,Las Vegas Aces,assets/leagues/wnba/athletes/las_vegas_aces_jackie_young/headshot.png,assets/leagues/wnba/athletes/las_vegas_aces_jackie_young/headshot.png.approved,1629498,https://aces.wnba.com/roster,https://www.wnba.com/player/1629498/jackie-young,https://cdn.wnba.com/headshots/wnba/latest/260x190/1629498.png,approved_marker_present_manual_source_recheck_required,manual_source_recheck_required,approve_for_review_only_renderer_use|hold_identity|revise_asset|revise_source_metadata,operator_fill_required,operator_fill_required,operator_fill_required,operator_fill_required,,,,,,,review_only_renderer_athlete_photo_trust_manual_intake,false,false,false,false,false,false
las_vegas_aces_janiah_barker,Janiah Barker,las_vegas_aces,Las Vegas Aces,assets/leagues/wnba/athletes/las_vegas_aces_janiah_barker/headshot.png,assets/leagues/wnba/athletes/las_vegas_aces_janiah_barker/headshot.png.approved,1643434,https://aces.wnba.com/roster,https://www.wnba.com/player/1643434/janiah-barker,https://cdn.wnba.com/headshots/wnba/latest/260x190/1643434.png,approved_marker_present_manual_source_recheck_required,manual_source_recheck_required,approve_for_review_only_renderer_use|hold_identity|revise_asset|revise_source_metadata,operator_fill_required,operator_fill_required,operator_fill_required,operator_fill_required,,,,,,,review_only_renderer_athlete_photo_trust_manual_intake,false,false,false,false,false,false
las_vegas_aces_jewell_loyd,Jewell Loyd,las_vegas_aces,Las Vegas Aces,assets/leagues/wnba/athletes/las_vegas_aces_jewell_loyd/headshot.png,assets/leagues/wnba/athletes/las_vegas_aces_jewell_loyd/headshot.png.approved,204319,https://aces.wnba.com/roster,https://www.wnba.com/player/204319/jewell-loyd,https://cdn.wnba.com/headshots/wnba/latest/260x190/204319.png,approved_marker_present_manual_source_recheck_required,manual_source_recheck_required,approve_for_review_only_renderer_use|hold_identity|revise_asset|revise_source_metadata,operator_fill_required,operator_fill_required,operator_fill_required,operator_fill_required,,,,,,,review_only_renderer_athlete_photo_trust_manual_intake,false,false,false,false,false,false
las_vegas_aces_kierstan_bell,Kierstan Bell,las_vegas_aces,Las Vegas Aces,assets/leagues/wnba/athletes/las_vegas_aces_kierstan_bell/headshot.png,assets/leagues/wnba/athletes/las_vegas_aces_kierstan_bell/headshot.png.approved,1631006,https://aces.wnba.com/roster,https://www.wnba.com/player/1631006/kierstan-bell,https://cdn.wnba.com/headshots/wnba/latest/260x190/1631006.png,approved_marker_present_manual_source_recheck_required,manual_source_recheck_required,approve_for_review_only_renderer_use|hold_identity|revise_asset|revise_source_metadata,operator_fill_required,operator_fill_required,operator_fill_required,operator_fill_required,,,,,,,review_only_renderer_athlete_photo_trust_manual_intake,false,false,false,false,false,false
las_vegas_aces_nalyssa_smith,NaLyssa Smith,las_vegas_aces,Las Vegas Aces,assets/leagues/wnba/athletes/las_vegas_aces_nalyssa_smith/headshot.png,assets/leagues/wnba/athletes/las_vegas_aces_nalyssa_smith/headshot.png.approved,1631019,https://aces.wnba.com/roster,https://www.wnba.com/player/1631019/nalyssa-smith,https://cdn.wnba.com/headshots/wnba/latest/260x190/1631019.png,approved_marker_present_manual_source_recheck_required,manual_source_recheck_required,approve_for_review_only_renderer_use|hold_identity|revise_asset|revise_source_metadata,operator_fill_required,operator_fill_required,operator_fill_required,operator_fill_required,,,,,,,review_only_renderer_athlete_photo_trust_manual_intake,false,false,false,false,false,false
las_vegas_aces_stephanie_talbot,Stephanie Talbot,las_vegas_aces,Las Vegas Aces,assets/leagues/wnba/athletes/las_vegas_aces_stephanie_talbot/headshot.png,assets/leagues/wnba/athletes/las_vegas_aces_stephanie_talbot/headshot.png.approved,203855,https://aces.wnba.com/roster,https://www.wnba.com/player/203855/stephanie-talbot,https://cdn.wnba.com/headshots/wnba/latest/260x190/203855.png,approved_marker_present_manual_source_recheck_required,manual_source_recheck_required,approve_for_review_only_renderer_use|hold_identity|revise_asset|revise_source_metadata,operator_fill_required,operator_fill_required,operator_fill_required,operator_fill_required,,,,,,,review_only_renderer_athlete_photo_trust_manual_intake,false,false,false,false,false,false
los_angeles_sparks_ariel_atkins,Ariel Atkins,los_angeles_sparks,Los Angeles Sparks,assets/leagues/wnba/athletes/los_angeles_sparks_ariel_atkins/headshot.png,assets/leagues/wnba/athletes/los_angeles_sparks_ariel_atkins/headshot.png.approved,1628878,https://sparks.wnba.com/roster,https://www.wnba.com/player/1628878/ariel-atkins,https://cdn.wnba.com/headshots/wnba/latest/260x190/1628878.png,approved_marker_present_manual_source_recheck_required,manual_source_recheck_required,approve_for_review_only_renderer_use|hold_identity|revise_asset|revise_source_metadata,operator_fill_required,operator_fill_required,operator_fill_required,operator_fill_required,,,,,,,review_only_renderer_athlete_photo_trust_manual_intake,false,false,false,false,false,false
los_angeles_sparks_cameron_brink,Cameron Brink,los_angeles_sparks,Los Angeles Sparks,assets/leagues/wnba/athletes/los_angeles_sparks_cameron_brink/headshot.png,assets/leagues/wnba/athletes/los_angeles_sparks_cameron_brink/headshot.png.approved,1642287,https://sparks.wnba.com/roster,https://www.wnba.com/player/1642287/cameron-brink,https://cdn.wnba.com/headshots/wnba/latest/260x190/1642287.png,approved_marker_present_manual_source_recheck_required,manual_source_recheck_required,approve_for_review_only_renderer_use|hold_identity|revise_asset|revise_source_metadata,operator_fill_required,operator_fill_required,operator_fill_required,operator_fill_required,,,,,,,review_only_renderer_athlete_photo_trust_manual_intake,false,false,false,false,false,false
los_angeles_sparks_chance_gray,Chance Gray,los_angeles_sparks,Los Angeles Sparks,assets/leagues/wnba/athletes/los_angeles_sparks_chance_gray/headshot.png,assets/leagues/wnba/athletes/los_angeles_sparks_chance_gray/headshot.png.approved,1643462,https://sparks.wnba.com/roster,https://www.wnba.com/player/1643462/chance-gray,https://cdn.wnba.com/headshots/wnba/latest/260x190/1643462.png,approved_marker_present_manual_source_recheck_required,manual_source_recheck_required,approve_for_review_only_renderer_use|hold_identity|revise_asset|revise_source_metadata,operator_fill_required,operator_fill_required,operator_fill_required,operator_fill_required,,,,,,,review_only_renderer_athlete_photo_trust_manual_intake,false,false,false,false,false,false
los_angeles_sparks_dearica_hamby,Dearica Hamby,los_angeles_sparks,Los Angeles Sparks,assets/leagues/wnba/athletes/los_angeles_sparks_dearica_hamby/headshot.png,assets/leagues/wnba/athletes/los_angeles_sparks_dearica_hamby/headshot.png.approved,204324,https://sparks.wnba.com/roster,https://www.wnba.com/player/204324/dearica-hamby,https://cdn.wnba.com/headshots/wnba/latest/260x190/204324.png,approved_marker_present_manual_source_recheck_required,manual_source_recheck_required,approve_for_review_only_renderer_use|hold_identity|revise_asset|revise_source_metadata,operator_fill_required,operator_fill_required,operator_fill_required,operator_fill_required,,,,,,,review_only_renderer_athlete_photo_trust_manual_intake,false,false,false,false,false,false
los_angeles_sparks_emma_cannon,Emma Cannon,los_angeles_sparks,Los Angeles Sparks,assets/leagues/wnba/athletes/los_angeles_sparks_emma_cannon/headshot.png,assets/leagues/wnba/athletes/los_angeles_sparks_emma_cannon/headshot.png.approved,1628242,https://sparks.wnba.com/roster,https://www.wnba.com/player/1628242/emma-cannon,https://cdn.wnba.com/headshots/wnba/latest/260x190/1628242.png,approved_marker_present_manual_source_recheck_required,manual_source_recheck_required,approve_for_review_only_renderer_use|hold_identity|revise_asset|revise_source_metadata,operator_fill_required,operator_fill_required,operator_fill_required,operator_fill_required,,,,,,,review_only_renderer_athlete_photo_trust_manual_intake,false,false,false,false,false,false
los_angeles_sparks_erica_wheeler,Erica Wheeler,los_angeles_sparks,Los Angeles Sparks,assets/leagues/wnba/athletes/los_angeles_sparks_erica_wheeler/headshot.png,assets/leagues/wnba/athletes/los_angeles_sparks_erica_wheeler/headshot.png.approved,204365,https://sparks.wnba.com/roster,https://www.wnba.com/player/204365/erica-wheeler,https://cdn.wnba.com/headshots/wnba/latest/260x190/204365.png,approved_marker_present_manual_source_recheck_required,manual_source_recheck_required,approve_for_review_only_renderer_use|hold_identity|revise_asset|revise_source_metadata,operator_fill_required,operator_fill_required,operator_fill_required,operator_fill_required,,,,,,,review_only_renderer_athlete_photo_trust_manual_intake,false,false,false,false,false,false
los_angeles_sparks_jihyun_park,Jihyun Park,los_angeles_sparks,Los Angeles Sparks,assets/leagues/wnba/athletes/los_angeles_sparks_jihyun_park/headshot.png,assets/leagues/wnba/athletes/los_angeles_sparks_jihyun_park/headshot.png.approved,1630148,https://sparks.wnba.com/roster,https://www.wnba.com/player/1630148/jihyun-park,https://cdn.wnba.com/headshots/wnba/latest/260x190/1630148.png,approved_marker_present_manual_source_recheck_required,manual_source_recheck_required,approve_for_review_only_renderer_use|hold_identity|revise_asset|revise_source_metadata,operator_fill_required,operator_fill_required,operator_fill_required,operator_fill_required,,,,,,,review_only_renderer_athlete_photo_trust_manual_intake,false,false,false,false,false,false
los_angeles_sparks_kate_martin,Kate Martin,los_angeles_sparks,Los Angeles Sparks,assets/leagues/wnba/athletes/los_angeles_sparks_kate_martin/headshot.png,assets/leagues/wnba/athletes/los_angeles_sparks_kate_martin/headshot.png.approved,1642324,https://sparks.wnba.com/roster,https://www.wnba.com/player/1642324/kate-martin,https://cdn.wnba.com/headshots/wnba/latest/260x190/1642324.png,approved_marker_present_manual_source_recheck_required,manual_source_recheck_required,approve_for_review_only_renderer_use|hold_identity|revise_asset|revise_source_metadata,operator_fill_required,operator_fill_required,operator_fill_required,operator_fill_required,,,,,,,review_only_renderer_athlete_photo_trust_manual_intake,false,false,false,false,false,false
los_angeles_sparks_kelsey_plum,Kelsey Plum,los_angeles_sparks,Los Angeles Sparks,assets/leagues/wnba/athletes/los_angeles_sparks_kelsey_plum/headshot.png,assets/leagues/wnba/athletes/los_angeles_sparks_kelsey_plum/headshot.png.approved,1628276,https://sparks.wnba.com/roster,https://www.wnba.com/player/1628276/kelsey-plum,https://cdn.wnba.com/headshots/wnba/latest/260x190/1628276.png,approved_marker_present_manual_source_recheck_required,manual_source_recheck_required,approve_for_review_only_renderer_use|hold_identity|revise_asset|revise_source_metadata,operator_fill_required,operator_fill_required,operator_fill_required,operator_fill_required,,,,,,,review_only_renderer_athlete_photo_trust_manual_intake,false,false,false,false,false,false
los_angeles_sparks_laura_ziegler,Laura Ziegler,los_angeles_sparks,Los Angeles Sparks,assets/leagues/wnba/athletes/los_angeles_sparks_laura_ziegler/headshot.png,assets/leagues/wnba/athletes/los_angeles_sparks_laura_ziegler/headshot.png.approved,1643461,https://sparks.wnba.com/roster,https://www.wnba.com/player/1643461/laura-ziegler,https://cdn.wnba.com/headshots/wnba/latest/260x190/1643461.png,approved_marker_present_manual_source_recheck_required,manual_source_recheck_required,approve_for_review_only_renderer_use|hold_identity|revise_asset|revise_source_metadata,operator_fill_required,operator_fill_required,operator_fill_required,operator_fill_required,,,,,,,review_only_renderer_athlete_photo_trust_manual_intake,false,false,false,false,false,false
los_angeles_sparks_nneka_ogwumike,Nneka Ogwumike,los_angeles_sparks,Los Angeles Sparks,assets/leagues/wnba/athletes/los_angeles_sparks_nneka_ogwumike/headshot.png,assets/leagues/wnba/athletes/los_angeles_sparks_nneka_ogwumike/headshot.png.approved,203014,https://sparks.wnba.com/roster,https://www.wnba.com/player/203014/nneka-ogwumike,https://cdn.wnba.com/headshots/wnba/latest/260x190/203014.png,approved_marker_present_manual_source_recheck_required,manual_source_recheck_required,approve_for_review_only_renderer_use|hold_identity|revise_asset|revise_source_metadata,operator_fill_required,operator_fill_required,operator_fill_required,operator_fill_required,,,,,,,review_only_renderer_athlete_photo_trust_manual_intake,false,false,false,false,false,false
los_angeles_sparks_rae_burrell,Rae Burrell,los_angeles_sparks,Los Angeles Sparks,assets/leagues/wnba/athletes/los_angeles_sparks_rae_burrell/headshot.png,assets/leagues/wnba/athletes/los_angeles_sparks_rae_burrell/headshot.png.approved,1630996,https://sparks.wnba.com/roster,https://www.wnba.com/player/1630996/rae-burrell,https://cdn.wnba.com/headshots/wnba/latest/260x190/1630996.png,approved_marker_present_manual_source_recheck_required,manual_source_recheck_required,approve_for_review_only_renderer_use|hold_identity|revise_asset|revise_source_metadata,operator_fill_required,operator_fill_required,operator_fill_required,operator_fill_required,,,,,,,review_only_renderer_athlete_photo_trust_manual_intake,false,false,false,false,false,false
los_angeles_sparks_sania_feagin,Sania Feagin,los_angeles_sparks,Los Angeles Sparks,assets/leagues/wnba/athletes/los_angeles_sparks_sania_feagin/headshot.png,assets/leagues/wnba/athletes/los_angeles_sparks_sania_feagin/headshot.png.approved,1642790,https://sparks.wnba.com/roster,https://www.wnba.com/player/1642790/sania-feagin,https://cdn.wnba.com/headshots/wnba/latest/260x190/1642790.png,approved_marker_present_manual_source_recheck_required,manual_source_recheck_required,approve_for_review_only_renderer_use|hold_identity|revise_asset|revise_source_metadata,operator_fill_required,operator_fill_required,operator_fill_required,operator_fill_required,,,,,,,review_only_renderer_athlete_photo_trust_manual_intake,false,false,false,false,false,false
los_angeles_sparks_ta_niya_latson,Ta'Niya Latson,los_angeles_sparks,Los Angeles Sparks,assets/leagues/wnba/athletes/los_angeles_sparks_ta_niya_latson/headshot.png,assets/leagues/wnba/athletes/los_angeles_sparks_ta_niya_latson/headshot.png.approved,1643444,https://sparks.wnba.com/roster,https://www.wnba.com/player/1643444/ta-niya-latson,https://cdn.wnba.com/headshots/wnba/latest/260x190/1643444.png,approved_marker_present_manual_source_recheck_required,manual_source_recheck_required,approve_for_review_only_renderer_use|hold_identity|revise_asset|revise_source_metadata,operator_fill_required,operator_fill_required,operator_fill_required,operator_fill_required,,,,,,,review_only_renderer_athlete_photo_trust_manual_intake,false,false,false,false,false,false
minnesota_lynx_anastasiia_olairi_kosu,Anastasiia Olairi Kosu,minnesota_lynx,Minnesota Lynx,assets/leagues/wnba/athletes/minnesota_lynx_anastasiia_olairi_kosu/headshot.png,assets/leagues/wnba/athletes/minnesota_lynx_anastasiia_olairi_kosu/headshot.png.approved,1642797,https://lynx.wnba.com/roster,https://www.wnba.com/player/1642797/anastasiia-olairi-kosu,https://cdn.wnba.com/headshots/wnba/latest/260x190/1642797.png,approved_marker_present_manual_source_recheck_required,manual_source_recheck_required,approve_for_review_only_renderer_use|hold_identity|revise_asset|revise_source_metadata,operator_fill_required,operator_fill_required,operator_fill_required,operator_fill_required,,,,,,,review_only_renderer_athlete_photo_trust_manual_intake,false,false,false,false,false,false
minnesota_lynx_antonia_delaere,Antonia Delaere,minnesota_lynx,Minnesota Lynx,assets/leagues/wnba/athletes/minnesota_lynx_antonia_delaere/headshot.png,assets/leagues/wnba/athletes/minnesota_lynx_antonia_delaere/headshot.png.approved,1643489,https://lynx.wnba.com/roster,https://www.wnba.com/player/1643489/antonia-delaere,https://cdn.wnba.com/headshots/wnba/latest/260x190/1643489.png,approved_marker_present_manual_source_recheck_required,manual_source_recheck_required,approve_for_review_only_renderer_use|hold_identity|revise_asset|revise_source_metadata,operator_fill_required,operator_fill_required,operator_fill_required,operator_fill_required,,,,,,,review_only_renderer_athlete_photo_trust_manual_intake,false,false,false,false,false,false
minnesota_lynx_courtney_williams,Courtney Williams,minnesota_lynx,Minnesota Lynx,assets/leagues/wnba/athletes/minnesota_lynx_courtney_williams/headshot.png,assets/leagues/wnba/athletes/minnesota_lynx_courtney_williams/headshot.png.approved,1627675,https://lynx.wnba.com/roster,https://www.wnba.com/player/1627675/courtney-williams,https://cdn.wnba.com/headshots/wnba/latest/260x190/1627675.png,approved_marker_present_manual_source_recheck_required,manual_source_recheck_required,approve_for_review_only_renderer_use|hold_identity|revise_asset|revise_source_metadata,operator_fill_required,operator_fill_required,operator_fill_required,operator_fill_required,,,,,,,review_only_renderer_athlete_photo_trust_manual_intake,false,false,false,false,false,false
minnesota_lynx_dorka_juhasz,Dorka Juhasz,minnesota_lynx,Minnesota Lynx,assets/leagues/wnba/athletes/minnesota_lynx_dorka_juhasz/headshot.png,assets/leagues/wnba/athletes/minnesota_lynx_dorka_juhasz/headshot.png.approved,1641657,https://lynx.wnba.com/roster,https://www.wnba.com/player/1641657/dorka-juhasz,https://cdn.wnba.com/headshots/wnba/latest/260x190/1641657.png,approved_marker_present_manual_source_recheck_required,manual_source_recheck_required,approve_for_review_only_renderer_use|hold_identity|revise_asset|revise_source_metadata,operator_fill_required,operator_fill_required,operator_fill_required,operator_fill_required,,,,,,,review_only_renderer_athlete_photo_trust_manual_intake,false,false,false,false,false,false
minnesota_lynx_eliska_hamzova,Eliska Hamzova,minnesota_lynx,Minnesota Lynx,assets/leagues/wnba/athletes/minnesota_lynx_eliska_hamzova/headshot.png,assets/leagues/wnba/athletes/minnesota_lynx_eliska_hamzova/headshot.png.approved,1643490,https://lynx.wnba.com/roster,https://www.wnba.com/player/1643490/eliska-hamzova,https://cdn.wnba.com/headshots/wnba/latest/260x190/1643490.png,approved_marker_present_manual_source_recheck_required,manual_source_recheck_required,approve_for_review_only_renderer_use|hold_identity|revise_asset|revise_source_metadata,operator_fill_required,operator_fill_required,operator_fill_required,operator_fill_required,,,,,,,review_only_renderer_athlete_photo_trust_manual_intake,false,false,false,false,false,false
minnesota_lynx_emma_cechova,Emma Cechova,minnesota_lynx,Minnesota Lynx,assets/leagues/wnba/athletes/minnesota_lynx_emma_cechova/headshot.png,assets/leagues/wnba/athletes/minnesota_lynx_emma_cechova/headshot.png.approved,1643488,https://lynx.wnba.com/roster,https://www.wnba.com/player/1643488/emma-cechova,https://cdn.wnba.com/headshots/wnba/latest/260x190/1643488.png,approved_marker_present_manual_source_recheck_required,manual_source_recheck_required,approve_for_review_only_renderer_use|hold_identity|revise_asset|revise_source_metadata,operator_fill_required,operator_fill_required,operator_fill_required,operator_fill_required,,,,,,,review_only_renderer_athlete_photo_trust_manual_intake,false,false,false,false,false,false
minnesota_lynx_kayla_mcbride,Kayla McBride,minnesota_lynx,Minnesota Lynx,assets/leagues/wnba/athletes/minnesota_lynx_kayla_mcbride/headshot.png,assets/leagues/wnba/athletes/minnesota_lynx_kayla_mcbride/headshot.png.approved,203825,https://lynx.wnba.com/roster,https://www.wnba.com/player/203825/kayla-mcbride,https://cdn.wnba.com/headshots/wnba/latest/260x190/203825.png,approved_marker_present_manual_source_recheck_required,manual_source_recheck_required,approve_for_review_only_renderer_use|hold_identity|revise_asset|revise_source_metadata,operator_fill_required,operator_fill_required,operator_fill_required,operator_fill_required,,,,,,,review_only_renderer_athlete_photo_trust_manual_intake,false,false,false,false,false,false
minnesota_lynx_liatu_king,Liatu King,minnesota_lynx,Minnesota Lynx,assets/leagues/wnba/athletes/minnesota_lynx_liatu_king/headshot.png,assets/leagues/wnba/athletes/minnesota_lynx_liatu_king/headshot.png.approved,1642820,https://lynx.wnba.com/roster,https://www.wnba.com/player/1642820/liatu-king,https://cdn.wnba.com/headshots/wnba/latest/260x190/1642820.png,approved_marker_present_manual_source_recheck_required,manual_source_recheck_required,approve_for_review_only_renderer_use|hold_identity|revise_asset|revise_source_metadata,operator_fill_required,operator_fill_required,operator_fill_required,operator_fill_required,,,,,,,review_only_renderer_athlete_photo_trust_manual_intake,false,false,false,false,false,false
minnesota_lynx_maya_caldwell,Maya Caldwell,minnesota_lynx,Minnesota Lynx,assets/leagues/wnba/athletes/minnesota_lynx_maya_caldwell/headshot.png,assets/leagues/wnba/athletes/minnesota_lynx_maya_caldwell/headshot.png.approved,1630471,https://lynx.wnba.com/roster,https://www.wnba.com/player/1630471/maya-caldwell,https://cdn.wnba.com/headshots/wnba/latest/260x190/1630471.png,approved_marker_present_manual_source_recheck_required,manual_source_recheck_required,approve_for_review_only_renderer_use|hold_identity|revise_asset|revise_source_metadata,operator_fill_required,operator_fill_required,operator_fill_required,operator_fill_required,,,,,,,review_only_renderer_athlete_photo_trust_manual_intake,false,false,false,false,false,false
minnesota_lynx_napheesa_collier,Napheesa Collier,minnesota_lynx,Minnesota Lynx,assets/leagues/wnba/athletes/minnesota_lynx_napheesa_collier/headshot.png,assets/leagues/wnba/athletes/minnesota_lynx_napheesa_collier/headshot.png.approved,1629483,https://lynx.wnba.com/roster,https://www.wnba.com/player/1629483/napheesa-collier,https://cdn.wnba.com/headshots/wnba/latest/260x190/1629483.png,approved_marker_present_manual_source_recheck_required,manual_source_recheck_required,approve_for_review_only_renderer_use|hold_identity|revise_asset|revise_source_metadata,operator_fill_required,operator_fill_required,operator_fill_required,operator_fill_required,,,,,,,review_only_renderer_athlete_photo_trust_manual_intake,false,false,false,false,false,false
minnesota_lynx_natasha_howard,Natasha Howard,minnesota_lynx,Minnesota Lynx,assets/leagues/wnba/athletes/minnesota_lynx_natasha_howard/headshot.png,assets/leagues/wnba/athletes/minnesota_lynx_natasha_howard/headshot.png.approved,203827,https://lynx.wnba.com/roster,https://www.wnba.com/player/203827/natasha-howard,https://cdn.wnba.com/headshots/wnba/latest/260x190/203827.png,approved_marker_present_manual_source_recheck_required,manual_source_recheck_required,approve_for_review_only_renderer_use|hold_identity|revise_asset|revise_source_metadata,operator_fill_required,operator_fill_required,operator_fill_required,operator_fill_required,,,,,,,review_only_renderer_athlete_photo_trust_manual_intake,false,false,false,false,false,false
minnesota_lynx_nia_coffey,Nia Coffey,minnesota_lynx,Minnesota Lynx,assets/leagues/wnba/athletes/minnesota_lynx_nia_coffey/headshot.png,assets/leagues/wnba/athletes/minnesota_lynx_nia_coffey/headshot.png.approved,1628269,https://lynx.wnba.com/roster,https://www.wnba.com/player/1628269/nia-coffey,https://cdn.wnba.com/headshots/wnba/latest/260x190/1628269.png,approved_marker_present_manual_source_recheck_required,manual_source_recheck_required,approve_for_review_only_renderer_use|hold_identity|revise_asset|revise_source_metadata,operator_fill_required,operator_fill_required,operator_fill_required,operator_fill_required,,,,,,,review_only_renderer_athlete_photo_trust_manual_intake,false,false,false,false,false,false
minnesota_lynx_olivia_miles,Olivia Miles,minnesota_lynx,Minnesota Lynx,assets/leagues/wnba/athletes/minnesota_lynx_olivia_miles/headshot.png,assets/leagues/wnba/athletes/minnesota_lynx_olivia_miles/headshot.png.approved,1643426,https://lynx.wnba.com/roster,https://www.wnba.com/player/1643426/olivia-miles,https://cdn.wnba.com/headshots/wnba/latest/260x190/1643426.png,approved_marker_present_manual_source_recheck_required,manual_source_recheck_required,approve_for_review_only_renderer_use|hold_identity|revise_asset|revise_source_metadata,operator_fill_required,operator_fill_required,operator_fill_required,operator_fill_required,,,,,,,review_only_renderer_athlete_photo_trust_manual_intake,false,false,false,false,false,false
minnesota_lynx_teaira_mccowan,Teaira McCowan,minnesota_lynx,Minnesota Lynx,assets/leagues/wnba/athletes/minnesota_lynx_teaira_mccowan/headshot.png,assets/leagues/wnba/athletes/minnesota_lynx_teaira_mccowan/headshot.png.approved,1629479,https://lynx.wnba.com/roster,https://www.wnba.com/player/1629479/teaira-mccowan,https://cdn.wnba.com/headshots/wnba/latest/260x190/1629479.png,approved_marker_present_manual_source_recheck_required,manual_source_recheck_required,approve_for_review_only_renderer_use|hold_identity|revise_asset|revise_source_metadata,operator_fill_required,operator_fill_required,operator_fill_required,operator_fill_required,,,,,,,review_only_renderer_athlete_photo_trust_manual_intake,false,false,false,false,false,false
new_york_liberty_anneli_maley,Anneli Maley,new_york_liberty,New York Liberty,assets/leagues/wnba/athletes/new_york_liberty_anneli_maley/headshot.png,assets/leagues/wnba/athletes/new_york_liberty_anneli_maley/headshot.png.approved,1629546,https://liberty.wnba.com/roster,https://www.wnba.com/player/1629546/anneli-maley,https://cdn.wnba.com/headshots/wnba/latest/260x190/1629546.png,approved_marker_present_manual_source_recheck_required,manual_source_recheck_required,approve_for_review_only_renderer_use|hold_identity|revise_asset|revise_source_metadata,operator_fill_required,operator_fill_required,operator_fill_required,operator_fill_required,,,,,,,review_only_renderer_athlete_photo_trust_manual_intake,false,false,false,false,false,false
new_york_liberty_betnijah_laney_hamilton,Betnijah Laney-Hamilton,new_york_liberty,New York Liberty,assets/leagues/wnba/athletes/new_york_liberty_betnijah_laney_hamilton/headshot.png,assets/leagues/wnba/athletes/new_york_liberty_betnijah_laney_hamilton/headshot.png.approved,1627673,https://liberty.wnba.com/roster,https://www.wnba.com/player/1627673/betnijah-laney-hamilton,https://cdn.wnba.com/headshots/wnba/latest/260x190/1627673.png,approved_marker_present_manual_source_recheck_required,manual_source_recheck_required,approve_for_review_only_renderer_use|hold_identity|revise_asset|revise_source_metadata,operator_fill_required,operator_fill_required,operator_fill_required,operator_fill_required,,,,,,,review_only_renderer_athlete_photo_trust_manual_intake,false,false,false,false,false,false
new_york_liberty_breanna_stewart,Breanna Stewart,new_york_liberty,New York Liberty,assets/leagues/wnba/athletes/new_york_liberty_breanna_stewart/headshot.png,assets/leagues/wnba/athletes/new_york_liberty_breanna_stewart/headshot.png.approved,1630993,https://liberty.wnba.com/roster,https://www.wnba.com/player/1630993/breanna-stewart,https://cdn.wnba.com/headshots/wnba/latest/260x190/1630993.png,approved_marker_present_manual_source_recheck_required,manual_source_recheck_required,approve_for_review_only_renderer_use|hold_identity|revise_asset|revise_source_metadata,operator_fill_required,operator_fill_required,operator_fill_required,operator_fill_required,,,,,,,review_only_renderer_athlete_photo_trust_manual_intake,false,false,false,false,false,false
new_york_liberty_han_xu,Han Xu,new_york_liberty,New York Liberty,assets/leagues/wnba/athletes/new_york_liberty_han_xu/headshot.png,assets/leagues/wnba/athletes/new_york_liberty_han_xu/headshot.png.approved,1629477,https://liberty.wnba.com/roster,https://www.wnba.com/player/1629477/han-xu,https://cdn.wnba.com/headshots/wnba/latest/260x190/1629477.png,approved_marker_present_manual_source_recheck_required,manual_source_recheck_required,approve_for_review_only_renderer_use|hold_identity|revise_asset|revise_source_metadata,operator_fill_required,operator_fill_required,operator_fill_required,operator_fill_required,,,,,,,review_only_renderer_athlete_photo_trust_manual_intake,false,false,false,false,false,false
new_york_liberty_jonquel_jones,Jonquel Jones,new_york_liberty,New York Liberty,assets/leagues/wnba/athletes/new_york_liberty_jonquel_jones/headshot.png,assets/leagues/wnba/athletes/new_york_liberty_jonquel_jones/headshot.png.approved,1627668,https://liberty.wnba.com/roster,https://www.wnba.com/player/1627668/jonquel-jones,https://cdn.wnba.com/headshots/wnba/latest/260x190/1627668.png,approved_marker_present_manual_source_recheck_required,manual_source_recheck_required,approve_for_review_only_renderer_use|hold_identity|revise_asset|revise_source_metadata,operator_fill_required,operator_fill_required,operator_fill_required,operator_fill_required,,,,,,,review_only_renderer_athlete_photo_trust_manual_intake,false,false,false,false,false,false
new_york_liberty_leonie_fiebich,Leonie Fiebich,new_york_liberty,New York Liberty,assets/leagues/wnba/athletes/new_york_liberty_leonie_fiebich/headshot.png,assets/leagues/wnba/athletes/new_york_liberty_leonie_fiebich/headshot.png.approved,204296,https://liberty.wnba.com/roster,https://www.wnba.com/player/204296/leonie-fiebich,https://cdn.wnba.com/headshots/wnba/latest/260x190/204296.png,approved_marker_present_manual_source_recheck_required,manual_source_recheck_required,approve_for_review_only_renderer_use|hold_identity|revise_asset|revise_source_metadata,operator_fill_required,operator_fill_required,operator_fill_required,operator_fill_required,,,,,,,review_only_renderer_athlete_photo_trust_manual_intake,false,false,false,false,false,false
new_york_liberty_marine_fauthoux,Marine Fauthoux,new_york_liberty,New York Liberty,assets/leagues/wnba/athletes/new_york_liberty_marine_fauthoux/headshot.png,assets/leagues/wnba/athletes/new_york_liberty_marine_fauthoux/headshot.png.approved,1630469,https://liberty.wnba.com/roster,https://www.wnba.com/player/1630469/marine-fauthoux,https://cdn.wnba.com/headshots/wnba/latest/260x190/1630469.png,approved_marker_present_manual_source_recheck_required,manual_source_recheck_required,approve_for_review_only_renderer_use|hold_identity|revise_asset|revise_source_metadata,operator_fill_required,operator_fill_required,operator_fill_required,operator_fill_required,,,,,,,review_only_renderer_athlete_photo_trust_manual_intake,false,false,false,false,false,false
new_york_liberty_marine_johannes,Marine Johannes,new_york_liberty,New York Liberty,assets/leagues/wnba/athletes/new_york_liberty_marine_johannes/headshot.png,assets/leagues/wnba/athletes/new_york_liberty_marine_johannes/headshot.png.approved,1629566,https://liberty.wnba.com/roster,https://www.wnba.com/player/1629566/marine-johannes,https://cdn.wnba.com/headshots/wnba/latest/260x190/1629566.png,approved_marker_present_manual_source_recheck_required,manual_source_recheck_required,approve_for_review_only_renderer_use|hold_identity|revise_asset|revise_source_metadata,operator_fill_required,operator_fill_required,operator_fill_required,operator_fill_required,,,,,,,review_only_renderer_athlete_photo_trust_manual_intake,false,false,false,false,false,false
new_york_liberty_pauline_astier,Pauline Astier,new_york_liberty,New York Liberty,assets/leagues/wnba/athletes/new_york_liberty_pauline_astier/headshot.png,assets/leagues/wnba/athletes/new_york_liberty_pauline_astier/headshot.png.approved,1630384,https://liberty.wnba.com/roster,https://www.wnba.com/player/1630384/pauline-astier,https://cdn.wnba.com/headshots/wnba/latest/260x190/1630384.png,approved_marker_present_manual_source_recheck_required,manual_source_recheck_required,approve_for_review_only_renderer_use|hold_identity|revise_asset|revise_source_metadata,operator_fill_required,operator_fill_required,operator_fill_required,operator_fill_required,,,,,,,review_only_renderer_athlete_photo_trust_manual_intake,false,false,false,false,false,false
new_york_liberty_raquel_carrera,Raquel Carrera,new_york_liberty,New York Liberty,assets/leagues/wnba/athletes/new_york_liberty_raquel_carrera/headshot.png,assets/leagues/wnba/athletes/new_york_liberty_raquel_carrera/headshot.png.approved,1630142,https://liberty.wnba.com/roster,https://www.wnba.com/player/1630142/raquel-carrera,https://cdn.wnba.com/headshots/wnba/latest/260x190/1630142.png,approved_marker_present_manual_source_recheck_required,manual_source_recheck_required,approve_for_review_only_renderer_use|hold_identity|revise_asset|revise_source_metadata,operator_fill_required,operator_fill_required,operator_fill_required,operator_fill_required,,,,,,,review_only_renderer_athlete_photo_trust_manual_intake,false,false,false,false,false,false
new_york_liberty_rebekah_gardner,Rebekah Gardner,new_york_liberty,New York Liberty,assets/leagues/wnba/athletes/new_york_liberty_rebekah_gardner/headshot.png,assets/leagues/wnba/athletes/new_york_liberty_rebekah_gardner/headshot.png.approved,203822,https://liberty.wnba.com/roster,https://www.wnba.com/player/203822/rebekah-gardner,https://cdn.wnba.com/headshots/wnba/latest/260x190/203822.png,approved_marker_present_manual_source_recheck_required,manual_source_recheck_required,approve_for_review_only_renderer_use|hold_identity|revise_asset|revise_source_metadata,operator_fill_required,operator_fill_required,operator_fill_required,operator_fill_required,,,,,,,review_only_renderer_athlete_photo_trust_manual_intake,false,false,false,false,false,false
new_york_liberty_sabrina_ionescu,Sabrina Ionescu,new_york_liberty,New York Liberty,assets/leagues/wnba/athletes/new_york_liberty_sabrina_ionescu/headshot.png,assets/leagues/wnba/athletes/new_york_liberty_sabrina_ionescu/headshot.png.approved,1631136,https://liberty.wnba.com/roster,https://www.wnba.com/player/1631136/sabrina-ionescu,https://cdn.wnba.com/headshots/wnba/latest/260x190/1631136.png,approved_marker_present_manual_source_recheck_required,manual_source_recheck_required,approve_for_review_only_renderer_use|hold_identity|revise_asset|revise_source_metadata,operator_fill_required,operator_fill_required,operator_fill_required,operator_fill_required,,,,,,,review_only_renderer_athlete_photo_trust_manual_intake,false,false,false,false,false,false
new_york_liberty_satou_sabally,Satou Sabally,new_york_liberty,New York Liberty,assets/leagues/wnba/athletes/new_york_liberty_satou_sabally/headshot.png,assets/leagues/wnba/athletes/new_york_liberty_satou_sabally/headshot.png.approved,1630149,https://liberty.wnba.com/roster,https://www.wnba.com/player/1630149/satou-sabally,https://cdn.wnba.com/headshots/wnba/latest/260x190/1630149.png,approved_marker_present_manual_source_recheck_required,manual_source_recheck_required,approve_for_review_only_renderer_use|hold_identity|revise_asset|revise_source_metadata,operator_fill_required,operator_fill_required,operator_fill_required,operator_fill_required,,,,,,,review_only_renderer_athlete_photo_trust_manual_intake,false,false,false,false,false,false
phoenix_mercury_alyssa_thomas,Alyssa Thomas,phoenix_mercury,Phoenix Mercury,assets/leagues/wnba/athletes/phoenix_mercury_alyssa_thomas/headshot.png,assets/leagues/wnba/athletes/phoenix_mercury_alyssa_thomas/headshot.png.approved,1630461,https://mercury.wnba.com/roster,https://www.wnba.com/player/1630461/alyssa-thomas,https://cdn.wnba.com/headshots/wnba/latest/260x190/1630461.png,approved_marker_present_manual_source_recheck_required,manual_source_recheck_required,approve_for_review_only_renderer_use|hold_identity|revise_asset|revise_source_metadata,operator_fill_required,operator_fill_required,operator_fill_required,operator_fill_required,,,,,,,review_only_renderer_athlete_photo_trust_manual_intake,false,false,false,false,false,false
phoenix_mercury_jovana_nogic,Jovana Nogic,phoenix_mercury,Phoenix Mercury,assets/leagues/wnba/athletes/phoenix_mercury_jovana_nogic/headshot.png,assets/leagues/wnba/athletes/phoenix_mercury_jovana_nogic/headshot.png.approved,201886,https://mercury.wnba.com/roster,https://www.wnba.com/player/201886/jovana-nogic,https://cdn.wnba.com/headshots/wnba/latest/260x190/201886.png,approved_marker_present_manual_source_recheck_required,manual_source_recheck_required,approve_for_review_only_renderer_use|hold_identity|revise_asset|revise_source_metadata,operator_fill_required,operator_fill_required,operator_fill_required,operator_fill_required,,,,,,,review_only_renderer_athlete_photo_trust_manual_intake,false,false,false,false,false,false
phoenix_mercury_kahleah_copper,Kahleah Copper,phoenix_mercury,Phoenix Mercury,assets/leagues/wnba/athletes/phoenix_mercury_kahleah_copper/headshot.png,assets/leagues/wnba/athletes/phoenix_mercury_kahleah_copper/headshot.png.approved,1643493,https://mercury.wnba.com/roster,https://www.wnba.com/player/1643493/kahleah-copper,https://cdn.wnba.com/headshots/wnba/latest/260x190/1643493.png,approved_marker_present_manual_source_recheck_required,manual_source_recheck_required,approve_for_review_only_renderer_use|hold_identity|revise_asset|revise_source_metadata,operator_fill_required,operator_fill_required,operator_fill_required,operator_fill_required,,,,,,,review_only_renderer_athlete_photo_trust_manual_intake,false,false,false,false,false,false
phoenix_mercury_kiana_williams,Kiana Williams,phoenix_mercury,Phoenix Mercury,assets/leagues/wnba/athletes/phoenix_mercury_kiana_williams/headshot.png,assets/leagues/wnba/athletes/phoenix_mercury_kiana_williams/headshot.png.approved,1643487,https://mercury.wnba.com/roster,https://www.wnba.com/player/1643487/kiana-williams,https://cdn.wnba.com/headshots/wnba/latest/260x190/1643487.png,approved_marker_present_manual_source_recheck_required,manual_source_recheck_required,approve_for_review_only_renderer_use|hold_identity|revise_asset|revise_source_metadata,operator_fill_required,operator_fill_required,operator_fill_required,operator_fill_required,,,,,,,review_only_renderer_athlete_photo_trust_manual_intake,false,false,false,false,false,false
phoenix_mercury_kyara_linskens,Kyara Linskens,phoenix_mercury,Phoenix Mercury,assets/leagues/wnba/athletes/phoenix_mercury_kyara_linskens/headshot.png,assets/leagues/wnba/athletes/phoenix_mercury_kyara_linskens/headshot.png.approved,203826,https://mercury.wnba.com/roster,https://www.wnba.com/player/203826/kyara-linskens,https://cdn.wnba.com/headshots/wnba/latest/260x190/203826.png,approved_marker_present_manual_source_recheck_required,manual_source_recheck_required,approve_for_review_only_renderer_use|hold_identity|revise_asset|revise_source_metadata,operator_fill_required,operator_fill_required,operator_fill_required,operator_fill_required,,,,,,,review_only_renderer_athlete_photo_trust_manual_intake,false,false,false,false,false,false
phoenix_mercury_lexi_held,Lexi Held,phoenix_mercury,Phoenix Mercury,assets/leagues/wnba/athletes/phoenix_mercury_lexi_held/headshot.png,assets/leagues/wnba/athletes/phoenix_mercury_lexi_held/headshot.png.approved,204468,https://mercury.wnba.com/roster,https://www.wnba.com/player/204468/lexi-held,https://cdn.wnba.com/headshots/wnba/latest/260x190/204468.png,approved_marker_present_manual_source_recheck_required,manual_source_recheck_required,approve_for_review_only_renderer_use|hold_identity|revise_asset|revise_source_metadata,operator_fill_required,operator_fill_required,operator_fill_required,operator_fill_required,,,,,,,review_only_renderer_athlete_photo_trust_manual_intake,false,false,false,false,false,false
phoenix_mercury_marta_suarez,Marta Suarez,phoenix_mercury,Phoenix Mercury,assets/leagues/wnba/athletes/phoenix_mercury_marta_suarez/headshot.png,assets/leagues/wnba/athletes/phoenix_mercury_marta_suarez/headshot.png.approved,1642768,https://mercury.wnba.com/roster,https://www.wnba.com/player/1642768/marta-suarez,https://cdn.wnba.com/headshots/wnba/latest/260x190/1642768.png,approved_marker_present_manual_source_recheck_required,manual_source_recheck_required,approve_for_review_only_renderer_use|hold_identity|revise_asset|revise_source_metadata,operator_fill_required,operator_fill_required,operator_fill_required,operator_fill_required,,,,,,,review_only_renderer_athlete_photo_trust_manual_intake,false,false,false,false,false,false
phoenix_mercury_monique_akoa_makani,Monique Akoa Makani,phoenix_mercury,Phoenix Mercury,assets/leagues/wnba/athletes/phoenix_mercury_monique_akoa_makani/headshot.png,assets/leagues/wnba/athletes/phoenix_mercury_monique_akoa_makani/headshot.png.approved,1630442,https://mercury.wnba.com/roster,https://www.wnba.com/player/1630442/monique-akoa-makani,https://cdn.wnba.com/headshots/wnba/latest/260x190/1630442.png,approved_marker_present_manual_source_recheck_required,manual_source_recheck_required,approve_for_review_only_renderer_use|hold_identity|revise_asset|revise_source_metadata,operator_fill_required,operator_fill_required,operator_fill_required,operator_fill_required,,,,,,,review_only_renderer_athlete_photo_trust_manual_intake,false,false,false,false,false,false
phoenix_mercury_natasha_mack,Natasha Mack,phoenix_mercury,Phoenix Mercury,assets/leagues/wnba/athletes/phoenix_mercury_natasha_mack/headshot.png,assets/leagues/wnba/athletes/phoenix_mercury_natasha_mack/headshot.png.approved,1627674,https://mercury.wnba.com/roster,https://www.wnba.com/player/1627674/natasha-mack,https://cdn.wnba.com/headshots/wnba/latest/260x190/1627674.png,approved_marker_present_manual_source_recheck_required,manual_source_recheck_required,approve_for_review_only_renderer_use|hold_identity|revise_asset|revise_source_metadata,operator_fill_required,operator_fill_required,operator_fill_required,operator_fill_required,,,,,,,review_only_renderer_athlete_photo_trust_manual_intake,false,false,false,false,false,false
phoenix_mercury_quionche_carter,Quionche Carter,phoenix_mercury,Phoenix Mercury,assets/leagues/wnba/athletes/phoenix_mercury_quionche_carter/headshot.png,assets/leagues/wnba/athletes/phoenix_mercury_quionche_carter/headshot.png.approved,1631118,https://mercury.wnba.com/roster,https://www.wnba.com/player/1631118/quionche-carter,https://cdn.wnba.com/headshots/wnba/latest/260x190/1631118.png,approved_marker_present_manual_source_recheck_required,manual_source_recheck_required,approve_for_review_only_renderer_use|hold_identity|revise_asset|revise_source_metadata,operator_fill_required,operator_fill_required,operator_fill_required,operator_fill_required,,,,,,,review_only_renderer_athlete_photo_trust_manual_intake,false,false,false,false,false,false
phoenix_mercury_sami_whitcomb,Sami Whitcomb,phoenix_mercury,Phoenix Mercury,assets/leagues/wnba/athletes/phoenix_mercury_sami_whitcomb/headshot.png,assets/leagues/wnba/athletes/phoenix_mercury_sami_whitcomb/headshot.png.approved,1643505,https://mercury.wnba.com/roster,https://www.wnba.com/player/1643505/sami-whitcomb,https://cdn.wnba.com/headshots/wnba/latest/260x190/1643505.png,approved_marker_present_manual_source_recheck_required,manual_source_recheck_required,approve_for_review_only_renderer_use|hold_identity|revise_asset|revise_source_metadata,operator_fill_required,operator_fill_required,operator_fill_required,operator_fill_required,,,,,,,review_only_renderer_athlete_photo_trust_manual_intake,false,false,false,false,false,false
phoenix_mercury_valeriane_ayayi,Valeriane Ayayi,phoenix_mercury,Phoenix Mercury,assets/leagues/wnba/athletes/phoenix_mercury_valeriane_ayayi/headshot.png,assets/leagues/wnba/athletes/phoenix_mercury_valeriane_ayayi/headshot.png.approved,1642777,https://mercury.wnba.com/roster,https://www.wnba.com/player/1642777/valeriane-ayayi,https://cdn.wnba.com/headshots/wnba/latest/260x190/1642777.png,approved_marker_present_manual_source_recheck_required,manual_source_recheck_required,approve_for_review_only_renderer_use|hold_identity|revise_asset|revise_source_metadata,operator_fill_required,operator_fill_required,operator_fill_required,operator_fill_required,,,,,,,review_only_renderer_athlete_photo_trust_manual_intake,false,false,false,false,false,false
portland_fire_bridget_carleton,Bridget Carleton,portland_fire,Portland Fire,assets/leagues/wnba/athletes/portland_fire_bridget_carleton/headshot.png,assets/leagues/wnba/athletes/portland_fire_bridget_carleton/headshot.png.approved,1629524,https://fire.wnba.com/roster,https://www.wnba.com/player/1629524/bridget-carleton,https://cdn.wnba.com/headshots/wnba/latest/260x190/1629524.png,approved_marker_present_manual_source_recheck_required,manual_source_recheck_required,approve_for_review_only_renderer_use|hold_identity|revise_asset|revise_source_metadata,operator_fill_required,operator_fill_required,operator_fill_required,operator_fill_required,,,,,,,review_only_renderer_athlete_photo_trust_manual_intake,false,false,false,false,false,false
portland_fire_carla_leite,Carla Leite,portland_fire,Portland Fire,assets/leagues/wnba/athletes/portland_fire_carla_leite/headshot.png,assets/leagues/wnba/athletes/portland_fire_carla_leite/headshot.png.approved,1642304,https://fire.wnba.com/roster,https://www.wnba.com/player/1642304/carla-leite,https://cdn.wnba.com/headshots/wnba/latest/260x190/1642304.png,approved_marker_present_manual_source_recheck_required,manual_source_recheck_required,approve_for_review_only_renderer_use|hold_identity|revise_asset|revise_source_metadata,operator_fill_required,operator_fill_required,operator_fill_required,operator_fill_required,,,,,,,review_only_renderer_athlete_photo_trust_manual_intake,false,false,false,false,false,false
portland_fire_emily_engstler,Emily Engstler,portland_fire,Portland Fire,assets/leagues/wnba/athletes/portland_fire_emily_engstler/headshot.png,assets/leagues/wnba/athletes/portland_fire_emily_engstler/headshot.png.approved,1631083,https://fire.wnba.com/roster,https://www.wnba.com/player/1631083/emily-engstler,https://cdn.wnba.com/headshots/wnba/latest/260x190/1631083.png,approved_marker_present_manual_source_recheck_required,manual_source_recheck_required,approve_for_review_only_renderer_use|hold_identity|revise_asset|revise_source_metadata,operator_fill_required,operator_fill_required,operator_fill_required,operator_fill_required,,,,,,,review_only_renderer_athlete_photo_trust_manual_intake,false,false,false,false,false,false
portland_fire_frieda_buhner,Frieda Buhner,portland_fire,Portland Fire,assets/leagues/wnba/athletes/portland_fire_frieda_buhner/headshot.png,assets/leagues/wnba/athletes/portland_fire_frieda_buhner/headshot.png.approved,1643494,https://fire.wnba.com/roster,https://www.wnba.com/player/1643494/frieda-buhner,https://cdn.wnba.com/headshots/wnba/latest/260x190/1643494.png,approved_marker_present_manual_source_recheck_required,manual_source_recheck_required,approve_for_review_only_renderer_use|hold_identity|revise_asset|revise_source_metadata,operator_fill_required,operator_fill_required,operator_fill_required,operator_fill_required,,,,,,,review_only_renderer_athlete_photo_trust_manual_intake,false,false,false,false,false,false
portland_fire_holly_winterburn,Holly Winterburn,portland_fire,Portland Fire,assets/leagues/wnba/athletes/portland_fire_holly_winterburn/headshot.png,assets/leagues/wnba/athletes/portland_fire_holly_winterburn/headshot.png.approved,1641683,https://fire.wnba.com/roster,https://www.wnba.com/player/1641683/holly-winterburn,https://cdn.wnba.com/headshots/wnba/latest/260x190/1641683.png,approved_marker_present_manual_source_recheck_required,manual_source_recheck_required,approve_for_review_only_renderer_use|hold_identity|revise_asset|revise_source_metadata,operator_fill_required,operator_fill_required,operator_fill_required,operator_fill_required,,,,,,,review_only_renderer_athlete_photo_trust_manual_intake,false,false,false,false,false,false
portland_fire_jordan_harrison,Jordan Harrison,portland_fire,Portland Fire,assets/leagues/wnba/athletes/portland_fire_jordan_harrison/headshot.png,assets/leagues/wnba/athletes/portland_fire_jordan_harrison/headshot.png.approved,1643527,https://fire.wnba.com/roster,https://www.wnba.com/player/1643527/jordan-harrison,https://cdn.wnba.com/headshots/wnba/latest/260x190/1643527.png,approved_marker_present_manual_source_recheck_required,manual_source_recheck_required,approve_for_review_only_renderer_use|hold_identity|revise_asset|revise_source_metadata,operator_fill_required,operator_fill_required,operator_fill_required,operator_fill_required,,,,,,,review_only_renderer_athlete_photo_trust_manual_intake,false,false,false,false,false,false
portland_fire_karlie_samuelson,Karlie Samuelson,portland_fire,Portland Fire,assets/leagues/wnba/athletes/portland_fire_karlie_samuelson/headshot.png,assets/leagues/wnba/athletes/portland_fire_karlie_samuelson/headshot.png.approved,1628317,https://fire.wnba.com/roster,https://www.wnba.com/player/1628317/karlie-samuelson,https://cdn.wnba.com/headshots/wnba/latest/260x190/1628317.png,approved_marker_present_manual_source_recheck_required,manual_source_recheck_required,approve_for_review_only_renderer_use|hold_identity|revise_asset|revise_source_metadata,operator_fill_required,operator_fill_required,operator_fill_required,operator_fill_required,,,,,,,review_only_renderer_athlete_photo_trust_manual_intake,false,false,false,false,false,false
portland_fire_luisa_geiselsoder,Luisa Geiselsoder,portland_fire,Portland Fire,assets/leagues/wnba/athletes/portland_fire_luisa_geiselsoder/headshot.png,assets/leagues/wnba/athletes/portland_fire_luisa_geiselsoder/headshot.png.approved,1630143,https://fire.wnba.com/roster,https://www.wnba.com/player/1630143/luisa-geiselsoder,https://cdn.wnba.com/headshots/wnba/latest/260x190/1630143.png,approved_marker_present_manual_source_recheck_required,manual_source_recheck_required,approve_for_review_only_renderer_use|hold_identity|revise_asset|revise_source_metadata,operator_fill_required,operator_fill_required,operator_fill_required,operator_fill_required,,,,,,,review_only_renderer_athlete_photo_trust_manual_intake,false,false,false,false,false,false
portland_fire_megan_gustafson,Megan Gustafson,portland_fire,Portland Fire,assets/leagues/wnba/athletes/portland_fire_megan_gustafson/headshot.png,assets/leagues/wnba/athletes/portland_fire_megan_gustafson/headshot.png.approved,1629484,https://fire.wnba.com/roster,https://www.wnba.com/player/1629484/megan-gustafson,https://cdn.wnba.com/headshots/wnba/latest/260x190/1629484.png,approved_marker_present_manual_source_recheck_required,manual_source_recheck_required,approve_for_review_only_renderer_use|hold_identity|revise_asset|revise_source_metadata,operator_fill_required,operator_fill_required,operator_fill_required,operator_fill_required,,,,,,,review_only_renderer_athlete_photo_trust_manual_intake,false,false,false,false,false,false
portland_fire_nyadiew_puoch,Nyadiew Puoch,portland_fire,Portland Fire,assets/leagues/wnba/athletes/portland_fire_nyadiew_puoch/headshot.png,assets/leagues/wnba/athletes/portland_fire_nyadiew_puoch/headshot.png.approved,1642296,https://fire.wnba.com/roster,https://www.wnba.com/player/1642296/nyadiew-puoch,https://cdn.wnba.com/headshots/wnba/latest/260x190/1642296.png,approved_marker_present_manual_source_recheck_required,manual_source_recheck_required,approve_for_review_only_renderer_use|hold_identity|revise_asset|revise_source_metadata,operator_fill_required,operator_fill_required,operator_fill_required,operator_fill_required,,,,,,,review_only_renderer_athlete_photo_trust_manual_intake,false,false,false,false,false,false
portland_fire_sarah_ashlee_barker,Sarah Ashlee Barker,portland_fire,Portland Fire,assets/leagues/wnba/athletes/portland_fire_sarah_ashlee_barker/headshot.png,assets/leagues/wnba/athletes/portland_fire_sarah_ashlee_barker/headshot.png.approved,1642782,https://fire.wnba.com/roster,https://www.wnba.com/player/1642782/sarah-ashlee-barker,https://cdn.wnba.com/headshots/wnba/latest/260x190/1642782.png,approved_marker_present_manual_source_recheck_required,manual_source_recheck_required,approve_for_review_only_renderer_use|hold_identity|revise_asset|revise_source_metadata,operator_fill_required,operator_fill_required,operator_fill_required,operator_fill_required,,,,,,,review_only_renderer_athlete_photo_trust_manual_intake,false,false,false,false,false,false
portland_fire_serah_williams,Serah Williams,portland_fire,Portland Fire,assets/leagues/wnba/athletes/portland_fire_serah_williams/headshot.png,assets/leagues/wnba/athletes/portland_fire_serah_williams/headshot.png.approved,1643436,https://fire.wnba.com/roster,https://www.wnba.com/player/1643436/serah-williams,https://cdn.wnba.com/headshots/wnba/latest/260x190/1643436.png,approved_marker_present_manual_source_recheck_required,manual_source_recheck_required,approve_for_review_only_renderer_use|hold_identity|revise_asset|revise_source_metadata,operator_fill_required,operator_fill_required,operator_fill_required,operator_fill_required,,,,,,,review_only_renderer_athlete_photo_trust_manual_intake,false,false,false,false,false,false
portland_fire_teja_oblak,Teja Oblak,portland_fire,Portland Fire,assets/leagues/wnba/athletes/portland_fire_teja_oblak/headshot.png,assets/leagues/wnba/athletes/portland_fire_teja_oblak/headshot.png.approved,1643506,https://fire.wnba.com/roster,https://www.wnba.com/player/1643506/teja-oblak,https://cdn.wnba.com/headshots/wnba/latest/260x190/1643506.png,approved_marker_present_manual_source_recheck_required,manual_source_recheck_required,approve_for_review_only_renderer_use|hold_identity|revise_asset|revise_source_metadata,operator_fill_required,operator_fill_required,operator_fill_required,operator_fill_required,,,,,,,review_only_renderer_athlete_photo_trust_manual_intake,false,false,false,false,false,false
seattle_storm_awa_fam,Awa Fam,seattle_storm,Seattle Storm,assets/leagues/wnba/athletes/seattle_storm_awa_fam/headshot.png,assets/leagues/wnba/athletes/seattle_storm_awa_fam/headshot.png.approved,1643443,https://storm.wnba.com/roster,https://www.wnba.com/player/1643443/awa-fam,https://cdn.wnba.com/headshots/wnba/latest/260x190/1643443.png,approved_marker_present_manual_source_recheck_required,manual_source_recheck_required,approve_for_review_only_renderer_use|hold_identity|revise_asset|revise_source_metadata,operator_fill_required,operator_fill_required,operator_fill_required,operator_fill_required,,,,,,,review_only_renderer_athlete_photo_trust_manual_intake,false,false,false,false,false,false
seattle_storm_dominique_malonga,Dominique Malonga,seattle_storm,Seattle Storm,assets/leagues/wnba/athletes/seattle_storm_dominique_malonga/headshot.png,assets/leagues/wnba/athletes/seattle_storm_dominique_malonga/headshot.png.approved,1642798,https://storm.wnba.com/roster,https://www.wnba.com/player/1642798/dominique-malonga,https://cdn.wnba.com/headshots/wnba/latest/260x190/1642798.png,approved_marker_present_manual_source_recheck_required,manual_source_recheck_required,approve_for_review_only_renderer_use|hold_identity|revise_asset|revise_source_metadata,operator_fill_required,operator_fill_required,operator_fill_required,operator_fill_required,,,,,,,review_only_renderer_athlete_photo_trust_manual_intake,false,false,false,false,false,false
seattle_storm_ezi_magbegor,Ezi Magbegor,seattle_storm,Seattle Storm,assets/leagues/wnba/athletes/seattle_storm_ezi_magbegor/headshot.png,assets/leagues/wnba/athletes/seattle_storm_ezi_magbegor/headshot.png.approved,1629496,https://storm.wnba.com/roster,https://www.wnba.com/player/1629496/ezi-magbegor,https://cdn.wnba.com/headshots/wnba/latest/260x190/1629496.png,approved_marker_present_manual_source_recheck_required,manual_source_recheck_required,approve_for_review_only_renderer_use|hold_identity|revise_asset|revise_source_metadata,operator_fill_required,operator_fill_required,operator_fill_required,operator_fill_required,,,,,,,review_only_renderer_athlete_photo_trust_manual_intake,false,false,false,false,false,false
seattle_storm_flau_jae_johnson,Flau'jae Johnson,seattle_storm,Seattle Storm,assets/leagues/wnba/athletes/seattle_storm_flau_jae_johnson/headshot.png,assets/leagues/wnba/athletes/seattle_storm_flau_jae_johnson/headshot.png.approved,1643428,https://storm.wnba.com/roster,https://www.wnba.com/player/1643428/flau-jae-johnson,https://cdn.wnba.com/headshots/wnba/latest/260x190/1643428.png,approved_marker_present_manual_source_recheck_required,manual_source_recheck_required,approve_for_review_only_renderer_use|hold_identity|revise_asset|revise_source_metadata,operator_fill_required,operator_fill_required,operator_fill_required,operator_fill_required,,,,,,,review_only_renderer_athlete_photo_trust_manual_intake,false,false,false,false,false,false
seattle_storm_jade_melbourne,Jade Melbourne,seattle_storm,Seattle Storm,assets/leagues/wnba/athletes/seattle_storm_jade_melbourne/headshot.png,assets/leagues/wnba/athletes/seattle_storm_jade_melbourne/headshot.png.approved,1631141,https://storm.wnba.com/roster,https://www.wnba.com/player/1631141/jade-melbourne,https://cdn.wnba.com/headshots/wnba/latest/260x190/1631141.png,approved_marker_present_manual_source_recheck_required,manual_source_recheck_required,approve_for_review_only_renderer_use|hold_identity|revise_asset|revise_source_metadata,operator_fill_required,operator_fill_required,operator_fill_required,operator_fill_required,,,,,,,review_only_renderer_athlete_photo_trust_manual_intake,false,false,false,false,false,false
seattle_storm_jordan_horston,Jordan Horston,seattle_storm,Seattle Storm,assets/leagues/wnba/athletes/seattle_storm_jordan_horston/headshot.png,assets/leagues/wnba/athletes/seattle_storm_jordan_horston/headshot.png.approved,1641651,https://storm.wnba.com/roster,https://www.wnba.com/player/1641651/jordan-horston,https://cdn.wnba.com/headshots/wnba/latest/260x190/1641651.png,approved_marker_present_manual_source_recheck_required,manual_source_recheck_required,approve_for_review_only_renderer_use|hold_identity|revise_asset|revise_source_metadata,operator_fill_required,operator_fill_required,operator_fill_required,operator_fill_required,,,,,,,review_only_renderer_athlete_photo_trust_manual_intake,false,false,false,false,false,false
seattle_storm_katie_lou_samuelson,Katie Lou Samuelson,seattle_storm,Seattle Storm,assets/leagues/wnba/athletes/seattle_storm_katie_lou_samuelson/headshot.png,assets/leagues/wnba/athletes/seattle_storm_katie_lou_samuelson/headshot.png.approved,1629478,https://storm.wnba.com/roster,https://www.wnba.com/player/1629478/katie-lou-samuelson,https://cdn.wnba.com/headshots/wnba/latest/260x190/1629478.png,approved_marker_present_manual_source_recheck_required,manual_source_recheck_required,approve_for_review_only_renderer_use|hold_identity|revise_asset|revise_source_metadata,operator_fill_required,operator_fill_required,operator_fill_required,operator_fill_required,,,,,,,review_only_renderer_athlete_photo_trust_manual_intake,false,false,false,false,false,false
seattle_storm_mackenzie_holmes,Mackenzie Holmes,seattle_storm,Seattle Storm,assets/leagues/wnba/athletes/seattle_storm_mackenzie_holmes/headshot.png,assets/leagues/wnba/athletes/seattle_storm_mackenzie_holmes/headshot.png.approved,1642307,https://storm.wnba.com/roster,https://www.wnba.com/player/1642307/mackenzie-holmes,https://cdn.wnba.com/headshots/wnba/latest/260x190/1642307.png,approved_marker_present_manual_source_recheck_required,manual_source_recheck_required,approve_for_review_only_renderer_use|hold_identity|revise_asset|revise_source_metadata,operator_fill_required,operator_fill_required,operator_fill_required,operator_fill_required,,,,,,,review_only_renderer_athlete_photo_trust_manual_intake,false,false,false,false,false,false
seattle_storm_natisha_hiedeman,Natisha Hiedeman,seattle_storm,Seattle Storm,assets/leagues/wnba/athletes/seattle_storm_natisha_hiedeman/headshot.png,assets/leagues/wnba/athletes/seattle_storm_natisha_hiedeman/headshot.png.approved,1629567,https://storm.wnba.com/roster,https://www.wnba.com/player/1629567/natisha-hiedeman,https://cdn.wnba.com/headshots/wnba/latest/260x190/1629567.png,approved_marker_present_manual_source_recheck_required,manual_source_recheck_required,approve_for_review_only_renderer_use|hold_identity|revise_asset|revise_source_metadata,operator_fill_required,operator_fill_required,operator_fill_required,operator_fill_required,,,,,,,review_only_renderer_athlete_photo_trust_manual_intake,false,false,false,false,false,false
seattle_storm_stefanie_dolson,Stefanie Dolson,seattle_storm,Seattle Storm,assets/leagues/wnba/athletes/seattle_storm_stefanie_dolson/headshot.png,assets/leagues/wnba/athletes/seattle_storm_stefanie_dolson/headshot.png.approved,203828,https://storm.wnba.com/roster,https://www.wnba.com/player/203828/stefanie-dolson,https://cdn.wnba.com/headshots/wnba/latest/260x190/203828.png,approved_marker_present_manual_source_recheck_required,manual_source_recheck_required,approve_for_review_only_renderer_use|hold_identity|revise_asset|revise_source_metadata,operator_fill_required,operator_fill_required,operator_fill_required,operator_fill_required,,,,,,,review_only_renderer_athlete_photo_trust_manual_intake,false,false,false,false,false,false
seattle_storm_taina_mair,Taina Mair,seattle_storm,Seattle Storm,assets/leagues/wnba/athletes/seattle_storm_taina_mair/headshot.png,assets/leagues/wnba/athletes/seattle_storm_taina_mair/headshot.png.approved,1643473,https://storm.wnba.com/roster,https://www.wnba.com/player/1643473/taina-mair,https://cdn.wnba.com/headshots/wnba/latest/260x190/1643473.png,approved_marker_present_manual_source_recheck_required,manual_source_recheck_required,approve_for_review_only_renderer_use|hold_identity|revise_asset|revise_source_metadata,operator_fill_required,operator_fill_required,operator_fill_required,operator_fill_required,,,,,,,review_only_renderer_athlete_photo_trust_manual_intake,false,false,false,false,false,false
seattle_storm_taylor_thierry,Taylor Thierry,seattle_storm,Seattle Storm,assets/leagues/wnba/athletes/seattle_storm_taylor_thierry/headshot.png,assets/leagues/wnba/athletes/seattle_storm_taylor_thierry/headshot.png.approved,1642814,https://storm.wnba.com/roster,https://www.wnba.com/player/1642814/taylor-thierry,https://cdn.wnba.com/headshots/wnba/latest/260x190/1642814.png,approved_marker_present_manual_source_recheck_required,manual_source_recheck_required,approve_for_review_only_renderer_use|hold_identity|revise_asset|revise_source_metadata,operator_fill_required,operator_fill_required,operator_fill_required,operator_fill_required,,,,,,,review_only_renderer_athlete_photo_trust_manual_intake,false,false,false,false,false,false
seattle_storm_zia_cooke,Zia Cooke,seattle_storm,Seattle Storm,assets/leagues/wnba/athletes/seattle_storm_zia_cooke/headshot.png,assets/leagues/wnba/athletes/seattle_storm_zia_cooke/headshot.png.approved,1641660,https://storm.wnba.com/roster,https://www.wnba.com/player/1641660/zia-cooke,https://cdn.wnba.com/headshots/wnba/latest/260x190/1641660.png,approved_marker_present_manual_source_recheck_required,manual_source_recheck_required,approve_for_review_only_renderer_use|hold_identity|revise_asset|revise_source_metadata,operator_fill_required,operator_fill_required,operator_fill_required,operator_fill_required,,,,,,,review_only_renderer_athlete_photo_trust_manual_intake,false,false,false,false,false,false
toronto_tempo_brittney_sykes,Brittney Sykes,toronto_tempo,Toronto Tempo,assets/leagues/wnba/athletes/toronto_tempo_brittney_sykes/headshot.png,assets/leagues/wnba/athletes/toronto_tempo_brittney_sykes/headshot.png.approved,1628279,https://tempo.wnba.com/roster,https://www.wnba.com/player/1628279/brittney-sykes,https://cdn.wnba.com/headshots/wnba/latest/260x190/1628279.png,approved_marker_present_manual_source_recheck_required,manual_source_recheck_required,approve_for_review_only_renderer_use|hold_identity|revise_asset|revise_source_metadata,operator_fill_required,operator_fill_required,operator_fill_required,operator_fill_required,,,,,,,review_only_renderer_athlete_photo_trust_manual_intake,false,false,false,false,false,false
toronto_tempo_isabelle_harrison,Isabelle Harrison,toronto_tempo,Toronto Tempo,assets/leagues/wnba/athletes/toronto_tempo_isabelle_harrison/headshot.png,assets/leagues/wnba/athletes/toronto_tempo_isabelle_harrison/headshot.png.approved,204330,https://tempo.wnba.com/roster,https://www.wnba.com/player/204330/isabelle-harrison,https://cdn.wnba.com/headshots/wnba/latest/260x190/204330.png,approved_marker_present_manual_source_recheck_required,manual_source_recheck_required,approve_for_review_only_renderer_use|hold_identity|revise_asset|revise_source_metadata,operator_fill_required,operator_fill_required,operator_fill_required,operator_fill_required,,,,,,,review_only_renderer_athlete_photo_trust_manual_intake,false,false,false,false,false,false
toronto_tempo_julie_allemand,Julie Allemand,toronto_tempo,Toronto Tempo,assets/leagues/wnba/athletes/toronto_tempo_julie_allemand/headshot.png,assets/leagues/wnba/athletes/toronto_tempo_julie_allemand/headshot.png.approved,1627700,https://tempo.wnba.com/roster,https://www.wnba.com/player/1627700/julie-allemand,https://cdn.wnba.com/headshots/wnba/latest/260x190/1627700.png,approved_marker_present_manual_source_recheck_required,manual_source_recheck_required,approve_for_review_only_renderer_use|hold_identity|revise_asset|revise_source_metadata,operator_fill_required,operator_fill_required,operator_fill_required,operator_fill_required,,,,,,,review_only_renderer_athlete_photo_trust_manual_intake,false,false,false,false,false,false
toronto_tempo_kia_nurse,Kia Nurse,toronto_tempo,Toronto Tempo,assets/leagues/wnba/athletes/toronto_tempo_kia_nurse/headshot.png,assets/leagues/wnba/athletes/toronto_tempo_kia_nurse/headshot.png.approved,1628915,https://tempo.wnba.com/roster,https://www.wnba.com/player/1628915/kia-nurse,https://cdn.wnba.com/headshots/wnba/latest/260x190/1628915.png,approved_marker_present_manual_source_recheck_required,manual_source_recheck_required,approve_for_review_only_renderer_use|hold_identity|revise_asset|revise_source_metadata,operator_fill_required,operator_fill_required,operator_fill_required,operator_fill_required,,,,,,,review_only_renderer_athlete_photo_trust_manual_intake,false,false,false,false,false,false
toronto_tempo_kiki_rice,Kiki Rice,toronto_tempo,Toronto Tempo,assets/leagues/wnba/athletes/toronto_tempo_kiki_rice/headshot.png,assets/leagues/wnba/athletes/toronto_tempo_kiki_rice/headshot.png.approved,1643445,https://tempo.wnba.com/roster,https://www.wnba.com/player/1643445/kiki-rice,https://cdn.wnba.com/headshots/wnba/latest/260x190/1643445.png,approved_marker_present_manual_source_recheck_required,manual_source_recheck_required,approve_for_review_only_renderer_use|hold_identity|revise_asset|revise_source_metadata,operator_fill_required,operator_fill_required,operator_fill_required,operator_fill_required,,,,,,,review_only_renderer_athlete_photo_trust_manual_intake,false,false,false,false,false,false
toronto_tempo_laura_juskaite,Laura Juskaite,toronto_tempo,Toronto Tempo,assets/leagues/wnba/athletes/toronto_tempo_laura_juskaite/headshot.png,assets/leagues/wnba/athletes/toronto_tempo_laura_juskaite/headshot.png.approved,1643420,https://tempo.wnba.com/roster,https://www.wnba.com/player/1643420/laura-juskaite,https://cdn.wnba.com/headshots/wnba/latest/260x190/1643420.png,approved_marker_present_manual_source_recheck_required,manual_source_recheck_required,approve_for_review_only_renderer_use|hold_identity|revise_asset|revise_source_metadata,operator_fill_required,operator_fill_required,operator_fill_required,operator_fill_required,,,,,,,review_only_renderer_athlete_photo_trust_manual_intake,false,false,false,false,false,false
toronto_tempo_maria_conde,Maria Conde,toronto_tempo,Toronto Tempo,assets/leagues/wnba/athletes/toronto_tempo_maria_conde/headshot.png,assets/leagues/wnba/athletes/toronto_tempo_maria_conde/headshot.png.approved,1629576,https://tempo.wnba.com/roster,https://www.wnba.com/player/1629576/maria-conde,https://cdn.wnba.com/headshots/wnba/latest/260x190/1629576.png,missing_asset_not_renderable,needs_human_approval,approve_for_review_only_renderer_use|hold_identity|revise_asset|revise_source_metadata,operator_fill_required,operator_fill_required,operator_fill_required,operator_fill_required,,,,,,,review_only_renderer_athlete_photo_trust_manual_intake,false,false,false,false,false,false
toronto_tempo_marina_mabrey,Marina Mabrey,toronto_tempo,Toronto Tempo,assets/leagues/wnba/athletes/toronto_tempo_marina_mabrey/headshot.png,assets/leagues/wnba/athletes/toronto_tempo_marina_mabrey/headshot.png.approved,1629497,https://tempo.wnba.com/roster,https://www.wnba.com/player/1629497/marina-mabrey,https://cdn.wnba.com/headshots/wnba/latest/260x190/1629497.png,approved_marker_present_manual_source_recheck_required,manual_source_recheck_required,approve_for_review_only_renderer_use|hold_identity|revise_asset|revise_source_metadata,operator_fill_required,operator_fill_required,operator_fill_required,operator_fill_required,,,,,,,review_only_renderer_athlete_photo_trust_manual_intake,false,false,false,false,false,false
toronto_tempo_nyara_sabally,Nyara Sabally,toronto_tempo,Toronto Tempo,assets/leagues/wnba/athletes/toronto_tempo_nyara_sabally/headshot.png,assets/leagues/wnba/athletes/toronto_tempo_nyara_sabally/headshot.png.approved,1631055,https://tempo.wnba.com/roster,https://www.wnba.com/player/1631055/nyara-sabally,https://cdn.wnba.com/headshots/wnba/latest/260x190/1631055.png,approved_marker_present_manual_source_recheck_required,manual_source_recheck_required,approve_for_review_only_renderer_use|hold_identity|revise_asset|revise_source_metadata,operator_fill_required,operator_fill_required,operator_fill_required,operator_fill_required,,,,,,,review_only_renderer_athlete_photo_trust_manual_intake,false,false,false,false,false,false
toronto_tempo_temi_fagbenle,Temi Fagbenle,toronto_tempo,Toronto Tempo,assets/leagues/wnba/athletes/toronto_tempo_temi_fagbenle/headshot.png,assets/leagues/wnba/athletes/toronto_tempo_temi_fagbenle/headshot.png.approved,1627701,https://tempo.wnba.com/roster,https://www.wnba.com/player/1627701/temi-fagbenle,https://cdn.wnba.com/headshots/wnba/latest/260x190/1627701.png,approved_marker_present_manual_source_recheck_required,manual_source_recheck_required,approve_for_review_only_renderer_use|hold_identity|revise_asset|revise_source_metadata,operator_fill_required,operator_fill_required,operator_fill_required,operator_fill_required,,,,,,,review_only_renderer_athlete_photo_trust_manual_intake,false,false,false,false,false,false
toronto_tempo_teonni_key,Teonni Key,toronto_tempo,Toronto Tempo,assets/leagues/wnba/athletes/toronto_tempo_teonni_key/headshot.png,assets/leagues/wnba/athletes/toronto_tempo_teonni_key/headshot.png.approved,1643457,https://tempo.wnba.com/roster,https://www.wnba.com/player/1643457/teonni-key,https://cdn.wnba.com/headshots/wnba/latest/260x190/1643457.png,approved_marker_present_manual_source_recheck_required,manual_source_recheck_required,approve_for_review_only_renderer_use|hold_identity|revise_asset|revise_source_metadata,operator_fill_required,operator_fill_required,operator_fill_required,operator_fill_required,,,,,,,review_only_renderer_athlete_photo_trust_manual_intake,false,false,false,false,false,false
toronto_tempo_tima_pouye,Tima Pouye,toronto_tempo,Toronto Tempo,assets/leagues/wnba/athletes/toronto_tempo_tima_pouye/headshot.png,assets/leagues/wnba/athletes/toronto_tempo_tima_pouye/headshot.png.approved,1643647,https://tempo.wnba.com/roster,https://www.wnba.com/player/1643647/tima-pouye,https://cdn.wnba.com/headshots/wnba/latest/260x190/1643647.png,missing_asset_not_renderable,needs_human_approval,approve_for_review_only_renderer_use|hold_identity|revise_asset|revise_source_metadata,operator_fill_required,operator_fill_required,operator_fill_required,operator_fill_required,,,,,,,review_only_renderer_athlete_photo_trust_manual_intake,false,false,false,false,false,false
washington_mystics_alicia_florez,Alicia Florez,washington_mystics,Washington Mystics,assets/leagues/wnba/athletes/washington_mystics_alicia_florez/headshot.png,assets/leagues/wnba/athletes/washington_mystics_alicia_florez/headshot.png.approved,1643644,https://mystics.wnba.com/roster,https://www.wnba.com/player/1643644/alicia-florez,https://cdn.wnba.com/headshots/wnba/latest/260x190/1643644.png,approved_marker_present_manual_source_recheck_required,manual_source_recheck_required,approve_for_review_only_renderer_use|hold_identity|revise_asset|revise_source_metadata,operator_fill_required,operator_fill_required,operator_fill_required,operator_fill_required,,,,,,,review_only_renderer_athlete_photo_trust_manual_intake,false,false,false,false,false,false
washington_mystics_angela_dugalic,Angela Dugalic,washington_mystics,Washington Mystics,assets/leagues/wnba/athletes/washington_mystics_angela_dugalic/headshot.png,assets/leagues/wnba/athletes/washington_mystics_angela_dugalic/headshot.png.approved,1643455,https://mystics.wnba.com/roster,https://www.wnba.com/player/1643455/angela-dugalic,https://cdn.wnba.com/headshots/wnba/latest/260x190/1643455.png,approved_marker_present_manual_source_recheck_required,manual_source_recheck_required,approve_for_review_only_renderer_use|hold_identity|revise_asset|revise_source_metadata,operator_fill_required,operator_fill_required,operator_fill_required,operator_fill_required,,,,,,,review_only_renderer_athlete_photo_trust_manual_intake,false,false,false,false,false,false
washington_mystics_cassandre_prosper,Cassandre Prosper,washington_mystics,Washington Mystics,assets/leagues/wnba/athletes/washington_mystics_cassandre_prosper/headshot.png,assets/leagues/wnba/athletes/washington_mystics_cassandre_prosper/headshot.png.approved,1643467,https://mystics.wnba.com/roster,https://www.wnba.com/player/1643467/cassandre-prosper,https://cdn.wnba.com/headshots/wnba/latest/260x190/1643467.png,approved_marker_present_manual_source_recheck_required,manual_source_recheck_required,approve_for_review_only_renderer_use|hold_identity|revise_asset|revise_source_metadata,operator_fill_required,operator_fill_required,operator_fill_required,operator_fill_required,,,,,,,review_only_renderer_athlete_photo_trust_manual_intake,false,false,false,false,false,false
washington_mystics_cotie_mcmahon,Cotie McMahon,washington_mystics,Washington Mystics,assets/leagues/wnba/athletes/washington_mystics_cotie_mcmahon/headshot.png,assets/leagues/wnba/athletes/washington_mystics_cotie_mcmahon/headshot.png.approved,1643430,https://mystics.wnba.com/roster,https://www.wnba.com/player/1643430/cotie-mcmahon,https://cdn.wnba.com/headshots/wnba/latest/260x190/1643430.png,approved_marker_present_manual_source_recheck_required,manual_source_recheck_required,approve_for_review_only_renderer_use|hold_identity|revise_asset|revise_source_metadata,operator_fill_required,operator_fill_required,operator_fill_required,operator_fill_required,,,,,,,review_only_renderer_athlete_photo_trust_manual_intake,false,false,false,false,false,false
washington_mystics_darianna_littlepage_buggs,Darianna Littlepage-Buggs,washington_mystics,Washington Mystics,assets/leagues/wnba/athletes/washington_mystics_darianna_littlepage_buggs/headshot.png,assets/leagues/wnba/athletes/washington_mystics_darianna_littlepage_buggs/headshot.png.approved,1643440,https://mystics.wnba.com/roster,https://www.wnba.com/player/1643440/darianna-littlepage-buggs,https://cdn.wnba.com/headshots/wnba/latest/260x190/1643440.png,approved_marker_present_manual_source_recheck_required,manual_source_recheck_required,approve_for_review_only_renderer_use|hold_identity|revise_asset|revise_source_metadata,operator_fill_required,operator_fill_required,operator_fill_required,operator_fill_required,,,,,,,review_only_renderer_athlete_photo_trust_manual_intake,false,false,false,false,false,false
washington_mystics_georgia_amoore,Georgia Amoore,washington_mystics,Washington Mystics,assets/leagues/wnba/athletes/washington_mystics_georgia_amoore/headshot.png,assets/leagues/wnba/athletes/washington_mystics_georgia_amoore/headshot.png.approved,1642781,https://mystics.wnba.com/roster,https://www.wnba.com/player/1642781/georgia-amoore,https://cdn.wnba.com/headshots/wnba/latest/260x190/1642781.png,approved_marker_present_manual_source_recheck_required,manual_source_recheck_required,approve_for_review_only_renderer_use|hold_identity|revise_asset|revise_source_metadata,operator_fill_required,operator_fill_required,operator_fill_required,operator_fill_required,,,,,,,review_only_renderer_athlete_photo_trust_manual_intake,false,false,false,false,false,false
washington_mystics_kiki_iriafen,Kiki Iriafen,washington_mystics,Washington Mystics,assets/leagues/wnba/athletes/washington_mystics_kiki_iriafen/headshot.png,assets/leagues/wnba/athletes/washington_mystics_kiki_iriafen/headshot.png.approved,1642792,https://mystics.wnba.com/roster,https://www.wnba.com/player/1642792/kiki-iriafen,https://cdn.wnba.com/headshots/wnba/latest/260x190/1642792.png,approved_marker_present_manual_source_recheck_required,manual_source_recheck_required,approve_for_review_only_renderer_use|hold_identity|revise_asset|revise_source_metadata,operator_fill_required,operator_fill_required,operator_fill_required,operator_fill_required,,,,,,,review_only_renderer_athlete_photo_trust_manual_intake,false,false,false,false,false,false
washington_mystics_lauren_betts,Lauren Betts,washington_mystics,Washington Mystics,assets/leagues/wnba/athletes/washington_mystics_lauren_betts/headshot.png,assets/leagues/wnba/athletes/washington_mystics_lauren_betts/headshot.png.approved,1643427,https://mystics.wnba.com/roster,https://www.wnba.com/player/1643427/lauren-betts,https://cdn.wnba.com/headshots/wnba/latest/260x190/1643427.png,approved_marker_present_manual_source_recheck_required,manual_source_recheck_required,approve_for_review_only_renderer_use|hold_identity|revise_asset|revise_source_metadata,operator_fill_required,operator_fill_required,operator_fill_required,operator_fill_required,,,,,,,review_only_renderer_athlete_photo_trust_manual_intake,false,false,false,false,false,false
washington_mystics_lucy_olsen,Lucy Olsen,washington_mystics,Washington Mystics,assets/leagues/wnba/athletes/washington_mystics_lucy_olsen/headshot.png,assets/leagues/wnba/athletes/washington_mystics_lucy_olsen/headshot.png.approved,1642802,https://mystics.wnba.com/roster,https://www.wnba.com/player/1642802/lucy-olsen,https://cdn.wnba.com/headshots/wnba/latest/260x190/1642802.png,approved_marker_present_manual_source_recheck_required,manual_source_recheck_required,approve_for_review_only_renderer_use|hold_identity|revise_asset|revise_source_metadata,operator_fill_required,operator_fill_required,operator_fill_required,operator_fill_required,,,,,,,review_only_renderer_athlete_photo_trust_manual_intake,false,false,false,false,false,false
washington_mystics_michaela_onyenwere,Michaela Onyenwere,washington_mystics,Washington Mystics,assets/leagues/wnba/athletes/washington_mystics_michaela_onyenwere/headshot.png,assets/leagues/wnba/athletes/washington_mystics_michaela_onyenwere/headshot.png.approved,1630446,https://mystics.wnba.com/roster,https://www.wnba.com/player/1630446/michaela-onyenwere,https://cdn.wnba.com/headshots/wnba/latest/260x190/1630446.png,approved_marker_present_manual_source_recheck_required,manual_source_recheck_required,approve_for_review_only_renderer_use|hold_identity|revise_asset|revise_source_metadata,operator_fill_required,operator_fill_required,operator_fill_required,operator_fill_required,,,,,,,review_only_renderer_athlete_photo_trust_manual_intake,false,false,false,false,false,false
washington_mystics_rori_harmon,Rori Harmon,washington_mystics,Washington Mystics,assets/leagues/wnba/athletes/washington_mystics_rori_harmon/headshot.png,assets/leagues/wnba/athletes/washington_mystics_rori_harmon/headshot.png.approved,1643450,https://mystics.wnba.com/roster,https://www.wnba.com/player/1643450/rori-harmon,https://cdn.wnba.com/headshots/wnba/latest/260x190/1643450.png,approved_marker_present_manual_source_recheck_required,manual_source_recheck_required,approve_for_review_only_renderer_use|hold_identity|revise_asset|revise_source_metadata,operator_fill_required,operator_fill_required,operator_fill_required,operator_fill_required,,,,,,,review_only_renderer_athlete_photo_trust_manual_intake,false,false,false,false,false,false
washington_mystics_shakira_austin,Shakira Austin,washington_mystics,Washington Mystics,assets/leagues/wnba/athletes/washington_mystics_shakira_austin/headshot.png,assets/leagues/wnba/athletes/washington_mystics_shakira_austin/headshot.png.approved,1631022,https://mystics.wnba.com/roster,https://www.wnba.com/player/1631022/shakira-austin,https://cdn.wnba.com/headshots/wnba/latest/260x190/1631022.png,approved_marker_present_manual_source_recheck_required,manual_source_recheck_required,approve_for_review_only_renderer_use|hold_identity|revise_asset|revise_source_metadata,operator_fill_required,operator_fill_required,operator_fill_required,operator_fill_required,,,,,,,review_only_renderer_athlete_photo_trust_manual_intake,false,false,false,false,false,false
washington_mystics_sonia_citron,Sonia Citron,washington_mystics,Washington Mystics,assets/leagues/wnba/athletes/washington_mystics_sonia_citron/headshot.png,assets/leagues/wnba/athletes/washington_mystics_sonia_citron/headshot.png.approved,1642785,https://mystics.wnba.com/roster,https://www.wnba.com/player/1642785/sonia-citron,https://cdn.wnba.com/headshots/wnba/latest/260x190/1642785.png,approved_marker_present_manual_source_recheck_required,manual_source_recheck_required,approve_for_review_only_renderer_use|hold_identity|revise_asset|revise_source_metadata,operator_fill_required,operator_fill_required,operator_fill_required,operator_fill_required,,,,,,,review_only_renderer_athlete_photo_trust_manual_intake,false,false,false,false,false,false
