player_id,league_id,team_id,display_name,provider_player_id,roster_source_url,status,manual_review_status,asset_registry_status,approval_status,notes
nwsl::Football_Player::aa3fb0629ef8427fbe4ec8242a5d8865,nwsl,angel_city_fc,Ally Sentnor,opta:Player:8gqtwfvc0ehmlvnaw2qb112zu,https://www.nwslsoccer.com/teams/9587b8ce40624165903b6bc9fd252634/angel-city-fc/roster,Left Team,identity_source_review_required,candidate_layer_only_no_asset_write,not_approved,"Official public NWSL roster metadata only; no image download, no approval, no renderer enablement."
nwsl::Football_Player::e4c0dd7de1294525a9f1635b7e210792,nwsl,angel_city_fc,Angelina Anderson,opta:Player:lg9muzm3sbiijicsik53m3je,https://www.nwslsoccer.com/teams/9587b8ce40624165903b6bc9fd252634/angel-city-fc/roster,Active,identity_source_review_required,candidate_layer_only_no_asset_write,not_approved,"Official public NWSL roster metadata only; no image download, no approval, no renderer enablement."
nwsl::Football_Player::8f646310f20a489f84c92d5c4b831d1b,nwsl,angel_city_fc,Ariadina Alves Borges,opta:Player:9tbrhbbmfxq8l363kybl4g7ah,https://www.nwslsoccer.com/teams/9587b8ce40624165903b6bc9fd252634/angel-city-fc/roster,Active,identity_source_review_required,candidate_layer_only_no_asset_write,not_approved,"Official public NWSL roster metadata only; no image download, no approval, no renderer enablement."
nwsl::Football_Player::eefb8531af1342a496d4e65ba1257e37,nwsl,angel_city_fc,Carina Lageyre,opta:Player:e1bvlesfxzgvulb26s3v4wlqs,https://www.nwslsoccer.com/teams/9587b8ce40624165903b6bc9fd252634/angel-city-fc/roster,Active,identity_source_review_required,candidate_layer_only_no_asset_write,not_approved,"Official public NWSL roster metadata only; no image download, no approval, no renderer enablement."
nwsl::Football_Player::6c46721d5109405395df45ddfd680316,nwsl,angel_city_fc,Casey Phair,opta:Player:cenm8mly98mwv2630hcke4fmc,https://www.nwslsoccer.com/teams/9587b8ce40624165903b6bc9fd252634/angel-city-fc/roster,Active,identity_source_review_required,candidate_layer_only_no_asset_write,not_approved,"Official public NWSL roster metadata only; no image download, no approval, no renderer enablement."
nwsl::Football_Player::fd08719793c4487c82b7d3aceba2ad0f,nwsl,angel_city_fc,Claire Emslie,opta:Player:18kiz7s5jlyotkb4p0sbbxyol,https://www.nwslsoccer.com/teams/9587b8ce40624165903b6bc9fd252634/angel-city-fc/roster,Active,identity_source_review_required,candidate_layer_only_no_asset_write,not_approved,"Official public NWSL roster metadata only; no image download, no approval, no renderer enablement."
nwsl::Football_Player::ff16e70c73b943e38662bc6d895edb92,nwsl,angel_city_fc,Emily Sams,opta:Player:9yvkpwm78jaqr321imfc3rrbo,https://www.nwslsoccer.com/teams/9587b8ce40624165903b6bc9fd252634/angel-city-fc/roster,Active,identity_source_review_required,candidate_layer_only_no_asset_write,not_approved,"Official public NWSL roster metadata only; no image download, no approval, no renderer enablement."
nwsl::Football_Player::3fb7c0ab25ef4b3db335ad6f5afe4e10,nwsl,angel_city_fc,Evelyn Shores,opta:Player:9cjpmzuv45ecn52cspao7p65m,https://www.nwslsoccer.com/teams/9587b8ce40624165903b6bc9fd252634/angel-city-fc/roster,Active,identity_source_review_required,candidate_layer_only_no_asset_write,not_approved,"Official public NWSL roster metadata only; no image download, no approval, no renderer enablement."
nwsl::Football_Player::3bc0fbb6e9c548dca58f71d4b8a63665,nwsl,angel_city_fc,Faith Nguyen,opta:Player:9hobp60n9onhlg5jaatqthnh0,https://www.nwslsoccer.com/teams/9587b8ce40624165903b6bc9fd252634/angel-city-fc/roster,Active,identity_source_review_required,candidate_layer_only_no_asset_write,not_approved,"Official public NWSL roster metadata only; no image download, no approval, no renderer enablement."
nwsl::Football_Player::f737dfd0124341ddbdefdab7739f056f,nwsl,angel_city_fc,Gisele Thompson,opta:Player:89fa211ocgno2q0to22emh20a,https://www.nwslsoccer.com/teams/9587b8ce40624165903b6bc9fd252634/angel-city-fc/roster,Active,identity_source_review_required,candidate_layer_only_no_asset_write,not_approved,"Official public NWSL roster metadata only; no image download, no approval, no renderer enablement."
nwsl::Football_Player::7fa746d5fcc64e3b827c740fb881e157,nwsl,angel_city_fc,Hannah Seabert,opta:Player:5x01qslgnhakbw4vuowdi2p9m,https://www.nwslsoccer.com/teams/9587b8ce40624165903b6bc9fd252634/angel-city-fc/roster,Active,identity_source_review_required,candidate_layer_only_no_asset_write,not_approved,"Official public NWSL roster metadata only; no image download, no approval, no renderer enablement."
nwsl::Football_Player::63930b6af7c94ec3bd5980802a154971,nwsl,angel_city_fc,Hina Sugita,opta:Player:7in4ykzbs8p44qy4jrb10p0wl,https://www.nwslsoccer.com/teams/9587b8ce40624165903b6bc9fd252634/angel-city-fc/roster,Active,identity_source_review_required,candidate_layer_only_no_asset_write,not_approved,"Official public NWSL roster metadata only; no image download, no approval, no renderer enablement."
nwsl::Football_Player::8be53181b9fd46c4957f8cd6975a49f9,nwsl,angel_city_fc,Jun Endo,opta:Player:avhmou9ayqv9te0nocy80aga1,https://www.nwslsoccer.com/teams/9587b8ce40624165903b6bc9fd252634/angel-city-fc/roster,Active,identity_source_review_required,candidate_layer_only_no_asset_write,not_approved,"Official public NWSL roster metadata only; no image download, no approval, no renderer enablement."
nwsl::Football_Player::ddb5b884acb246c9879102de84c0d868,nwsl,angel_city_fc,Karsyn Cherry,opta:Player:9azuadl08w0xklciriln9982c,https://www.nwslsoccer.com/teams/9587b8ce40624165903b6bc9fd252634/angel-city-fc/roster,Active,identity_source_review_required,candidate_layer_only_no_asset_write,not_approved,"Official public NWSL roster metadata only; no image download, no approval, no renderer enablement."
nwsl::Football_Player::d05274ce6faa42d48bec0325f29568e2,nwsl,angel_city_fc,Kennedy Fuller,opta:Player:as9gd28disfeeiiqxn7gjvg2c,https://www.nwslsoccer.com/teams/9587b8ce40624165903b6bc9fd252634/angel-city-fc/roster,Active,identity_source_review_required,candidate_layer_only_no_asset_write,not_approved,"Official public NWSL roster metadata only; no image download, no approval, no renderer enablement."
nwsl::Football_Player::13fe7126ee1343a1b20b3c118c2df756,nwsl,angel_city_fc,Maiara Carolina Niehues,opta:Player:432x2c6elrhcaufoge75cbcwk,https://www.nwslsoccer.com/teams/9587b8ce40624165903b6bc9fd252634/angel-city-fc/roster,Active,identity_source_review_required,candidate_layer_only_no_asset_write,not_approved,"Official public NWSL roster metadata only; no image download, no approval, no renderer enablement."
nwsl::Football_Player::fdc322f486b94e3a9043aee47c3daf93,nwsl,angel_city_fc,Nealy Martin,opta:Player:aqihfnhadzdmi7i5bjfnphqms,https://www.nwslsoccer.com/teams/9587b8ce40624165903b6bc9fd252634/angel-city-fc/roster,Active,identity_source_review_required,candidate_layer_only_no_asset_write,not_approved,"Official public NWSL roster metadata only; no image download, no approval, no renderer enablement."
nwsl::Football_Player::44789b184b6840b7b707d62b996ad090,nwsl,angel_city_fc,Prisca Chilufya,opta:Player:bp34vn963cxgnx6b7q7sig9hw,https://www.nwslsoccer.com/teams/9587b8ce40624165903b6bc9fd252634/angel-city-fc/roster,Active,identity_source_review_required,candidate_layer_only_no_asset_write,not_approved,"Official public NWSL roster metadata only; no image download, no approval, no renderer enablement."
nwsl::Football_Player::36e8d47399e3420e85fdb85b0d58d437,nwsl,angel_city_fc,Rajanah Reed,opta:Player:b2x5661a5jlxqhw7bybdsymfo,https://www.nwslsoccer.com/teams/9587b8ce40624165903b6bc9fd252634/angel-city-fc/roster,Left Team,identity_source_review_required,candidate_layer_only_no_asset_write,not_approved,"Official public NWSL roster metadata only; no image download, no approval, no renderer enablement."
nwsl::Football_Player::10da6024c1af4c84bf37b25a641f0866,nwsl,angel_city_fc,Riley Tiernan,opta:Player:bngif4yqa0asu77nptsb06n10,https://www.nwslsoccer.com/teams/9587b8ce40624165903b6bc9fd252634/angel-city-fc/roster,Active,identity_source_review_required,candidate_layer_only_no_asset_write,not_approved,"Official public NWSL roster metadata only; no image download, no approval, no renderer enablement."
nwsl::Football_Player::4314e1fbd3924a09a365af62abcdb3b4,nwsl,angel_city_fc,Sarah Gorden,opta:Player:etdam0sfwiphiwykieovlsyy1,https://www.nwslsoccer.com/teams/9587b8ce40624165903b6bc9fd252634/angel-city-fc/roster,Active,identity_source_review_required,candidate_layer_only_no_asset_write,not_approved,"Official public NWSL roster metadata only; no image download, no approval, no renderer enablement."
nwsl::Football_Player::3803e24414b54df58dfb21fd3304ef62,nwsl,angel_city_fc,Savy King,opta:Player:id7fmb2fws190qkc6bfzdzx0,https://www.nwslsoccer.com/teams/9587b8ce40624165903b6bc9fd252634/angel-city-fc/roster,Active,identity_source_review_required,candidate_layer_only_no_asset_write,not_approved,"Official public NWSL roster metadata only; no image download, no approval, no renderer enablement."
nwsl::Football_Player::c24469a7791a4b01afa7570b75bc4fa9,nwsl,angel_city_fc,Sophia Mattice,opta:Player:atvo1d7070tccvlbi8x5rakno,https://www.nwslsoccer.com/teams/9587b8ce40624165903b6bc9fd252634/angel-city-fc/roster,Active,identity_source_review_required,candidate_layer_only_no_asset_write,not_approved,"Official public NWSL roster metadata only; no image download, no approval, no renderer enablement."
nwsl::Football_Player::505cd006e0f24c0b8f03372edd6e033d,nwsl,angel_city_fc,Sveindís Jónsdóttir,opta:Player:9vgflgmrmvq8i95t3n70sur55,https://www.nwslsoccer.com/teams/9587b8ce40624165903b6bc9fd252634/angel-city-fc/roster,Active,identity_source_review_required,candidate_layer_only_no_asset_write,not_approved,"Official public NWSL roster metadata only; no image download, no approval, no renderer enablement."
nwsl::Football_Player::8e0a1b9a4d43469b86adca8d94f57496,nwsl,angel_city_fc,Sydney Leroux,opta:Player:4c3ul31a4mf94cclrayr43g7p,https://www.nwslsoccer.com/teams/9587b8ce40624165903b6bc9fd252634/angel-city-fc/roster,Active,identity_source_review_required,candidate_layer_only_no_asset_write,not_approved,"Official public NWSL roster metadata only; no image download, no approval, no renderer enablement."
nwsl::Football_Player::cbb95e0c05e942a7a4f2f0907da9d2fc,nwsl,angel_city_fc,Taylor Suarez,opta:Player:6ftqiwxvuzbs2s9ctll81kb2s,https://www.nwslsoccer.com/teams/9587b8ce40624165903b6bc9fd252634/angel-city-fc/roster,Active,identity_source_review_required,candidate_layer_only_no_asset_write,not_approved,"Official public NWSL roster metadata only; no image download, no approval, no renderer enablement."
nwsl::Football_Player::1a484328c45c46be9c0591b43aa838a9,nwsl,bay_fc,Abby Dahlkemper,opta:Player:6fl1ruianufxk3wj1cx8rrphx,https://www.nwslsoccer.com/teams/19674698cec24f53af8866cd21abaf8f/bay-fc/roster,Active,identity_source_review_required,candidate_layer_only_no_asset_write,not_approved,"Official public NWSL roster metadata only; no image download, no approval, no renderer enablement."
nwsl::Football_Player::22261c24359f46599769f406a32e5d23,nwsl,bay_fc,Aldana Cometti,opta:Player:z2pihtvpr5ei4ip9z9jtqn6x,https://www.nwslsoccer.com/teams/19674698cec24f53af8866cd21abaf8f/bay-fc/roster,Active,identity_source_review_required,candidate_layer_only_no_asset_write,not_approved,"Official public NWSL roster metadata only; no image download, no approval, no renderer enablement."
nwsl::Football_Player::e430381cd0da42f193b7801fc9f23009,nwsl,bay_fc,Alex Pfeiffer,opta:Player:3m2dbl8f5fu9h2sd7cte1bqxg,https://www.nwslsoccer.com/teams/19674698cec24f53af8866cd21abaf8f/bay-fc/roster,Active,identity_source_review_required,candidate_layer_only_no_asset_write,not_approved,"Official public NWSL roster metadata only; no image download, no approval, no renderer enablement."
nwsl::Football_Player::0647eef6fb274236a6776c40e84d6eb3,nwsl,bay_fc,Alyssa Malonson,opta:Player:58ggl2oa2ucyrv91ofv44ump6,https://www.nwslsoccer.com/teams/19674698cec24f53af8866cd21abaf8f/bay-fc/roster,Active,identity_source_review_required,candidate_layer_only_no_asset_write,not_approved,"Official public NWSL roster metadata only; no image download, no approval, no renderer enablement."
nwsl::Football_Player::dead86b2fe8a4adc8ff4fb12d9111944,nwsl,bay_fc,Anouk Denton,opta:Player:f1xb9y38jfjmrhgv22svv9sa2,https://www.nwslsoccer.com/teams/19674698cec24f53af8866cd21abaf8f/bay-fc/roster,Active,identity_source_review_required,candidate_layer_only_no_asset_write,not_approved,"Official public NWSL roster metadata only; no image download, no approval, no renderer enablement."
nwsl::Football_Player::cee456c338e246a08218cf350ed0ba50,nwsl,bay_fc,Brooklyn Courtnall,opta:Player:54baezi0oivpmiz91y7bj3zmc,https://www.nwslsoccer.com/teams/19674698cec24f53af8866cd21abaf8f/bay-fc/roster,Active,identity_source_review_required,candidate_layer_only_no_asset_write,not_approved,"Official public NWSL roster metadata only; no image download, no approval, no renderer enablement."
nwsl::Football_Player::b1c0273cecaa43fa8d7e11f8a1f3a771,nwsl,bay_fc,Camryn Miller,opta:Player:cdrea0bhjm9l8vtwdg82kpv6c,https://www.nwslsoccer.com/teams/19674698cec24f53af8866cd21abaf8f/bay-fc/roster,Active,identity_source_review_required,candidate_layer_only_no_asset_write,not_approved,"Official public NWSL roster metadata only; no image download, no approval, no renderer enablement."
nwsl::Football_Player::259bb40fadfb464c8402cc186f30b85d,nwsl,bay_fc,Caprice Dydasco,opta:Player:6fs7fjwxqpkgzosbb8364d4np,https://www.nwslsoccer.com/teams/19674698cec24f53af8866cd21abaf8f/bay-fc/roster,Active,identity_source_review_required,candidate_layer_only_no_asset_write,not_approved,"Official public NWSL roster metadata only; no image download, no approval, no renderer enablement."
nwsl::Football_Player::fc271855025e4ff3a5bb2ff67c569709,nwsl,bay_fc,Caroline Conti,opta:Player:5zq8rn70v25d2bzfot40w07is,https://www.nwslsoccer.com/teams/19674698cec24f53af8866cd21abaf8f/bay-fc/roster,Active,identity_source_review_required,candidate_layer_only_no_asset_write,not_approved,"Official public NWSL roster metadata only; no image download, no approval, no renderer enablement."
nwsl::Football_Player::51d52da9f6724e00a97ec29e7fe459dc,nwsl,bay_fc,Claire Hutton,opta:Player:6hyf258ii56nw917w0b4ekob8,https://www.nwslsoccer.com/teams/19674698cec24f53af8866cd21abaf8f/bay-fc/roster,Active,identity_source_review_required,candidate_layer_only_no_asset_write,not_approved,"Official public NWSL roster metadata only; no image download, no approval, no renderer enablement."
nwsl::Football_Player::302019e51dc048ab8fba8c2e3bb54dd1,nwsl,bay_fc,Cristiana Girelli,opta:Player:8f64tianoo4mc7t1lyz6acqtx,https://www.nwslsoccer.com/teams/19674698cec24f53af8866cd21abaf8f/bay-fc/roster,Active,identity_source_review_required,candidate_layer_only_no_asset_write,not_approved,"Official public NWSL roster metadata only; no image download, no approval, no renderer enablement."
nwsl::Football_Player::fa5ea5a9ad7d4694b932641bbe257de1,nwsl,bay_fc,Dorian Bailey,opta:Player:1ftms6bue2ezs3khsimk9sep6,https://www.nwslsoccer.com/teams/19674698cec24f53af8866cd21abaf8f/bay-fc/roster,Active,identity_source_review_required,candidate_layer_only_no_asset_write,not_approved,"Official public NWSL roster metadata only; no image download, no approval, no renderer enablement."
nwsl::Football_Player::77bd41e2c3954f40bc52b5efe805f890,nwsl,bay_fc,Emily Menges,opta:Player:5zwpytehpeosi3sfckvkuy3md,https://www.nwslsoccer.com/teams/19674698cec24f53af8866cd21abaf8f/bay-fc/roster,Active,identity_source_review_required,candidate_layer_only_no_asset_write,not_approved,"Official public NWSL roster metadata only; no image download, no approval, no renderer enablement."
nwsl::Football_Player::963846c568d34a539e360dcd93046ebd,nwsl,bay_fc,Emmie Allen,opta:Player:4yor5z7hocccrrs0p85jf179w,https://www.nwslsoccer.com/teams/19674698cec24f53af8866cd21abaf8f/bay-fc/roster,Active,identity_source_review_required,candidate_layer_only_no_asset_write,not_approved,"Official public NWSL roster metadata only; no image download, no approval, no renderer enablement."
nwsl::Football_Player::300fc21c88214cf191d546d1cf81d8ec,nwsl,bay_fc,Hannah Bebar,opta:Player:doowl2ugqjktazdorwia5kx9m,https://www.nwslsoccer.com/teams/19674698cec24f53af8866cd21abaf8f/bay-fc/roster,Active,identity_source_review_required,candidate_layer_only_no_asset_write,not_approved,"Official public NWSL roster metadata only; no image download, no approval, no renderer enablement."
nwsl::Football_Player::14d51f851eb543098599ef6686e97609,nwsl,bay_fc,Heather Gilchrist,opta:Player:ekpfdb0rubpeoao050szbyo7o,https://www.nwslsoccer.com/teams/19674698cec24f53af8866cd21abaf8f/bay-fc/roster,Active,identity_source_review_required,candidate_layer_only_no_asset_write,not_approved,"Official public NWSL roster metadata only; no image download, no approval, no renderer enablement."
nwsl::Football_Player::31cb57cb8de1443d99cb20793354f1fe,nwsl,bay_fc,Jamie Shepherd,opta:Player:3h9iwb3ufzzbr5137qg7whses,https://www.nwslsoccer.com/teams/19674698cec24f53af8866cd21abaf8f/bay-fc/roster,Active,identity_source_review_required,candidate_layer_only_no_asset_write,not_approved,"Official public NWSL roster metadata only; no image download, no approval, no renderer enablement."
nwsl::Football_Player::dd0a7a6f7ee5446e9ef8c0a20ed56e97,nwsl,bay_fc,Joelle Anderson,opta:Player:ajm2otiy72xcni5pbtu1259n8,https://www.nwslsoccer.com/teams/19674698cec24f53af8866cd21abaf8f/bay-fc/roster,Active,identity_source_review_required,candidate_layer_only_no_asset_write,not_approved,"Official public NWSL roster metadata only; no image download, no approval, no renderer enablement."
nwsl::Football_Player::7faa87293bb743178194507021b7f326,nwsl,bay_fc,Jordan Brewster,opta:Player:2lyemolpxnfj8hbv9lcywynai,https://www.nwslsoccer.com/teams/19674698cec24f53af8866cd21abaf8f/bay-fc/roster,Left Team,identity_source_review_required,candidate_layer_only_no_asset_write,not_approved,"Official public NWSL roster metadata only; no image download, no approval, no renderer enablement."
nwsl::Football_Player::3a05f90ee4774e9e9cc460fef290f3c4,nwsl,bay_fc,Jordan Silkowitz,opta:Player:1un4vc8t0zr8kh3u9ggug3i1g,https://www.nwslsoccer.com/teams/19674698cec24f53af8866cd21abaf8f/bay-fc/roster,Active,identity_source_review_required,candidate_layer_only_no_asset_write,not_approved,"Official public NWSL roster metadata only; no image download, no approval, no renderer enablement."
nwsl::Football_Player::c9e1f316ddb24fa680b4806d95e707c6,nwsl,bay_fc,Karlie Lema,opta:Player:iwbi7wnz7xl9dtiqrg0ka6ay,https://www.nwslsoccer.com/teams/19674698cec24f53af8866cd21abaf8f/bay-fc/roster,Active,identity_source_review_required,candidate_layer_only_no_asset_write,not_approved,"Official public NWSL roster metadata only; no image download, no approval, no renderer enablement."
nwsl::Football_Player::dcc2564e748442b7a956fa4f8056ba87,nwsl,bay_fc,Keira Barry,opta:Player:bamecc5g588tcqcq0ymsrgtuc,https://www.nwslsoccer.com/teams/19674698cec24f53af8866cd21abaf8f/bay-fc/roster,Active,identity_source_review_required,candidate_layer_only_no_asset_write,not_approved,"Official public NWSL roster metadata only; no image download, no approval, no renderer enablement."
nwsl::Football_Player::f9aafcad554041328a5420822e10d5a0,nwsl,bay_fc,Kelli Hubly,opta:Player:4j9un8594hl9gezwkdeafnbsa,https://www.nwslsoccer.com/teams/19674698cec24f53af8866cd21abaf8f/bay-fc/roster,Active,identity_source_review_required,candidate_layer_only_no_asset_write,not_approved,"Official public NWSL roster metadata only; no image download, no approval, no renderer enablement."
nwsl::Football_Player::d05274ce6faa42d48bec0325f29568e2,nwsl,bay_fc,Kennedy Fuller,opta:Player:as9gd28disfeeiiqxn7gjvg2c,https://www.nwslsoccer.com/teams/19674698cec24f53af8866cd21abaf8f/bay-fc/roster,Left Team,identity_source_review_required,candidate_layer_only_no_asset_write,not_approved,"Official public NWSL roster metadata only; no image download, no approval, no renderer enablement."
nwsl::Football_Player::4b281c71242c4738abb687a332286be0,nwsl,bay_fc,Maddie Moreau,opta:Player:d5sinj3fevgaqcgwhtfno836c,https://www.nwslsoccer.com/teams/19674698cec24f53af8866cd21abaf8f/bay-fc/roster,Active,identity_source_review_required,candidate_layer_only_no_asset_write,not_approved,"Official public NWSL roster metadata only; no image download, no approval, no renderer enablement."
nwsl::Football_Player::b66f7bcff55c49fcbadd2bd156e62c4f,nwsl,bay_fc,Onyeka Gamero,opta:Player:dqlf8zcw7pgs9tg3lj0p91w5w,https://www.nwslsoccer.com/teams/19674698cec24f53af8866cd21abaf8f/bay-fc/roster,Active,identity_source_review_required,candidate_layer_only_no_asset_write,not_approved,"Official public NWSL roster metadata only; no image download, no approval, no renderer enablement."
nwsl::Football_Player::06897a454ecd4389a815a64dfb95ba2d,nwsl,bay_fc,Racheal Kundananji,opta:Player:a88r8d1jd5r928pvskginyiqy,https://www.nwslsoccer.com/teams/19674698cec24f53af8866cd21abaf8f/bay-fc/roster,Active,identity_source_review_required,candidate_layer_only_no_asset_write,not_approved,"Official public NWSL roster metadata only; no image download, no approval, no renderer enablement."
nwsl::Football_Player::4ad3b3ad9d90407181d76c98bb47e17a,nwsl,bay_fc,Sydney Collins,opta:Player:8rk69xuh6gxq5fjfoh4f5lst0,https://www.nwslsoccer.com/teams/19674698cec24f53af8866cd21abaf8f/bay-fc/roster,Active,identity_source_review_required,candidate_layer_only_no_asset_write,not_approved,"Official public NWSL roster metadata only; no image download, no approval, no renderer enablement."
nwsl::Football_Player::fe7346f5616c46bb935320ed272de297,nwsl,bay_fc,Taylor Huff,opta:Player:atcv5kiq1ez04nvfbrh9xhh5g,https://www.nwslsoccer.com/teams/19674698cec24f53af8866cd21abaf8f/bay-fc/roster,Active,identity_source_review_required,candidate_layer_only_no_asset_write,not_approved,"Official public NWSL roster metadata only; no image download, no approval, no renderer enablement."
nwsl::Football_Player::ad338528a3ad42769bc70668109da114,nwsl,bay_fc,Tess Boade,opta:Player:bzn9r2st3lrb74jbrnosv75ec,https://www.nwslsoccer.com/teams/19674698cec24f53af8866cd21abaf8f/bay-fc/roster,Active,identity_source_review_required,candidate_layer_only_no_asset_write,not_approved,"Official public NWSL roster metadata only; no image download, no approval, no renderer enablement."
nwsl::Football_Player::38925931e59c4bb6ac8e7965e81ab06d,nwsl,boston_legacy_fc,Alba Caño,opta:Player:8lfuad4dzzlpr0lwp29b2hfdg,https://www.nwslsoccer.com/teams/d2d8efe548734dfd8bc667b5a52a079a/boston-legacy-fc/roster,Active,identity_source_review_required,candidate_layer_only_no_asset_write,not_approved,"Official public NWSL roster metadata only; no image download, no approval, no renderer enablement."
nwsl::Football_Player::e9e4589be89b4dc4a5da3df021cffc4b,nwsl,boston_legacy_fc,Aleigh Gambone,opta:Player:au47n9q997wysvfhe7jxrstbe,https://www.nwslsoccer.com/teams/d2d8efe548734dfd8bc667b5a52a079a/boston-legacy-fc/roster,Active,identity_source_review_required,candidate_layer_only_no_asset_write,not_approved,"Official public NWSL roster metadata only; no image download, no approval, no renderer enablement."
nwsl::Football_Player::a0afe0dd22bc4b4eb895446288d523c8,nwsl,boston_legacy_fc,Amanda Allen,opta:Player:a79iaz3p6ag1g6qx8ws1y8ff8,https://www.nwslsoccer.com/teams/d2d8efe548734dfd8bc667b5a52a079a/boston-legacy-fc/roster,Active,identity_source_review_required,candidate_layer_only_no_asset_write,not_approved,"Official public NWSL roster metadata only; no image download, no approval, no renderer enablement."
nwsl::Football_Player::7afe6ac6ae40499b833a0d383c0f47b1,nwsl,boston_legacy_fc,Amanda Gutierres dos Santos,opta:Player:bc1b4tkrsx8xsdqtoj198tg16,https://www.nwslsoccer.com/teams/d2d8efe548734dfd8bc667b5a52a079a/boston-legacy-fc/roster,Active,identity_source_review_required,candidate_layer_only_no_asset_write,not_approved,"Official public NWSL roster metadata only; no image download, no approval, no renderer enablement."
nwsl::Football_Player::c35a5a4c76924bb9a960c3c64dcc8f02,nwsl,boston_legacy_fc,Andressa Karolaine Freire Gomes Ferreira,opta:Player:1q590mud86ewzkizrtirrtduy,https://www.nwslsoccer.com/teams/d2d8efe548734dfd8bc667b5a52a079a/boston-legacy-fc/roster,Active,identity_source_review_required,candidate_layer_only_no_asset_write,not_approved,"Official public NWSL roster metadata only; no image download, no approval, no renderer enablement."
nwsl::Football_Player::6d53483ebf1e436d96c8edacb96a8cca,nwsl,boston_legacy_fc,Annie Karich,opta:Player:7r2jzoz6ulx8825h4hh3la0kq,https://www.nwslsoccer.com/teams/d2d8efe548734dfd8bc667b5a52a079a/boston-legacy-fc/roster,Active,identity_source_review_required,candidate_layer_only_no_asset_write,not_approved,"Official public NWSL roster metadata only; no image download, no approval, no renderer enablement."
nwsl::Football_Player::463e97cd35e944de9f49f54da30fd8c7,nwsl,boston_legacy_fc,Aïssata Traoré,opta:Player:5vvgnuyaxp4x7hvzmgkku3pm2,https://www.nwslsoccer.com/teams/d2d8efe548734dfd8bc667b5a52a079a/boston-legacy-fc/roster,Active,identity_source_review_required,candidate_layer_only_no_asset_write,not_approved,"Official public NWSL roster metadata only; no image download, no approval, no renderer enablement."
nwsl::Football_Player::fbe120b3952b43e4a95a632f285ffe38,nwsl,boston_legacy_fc,Barbara Olivieri,opta:Player:95tl8tonvm6czhwzd6i5ep756,https://www.nwslsoccer.com/teams/d2d8efe548734dfd8bc667b5a52a079a/boston-legacy-fc/roster,Active,identity_source_review_required,candidate_layer_only_no_asset_write,not_approved,"Official public NWSL roster metadata only; no image download, no approval, no renderer enablement."
nwsl::Football_Player::0d2b0629ed6b43b8ae5e01f2d88fa515,nwsl,boston_legacy_fc,Bianca St-Georges,opta:Player:ejnchs99plocbhm7txy6r3s9h,https://www.nwslsoccer.com/teams/d2d8efe548734dfd8bc667b5a52a079a/boston-legacy-fc/roster,Active,identity_source_review_required,candidate_layer_only_no_asset_write,not_approved,"Official public NWSL roster metadata only; no image download, no approval, no renderer enablement."
nwsl::Football_Player::572ca1acdb37419a843dafa8e828be66,nwsl,boston_legacy_fc,Casey Murphy,opta:Player:3qj9t05behkav9okd8n2wywh5,https://www.nwslsoccer.com/teams/d2d8efe548734dfd8bc667b5a52a079a/boston-legacy-fc/roster,Active,identity_source_review_required,candidate_layer_only_no_asset_write,not_approved,"Official public NWSL roster metadata only; no image download, no approval, no renderer enablement."
nwsl::Football_Player::15908c182dd94c57ae45736055f42e68,nwsl,boston_legacy_fc,Chloe Ricketts,opta:Player:as2gs38ai4i235sz36rmvpa1g,https://www.nwslsoccer.com/teams/d2d8efe548734dfd8bc667b5a52a079a/boston-legacy-fc/roster,Active,identity_source_review_required,candidate_layer_only_no_asset_write,not_approved,"Official public NWSL roster metadata only; no image download, no approval, no renderer enablement."
nwsl::Football_Player::f0b65e91132d452792a90bd80e377f0f,nwsl,boston_legacy_fc,Ella Stevens,opta:Player:4e2l88qfahs0ey4urydb96e7e,https://www.nwslsoccer.com/teams/d2d8efe548734dfd8bc667b5a52a079a/boston-legacy-fc/roster,Active,identity_source_review_required,candidate_layer_only_no_asset_write,not_approved,"Official public NWSL roster metadata only; no image download, no approval, no renderer enablement."
nwsl::Football_Player::c8daea44150e40579e2c46716e16246e,nwsl,boston_legacy_fc,Emerson Elgin,opta:Player:9yoa6ehqan7po2q49famrk4d0,https://www.nwslsoccer.com/teams/d2d8efe548734dfd8bc667b5a52a079a/boston-legacy-fc/roster,Active,identity_source_review_required,candidate_layer_only_no_asset_write,not_approved,"Official public NWSL roster metadata only; no image download, no approval, no renderer enablement."
nwsl::Football_Player::a1cb8dfb75ce4a89bdfe350de18b0410,nwsl,boston_legacy_fc,Fauzia Najjemba,opta:Player:25tx5w4piygeti5vzv2tz7ggk,https://www.nwslsoccer.com/teams/d2d8efe548734dfd8bc667b5a52a079a/boston-legacy-fc/roster,Active,identity_source_review_required,candidate_layer_only_no_asset_write,not_approved,"Official public NWSL roster metadata only; no image download, no approval, no renderer enablement."
nwsl::Football_Player::2dd5ec59c3f2437889edf68c10fad31e,nwsl,boston_legacy_fc,Hannah Stambaugh,opta:Player:e2cviaurp66ntp52needonka2,https://www.nwslsoccer.com/teams/d2d8efe548734dfd8bc667b5a52a079a/boston-legacy-fc/roster,Active,identity_source_review_required,candidate_layer_only_no_asset_write,not_approved,"Official public NWSL roster metadata only; no image download, no approval, no renderer enablement."
nwsl::Football_Player::5b3b23196eed4d9f900e4f3ab4d7113d,nwsl,boston_legacy_fc,Jorelyn Carabalí,opta:Player:dld1dfaxrkcje24pmw72odzpw,https://www.nwslsoccer.com/teams/d2d8efe548734dfd8bc667b5a52a079a/boston-legacy-fc/roster,Active,identity_source_review_required,candidate_layer_only_no_asset_write,not_approved,"Official public NWSL roster metadata only; no image download, no approval, no renderer enablement."
nwsl::Football_Player::d554da063af949d9b11787c4c83bf7fc,nwsl,boston_legacy_fc,Josefine Hasbo,opta:Player:96uam5me1x7vlrlhra84v0vzd,https://www.nwslsoccer.com/teams/d2d8efe548734dfd8bc667b5a52a079a/boston-legacy-fc/roster,Active,identity_source_review_required,candidate_layer_only_no_asset_write,not_approved,"Official public NWSL roster metadata only; no image download, no approval, no renderer enablement."
nwsl::Football_Player::16b5740bf4ff4fe1ae57b082ef35b27a,nwsl,boston_legacy_fc,Laurel Ansbrow,opta:Player:2octq5d2p5klq82zqlllco6c4,https://www.nwslsoccer.com/teams/d2d8efe548734dfd8bc667b5a52a079a/boston-legacy-fc/roster,Active,identity_source_review_required,candidate_layer_only_no_asset_write,not_approved,"Official public NWSL roster metadata only; no image download, no approval, no renderer enablement."
nwsl::Football_Player::3f534dc858514b2580d31c23e0241f37,nwsl,boston_legacy_fc,Laurel Ivory,opta:Player:46r9yf1huh29ri0sbx0yum6ll,https://www.nwslsoccer.com/teams/d2d8efe548734dfd8bc667b5a52a079a/boston-legacy-fc/roster,Active,identity_source_review_required,candidate_layer_only_no_asset_write,not_approved,"Official public NWSL roster metadata only; no image download, no approval, no renderer enablement."
nwsl::Football_Player::d0996c9d85fe48cfad90d75fbc26be45,nwsl,boston_legacy_fc,Laís dos Santos Araújo,opta:Player:5x0tdccu577fvluyzh839zwlx,https://www.nwslsoccer.com/teams/d2d8efe548734dfd8bc667b5a52a079a/boston-legacy-fc/roster,Active,identity_source_review_required,candidate_layer_only_no_asset_write,not_approved,"Official public NWSL roster metadata only; no image download, no approval, no renderer enablement."
nwsl::Football_Player::8c0148936e98403ca045b722790deea0,nwsl,boston_legacy_fc,Lilly Reale,opta:Player:c6amo9ni4dou63jjan993dht6,https://www.nwslsoccer.com/teams/d2d8efe548734dfd8bc667b5a52a079a/boston-legacy-fc/roster,Active,identity_source_review_required,candidate_layer_only_no_asset_write,not_approved,"Official public NWSL roster metadata only; no image download, no approval, no renderer enablement."
nwsl::Football_Player::a58cdc45fc0448a28cbd965d9601aaf7,nwsl,boston_legacy_fc,Nichelle Prince,opta:Player:516s5q2n1hop56c1768x0jbh1,https://www.nwslsoccer.com/teams/d2d8efe548734dfd8bc667b5a52a079a/boston-legacy-fc/roster,Active,identity_source_review_required,candidate_layer_only_no_asset_write,not_approved,"Official public NWSL roster metadata only; no image download, no approval, no renderer enablement."
nwsl::Football_Player::d3f96dfb6d4a416694444e80657ead00,nwsl,boston_legacy_fc,Nicolette Hernández,opta:Player:1s91u7ifljohsjikqqhqci9sk,https://www.nwslsoccer.com/teams/d2d8efe548734dfd8bc667b5a52a079a/boston-legacy-fc/roster,Active,identity_source_review_required,candidate_layer_only_no_asset_write,not_approved,"Official public NWSL roster metadata only; no image download, no approval, no renderer enablement."
nwsl::Football_Player::23ad319baa72463cbb6e646de021b507,nwsl,boston_legacy_fc,Sam Cary Angel,opta:Player:1fupp4fzx28kvln7xziqkahd6,https://www.nwslsoccer.com/teams/d2d8efe548734dfd8bc667b5a52a079a/boston-legacy-fc/roster,Active,identity_source_review_required,candidate_layer_only_no_asset_write,not_approved,"Official public NWSL roster metadata only; no image download, no approval, no renderer enablement."
nwsl::Football_Player::80072c037c734d7eb4b7401b29bd575d,nwsl,boston_legacy_fc,Sammy Smith,opta:Player:ebmi6810g5y5w9fzin7m3gavo,https://www.nwslsoccer.com/teams/d2d8efe548734dfd8bc667b5a52a079a/boston-legacy-fc/roster,Active,identity_source_review_required,candidate_layer_only_no_asset_write,not_approved,"Official public NWSL roster metadata only; no image download, no approval, no renderer enablement."
nwsl::Football_Player::dc141c8f287a4bb48a803a250ba1fe3a,nwsl,boston_legacy_fc,Sophia Lowenberg,opta:Player:4d8qvj1c824xw2kj5dnax6x3o,https://www.nwslsoccer.com/teams/d2d8efe548734dfd8bc667b5a52a079a/boston-legacy-fc/roster,Active,identity_source_review_required,candidate_layer_only_no_asset_write,not_approved,"Official public NWSL roster metadata only; no image download, no approval, no renderer enablement."
nwsl::Football_Player::45bf406d7ed24ab3bb75e6e7ead8721c,nwsl,chicago_stars_fc,Aaliyah Farmer,opta:Player:9xgsn7n84rjcm7ysyf6jktct0,https://www.nwslsoccer.com/teams/269e825b853f4b43a9d38390aa92bf6e/chicago-stars-fc/roster,Active,identity_source_review_required,candidate_layer_only_no_asset_write,not_approved,"Official public NWSL roster metadata only; no image download, no approval, no renderer enablement."
nwsl::Football_Player::57fe0d4b80e74d1fa6fc56aab0db25ad,nwsl,chicago_stars_fc,Alyssa Naeher,opta:Player:cbhcuvuqi3gxgln6n463vz9at,https://www.nwslsoccer.com/teams/269e825b853f4b43a9d38390aa92bf6e/chicago-stars-fc/roster,Active,identity_source_review_required,candidate_layer_only_no_asset_write,not_approved,"Official public NWSL roster metadata only; no image download, no approval, no renderer enablement."
nwsl::Football_Player::84e65c9b042d400492b5088a8f3d3c6a,nwsl,chicago_stars_fc,Bea Franklin,opta:Player:a652ucv412tcgm98cx2ri6psk,https://www.nwslsoccer.com/teams/269e825b853f4b43a9d38390aa92bf6e/chicago-stars-fc/roster,Active,identity_source_review_required,candidate_layer_only_no_asset_write,not_approved,"Official public NWSL roster metadata only; no image download, no approval, no renderer enablement."
nwsl::Football_Player::336dc7bf1e5642c1a7a4a9fd8973f2a9,nwsl,chicago_stars_fc,Brianna Pinto,opta:Player:54ieoaegysojsey2jmqtr9ucp,https://www.nwslsoccer.com/teams/269e825b853f4b43a9d38390aa92bf6e/chicago-stars-fc/roster,Active,identity_source_review_required,candidate_layer_only_no_asset_write,not_approved,"Official public NWSL roster metadata only; no image download, no approval, no renderer enablement."
nwsl::Football_Player::241e9862359f42fc9434c287d7d231b0,nwsl,chicago_stars_fc,Elise Evans,opta:Player:a5qubtmh1hjex557m8mjqas16,https://www.nwslsoccer.com/teams/269e825b853f4b43a9d38390aa92bf6e/chicago-stars-fc/roster,Active,identity_source_review_required,candidate_layer_only_no_asset_write,not_approved,"Official public NWSL roster metadata only; no image download, no approval, no renderer enablement."
nwsl::Football_Player::c1760c43c4464a9fa620e630b2e55842,nwsl,chicago_stars_fc,Emma Egizii,opta:Player:du3gffi42u5vm5zpzcubn4h2i,https://www.nwslsoccer.com/teams/269e825b853f4b43a9d38390aa92bf6e/chicago-stars-fc/roster,Active,identity_source_review_required,candidate_layer_only_no_asset_write,not_approved,"Official public NWSL roster metadata only; no image download, no approval, no renderer enablement."
nwsl::Football_Player::8fff0be5941647158bce3fa7fc4a0cdd,nwsl,chicago_stars_fc,Halle Mackiewicz,opta:Player:20qmwwdxbdp6ade3j9lssbvxm,https://www.nwslsoccer.com/teams/269e825b853f4b43a9d38390aa92bf6e/chicago-stars-fc/roster,Active,identity_source_review_required,candidate_layer_only_no_asset_write,not_approved,"Official public NWSL roster metadata only; no image download, no approval, no renderer enablement."
nwsl::Football_Player::03ef0251e6f546d09c0a41a5c52ce7b0,nwsl,chicago_stars_fc,Ivonne Chacón,opta:Player:1533xkmkmi8rpb6yoa8807xn8,https://www.nwslsoccer.com/teams/269e825b853f4b43a9d38390aa92bf6e/chicago-stars-fc/roster,Active,identity_source_review_required,candidate_layer_only_no_asset_write,not_approved,"Official public NWSL roster metadata only; no image download, no approval, no renderer enablement."
nwsl::Football_Player::ca64614f15f447ffbad8df1731cf8af9,nwsl,chicago_stars_fc,Jameese Joseph,opta:Player:83fvamzyuhfbgp5j1bn0n0650,https://www.nwslsoccer.com/teams/269e825b853f4b43a9d38390aa92bf6e/chicago-stars-fc/roster,Active,identity_source_review_required,candidate_layer_only_no_asset_write,not_approved,"Official public NWSL roster metadata only; no image download, no approval, no renderer enablement."
nwsl::Football_Player::badbf997458d485caabfecfba5bb76f1,nwsl,chicago_stars_fc,Jenna Bike,opta:Player:8v62hppzsz2yonw60h9910iga,https://www.nwslsoccer.com/teams/269e825b853f4b43a9d38390aa92bf6e/chicago-stars-fc/roster,Active,identity_source_review_required,candidate_layer_only_no_asset_write,not_approved,"Official public NWSL roster metadata only; no image download, no approval, no renderer enablement."
nwsl::Football_Player::72af8c4018b84dad9a4148ff1f920398,nwsl,chicago_stars_fc,Jordyn Huitema,opta:Player:78i4mxu4hxwp995udteweftgp,https://www.nwslsoccer.com/teams/269e825b853f4b43a9d38390aa92bf6e/chicago-stars-fc/roster,Active,identity_source_review_required,candidate_layer_only_no_asset_write,not_approved,"Official public NWSL roster metadata only; no image download, no approval, no renderer enablement."
nwsl::Football_Player::920f2b3f71554778a0f38f3ada7405ad,nwsl,chicago_stars_fc,Julia Grosso,opta:Player:6alny8atonddyhmltw3dgo1d5,https://www.nwslsoccer.com/teams/269e825b853f4b43a9d38390aa92bf6e/chicago-stars-fc/roster,Active,identity_source_review_required,candidate_layer_only_no_asset_write,not_approved,"Official public NWSL roster metadata only; no image download, no approval, no renderer enablement."
nwsl::Football_Player::8e4ef1a9758b4eea8d00aa2fd5abc101,nwsl,chicago_stars_fc,Kathrin Hendrich,opta:Player:eyx4psuhprqtodl08iimdwb11,https://www.nwslsoccer.com/teams/269e825b853f4b43a9d38390aa92bf6e/chicago-stars-fc/roster,Active,identity_source_review_required,candidate_layer_only_no_asset_write,not_approved,"Official public NWSL roster metadata only; no image download, no approval, no renderer enablement."
nwsl::Football_Player::7cf959e060cf44b9afda98c1b3c893d9,nwsl,chicago_stars_fc,Katie Atkinson,opta:Player:2e8med2swmjdv0uck4hmz4s4q,https://www.nwslsoccer.com/teams/269e825b853f4b43a9d38390aa92bf6e/chicago-stars-fc/roster,Active,identity_source_review_required,candidate_layer_only_no_asset_write,not_approved,"Official public NWSL roster metadata only; no image download, no approval, no renderer enablement."
nwsl::Football_Player::bebc6af83c4342a38467774e2d6603ca,nwsl,chicago_stars_fc,Leilanni Nesbeth,opta:Player:3i1tb812znsp7f2sbg7bcet0q,https://www.nwslsoccer.com/teams/269e825b853f4b43a9d38390aa92bf6e/chicago-stars-fc/roster,Active,identity_source_review_required,candidate_layer_only_no_asset_write,not_approved,"Official public NWSL roster metadata only; no image download, no approval, no renderer enablement."
nwsl::Football_Player::fb71a19cd7524e63bdb58f0686fbd97e,nwsl,chicago_stars_fc,Maitane López,opta:Player:daze51b5849zsk2aqvgmkkbth,https://www.nwslsoccer.com/teams/269e825b853f4b43a9d38390aa92bf6e/chicago-stars-fc/roster,Active,identity_source_review_required,candidate_layer_only_no_asset_write,not_approved,"Official public NWSL roster metadata only; no image download, no approval, no renderer enablement."
nwsl::Football_Player::d7d29fcbb1374eb4bda584df8d928547,nwsl,chicago_stars_fc,Mallory Swanson,opta:Player:dkk9sopglpjgnopxcxkn65gid,https://www.nwslsoccer.com/teams/269e825b853f4b43a9d38390aa92bf6e/chicago-stars-fc/roster,Active,identity_source_review_required,candidate_layer_only_no_asset_write,not_approved,"Official public NWSL roster metadata only; no image download, no approval, no renderer enablement."
nwsl::Football_Player::13f55375d4344a56ab4ae19e39d9342d,nwsl,chicago_stars_fc,Manaka Hayashi,opta:Player:56jjwfa02gep01vggqojvfbe2,https://www.nwslsoccer.com/teams/269e825b853f4b43a9d38390aa92bf6e/chicago-stars-fc/roster,Active,identity_source_review_required,candidate_layer_only_no_asset_write,not_approved,"Official public NWSL roster metadata only; no image download, no approval, no renderer enablement."
nwsl::Football_Player::63da20737e074579b1383973fc24c6a1,nwsl,chicago_stars_fc,Micayla Johnson,opta:Player:5fyfbevwr4aisqn4969aripsk,https://www.nwslsoccer.com/teams/269e825b853f4b43a9d38390aa92bf6e/chicago-stars-fc/roster,Active,identity_source_review_required,candidate_layer_only_no_asset_write,not_approved,"Official public NWSL roster metadata only; no image download, no approval, no renderer enablement."
nwsl::Football_Player::8772001989134074a48629a1110d6b62,nwsl,chicago_stars_fc,Michelle Alozie,opta:Player:edwr7f7jwnxm1plk91fx8hfro,https://www.nwslsoccer.com/teams/269e825b853f4b43a9d38390aa92bf6e/chicago-stars-fc/roster,Active,identity_source_review_required,candidate_layer_only_no_asset_write,not_approved,"Official public NWSL roster metadata only; no image download, no approval, no renderer enablement."
nwsl::Football_Player::78fe6058bc1049be9f905c1d7b109833,nwsl,chicago_stars_fc,Natalia Kuikka,opta:Player:v0k2w41tlj0elpj7nrw68onp,https://www.nwslsoccer.com/teams/269e825b853f4b43a9d38390aa92bf6e/chicago-stars-fc/roster,Active,identity_source_review_required,candidate_layer_only_no_asset_write,not_approved,"Official public NWSL roster metadata only; no image download, no approval, no renderer enablement."
nwsl::Football_Player::0fd2f43637c941a58f9944a3f2649538,nwsl,chicago_stars_fc,Nádia Filipa Gomes Coelho,opta:Player:39jb2vzpuxxfhrr0px7tlk991,https://www.nwslsoccer.com/teams/269e825b853f4b43a9d38390aa92bf6e/chicago-stars-fc/roster,Active,identity_source_review_required,candidate_layer_only_no_asset_write,not_approved,"Official public NWSL roster metadata only; no image download, no approval, no renderer enablement."
nwsl::Football_Player::676004a629cb4668972a79f81ed48f2f,nwsl,chicago_stars_fc,Ryan Gareis,opta:Player:270qzf9ig52z04iu3ujnmstg4,https://www.nwslsoccer.com/teams/269e825b853f4b43a9d38390aa92bf6e/chicago-stars-fc/roster,Active,identity_source_review_required,candidate_layer_only_no_asset_write,not_approved,"Official public NWSL roster metadata only; no image download, no approval, no renderer enablement."
nwsl::Football_Player::23ad319baa72463cbb6e646de021b507,nwsl,chicago_stars_fc,Sam Cary Angel,opta:Player:1fupp4fzx28kvln7xziqkahd6,https://www.nwslsoccer.com/teams/269e825b853f4b43a9d38390aa92bf6e/chicago-stars-fc/roster,Left Team,identity_source_review_required,candidate_layer_only_no_asset_write,not_approved,"Official public NWSL roster metadata only; no image download, no approval, no renderer enablement."
nwsl::Football_Player::09140d97bf314b7193afa990b5f36308,nwsl,chicago_stars_fc,Sam Staab,opta:Player:11u4dj0z0p616zx9gsnil66ay,https://www.nwslsoccer.com/teams/269e825b853f4b43a9d38390aa92bf6e/chicago-stars-fc/roster,Active,identity_source_review_required,candidate_layer_only_no_asset_write,not_approved,"Official public NWSL roster metadata only; no image download, no approval, no renderer enablement."
nwsl::Football_Player::434f01fb0e2f4e65bbfc72e91eaf5aed,nwsl,chicago_stars_fc,Taylor Rath,opta:Player:2e7okknsm1jka3bq72ybsrdp0,https://www.nwslsoccer.com/teams/269e825b853f4b43a9d38390aa92bf6e/chicago-stars-fc/roster,Active,identity_source_review_required,candidate_layer_only_no_asset_write,not_approved,"Official public NWSL roster metadata only; no image download, no approval, no renderer enablement."
nwsl::Football_Player::144dbd486f6847edb0164f392e656aac,nwsl,chicago_stars_fc,Taylor Wood,opta:Player:4tnm3hxzav142ow867jwcozkk,https://www.nwslsoccer.com/teams/269e825b853f4b43a9d38390aa92bf6e/chicago-stars-fc/roster,Active,identity_source_review_required,candidate_layer_only_no_asset_write,not_approved,"Official public NWSL roster metadata only; no image download, no approval, no renderer enablement."
nwsl::Football_Player::f9e929bd0d8944df84529c5f31696413,nwsl,chicago_stars_fc,Tessa Dellarose,opta:Player:2wehx5y5o0zf47idrzcxqoz6c,https://www.nwslsoccer.com/teams/269e825b853f4b43a9d38390aa92bf6e/chicago-stars-fc/roster,Active,identity_source_review_required,candidate_layer_only_no_asset_write,not_approved,"Official public NWSL roster metadata only; no image download, no approval, no renderer enablement."
nwsl::Football_Player::c0076f9d59514192ab6a1107bfc8493a,nwsl,denver_summit_fc,Abby Smith,opta:Player:706rwdwv4re27svfmlo7na3th,https://www.nwslsoccer.com/teams/cbfcacbef5bc4a278442c00926ac9ebc/denver-summit-fc/roster,Active,identity_source_review_required,candidate_layer_only_no_asset_write,not_approved,"Official public NWSL roster metadata only; no image download, no approval, no renderer enablement."
nwsl::Football_Player::291911cc9bee4a458a8ae94f9b2a9c97,nwsl,denver_summit_fc,Ally Brazier,opta:Player:eigt6t2rj0k98zt1isqrvtvqh,https://www.nwslsoccer.com/teams/cbfcacbef5bc4a278442c00926ac9ebc/denver-summit-fc/roster,Active,identity_source_review_required,candidate_layer_only_no_asset_write,not_approved,"Official public NWSL roster metadata only; no image download, no approval, no renderer enablement."
nwsl::Football_Player::12f3080c7af74e8bb619ae361ba8593f,nwsl,denver_summit_fc,Ayo Oke,opta:Player:6fck9n45uzje7703u87aq1xm2,https://www.nwslsoccer.com/teams/cbfcacbef5bc4a278442c00926ac9ebc/denver-summit-fc/roster,Active,identity_source_review_required,candidate_layer_only_no_asset_write,not_approved,"Official public NWSL roster metadata only; no image download, no approval, no renderer enablement."
nwsl::Football_Player::48fbfdd7f8004d3cb8bd7ef56db89b4c,nwsl,denver_summit_fc,Camryn Biegalski,opta:Player:9zcl2x3h5b1cb2sf5wuarmwru,https://www.nwslsoccer.com/teams/cbfcacbef5bc4a278442c00926ac9ebc/denver-summit-fc/roster,Active,identity_source_review_required,candidate_layer_only_no_asset_write,not_approved,"Official public NWSL roster metadata only; no image download, no approval, no renderer enablement."
nwsl::Football_Player::6f1a3b3b9e0447f0aaffa25a360d29ee,nwsl,denver_summit_fc,Carson Pickett,opta:Player:6zvfcc67po0ofvl1twrv13tg5,https://www.nwslsoccer.com/teams/cbfcacbef5bc4a278442c00926ac9ebc/denver-summit-fc/roster,Active,identity_source_review_required,candidate_layer_only_no_asset_write,not_approved,"Official public NWSL roster metadata only; no image download, no approval, no renderer enablement."
nwsl::Football_Player::ec556416f45b48879e56409269f13dcb,nwsl,denver_summit_fc,Delanie Sheehan,opta:Player:2sc4jlfmioa61d1vgpcz0pht6,https://www.nwslsoccer.com/teams/cbfcacbef5bc4a278442c00926ac9ebc/denver-summit-fc/roster,Active,identity_source_review_required,candidate_layer_only_no_asset_write,not_approved,"Official public NWSL roster metadata only; no image download, no approval, no renderer enablement."
nwsl::Football_Player::6dbc458562f2406cb714ae051cf4d8c2,nwsl,denver_summit_fc,Devin Lynch,opta:Player:36a4o7td0j3hr34etfmst5zze,https://www.nwslsoccer.com/teams/cbfcacbef5bc4a278442c00926ac9ebc/denver-summit-fc/roster,Active,identity_source_review_required,candidate_layer_only_no_asset_write,not_approved,"Official public NWSL roster metadata only; no image download, no approval, no renderer enablement."
nwsl::Football_Player::5c44cea6a05540639a949344419fa194,nwsl,denver_summit_fc,Emma Regan,opta:Player:do2ji4k6i3ucxe18nxv1fn2sp,https://www.nwslsoccer.com/teams/cbfcacbef5bc4a278442c00926ac9ebc/denver-summit-fc/roster,Active,identity_source_review_required,candidate_layer_only_no_asset_write,not_approved,"Official public NWSL roster metadata only; no image download, no approval, no renderer enablement."
nwsl::Football_Player::8860c67ac5c4405784acd0fccddc6ace,nwsl,denver_summit_fc,Eva Gaetino,opta:Player:xov58c1kfbi2jhklxw006cr8,https://www.nwslsoccer.com/teams/cbfcacbef5bc4a278442c00926ac9ebc/denver-summit-fc/roster,Active,identity_source_review_required,candidate_layer_only_no_asset_write,not_approved,"Official public NWSL roster metadata only; no image download, no approval, no renderer enablement."
nwsl::Football_Player::41bc212c8b704218a9bdd418e016cfe3,nwsl,denver_summit_fc,Janine Sonis,opta:Player:9e65qlc7dfjkajyhzhak8sc7p,https://www.nwslsoccer.com/teams/cbfcacbef5bc4a278442c00926ac9ebc/denver-summit-fc/roster,Active,identity_source_review_required,candidate_layer_only_no_asset_write,not_approved,"Official public NWSL roster metadata only; no image download, no approval, no renderer enablement."
nwsl::Football_Player::97c6c3ae31c54d7c816afc2abb9bb8e0,nwsl,denver_summit_fc,Jasmine Aikey,opta:Player:28v73115wyhj3wwz5qylgszdg,https://www.nwslsoccer.com/teams/cbfcacbef5bc4a278442c00926ac9ebc/denver-summit-fc/roster,Active,identity_source_review_required,candidate_layer_only_no_asset_write,not_approved,"Official public NWSL roster metadata only; no image download, no approval, no renderer enablement."
nwsl::Football_Player::c8f867ab54e845239e4bf43547443cdc,nwsl,denver_summit_fc,Jordan Baggett,opta:Player:347h4639fjw27rx29j0we0q5m,https://www.nwslsoccer.com/teams/cbfcacbef5bc4a278442c00926ac9ebc/denver-summit-fc/roster,Active,identity_source_review_required,candidate_layer_only_no_asset_write,not_approved,"Official public NWSL roster metadata only; no image download, no approval, no renderer enablement."
nwsl::Football_Player::01adaea2f8c14226a374de5a95b3273f,nwsl,denver_summit_fc,Jordan Nytes,opta:Player:84qpzxg0yujjb3rh1r1c9vris,https://www.nwslsoccer.com/teams/cbfcacbef5bc4a278442c00926ac9ebc/denver-summit-fc/roster,Active,identity_source_review_required,candidate_layer_only_no_asset_write,not_approved,"Official public NWSL roster metadata only; no image download, no approval, no renderer enablement."
nwsl::Football_Player::85399e003cd149ec991da7c3853143ad,nwsl,denver_summit_fc,Kaleigh Kurtz,opta:Player:1p3bwk03ay87hp2nwrl3tfxwq,https://www.nwslsoccer.com/teams/cbfcacbef5bc4a278442c00926ac9ebc/denver-summit-fc/roster,Active,identity_source_review_required,candidate_layer_only_no_asset_write,not_approved,"Official public NWSL roster metadata only; no image download, no approval, no renderer enablement."
nwsl::Football_Player::5fb4bbfd291143ebb531a00cb56cc9a5,nwsl,denver_summit_fc,Lourdes Bosch,opta:Player:2kwdeay6pvg3d7rxyqtyuds7o,https://www.nwslsoccer.com/teams/cbfcacbef5bc4a278442c00926ac9ebc/denver-summit-fc/roster,Active,identity_source_review_required,candidate_layer_only_no_asset_write,not_approved,"Official public NWSL roster metadata only; no image download, no approval, no renderer enablement."
nwsl::Football_Player::8b9f8e68542640ecb93089255329acdb,nwsl,denver_summit_fc,Meg Boade,opta:Player:9faqkjlq89sh0y2vnstt24e1g,https://www.nwslsoccer.com/teams/cbfcacbef5bc4a278442c00926ac9ebc/denver-summit-fc/roster,Active,identity_source_review_required,candidate_layer_only_no_asset_write,not_approved,"Official public NWSL roster metadata only; no image download, no approval, no renderer enablement."
nwsl::Football_Player::bb2e756c53984f5ebf78cd343ec20b70,nwsl,denver_summit_fc,Megan Reid,opta:Player:6opd7nuh51c7p6pn6w04yuntg,https://www.nwslsoccer.com/teams/cbfcacbef5bc4a278442c00926ac9ebc/denver-summit-fc/roster,Active,identity_source_review_required,candidate_layer_only_no_asset_write,not_approved,"Official public NWSL roster metadata only; no image download, no approval, no renderer enablement."
nwsl::Football_Player::fac76b661a3c42b5a75dd7dc81ba311d,nwsl,denver_summit_fc,Melissa Kössler,opta:Player:y7mxuyh5olv0rh5od3p2gtt5,https://www.nwslsoccer.com/teams/cbfcacbef5bc4a278442c00926ac9ebc/denver-summit-fc/roster,Active,identity_source_review_required,candidate_layer_only_no_asset_write,not_approved,"Official public NWSL roster metadata only; no image download, no approval, no renderer enablement."
nwsl::Football_Player::1c53066f5b8247788639a789bad43d1f,nwsl,denver_summit_fc,Nahikari García,opta:Player:evfl561yy3cwa51hwnme6mifp,https://www.nwslsoccer.com/teams/cbfcacbef5bc4a278442c00926ac9ebc/denver-summit-fc/roster,Active,identity_source_review_required,candidate_layer_only_no_asset_write,not_approved,"Official public NWSL roster metadata only; no image download, no approval, no renderer enablement."
nwsl::Football_Player::21b9db4547da430eb454d860966a8865,nwsl,denver_summit_fc,Natalie Means,opta:Player:c0y0orjdv8342g0il9casawb8,https://www.nwslsoccer.com/teams/cbfcacbef5bc4a278442c00926ac9ebc/denver-summit-fc/roster,Active,identity_source_review_required,candidate_layer_only_no_asset_write,not_approved,"Official public NWSL roster metadata only; no image download, no approval, no renderer enablement."
nwsl::Football_Player::a781ef1be91e49abb66b45cbd140e7c4,nwsl,denver_summit_fc,Natasha Flint,opta:Player:6zu0f63ej8pixk97nfzrexiad,https://www.nwslsoccer.com/teams/cbfcacbef5bc4a278442c00926ac9ebc/denver-summit-fc/roster,Active,identity_source_review_required,candidate_layer_only_no_asset_write,not_approved,"Official public NWSL roster metadata only; no image download, no approval, no renderer enablement."
nwsl::Football_Player::eaa1ecbb20954389b35a972c41743b42,nwsl,denver_summit_fc,Olivia Thomas,opta:Player:b6zuktmo7efm1qh48zc31yq6s,https://www.nwslsoccer.com/teams/cbfcacbef5bc4a278442c00926ac9ebc/denver-summit-fc/roster,Active,identity_source_review_required,candidate_layer_only_no_asset_write,not_approved,"Official public NWSL roster metadata only; no image download, no approval, no renderer enablement."
nwsl::Football_Player::9dfb4d71f2454c48947447407eabeea4,nwsl,denver_summit_fc,Pauline Peyraud-Magnin,opta:Player:czmpp6e2oo276u9prac16le51,https://www.nwslsoccer.com/teams/cbfcacbef5bc4a278442c00926ac9ebc/denver-summit-fc/roster,Active,identity_source_review_required,candidate_layer_only_no_asset_write,not_approved,"Official public NWSL roster metadata only; no image download, no approval, no renderer enablement."
nwsl::Football_Player::d814c62705514d3ab343c0798bb924ba,nwsl,denver_summit_fc,Yazmeen Ryan,opta:Player:1xgse8t4dm0decmpzebsphvfu,https://www.nwslsoccer.com/teams/cbfcacbef5bc4a278442c00926ac9ebc/denver-summit-fc/roster,Active,identity_source_review_required,candidate_layer_only_no_asset_write,not_approved,"Official public NWSL roster metadata only; no image download, no approval, no renderer enablement."
nwsl::Football_Player::fc45d1c634f14b6e8e5ae61b7f34f421,nwsl,denver_summit_fc,Yuna McCormack,opta:Player:1dopp1jnp5jq9iwvedvlktzsa,https://www.nwslsoccer.com/teams/cbfcacbef5bc4a278442c00926ac9ebc/denver-summit-fc/roster,Active,identity_source_review_required,candidate_layer_only_no_asset_write,not_approved,"Official public NWSL roster metadata only; no image download, no approval, no renderer enablement."
nwsl::Football_Player::23ee9bca62424a87b93fb9568e559f5f,nwsl,denver_summit_fc,Yuzuki Yamamoto,opta:Player:1sn1r5mdhd98yyb5e46ctlg8a,https://www.nwslsoccer.com/teams/cbfcacbef5bc4a278442c00926ac9ebc/denver-summit-fc/roster,Active,identity_source_review_required,candidate_layer_only_no_asset_write,not_approved,"Official public NWSL roster metadata only; no image download, no approval, no renderer enablement."
nwsl::Football_Player::091dffd7d5f244b291109607df38fbe0,nwsl,gotham_fc,Andrea Kitahata,opta:Player:5zl6weiva6j24ciuqvos981gq,https://www.nwslsoccer.com/teams/c83f2ca05aa84c738b5373f0d2a31b39/nj-ny-gotham-fc/roster,Active,identity_source_review_required,candidate_layer_only_no_asset_write,not_approved,"Official public NWSL roster metadata only; no image download, no approval, no renderer enablement."
nwsl::Football_Player::b7b10520cd77421e97f225c988f93e57,nwsl,gotham_fc,Ann-Katrin Berger,opta:Player:6fi5hacjc8lj8zej0d2lfq66t,https://www.nwslsoccer.com/teams/c83f2ca05aa84c738b5373f0d2a31b39/nj-ny-gotham-fc/roster,Active,identity_source_review_required,candidate_layer_only_no_asset_write,not_approved,"Official public NWSL roster metadata only; no image download, no approval, no renderer enablement."
nwsl::Football_Player::891ad63d168c42aebeaeaa7359ec1fb5,nwsl,gotham_fc,Bruna Santos Nhaia,opta:Player:co49l4m0my5li8yvcxgrvq0yy,https://www.nwslsoccer.com/teams/c83f2ca05aa84c738b5373f0d2a31b39/nj-ny-gotham-fc/roster,Active,identity_source_review_required,candidate_layer_only_no_asset_write,not_approved,"Official public NWSL roster metadata only; no image download, no approval, no renderer enablement."
nwsl::Football_Player::266288af33ed4b378e529b0cb8957ecf,nwsl,gotham_fc,Emily Sonnett,opta:Player:3aj7p478dcuat6tz8096sq8dl,https://www.nwslsoccer.com/teams/c83f2ca05aa84c738b5373f0d2a31b39/nj-ny-gotham-fc/roster,Active,identity_source_review_required,candidate_layer_only_no_asset_write,not_approved,"Official public NWSL roster metadata only; no image download, no approval, no renderer enablement."
nwsl::Football_Player::d8f389524b654b238b386797cb3b1216,nwsl,gotham_fc,Esther González,opta:Player:13hy7ggmnhfalmdqlbp6lzv11,https://www.nwslsoccer.com/teams/c83f2ca05aa84c738b5373f0d2a31b39/nj-ny-gotham-fc/roster,Active,identity_source_review_required,candidate_layer_only_no_asset_write,not_approved,"Official public NWSL roster metadata only; no image download, no approval, no renderer enablement."
nwsl::Football_Player::925b70520fdb41b3afd6477937c4d93c,nwsl,gotham_fc,Guro Reiten,opta:Player:1cfhmihovl78l8osqbo1w9nth,https://www.nwslsoccer.com/teams/c83f2ca05aa84c738b5373f0d2a31b39/nj-ny-gotham-fc/roster,Left Team,identity_source_review_required,candidate_layer_only_no_asset_write,not_approved,"Official public NWSL roster metadata only; no image download, no approval, no renderer enablement."
nwsl::Football_Player::d34c603875494308b83fc6a75c948837,nwsl,gotham_fc,Jaedyn Shaw,opta:Player:4k83z2cdvn2kwb72kh8e8qfsa,https://www.nwslsoccer.com/teams/c83f2ca05aa84c738b5373f0d2a31b39/nj-ny-gotham-fc/roster,Active,identity_source_review_required,candidate_layer_only_no_asset_write,not_approved,"Official public NWSL roster metadata only; no image download, no approval, no renderer enablement."
nwsl::Football_Player::95d2c552a83342bc947134ce8db57d56,nwsl,gotham_fc,Jaelin Howell,opta:Player:1zjvb0kej2m1kp1sl0hw8tmuh,https://www.nwslsoccer.com/teams/c83f2ca05aa84c738b5373f0d2a31b39/nj-ny-gotham-fc/roster,Active,identity_source_review_required,candidate_layer_only_no_asset_write,not_approved,"Official public NWSL roster metadata only; no image download, no approval, no renderer enablement."
nwsl::Football_Player::68b02adc0cac4f9280733b42cd06ddc2,nwsl,gotham_fc,Jess Carter,opta:Player:9ohn9m84cy89huz745lirkted,https://www.nwslsoccer.com/teams/c83f2ca05aa84c738b5373f0d2a31b39/nj-ny-gotham-fc/roster,Active,identity_source_review_required,candidate_layer_only_no_asset_write,not_approved,"Official public NWSL roster metadata only; no image download, no approval, no renderer enablement."
nwsl::Football_Player::aca2fdf863f449bda03f5f46f28ed9f4,nwsl,gotham_fc,Jordynn Dudley,opta:Player:6ll9js3n0rzhwm1m84rm91vdg,https://www.nwslsoccer.com/teams/c83f2ca05aa84c738b5373f0d2a31b39/nj-ny-gotham-fc/roster,Active,identity_source_review_required,candidate_layer_only_no_asset_write,not_approved,"Official public NWSL roster metadata only; no image download, no approval, no renderer enablement."
nwsl::Football_Player::fed95d382879402f971b73910f1a8e2a,nwsl,gotham_fc,Katie Lampson,opta:Player:dw593ezeekrbzlc2qhtc805p1,https://www.nwslsoccer.com/teams/c83f2ca05aa84c738b5373f0d2a31b39/nj-ny-gotham-fc/roster,Active,identity_source_review_required,candidate_layer_only_no_asset_write,not_approved,"Official public NWSL roster metadata only; no image download, no approval, no renderer enablement."
nwsl::Football_Player::328fcb7c689147afb61f408326d6d1bf,nwsl,gotham_fc,Kayla Duran,opta:Player:b851c3ctabv5mf233ia03kqhg,https://www.nwslsoccer.com/teams/c83f2ca05aa84c738b5373f0d2a31b39/nj-ny-gotham-fc/roster,Active,identity_source_review_required,candidate_layer_only_no_asset_write,not_approved,"Official public NWSL roster metadata only; no image download, no approval, no renderer enablement."
nwsl::Football_Player::88284f038be14a6d8b643df2bc4c7d6d,nwsl,gotham_fc,Khyah Harper,opta:Player:47eshqoyaib3u78jfao4rmsr8,https://www.nwslsoccer.com/teams/c83f2ca05aa84c738b5373f0d2a31b39/nj-ny-gotham-fc/roster,Active,identity_source_review_required,candidate_layer_only_no_asset_write,not_approved,"Official public NWSL roster metadata only; no image download, no approval, no renderer enablement."
nwsl::Football_Player::8c0148936e98403ca045b722790deea0,nwsl,gotham_fc,Lilly Reale,opta:Player:c6amo9ni4dou63jjan993dht6,https://www.nwslsoccer.com/teams/c83f2ca05aa84c738b5373f0d2a31b39/nj-ny-gotham-fc/roster,Left Team,identity_source_review_required,candidate_layer_only_no_asset_write,not_approved,"Official public NWSL roster metadata only; no image download, no approval, no renderer enablement."
nwsl::Football_Player::a0b3cc966c05471caea2fced8abdb5cc,nwsl,gotham_fc,Mak Whitham,opta:Player:1d0w87gdvjcorim34wblp5hqs,https://www.nwslsoccer.com/teams/c83f2ca05aa84c738b5373f0d2a31b39/nj-ny-gotham-fc/roster,Active,identity_source_review_required,candidate_layer_only_no_asset_write,not_approved,"Official public NWSL roster metadata only; no image download, no approval, no renderer enablement."
nwsl::Football_Player::f1674817643d4409ae98e3f26ec72dc4,nwsl,gotham_fc,Mandy Freeman,opta:Player:54szh8526rjp2erap05ljqxud,https://www.nwslsoccer.com/teams/c83f2ca05aa84c738b5373f0d2a31b39/nj-ny-gotham-fc/roster,Active,identity_source_review_required,candidate_layer_only_no_asset_write,not_approved,"Official public NWSL roster metadata only; no image download, no approval, no renderer enablement."
nwsl::Football_Player::39fe0dbc3b0a49c0a46d405d30b7141d,nwsl,gotham_fc,Midge Purce,opta:Player:56y5qt6c03t7f5t7eoebi0wyd,https://www.nwslsoccer.com/teams/c83f2ca05aa84c738b5373f0d2a31b39/nj-ny-gotham-fc/roster,Active,identity_source_review_required,candidate_layer_only_no_asset_write,not_approved,"Official public NWSL roster metadata only; no image download, no approval, no renderer enablement."
nwsl::Football_Player::d1485dcbe6f34e4c9ba927371173260d,nwsl,gotham_fc,Rose Lavelle,opta:Player:4j3kopvvd3iej6p4h9z36giqd,https://www.nwslsoccer.com/teams/c83f2ca05aa84c738b5373f0d2a31b39/nj-ny-gotham-fc/roster,Active,identity_source_review_required,candidate_layer_only_no_asset_write,not_approved,"Official public NWSL roster metadata only; no image download, no approval, no renderer enablement."
nwsl::Football_Player::98465b941a5d4e2aaa2a013813ed82a5,nwsl,gotham_fc,Ryan Campbell,opta:Player:5vb1j5w8876lkpw3sgf5g6f4k,https://www.nwslsoccer.com/teams/c83f2ca05aa84c738b5373f0d2a31b39/nj-ny-gotham-fc/roster,Active,identity_source_review_required,candidate_layer_only_no_asset_write,not_approved,"Official public NWSL roster metadata only; no image download, no approval, no renderer enablement."
nwsl::Football_Player::d73ddb615f3149cfb6432c6f82b21ac9,nwsl,gotham_fc,Sarah Schupansky,opta:Player:3gxgrg34v8ffgde2g0nbm92c4,https://www.nwslsoccer.com/teams/c83f2ca05aa84c738b5373f0d2a31b39/nj-ny-gotham-fc/roster,Active,identity_source_review_required,candidate_layer_only_no_asset_write,not_approved,"Official public NWSL roster metadata only; no image download, no approval, no renderer enablement."
nwsl::Football_Player::169fa964031141e98831884983375011,nwsl,gotham_fc,Savannah McCaskill,opta:Player:6h8t7apz5vzk0pjxo8hbbkfhm,https://www.nwslsoccer.com/teams/c83f2ca05aa84c738b5373f0d2a31b39/nj-ny-gotham-fc/roster,Active,identity_source_review_required,candidate_layer_only_no_asset_write,not_approved,"Official public NWSL roster metadata only; no image download, no approval, no renderer enablement."
nwsl::Football_Player::d9f63636eae141b9a9fccd6533df3a2b,nwsl,gotham_fc,Shelby Hogan,opta:Player:8e4jqpg6oty7im4qy4a6j1wk4,https://www.nwslsoccer.com/teams/c83f2ca05aa84c738b5373f0d2a31b39/nj-ny-gotham-fc/roster,Active,identity_source_review_required,candidate_layer_only_no_asset_write,not_approved,"Official public NWSL roster metadata only; no image download, no approval, no renderer enablement."
nwsl::Football_Player::1ead938145124f4bb3f98cc655a262b8,nwsl,gotham_fc,Sofia Cook,opta:Player:5vbxfkptmc4fy8oent8ogistm,https://www.nwslsoccer.com/teams/c83f2ca05aa84c738b5373f0d2a31b39/nj-ny-gotham-fc/roster,Active,identity_source_review_required,candidate_layer_only_no_asset_write,not_approved,"Official public NWSL roster metadata only; no image download, no approval, no renderer enablement."
nwsl::Football_Player::412a04808d4b426f98c57acfa8b7a049,nwsl,gotham_fc,Talia Sommer,opta:Player:e7ytx7wk17xdw9qae53uaorca,https://www.nwslsoccer.com/teams/c83f2ca05aa84c738b5373f0d2a31b39/nj-ny-gotham-fc/roster,Active,identity_source_review_required,candidate_layer_only_no_asset_write,not_approved,"Official public NWSL roster metadata only; no image download, no approval, no renderer enablement."
nwsl::Football_Player::ba1bdfe55b8646738100a1f9c8b69e0d,nwsl,gotham_fc,Taryn Torres,opta:Player:e0gmts9bxn8goqm3bz4835016,https://www.nwslsoccer.com/teams/c83f2ca05aa84c738b5373f0d2a31b39/nj-ny-gotham-fc/roster,Active,identity_source_review_required,candidate_layer_only_no_asset_write,not_approved,"Official public NWSL roster metadata only; no image download, no approval, no renderer enablement."
nwsl::Football_Player::b6a0694762f84a9fa3f5a476d0db9f87,nwsl,gotham_fc,Teagan Wy,opta:Player:burd5qngjbukcd01bdjk8r3hm,https://www.nwslsoccer.com/teams/c83f2ca05aa84c738b5373f0d2a31b39/nj-ny-gotham-fc/roster,Active,identity_source_review_required,candidate_layer_only_no_asset_write,not_approved,"Official public NWSL roster metadata only; no image download, no approval, no renderer enablement."
nwsl::Football_Player::d9bb4ddad5e34f7b89ab4608dc8277d1,nwsl,gotham_fc,Tierna Davidson,opta:Player:6bbodw3m9bstocysxvzfuo3my,https://www.nwslsoccer.com/teams/c83f2ca05aa84c738b5373f0d2a31b39/nj-ny-gotham-fc/roster,Active,identity_source_review_required,candidate_layer_only_no_asset_write,not_approved,"Official public NWSL roster metadata only; no image download, no approval, no renderer enablement."
nwsl::Football_Player::7b95e77ca5184ed39abbd7481af81fee,nwsl,houston_dash,Allysha Chapman,opta:Player:dtrm0ji0olk3n01v71m8a5exh,https://www.nwslsoccer.com/teams/ca3f464d6b794a9087d441d75961403f/houston-dash/roster,Active,identity_source_review_required,candidate_layer_only_no_asset_write,not_approved,"Official public NWSL roster metadata only; no image download, no approval, no renderer enablement."
nwsl::Football_Player::e9488064a60149bebd3650cfc6bb8a5c,nwsl,houston_dash,Avery Patterson,opta:Player:61ucpn8qxos0kwaw0gdpqubys,https://www.nwslsoccer.com/teams/ca3f464d6b794a9087d441d75961403f/houston-dash/roster,Active,identity_source_review_required,candidate_layer_only_no_asset_write,not_approved,"Official public NWSL roster metadata only; no image download, no approval, no renderer enablement."
nwsl::Football_Player::b4c1a9753def4e8b965ea004157befca,nwsl,houston_dash,Caroline DeLisle,opta:Player:dclrtmr0cnlv1lk12678awwes,https://www.nwslsoccer.com/teams/ca3f464d6b794a9087d441d75961403f/houston-dash/roster,Active,identity_source_review_required,candidate_layer_only_no_asset_write,not_approved,"Official public NWSL roster metadata only; no image download, no approval, no renderer enablement."
nwsl::Football_Player::cddba4af4e31494b91caeeb135909281,nwsl,houston_dash,Cate Hardin,opta:Player:d7ynx5n59yihgtl6tybx0rbbo,https://www.nwslsoccer.com/teams/ca3f464d6b794a9087d441d75961403f/houston-dash/roster,Active,identity_source_review_required,candidate_layer_only_no_asset_write,not_approved,"Official public NWSL roster metadata only; no image download, no approval, no renderer enablement."
nwsl::Football_Player::0bc0d986844b458592417f6157d1aeb4,nwsl,houston_dash,Christen Westphal,opta:Player:n4egj8ymfled94mco0lwa95,https://www.nwslsoccer.com/teams/ca3f464d6b794a9087d441d75961403f/houston-dash/roster,Active,identity_source_review_required,candidate_layer_only_no_asset_write,not_approved,"Official public NWSL roster metadata only; no image download, no approval, no renderer enablement."
nwsl::Football_Player::dc3910a88592482d933542fb999e21fe,nwsl,houston_dash,Clarissa Laris­ey,opta:Player:4ls15w5noxqo6mtkcn7akzyms,https://www.nwslsoccer.com/teams/ca3f464d6b794a9087d441d75961403f/houston-dash/roster,Active,identity_source_review_required,candidate_layer_only_no_asset_write,not_approved,"Official public NWSL roster metadata only; no image download, no approval, no renderer enablement."
nwsl::Football_Player::0bb3c16212754939b111d70c83644b8e,nwsl,houston_dash,Danielle Colaprico,opta:Player:1c2boqmoi50esuelgdd96o06h,https://www.nwslsoccer.com/teams/ca3f464d6b794a9087d441d75961403f/houston-dash/roster,Active,identity_source_review_required,candidate_layer_only_no_asset_write,not_approved,"Official public NWSL roster metadata only; no image download, no approval, no renderer enablement."
nwsl::Football_Player::ec556416f45b48879e56409269f13dcb,nwsl,houston_dash,Delanie Sheehan,opta:Player:2sc4jlfmioa61d1vgpcz0pht6,https://www.nwslsoccer.com/teams/ca3f464d6b794a9087d441d75961403f/houston-dash/roster,Left Team,identity_source_review_required,candidate_layer_only_no_asset_write,not_approved,"Official public NWSL roster metadata only; no image download, no approval, no renderer enablement."
nwsl::Football_Player::e0a407a396b94362806b642667a930cc,nwsl,houston_dash,Emina Ekic,opta:Player:31huq3jv7h6l1n0ybdp8523ca,https://www.nwslsoccer.com/teams/ca3f464d6b794a9087d441d75961403f/houston-dash/roster,Active,identity_source_review_required,candidate_layer_only_no_asset_write,not_approved,"Official public NWSL roster metadata only; no image download, no approval, no renderer enablement."
nwsl::Football_Player::d23d7e4bff8f4282b946c478b857105c,nwsl,houston_dash,Evelina Duljan,opta:Player:bdsv3kql5t6sw5ed2gsxmz2eh,https://www.nwslsoccer.com/teams/ca3f464d6b794a9087d441d75961403f/houston-dash/roster,Active,identity_source_review_required,candidate_layer_only_no_asset_write,not_approved,"Official public NWSL roster metadata only; no image download, no approval, no renderer enablement."
nwsl::Football_Player::d70a89d4bf9e47778923c4ab4ae9e679,nwsl,houston_dash,Hillary Beall,opta:Player:c72vuxvsbhryoxlv9yowz4grt,https://www.nwslsoccer.com/teams/ca3f464d6b794a9087d441d75961403f/houston-dash/roster,Active,identity_source_review_required,candidate_layer_only_no_asset_write,not_approved,"Official public NWSL roster metadata only; no image download, no approval, no renderer enablement."
nwsl::Football_Player::a508823d48c24d818a9b76c99106c143,nwsl,houston_dash,Jane Campbell,opta:Player:53uflfknc5uus7iqw3obp5fx1,https://www.nwslsoccer.com/teams/ca3f464d6b794a9087d441d75961403f/houston-dash/roster,Active,identity_source_review_required,candidate_layer_only_no_asset_write,not_approved,"Official public NWSL roster metadata only; no image download, no approval, no renderer enablement."
nwsl::Football_Player::36b07020f4cf4e35943ba241ccbb8a7d,nwsl,houston_dash,Jyllissa Harris,opta:Player:4tm3f1xmjfy7hffe7io731yxg,https://www.nwslsoccer.com/teams/ca3f464d6b794a9087d441d75961403f/houston-dash/roster,Left Team,identity_source_review_required,candidate_layer_only_no_asset_write,not_approved,"Official public NWSL roster metadata only; no image download, no approval, no renderer enablement."
nwsl::Football_Player::7e125d671c06445880e000972f3ae412,nwsl,houston_dash,Kat Rader,opta:Player:chcm72dbsne01mmqfxo5qtvfu,https://www.nwslsoccer.com/teams/ca3f464d6b794a9087d441d75961403f/houston-dash/roster,Active,identity_source_review_required,candidate_layer_only_no_asset_write,not_approved,"Official public NWSL roster metadata only; no image download, no approval, no renderer enablement."
nwsl::Football_Player::b7f052b3fd2b44e798841bb74f5af288,nwsl,houston_dash,Kate Faasse,opta:Player:200bh3nq238rg7oxzbyweq49g,https://www.nwslsoccer.com/teams/ca3f464d6b794a9087d441d75961403f/houston-dash/roster,Active,identity_source_review_required,candidate_layer_only_no_asset_write,not_approved,"Official public NWSL roster metadata only; no image download, no approval, no renderer enablement."
nwsl::Football_Player::defa5ede49564c5c9b518c5c5281cf9a,nwsl,houston_dash,Kiki Van Zanten,opta:Player:97ia01cyibu1l7qs8qexd2n3e,https://www.nwslsoccer.com/teams/ca3f464d6b794a9087d441d75961403f/houston-dash/roster,Active,identity_source_review_required,candidate_layer_only_no_asset_write,not_approved,"Official public NWSL roster metadata only; no image download, no approval, no renderer enablement."
nwsl::Football_Player::dd58c531924040d7b2a296847b8e2ef2,nwsl,houston_dash,Leah Klenke,opta:Player:bjfczg1weeqdrvmc56c16jthw,https://www.nwslsoccer.com/teams/ca3f464d6b794a9087d441d75961403f/houston-dash/roster,Active,identity_source_review_required,candidate_layer_only_no_asset_write,not_approved,"Official public NWSL roster metadata only; no image download, no approval, no renderer enablement."
nwsl::Football_Player::cfe14710edf54a02806026e010c8c0cf,nwsl,houston_dash,Linda Ullmark,opta:Player:8a7ctuwycacikdkihnrgxpr10,https://www.nwslsoccer.com/teams/ca3f464d6b794a9087d441d75961403f/houston-dash/roster,Active,identity_source_review_required,candidate_layer_only_no_asset_write,not_approved,"Official public NWSL roster metadata only; no image download, no approval, no renderer enablement."
nwsl::Football_Player::10b990f3432f4383891922232cca020a,nwsl,houston_dash,Lisa Boattin,opta:Player:aat1vixi4qu8bmxtw45maqytx,https://www.nwslsoccer.com/teams/ca3f464d6b794a9087d441d75961403f/houston-dash/roster,Active,identity_source_review_required,candidate_layer_only_no_asset_write,not_approved,"Official public NWSL roster metadata only; no image download, no approval, no renderer enablement."
nwsl::Football_Player::d576555bc98d477a9c831e65e16f7626,nwsl,houston_dash,Maggie Graham,opta:Player:22rwy15pz3noi4av4wb3i0wh6,https://www.nwslsoccer.com/teams/ca3f464d6b794a9087d441d75961403f/houston-dash/roster,Active,identity_source_review_required,candidate_layer_only_no_asset_write,not_approved,"Official public NWSL roster metadata only; no image download, no approval, no renderer enablement."
nwsl::Football_Player::2c448e6ce8624c9c983fe177032cd791,nwsl,houston_dash,Makenzy Robbe,opta:Player:1p7mhkqn7vxnady8q0vboi02d,https://www.nwslsoccer.com/teams/ca3f464d6b794a9087d441d75961403f/houston-dash/roster,Active,identity_source_review_required,candidate_layer_only_no_asset_write,not_approved,"Official public NWSL roster metadata only; no image download, no approval, no renderer enablement."
nwsl::Football_Player::907a57b1c41046b08063e94229484b5e,nwsl,houston_dash,Malia Berkely,opta:Player:cqpdeqi0psfadqsgejcvdqqne,https://www.nwslsoccer.com/teams/ca3f464d6b794a9087d441d75961403f/houston-dash/roster,Active,identity_source_review_required,candidate_layer_only_no_asset_write,not_approved,"Official public NWSL roster metadata only; no image download, no approval, no renderer enablement."
nwsl::Football_Player::b0fe6c1df4fc4afeabe923ab23915632,nwsl,houston_dash,Messiah Bright,opta:Player:191uogxjdg4uo178qv1544jys,https://www.nwslsoccer.com/teams/ca3f464d6b794a9087d441d75961403f/houston-dash/roster,Active,identity_source_review_required,candidate_layer_only_no_asset_write,not_approved,"Official public NWSL roster metadata only; no image download, no approval, no renderer enablement."
nwsl::Football_Player::37c762eb698644fa88b9cb94cf4f0940,nwsl,houston_dash,Paige Nielsen,opta:Player:8ruvr2jnsfdub02rdh8q88s89,https://www.nwslsoccer.com/teams/ca3f464d6b794a9087d441d75961403f/houston-dash/roster,Active,identity_source_review_required,candidate_layer_only_no_asset_write,not_approved,"Official public NWSL roster metadata only; no image download, no approval, no renderer enablement."
nwsl::Football_Player::c8da9ce253a9427e8484187e0c8ac57f,nwsl,houston_dash,Rebeca Costa da Silva,opta:Player:b3pwhedfzplkesy9qek3q6o7o,https://www.nwslsoccer.com/teams/ca3f464d6b794a9087d441d75961403f/houston-dash/roster,Left Team,identity_source_review_required,candidate_layer_only_no_asset_write,not_approved,"Official public NWSL roster metadata only; no image download, no approval, no renderer enablement."
nwsl::Football_Player::9e98c713a7154c928697e3cf043fec63,nwsl,houston_dash,Sarah Puntigam,opta:Player:6089nfwh31ha73pl7vlla75cl,https://www.nwslsoccer.com/teams/ca3f464d6b794a9087d441d75961403f/houston-dash/roster,Active,identity_source_review_required,candidate_layer_only_no_asset_write,not_approved,"Official public NWSL roster metadata only; no image download, no approval, no renderer enablement."
nwsl::Football_Player::55c607b8f8ea48efa308facc28601331,nwsl,houston_dash,Sophie Schmidt,opta:Player:cgfk0e62cesbgieslfge2p61h,https://www.nwslsoccer.com/teams/ca3f464d6b794a9087d441d75961403f/houston-dash/roster,Active,identity_source_review_required,candidate_layer_only_no_asset_write,not_approved,"Official public NWSL roster metadata only; no image download, no approval, no renderer enablement."
nwsl::Football_Player::d814c62705514d3ab343c0798bb924ba,nwsl,houston_dash,Yazmeen Ryan,opta:Player:1xgse8t4dm0decmpzebsphvfu,https://www.nwslsoccer.com/teams/ca3f464d6b794a9087d441d75961403f/houston-dash/roster,Left Team,identity_source_review_required,candidate_layer_only_no_asset_write,not_approved,"Official public NWSL roster metadata only; no image download, no approval, no renderer enablement."
nwsl::Football_Player::9792e74df15347e7956b266647bfd2a6,nwsl,kansas_city_current,Alana Cook,opta:Player:5kx524x345idecr205u9oopd6,https://www.nwslsoccer.com/teams/2c1699409ff84c9eb491aeaca3d3edde/kansas-city-current/roster,Active,identity_source_review_required,candidate_layer_only_no_asset_write,not_approved,"Official public NWSL roster metadata only; no image download, no approval, no renderer enablement."
nwsl::Football_Player::aa3fb0629ef8427fbe4ec8242a5d8865,nwsl,kansas_city_current,Ally Sentnor,opta:Player:8gqtwfvc0ehmlvnaw2qb112zu,https://www.nwslsoccer.com/teams/2c1699409ff84c9eb491aeaca3d3edde/kansas-city-current/roster,Active,identity_source_review_required,candidate_layer_only_no_asset_write,not_approved,"Official public NWSL roster metadata only; no image download, no approval, no renderer enablement."
nwsl::Football_Player::24d14aecb1aa4505a96c39f52a558e47,nwsl,kansas_city_current,Amelia White,opta:Player:akj73w87pu7vfks9h9gccpene,https://www.nwslsoccer.com/teams/2c1699409ff84c9eb491aeaca3d3edde/kansas-city-current/roster,Active,identity_source_review_required,candidate_layer_only_no_asset_write,not_approved,"Official public NWSL roster metadata only; no image download, no approval, no renderer enablement."
nwsl::Football_Player::3f841e6b66d94cdead98ab215e6e844b,nwsl,kansas_city_current,Bayley Feist,opta:Player:errir6ade8y91vp5z7v8gkn6y,https://www.nwslsoccer.com/teams/2c1699409ff84c9eb491aeaca3d3edde/kansas-city-current/roster,Active,identity_source_review_required,candidate_layer_only_no_asset_write,not_approved,"Official public NWSL roster metadata only; no image download, no approval, no renderer enablement."
nwsl::Football_Player::60a64a63fbee40239bd02e30ababee62,nwsl,kansas_city_current,Clare Gagne,opta:Player:25bvylwz0w0wzoj0uwk45ru38,https://www.nwslsoccer.com/teams/2c1699409ff84c9eb491aeaca3d3edde/kansas-city-current/roster,Active,identity_source_review_required,candidate_layer_only_no_asset_write,not_approved,"Official public NWSL roster metadata only; no image download, no approval, no renderer enablement."
nwsl::Football_Player::71105581a0a143b18ac92760cc09c609,nwsl,kansas_city_current,Croix Bethune,opta:Player:4wgwp2bd4xrjbg7s4p193aooa,https://www.nwslsoccer.com/teams/2c1699409ff84c9eb491aeaca3d3edde/kansas-city-current/roster,Active,identity_source_review_required,candidate_layer_only_no_asset_write,not_approved,"Official public NWSL roster metadata only; no image download, no approval, no renderer enablement."
nwsl::Football_Player::a74c35267e4b4a689431f9d3be7522c6,nwsl,kansas_city_current,Débora Cristiane de Oliveira,opta:Player:5ekbwy8vf1l1jzj6txawrg7h1,https://www.nwslsoccer.com/teams/2c1699409ff84c9eb491aeaca3d3edde/kansas-city-current/roster,Active,identity_source_review_required,candidate_layer_only_no_asset_write,not_approved,"Official public NWSL roster metadata only; no image download, no approval, no renderer enablement."
nwsl::Football_Player::810db7679a9d4660929f485ed49e1988,nwsl,kansas_city_current,Elizabeth Ball,opta:Player:48l2ildbeme2l336nor2hw6lm,https://www.nwslsoccer.com/teams/2c1699409ff84c9eb491aeaca3d3edde/kansas-city-current/roster,Active,identity_source_review_required,candidate_layer_only_no_asset_write,not_approved,"Official public NWSL roster metadata only; no image download, no approval, no renderer enablement."
nwsl::Football_Player::01429efe66554be8bc7f86ee0a9fa184,nwsl,kansas_city_current,Ellie Bravo-Young,opta:Player:68sz2cp2lpnb8k36jkhr3wrje,https://www.nwslsoccer.com/teams/2c1699409ff84c9eb491aeaca3d3edde/kansas-city-current/roster,Active,identity_source_review_required,candidate_layer_only_no_asset_write,not_approved,"Official public NWSL roster metadata only; no image download, no approval, no renderer enablement."
nwsl::Football_Player::a62cd15f05c645a188617a4ced02ab5c,nwsl,kansas_city_current,Flora Marta Lacho,opta:Player:ambkmqohpux5r4cvtszfpeej8,https://www.nwslsoccer.com/teams/2c1699409ff84c9eb491aeaca3d3edde/kansas-city-current/roster,Left Team,identity_source_review_required,candidate_layer_only_no_asset_write,not_approved,"Official public NWSL roster metadata only; no image download, no approval, no renderer enablement."
nwsl::Football_Player::27615fa77e0f4bc78e0365f58a4df924,nwsl,kansas_city_current,Gabrielle Robinson,opta:Player:72e9oc63fclgqqvn3lgsjue50,https://www.nwslsoccer.com/teams/2c1699409ff84c9eb491aeaca3d3edde/kansas-city-current/roster,Active,identity_source_review_required,candidate_layer_only_no_asset_write,not_approved,"Official public NWSL roster metadata only; no image download, no approval, no renderer enablement."
nwsl::Football_Player::af41af05521443b5b718ca9cac9c7427,nwsl,kansas_city_current,Gianna Paul,opta:Player:7o68y3woof1o26ja5sm7buwb8,https://www.nwslsoccer.com/teams/2c1699409ff84c9eb491aeaca3d3edde/kansas-city-current/roster,Active,identity_source_review_required,candidate_layer_only_no_asset_write,not_approved,"Official public NWSL roster metadata only; no image download, no approval, no renderer enablement."
nwsl::Football_Player::f82ac82c607145468005f6b2e5da5b72,nwsl,kansas_city_current,Haley Hopkins,opta:Player:3qk8owv039ppiiev6skkkb52i,https://www.nwslsoccer.com/teams/2c1699409ff84c9eb491aeaca3d3edde/kansas-city-current/roster,Active,identity_source_review_required,candidate_layer_only_no_asset_write,not_approved,"Official public NWSL roster metadata only; no image download, no approval, no renderer enablement."
nwsl::Football_Player::04a1aad603eb46dd9c349c2ba91d2322,nwsl,kansas_city_current,Izzy Rodriguez,opta:Player:736jvvtkgwc3g1vooviaod33d,https://www.nwslsoccer.com/teams/2c1699409ff84c9eb491aeaca3d3edde/kansas-city-current/roster,Active,identity_source_review_required,candidate_layer_only_no_asset_write,not_approved,"Official public NWSL roster metadata only; no image download, no approval, no renderer enablement."
nwsl::Football_Player::674512a48d504c99be8523ea6cb6f7d3,nwsl,kansas_city_current,Katie Cappelletti,opta:Player:2o7u5vupxlxjpjmthnu424ob8,https://www.nwslsoccer.com/teams/2c1699409ff84c9eb491aeaca3d3edde/kansas-city-current/roster,Left Team,identity_source_review_required,candidate_layer_only_no_asset_write,not_approved,"Official public NWSL roster metadata only; no image download, no approval, no renderer enablement."
nwsl::Football_Player::86e61d5213214742a5388b2df18ecbe1,nwsl,kansas_city_current,Katie Scott,opta:Player:1mjt2c75soe0pbgry40mfmtjo,https://www.nwslsoccer.com/teams/2c1699409ff84c9eb491aeaca3d3edde/kansas-city-current/roster,Active,identity_source_review_required,candidate_layer_only_no_asset_write,not_approved,"Official public NWSL roster metadata only; no image download, no approval, no renderer enablement."
nwsl::Football_Player::85023bcbe613492da8caaa35221257ed,nwsl,kansas_city_current,Kayla Sharples,opta:Player:cl1av4qyzjkq03akjof6tdf1m,https://www.nwslsoccer.com/teams/2c1699409ff84c9eb491aeaca3d3edde/kansas-city-current/roster,Active,identity_source_review_required,candidate_layer_only_no_asset_write,not_approved,"Official public NWSL roster metadata only; no image download, no approval, no renderer enablement."
nwsl::Football_Player::ae3e3d9feb31461eb38d1722bafe9362,nwsl,kansas_city_current,Kelsey Branson,opta:Player:12u2uljshcub82tkuzqz8b5sk,https://www.nwslsoccer.com/teams/2c1699409ff84c9eb491aeaca3d3edde/kansas-city-current/roster,Left Team,identity_source_review_required,candidate_layer_only_no_asset_write,not_approved,"Official public NWSL roster metadata only; no image download, no approval, no renderer enablement."
nwsl::Football_Player::8e98714fbbb040eca395323bf0341abb,nwsl,kansas_city_current,Kolo Suliafu,opta:Player:dec9dey1t0mbpdgyutns60iz8,https://www.nwslsoccer.com/teams/2c1699409ff84c9eb491aeaca3d3edde/kansas-city-current/roster,Active,identity_source_review_required,candidate_layer_only_no_asset_write,not_approved,"Official public NWSL roster metadata only; no image download, no approval, no renderer enablement."
nwsl::Football_Player::afa88f0c0ec840f38096c040ebe83e08,nwsl,kansas_city_current,Kyra Carusa,opta:Player:7wy32l2np787xm3b61zyd79t6,https://www.nwslsoccer.com/teams/2c1699409ff84c9eb491aeaca3d3edde/kansas-city-current/roster,Left Team,identity_source_review_required,candidate_layer_only_no_asset_write,not_approved,"Official public NWSL roster metadata only; no image download, no approval, no renderer enablement."
nwsl::Football_Player::6d6d4a5642834e01ac61867306e1e367,nwsl,kansas_city_current,Laney Rouse,opta:Player:2hrfvd8ehpwmr8wgyn1wqryp6,https://www.nwslsoccer.com/teams/2c1699409ff84c9eb491aeaca3d3edde/kansas-city-current/roster,Active,identity_source_review_required,candidate_layer_only_no_asset_write,not_approved,"Official public NWSL roster metadata only; no image download, no approval, no renderer enablement."
nwsl::Football_Player::9b7fd5c1259c48b1a87f1cc0c10f713c,nwsl,kansas_city_current,Lo'eau LaBonta,opta:Player:4c6z6g6q7jq62bznylu0kjnc9,https://www.nwslsoccer.com/teams/2c1699409ff84c9eb491aeaca3d3edde/kansas-city-current/roster,Active,identity_source_review_required,candidate_layer_only_no_asset_write,not_approved,"Official public NWSL roster metadata only; no image download, no approval, no renderer enablement."
nwsl::Football_Player::7d50dd7b6526453ea7be4ca492fdef5a,nwsl,kansas_city_current,Lorena da Silva Leite,opta:Player:das6ydxiwz8trtyp98ss5i295,https://www.nwslsoccer.com/teams/2c1699409ff84c9eb491aeaca3d3edde/kansas-city-current/roster,Active,identity_source_review_required,candidate_layer_only_no_asset_write,not_approved,"Official public NWSL roster metadata only; no image download, no approval, no renderer enablement."
nwsl::Football_Player::a1626364867445b3b33022e19cac46ff,nwsl,kansas_city_current,Marisa Jordan,opta:Player:p6mq2ouc50vln1ou3cyg0lqs,https://www.nwslsoccer.com/teams/2c1699409ff84c9eb491aeaca3d3edde/kansas-city-current/roster,Active,identity_source_review_required,candidate_layer_only_no_asset_write,not_approved,"Official public NWSL roster metadata only; no image download, no approval, no renderer enablement."
nwsl::Football_Player::8d16edc2033a4281990ebb8662af78b5,nwsl,kansas_city_current,Mary Long,opta:Player:cmivpbf5hzq5j8feacgla5nv8,https://www.nwslsoccer.com/teams/2c1699409ff84c9eb491aeaca3d3edde/kansas-city-current/roster,Active,identity_source_review_required,candidate_layer_only_no_asset_write,not_approved,"Official public NWSL roster metadata only; no image download, no approval, no renderer enablement."
nwsl::Football_Player::3ca26686728a463fa1e1a40a4495a994,nwsl,kansas_city_current,Meila Brewer,opta:Player:7p8heljotf88nebnflokf84,https://www.nwslsoccer.com/teams/2c1699409ff84c9eb491aeaca3d3edde/kansas-city-current/roster,Active,identity_source_review_required,candidate_layer_only_no_asset_write,not_approved,"Official public NWSL roster metadata only; no image download, no approval, no renderer enablement."
nwsl::Football_Player::6eb214e42ba44ea59f98afee41a268d0,nwsl,kansas_city_current,Michelle Cooper,opta:Player:e1irspfo9xupqz2sqvyq1zp0q,https://www.nwslsoccer.com/teams/2c1699409ff84c9eb491aeaca3d3edde/kansas-city-current/roster,Active,identity_source_review_required,candidate_layer_only_no_asset_write,not_approved,"Official public NWSL roster metadata only; no image download, no approval, no renderer enablement."
nwsl::Football_Player::2b79fff663274280b57a60c00163ff51,nwsl,kansas_city_current,Penelope Hocking,opta:Player:cnxanwub8nm1jokerrs83mk4q,https://www.nwslsoccer.com/teams/2c1699409ff84c9eb491aeaca3d3edde/kansas-city-current/roster,Active,identity_source_review_required,candidate_layer_only_no_asset_write,not_approved,"Official public NWSL roster metadata only; no image download, no approval, no renderer enablement."
nwsl::Football_Player::53377155ab4b4c08b6ff7a3c66865fe3,nwsl,kansas_city_current,Rocky Rodríguez,opta:Player:6k82rq8synvac950ext5t0jpx,https://www.nwslsoccer.com/teams/2c1699409ff84c9eb491aeaca3d3edde/kansas-city-current/roster,Active,identity_source_review_required,candidate_layer_only_no_asset_write,not_approved,"Official public NWSL roster metadata only; no image download, no approval, no renderer enablement."
nwsl::Football_Player::6fb7c24fe454404c899f51d0a7ea2e84,nwsl,kansas_city_current,Temwa Chawinga,opta:Player:ccw8gtkcahxf21rutqldjvkve,https://www.nwslsoccer.com/teams/2c1699409ff84c9eb491aeaca3d3edde/kansas-city-current/roster,Active,identity_source_review_required,candidate_layer_only_no_asset_write,not_approved,"Official public NWSL roster metadata only; no image download, no approval, no renderer enablement."
nwsl::Football_Player::cac9bfef965b49f9a20bbc0deb15ccfa,nwsl,kansas_city_current,Vanessa DiBernardo,opta:Player:dv8265k3za578hkzxxuttqmdx,https://www.nwslsoccer.com/teams/2c1699409ff84c9eb491aeaca3d3edde/kansas-city-current/roster,Active,identity_source_review_required,candidate_layer_only_no_asset_write,not_approved,"Official public NWSL roster metadata only; no image download, no approval, no renderer enablement."
nwsl::Football_Player::d24c806737e2498c980976b0695bfbe8,nwsl,north_carolina_courage,Ally Schlegel,opta:Player:6e7scc2z7henelebs853mc844,https://www.nwslsoccer.com/teams/fb41ef4439dd495098cb6d40415767cc/north-carolina-courage/roster,Active,identity_source_review_required,candidate_layer_only_no_asset_write,not_approved,"Official public NWSL roster metadata only; no image download, no approval, no renderer enablement."
nwsl::Football_Player::ed7ee4eca97044dd97750b29c3850769,nwsl,north_carolina_courage,Ashley Sanchez,opta:Player:cwerr3zz6pqzzzqso9dx69fjd,https://www.nwslsoccer.com/teams/fb41ef4439dd495098cb6d40415767cc/north-carolina-courage/roster,Active,identity_source_review_required,candidate_layer_only_no_asset_write,not_approved,"Official public NWSL roster metadata only; no image download, no approval, no renderer enablement."
nwsl::Football_Player::db2f5b1eb5d542459bdcd2e603cb2949,nwsl,north_carolina_courage,Cameron Brooks,opta:Player:f492lo1waofo8lw3fizklxt04,https://www.nwslsoccer.com/teams/fb41ef4439dd495098cb6d40415767cc/north-carolina-courage/roster,Active,identity_source_review_required,candidate_layer_only_no_asset_write,not_approved,"Official public NWSL roster metadata only; no image download, no approval, no renderer enablement."
nwsl::Football_Player::1c5b1011e8104e8f8b94c941f66b7a93,nwsl,north_carolina_courage,Carly Wickenheiser,opta:Player:b66ygab3p7xm1qgaknjaebtyi,https://www.nwslsoccer.com/teams/fb41ef4439dd495098cb6d40415767cc/north-carolina-courage/roster,Active,identity_source_review_required,candidate_layer_only_no_asset_write,not_approved,"Official public NWSL roster metadata only; no image download, no approval, no renderer enablement."
nwsl::Football_Player::e878c5789b6a4af382182129004de27d,nwsl,north_carolina_courage,Chioma Okafor,opta:Player:ef4p261ukptzw3feyv8vnh90,https://www.nwslsoccer.com/teams/fb41ef4439dd495098cb6d40415767cc/north-carolina-courage/roster,Active,identity_source_review_required,candidate_layer_only_no_asset_write,not_approved,"Official public NWSL roster metadata only; no image download, no approval, no renderer enablement."
nwsl::Football_Player::a0b960ec400b4ad389c72e720e32e86d,nwsl,north_carolina_courage,Cortnee Vine,opta:Player:3ytdxf659yjtnml5zzpxl01k9,https://www.nwslsoccer.com/teams/fb41ef4439dd495098cb6d40415767cc/north-carolina-courage/roster,Active,identity_source_review_required,candidate_layer_only_no_asset_write,not_approved,"Official public NWSL roster metadata only; no image download, no approval, no renderer enablement."
nwsl::Football_Player::405bbcc7f91848b4a28e72f45ffb7d55,nwsl,north_carolina_courage,Dani Weatherholt,opta:Player:9aj5gfycwgc6r0b550zagl4a1,https://www.nwslsoccer.com/teams/fb41ef4439dd495098cb6d40415767cc/north-carolina-courage/roster,Active,identity_source_review_required,candidate_layer_only_no_asset_write,not_approved,"Official public NWSL roster metadata only; no image download, no approval, no renderer enablement."
nwsl::Football_Player::f866f99ea9e247179534881de6f30154,nwsl,north_carolina_courage,Evelyn Ijeh,opta:Player:1a1pgxpcde55xhvg3oocy2t7u,https://www.nwslsoccer.com/teams/fb41ef4439dd495098cb6d40415767cc/north-carolina-courage/roster,Active,identity_source_review_required,candidate_layer_only_no_asset_write,not_approved,"Official public NWSL roster metadata only; no image download, no approval, no renderer enablement."
nwsl::Football_Player::cb6caff04d61498b9fef4c71d0c3f1e1,nwsl,north_carolina_courage,Feli Rauch,opta:Player:cbofbntctfuhr1vqpn7eywt05,https://www.nwslsoccer.com/teams/fb41ef4439dd495098cb6d40415767cc/north-carolina-courage/roster,Active,identity_source_review_required,candidate_layer_only_no_asset_write,not_approved,"Official public NWSL roster metadata only; no image download, no approval, no renderer enablement."
nwsl::Football_Player::93ab29167bcd49b1a9d06e29f2cfb3c2,nwsl,north_carolina_courage,Hannah Betfort,opta:Player:2sylxhwmisg8f763p2t1q934k,https://www.nwslsoccer.com/teams/fb41ef4439dd495098cb6d40415767cc/north-carolina-courage/roster,Active,identity_source_review_required,candidate_layer_only_no_asset_write,not_approved,"Official public NWSL roster metadata only; no image download, no approval, no renderer enablement."
nwsl::Football_Player::3bbc6c9898e94194a7a320db15edab22,nwsl,north_carolina_courage,Ivy Younce,opta:Player:d7wtrjczw3a19jzsis54g16ac,https://www.nwslsoccer.com/teams/fb41ef4439dd495098cb6d40415767cc/north-carolina-courage/roster,Active,identity_source_review_required,candidate_layer_only_no_asset_write,not_approved,"Official public NWSL roster metadata only; no image download, no approval, no renderer enablement."
nwsl::Football_Player::7a3d8828fb0941f88dd72a728f9f61e4,nwsl,north_carolina_courage,Kailen Sheridan,opta:Player:4yb9avzbrzt8m4c4h1yy98jbp,https://www.nwslsoccer.com/teams/fb41ef4439dd495098cb6d40415767cc/north-carolina-courage/roster,Active,identity_source_review_required,candidate_layer_only_no_asset_write,not_approved,"Official public NWSL roster metadata only; no image download, no approval, no renderer enablement."
nwsl::Football_Player::22fe350a7bf44f1f8e008c44d92b45f9,nwsl,north_carolina_courage,Lauryn Thompson,opta:Player:63gy9xivayu1ktygmvcx4x6ac,https://www.nwslsoccer.com/teams/fb41ef4439dd495098cb6d40415767cc/north-carolina-courage/roster,Active,identity_source_review_required,candidate_layer_only_no_asset_write,not_approved,"Official public NWSL roster metadata only; no image download, no approval, no renderer enablement."
nwsl::Football_Player::76946e8d1a40476cb7874e813358910c,nwsl,north_carolina_courage,Madison White,opta:Player:4ny95dplowqc6peree7z536s4,https://www.nwslsoccer.com/teams/fb41ef4439dd495098cb6d40415767cc/north-carolina-courage/roster,Active,identity_source_review_required,candidate_layer_only_no_asset_write,not_approved,"Official public NWSL roster metadata only; no image download, no approval, no renderer enablement."
nwsl::Football_Player::bb0103a05e5f49418ff33df52b8b71b9,nwsl,north_carolina_courage,Manaka Matsukubo,opta:Player:90bm7jsl7sjqiel7u2tv0vgq2,https://www.nwslsoccer.com/teams/fb41ef4439dd495098cb6d40415767cc/north-carolina-courage/roster,Active,identity_source_review_required,candidate_layer_only_no_asset_write,not_approved,"Official public NWSL roster metadata only; no image download, no approval, no renderer enablement."
nwsl::Football_Player::55bd66bfbc3240c7acf59ca32209868c,nwsl,north_carolina_courage,Maycee Bell,opta:Player:cbco4ht0d7uk1thgam6vc0ep6,https://www.nwslsoccer.com/teams/fb41ef4439dd495098cb6d40415767cc/north-carolina-courage/roster,Active,identity_source_review_required,candidate_layer_only_no_asset_write,not_approved,"Official public NWSL roster metadata only; no image download, no approval, no renderer enablement."
nwsl::Football_Player::86effc238dda42cf81a3890dc95f556e,nwsl,north_carolina_courage,Molly Pritchard,opta:Player:bcgg4ucum9n55qdr4ny0kd3bo,https://www.nwslsoccer.com/teams/fb41ef4439dd495098cb6d40415767cc/north-carolina-courage/roster,Active,identity_source_review_required,candidate_layer_only_no_asset_write,not_approved,"Official public NWSL roster metadata only; no image download, no approval, no renderer enablement."
nwsl::Football_Player::3d88359f24cc42609f3402ab4c856674,nwsl,north_carolina_courage,Natalia Staude,opta:Player:75p1ff1723mzkbs7tfke3j9m2,https://www.nwslsoccer.com/teams/fb41ef4439dd495098cb6d40415767cc/north-carolina-courage/roster,Active,identity_source_review_required,candidate_layer_only_no_asset_write,not_approved,"Official public NWSL roster metadata only; no image download, no approval, no renderer enablement."
nwsl::Football_Player::98dcb1c31ca44fd195fa3302144a6140,nwsl,north_carolina_courage,Natalie Jacobs,opta:Player:8co65x7tuvynuqvket8okb7xl,https://www.nwslsoccer.com/teams/fb41ef4439dd495098cb6d40415767cc/north-carolina-courage/roster,Active,identity_source_review_required,candidate_layer_only_no_asset_write,not_approved,"Official public NWSL roster metadata only; no image download, no approval, no renderer enablement."
nwsl::Football_Player::c096d058034e441cb84bcdaad2de8892,nwsl,north_carolina_courage,Oli Peña,opta:Player:epb6dczs2ys7wew8ge6zlfjoq,https://www.nwslsoccer.com/teams/fb41ef4439dd495098cb6d40415767cc/north-carolina-courage/roster,Active,identity_source_review_required,candidate_layer_only_no_asset_write,not_approved,"Official public NWSL roster metadata only; no image download, no approval, no renderer enablement."
nwsl::Football_Player::75dd90b34f884be794d7d0a24f71d8d8,nwsl,north_carolina_courage,Olivia Wingate,opta:Player:8r50p1ogefrsi5sbxnpius6j8,https://www.nwslsoccer.com/teams/fb41ef4439dd495098cb6d40415767cc/north-carolina-courage/roster,Active,identity_source_review_required,candidate_layer_only_no_asset_write,not_approved,"Official public NWSL roster metadata only; no image download, no approval, no renderer enablement."
nwsl::Football_Player::b79c07308de84ca7967c474613f2fe20,nwsl,north_carolina_courage,Payton Linnehan,opta:Player:2x310j2wycjsv4nzblfqd7sru,https://www.nwslsoccer.com/teams/fb41ef4439dd495098cb6d40415767cc/north-carolina-courage/roster,Active,identity_source_review_required,candidate_layer_only_no_asset_write,not_approved,"Official public NWSL roster metadata only; no image download, no approval, no renderer enablement."
nwsl::Football_Player::b59aacbdbb734601810422f27dff5ddb,nwsl,north_carolina_courage,Riley Jackson,opta:Player:bxj6bpjfxkumj112yoco9wahg,https://www.nwslsoccer.com/teams/fb41ef4439dd495098cb6d40415767cc/north-carolina-courage/roster,Active,identity_source_review_required,candidate_layer_only_no_asset_write,not_approved,"Official public NWSL roster metadata only; no image download, no approval, no renderer enablement."
nwsl::Football_Player::81f566b89fa04830b4b1657453e4f818,nwsl,north_carolina_courage,Ryan Williams,opta:Player:1x229gvjahkxp7w02bh0v36ga,https://www.nwslsoccer.com/teams/fb41ef4439dd495098cb6d40415767cc/north-carolina-courage/roster,Active,identity_source_review_required,candidate_layer_only_no_asset_write,not_approved,"Official public NWSL roster metadata only; no image download, no approval, no renderer enablement."
nwsl::Football_Player::23fbf942a9564991bb975594e94b02d7,nwsl,north_carolina_courage,Shinomi Koyama,opta:Player:8afwde4025w5wxddyf2ouoine,https://www.nwslsoccer.com/teams/fb41ef4439dd495098cb6d40415767cc/north-carolina-courage/roster,Active,identity_source_review_required,candidate_layer_only_no_asset_write,not_approved,"Official public NWSL roster metadata only; no image download, no approval, no renderer enablement."
nwsl::Football_Player::6a0f8138983847b9b9b165b4d961ba81,nwsl,north_carolina_courage,Sydney Schmidt,opta:Player:dfcrqeawzmz4xjcuz4ti93w2c,https://www.nwslsoccer.com/teams/fb41ef4439dd495098cb6d40415767cc/north-carolina-courage/roster,Active,identity_source_review_required,candidate_layer_only_no_asset_write,not_approved,"Official public NWSL roster metadata only; no image download, no approval, no renderer enablement."
nwsl::Football_Player::0be30b0d97e24aa39d443c4436a4c2a1,nwsl,north_carolina_courage,Uno Shiragaki,opta:Player:6wpx1a2wehksajgej1us7wqok,https://www.nwslsoccer.com/teams/fb41ef4439dd495098cb6d40415767cc/north-carolina-courage/roster,Active,identity_source_review_required,candidate_layer_only_no_asset_write,not_approved,"Official public NWSL roster metadata only; no image download, no approval, no renderer enablement."
nwsl::Football_Player::ac29e17a8bff414e8ede153e5067e250,nwsl,orlando_pride,Ally Lemos,opta:Player:6uui5rxnfn6y5rkcsbuloiui,https://www.nwslsoccer.com/teams/c3e9513e280b41e5bfbb8230076e8c43/orlando-pride/roster,Active,identity_source_review_required,candidate_layer_only_no_asset_write,not_approved,"Official public NWSL roster metadata only; no image download, no approval, no renderer enablement."
nwsl::Football_Player::3fa6c6b9fff049ddb7e32f7ea04d33ca,nwsl,orlando_pride,Angelina Alonso Costantino,opta:Player:23nuijdnnuiwzkd5cf7jbyajt,https://www.nwslsoccer.com/teams/c3e9513e280b41e5bfbb8230076e8c43/orlando-pride/roster,Active,identity_source_review_required,candidate_layer_only_no_asset_write,not_approved,"Official public NWSL roster metadata only; no image download, no approval, no renderer enablement."
nwsl::Football_Player::15cbd2b4b39042eeb04d03affb712899,nwsl,orlando_pride,Anna Moorhouse,opta:Player:7e8f4kfwcucaj4239xz0rai1h,https://www.nwslsoccer.com/teams/c3e9513e280b41e5bfbb8230076e8c43/orlando-pride/roster,Active,identity_source_review_required,candidate_layer_only_no_asset_write,not_approved,"Official public NWSL roster metadata only; no image download, no approval, no renderer enablement."
nwsl::Football_Player::0021a2896ee54ef191fb324dec97dd78,nwsl,orlando_pride,Barbra Banda,opta:Player:e2obgph6szyo04em3qr94g1qt,https://www.nwslsoccer.com/teams/c3e9513e280b41e5bfbb8230076e8c43/orlando-pride/roster,Active,identity_source_review_required,candidate_layer_only_no_asset_write,not_approved,"Official public NWSL roster metadata only; no image download, no approval, no renderer enablement."
nwsl::Football_Player::3888ed1a5f1741d69be6912edb3a2fae,nwsl,orlando_pride,Cara Martin,opta:Player:887dvmf81v9fxg76i14wep8no,https://www.nwslsoccer.com/teams/c3e9513e280b41e5bfbb8230076e8c43/orlando-pride/roster,Active,identity_source_review_required,candidate_layer_only_no_asset_write,not_approved,"Official public NWSL roster metadata only; no image download, no approval, no renderer enablement."
nwsl::Football_Player::e51fe8ea427c4f39894fce94ed9fadcd,nwsl,orlando_pride,Cori Dyke,opta:Player:dy302yj9tjby62ur1u8ab8rxm,https://www.nwslsoccer.com/teams/c3e9513e280b41e5bfbb8230076e8c43/orlando-pride/roster,Active,identity_source_review_required,candidate_layer_only_no_asset_write,not_approved,"Official public NWSL roster metadata only; no image download, no approval, no renderer enablement."
nwsl::Football_Player::2e46f0ae8d6e46119d927dd1244d079f,nwsl,orlando_pride,Cosette Morché,opta:Player:7rm6858rwtecoxlt5ud31dmy2,https://www.nwslsoccer.com/teams/c3e9513e280b41e5bfbb8230076e8c43/orlando-pride/roster,Active,identity_source_review_required,candidate_layer_only_no_asset_write,not_approved,"Official public NWSL roster metadata only; no image download, no approval, no renderer enablement."
nwsl::Football_Player::c7c35bca896849439784a5cdee73a0b1,nwsl,orlando_pride,Hailie Mace,opta:Player:9wvoeo39cgbelv8ddqin3aaga,https://www.nwslsoccer.com/teams/c3e9513e280b41e5bfbb8230076e8c43/orlando-pride/roster,Active,identity_source_review_required,candidate_layer_only_no_asset_write,not_approved,"Official public NWSL roster metadata only; no image download, no approval, no renderer enablement."
nwsl::Football_Player::521bad7c3a2f49a185c968f9206da5b8,nwsl,orlando_pride,Haley McCutcheon,opta:Player:3cyj9a2fjtx4xd0bqdh6g3azu,https://www.nwslsoccer.com/teams/c3e9513e280b41e5bfbb8230076e8c43/orlando-pride/roster,Active,identity_source_review_required,candidate_layer_only_no_asset_write,not_approved,"Official public NWSL roster metadata only; no image download, no approval, no renderer enablement."
nwsl::Football_Player::ebfc177248a54a0e972527b41871071e,nwsl,orlando_pride,Hannah Anderson,opta:Player:1zslcxrwelyckvt3kp9c7qiac,https://www.nwslsoccer.com/teams/c3e9513e280b41e5bfbb8230076e8c43/orlando-pride/roster,Active,identity_source_review_required,candidate_layer_only_no_asset_write,not_approved,"Official public NWSL roster metadata only; no image download, no approval, no renderer enablement."
nwsl::Football_Player::c390f57b0fe54464b1c2efec9aeee043,nwsl,orlando_pride,Jacqueline Ovalle,opta:Player:cp4zctgc9g0g8tkwppioezb3d,https://www.nwslsoccer.com/teams/c3e9513e280b41e5bfbb8230076e8c43/orlando-pride/roster,Active,identity_source_review_required,candidate_layer_only_no_asset_write,not_approved,"Official public NWSL roster metadata only; no image download, no approval, no renderer enablement."
nwsl::Football_Player::4cb80ed654ff46e8916779187fb88553,nwsl,orlando_pride,Julie Doyle,opta:Player:3sgg664ay83kxhe17ogbke978,https://www.nwslsoccer.com/teams/c3e9513e280b41e5bfbb8230076e8c43/orlando-pride/roster,Active,identity_source_review_required,candidate_layer_only_no_asset_write,not_approved,"Official public NWSL roster metadata only; no image download, no approval, no renderer enablement."
nwsl::Football_Player::3156af5df0ad44729614d33bf537a27e,nwsl,orlando_pride,Kat Asman,opta:Player:e85tnyxneiieu2xxon2h4ss9g,https://www.nwslsoccer.com/teams/c3e9513e280b41e5bfbb8230076e8c43/orlando-pride/roster,Left Team,identity_source_review_required,candidate_layer_only_no_asset_write,not_approved,"Official public NWSL roster metadata only; no image download, no approval, no renderer enablement."
nwsl::Football_Player::a79161648fb0412187766de7176ab440,nwsl,orlando_pride,Kerry Abello,opta:Player:dyfsbff9jueyw5jhjou424bo4,https://www.nwslsoccer.com/teams/c3e9513e280b41e5bfbb8230076e8c43/orlando-pride/roster,Active,identity_source_review_required,candidate_layer_only_no_asset_write,not_approved,"Official public NWSL roster metadata only; no image download, no approval, no renderer enablement."
nwsl::Football_Player::5fc1b3b61f604e8fb3ca8fe5a154cde9,nwsl,orlando_pride,Kylie Nadaner,opta:Player:1uf4321zvio3hrwfu4z4jxp7t,https://www.nwslsoccer.com/teams/c3e9513e280b41e5bfbb8230076e8c43/orlando-pride/roster,Active,identity_source_review_required,candidate_layer_only_no_asset_write,not_approved,"Official public NWSL roster metadata only; no image download, no approval, no renderer enablement."
nwsl::Football_Player::e217f693d9c1472c9ca602ef93c69386,nwsl,orlando_pride,Luana Bertolucci Paixão,opta:Player:4asnz2kicgzv2exc5u2lfwudx,https://www.nwslsoccer.com/teams/c3e9513e280b41e5bfbb8230076e8c43/orlando-pride/roster,Active,identity_source_review_required,candidate_layer_only_no_asset_write,not_approved,"Official public NWSL roster metadata only; no image download, no approval, no renderer enablement."
nwsl::Football_Player::514d945291b44c78adaabb4dfbf7ba03,nwsl,orlando_pride,Marta Marta,opta:Player:c811si1xw5he6ih0o1mj94tsl,https://www.nwslsoccer.com/teams/c3e9513e280b41e5bfbb8230076e8c43/orlando-pride/roster,Active,identity_source_review_required,candidate_layer_only_no_asset_write,not_approved,"Official public NWSL roster metadata only; no image download, no approval, no renderer enablement."
nwsl::Football_Player::f3c52a160fb64cba878971b93e178183,nwsl,orlando_pride,McKinley Crone,opta:Player:93mr62mbyeymgcad2qhpvt2qc,https://www.nwslsoccer.com/teams/c3e9513e280b41e5bfbb8230076e8c43/orlando-pride/roster,Active,identity_source_review_required,candidate_layer_only_no_asset_write,not_approved,"Official public NWSL roster metadata only; no image download, no approval, no renderer enablement."
nwsl::Football_Player::65b00a37c89a4fbaba9fbfb76969a7df,nwsl,orlando_pride,Nicole Payne,opta:Player:82vhbi5bl9wmvsej0qlql2nvu,https://www.nwslsoccer.com/teams/c3e9513e280b41e5bfbb8230076e8c43/orlando-pride/roster,Active,identity_source_review_required,candidate_layer_only_no_asset_write,not_approved,"Official public NWSL roster metadata only; no image download, no approval, no renderer enablement."
nwsl::Football_Player::909a06c8277b428f8e6acae7e1a62d39,nwsl,orlando_pride,Oihane Hernández,opta:Player:2lh6bupkrijpm9n916446nbop,https://www.nwslsoccer.com/teams/c3e9513e280b41e5bfbb8230076e8c43/orlando-pride/roster,Active,identity_source_review_required,candidate_layer_only_no_asset_write,not_approved,"Official public NWSL roster metadata only; no image download, no approval, no renderer enablement."
nwsl::Football_Player::021370e22b6846a48f5e988c6f4c9478,nwsl,orlando_pride,Rafaelle Leone Carvalho Souza,opta:Player:bilgoekg6gqwr3qbp6dp0j1zp,https://www.nwslsoccer.com/teams/c3e9513e280b41e5bfbb8230076e8c43/orlando-pride/roster,Active,identity_source_review_required,candidate_layer_only_no_asset_write,not_approved,"Official public NWSL roster metadata only; no image download, no approval, no renderer enablement."
nwsl::Football_Player::88f0149d2d7a44b681a920d194cf65ca,nwsl,orlando_pride,Reagan Raabe,opta:Player:dmpcb84fn9c2livtnsg8aoduc,https://www.nwslsoccer.com/teams/c3e9513e280b41e5bfbb8230076e8c43/orlando-pride/roster,Active,identity_source_review_required,candidate_layer_only_no_asset_write,not_approved,"Official public NWSL roster metadata only; no image download, no approval, no renderer enablement."
nwsl::Football_Player::3aea231c3bf74863a3f57017205ba14a,nwsl,orlando_pride,Seven Castain,opta:Player:71s5zwkk53efffrfer45jkjdg,https://www.nwslsoccer.com/teams/c3e9513e280b41e5bfbb8230076e8c43/orlando-pride/roster,Active,identity_source_review_required,candidate_layer_only_no_asset_write,not_approved,"Official public NWSL roster metadata only; no image download, no approval, no renderer enablement."
nwsl::Football_Player::9a6e94e5fb19478f9dbc33f702d2d891,nwsl,orlando_pride,Simone Jackson,opta:Player:13mfu77eipda4tqe1grek3a7e,https://www.nwslsoccer.com/teams/c3e9513e280b41e5bfbb8230076e8c43/orlando-pride/roster,Active,identity_source_review_required,candidate_layer_only_no_asset_write,not_approved,"Official public NWSL roster metadata only; no image download, no approval, no renderer enablement."
nwsl::Football_Player::1707398003674ec2a9b8855574cba470,nwsl,orlando_pride,Solai Washington,opta:Player:6ja97tk5c2r4pmpd1av0pewpg,https://www.nwslsoccer.com/teams/c3e9513e280b41e5bfbb8230076e8c43/orlando-pride/roster,Active,identity_source_review_required,candidate_layer_only_no_asset_write,not_approved,"Official public NWSL roster metadata only; no image download, no approval, no renderer enablement."
nwsl::Football_Player::f225dce81f0f4e28ae0ba7e09bb1e601,nwsl,orlando_pride,Summer Yates,opta:Player:68njvqucip0ehuz4eecppvq0a,https://www.nwslsoccer.com/teams/c3e9513e280b41e5bfbb8230076e8c43/orlando-pride/roster,Active,identity_source_review_required,candidate_layer_only_no_asset_write,not_approved,"Official public NWSL roster metadata only; no image download, no approval, no renderer enablement."
nwsl::Football_Player::808933e0efb240da834c2ee39cb5ede4,nwsl,orlando_pride,Viviana Villacorta,opta:Player:77agy8f4m7ybib2cssdfsltuy,https://www.nwslsoccer.com/teams/c3e9513e280b41e5bfbb8230076e8c43/orlando-pride/roster,Active,identity_source_review_required,candidate_layer_only_no_asset_write,not_approved,"Official public NWSL roster metadata only; no image download, no approval, no renderer enablement."
nwsl::Football_Player::e0083709d64e4f7aa5329c7b17fc6687,nwsl,orlando_pride,Zara Chavoshi,opta:Player:642fsrjj1seobmhxeefruv578,https://www.nwslsoccer.com/teams/c3e9513e280b41e5bfbb8230076e8c43/orlando-pride/roster,Active,identity_source_review_required,candidate_layer_only_no_asset_write,not_approved,"Official public NWSL roster metadata only; no image download, no approval, no renderer enablement."
nwsl::Football_Player::d5c841dcdea54696979eda5b6d0fbdb6,nwsl,portland_thorns_fc,Alexa Spaanstra,opta:Player:1115fgmv9xa3nwx3bu19jr9pl,https://www.nwslsoccer.com/teams/96ba7b37bd8544a1a7329183459150ff/portland-thorns-fc/roster,Left Team,identity_source_review_required,candidate_layer_only_no_asset_write,not_approved,"Official public NWSL roster metadata only; no image download, no approval, no renderer enablement."
nwsl::Football_Player::84b30914edbb45ddb082f69074fb818a,nwsl,portland_thorns_fc,Bella Bixby,opta:Player:1yva0f096q2oqk5gz59utr42y,https://www.nwslsoccer.com/teams/96ba7b37bd8544a1a7329183459150ff/portland-thorns-fc/roster,Active,identity_source_review_required,candidate_layer_only_no_asset_write,not_approved,"Official public NWSL roster metadata only; no image download, no approval, no renderer enablement."
nwsl::Football_Player::0e4a7272e4b34cc8977c9623a1a09bf1,nwsl,portland_thorns_fc,Caiya Hanks,opta:Player:da2c3l9xeixo7o6byjutpgn4k,https://www.nwslsoccer.com/teams/96ba7b37bd8544a1a7329183459150ff/portland-thorns-fc/roster,Active,identity_source_review_required,candidate_layer_only_no_asset_write,not_approved,"Official public NWSL roster metadata only; no image download, no approval, no renderer enablement."
nwsl::Football_Player::1e26ef7b8de140f1bb2ee7bcefdcbfe7,nwsl,portland_thorns_fc,Carolyn Calzada,opta:Player:budsqylwc15cjfetyeivijmdw,https://www.nwslsoccer.com/teams/96ba7b37bd8544a1a7329183459150ff/portland-thorns-fc/roster,Active,identity_source_review_required,candidate_layer_only_no_asset_write,not_approved,"Official public NWSL roster metadata only; no image download, no approval, no renderer enablement."
nwsl::Football_Player::8d5a9316dcc64f99bade9c227befbceb,nwsl,portland_thorns_fc,Cassandra Bogere,opta:Player:cjkvwfookgchoji7xxnsct1w,https://www.nwslsoccer.com/teams/96ba7b37bd8544a1a7329183459150ff/portland-thorns-fc/roster,Active,identity_source_review_required,candidate_layer_only_no_asset_write,not_approved,"Official public NWSL roster metadata only; no image download, no approval, no renderer enablement."
nwsl::Football_Player::e3a4b9a720014da8a851e9d8f3892aed,nwsl,portland_thorns_fc,Daiane Limeira Santos Silva,opta:Player:ap0166ueagw059fehsj6hh3h1,https://www.nwslsoccer.com/teams/96ba7b37bd8544a1a7329183459150ff/portland-thorns-fc/roster,Left Team,identity_source_review_required,candidate_layer_only_no_asset_write,not_approved,"Official public NWSL roster metadata only; no image download, no approval, no renderer enablement."
nwsl::Football_Player::dc5b62503b254bc7b911b31b48969494,nwsl,portland_thorns_fc,Deyna Castellanos,opta:Player:et72990p9axru09oxv51hokwl,https://www.nwslsoccer.com/teams/96ba7b37bd8544a1a7329183459150ff/portland-thorns-fc/roster,Active,identity_source_review_required,candidate_layer_only_no_asset_write,not_approved,"Official public NWSL roster metadata only; no image download, no approval, no renderer enablement."
nwsl::Football_Player::6bb4476d3ca34d72aaed6bfe3080bc8c,nwsl,portland_thorns_fc,Erin McKinney,opta:Player:bdrbydq468swv53zgjul54zkk,https://www.nwslsoccer.com/teams/96ba7b37bd8544a1a7329183459150ff/portland-thorns-fc/roster,Active,identity_source_review_required,candidate_layer_only_no_asset_write,not_approved,"Official public NWSL roster metadata only; no image download, no approval, no renderer enablement."
nwsl::Football_Player::ab5925e484b549b084e72c85df4de7df,nwsl,portland_thorns_fc,Isabella Obaze,opta:Player:8oj7cqgjacle67i49w4a3gx6,https://www.nwslsoccer.com/teams/96ba7b37bd8544a1a7329183459150ff/portland-thorns-fc/roster,Active,identity_source_review_required,candidate_layer_only_no_asset_write,not_approved,"Official public NWSL roster metadata only; no image download, no approval, no renderer enablement."
nwsl::Football_Player::d2e295e660ac4110bb3ab9be9185c86d,nwsl,portland_thorns_fc,Jayden Perry,opta:Player:8cjb3weg2uhmwh9l21gw0xqtw,https://www.nwslsoccer.com/teams/96ba7b37bd8544a1a7329183459150ff/portland-thorns-fc/roster,Active,identity_source_review_required,candidate_layer_only_no_asset_write,not_approved,"Official public NWSL roster metadata only; no image download, no approval, no renderer enablement."
nwsl::Football_Player::afdfe7f8d3554cbdb5a28867ae47b468,nwsl,portland_thorns_fc,Jennie Immethun,opta:Player:aa62mdrh7m02q6yydl6dmcmc4,https://www.nwslsoccer.com/teams/96ba7b37bd8544a1a7329183459150ff/portland-thorns-fc/roster,Active,identity_source_review_required,candidate_layer_only_no_asset_write,not_approved,"Official public NWSL roster metadata only; no image download, no approval, no renderer enablement."
nwsl::Football_Player::8513285029bf40cb99fa4947006018a2,nwsl,portland_thorns_fc,Jessie Fleming,opta:Player:ek8x7y3jt0xcebttt75qi5exh,https://www.nwslsoccer.com/teams/96ba7b37bd8544a1a7329183459150ff/portland-thorns-fc/roster,Active,identity_source_review_required,candidate_layer_only_no_asset_write,not_approved,"Official public NWSL roster metadata only; no image download, no approval, no renderer enablement."
nwsl::Football_Player::81619aa8f0b94bbd8e20e7f665ae8f59,nwsl,portland_thorns_fc,Julie Dufour,opta:Player:9mo419gtk6dy5lhcvatcllkyy,https://www.nwslsoccer.com/teams/96ba7b37bd8544a1a7329183459150ff/portland-thorns-fc/roster,Active,identity_source_review_required,candidate_layer_only_no_asset_write,not_approved,"Official public NWSL roster metadata only; no image download, no approval, no renderer enablement."
nwsl::Football_Player::efa33936147948539e131def3f2df42a,nwsl,portland_thorns_fc,M.A. Vignola,opta:Player:1enu619pvakj78wtsfuilbj3e,https://www.nwslsoccer.com/teams/96ba7b37bd8544a1a7329183459150ff/portland-thorns-fc/roster,Active,identity_source_review_required,candidate_layer_only_no_asset_write,not_approved,"Official public NWSL roster metadata only; no image download, no approval, no renderer enablement."
nwsl::Football_Player::9ccd079f4b56432e8f21ede69aabddee,nwsl,portland_thorns_fc,Mackenzie Arnold,opta:Player:68a0jc6cin6hxx0bkdch9hc5x,https://www.nwslsoccer.com/teams/96ba7b37bd8544a1a7329183459150ff/portland-thorns-fc/roster,Active,identity_source_review_required,candidate_layer_only_no_asset_write,not_approved,"Official public NWSL roster metadata only; no image download, no approval, no renderer enablement."
nwsl::Football_Player::73d2d58e884c4af09534e7a45194980d,nwsl,portland_thorns_fc,Mackenzie Wood,opta:Player:6wtid9p5sncnatdjk1unpebdg,https://www.nwslsoccer.com/teams/96ba7b37bd8544a1a7329183459150ff/portland-thorns-fc/roster,Active,identity_source_review_required,candidate_layer_only_no_asset_write,not_approved,"Official public NWSL roster metadata only; no image download, no approval, no renderer enablement."
nwsl::Football_Player::743907f6c95f40de9cac86cc0aeb2e5e,nwsl,portland_thorns_fc,Maddie Padelski,opta:Player:d3lhga9lumcm9ljjuvse54ftg,https://www.nwslsoccer.com/teams/96ba7b37bd8544a1a7329183459150ff/portland-thorns-fc/roster,Active,identity_source_review_required,candidate_layer_only_no_asset_write,not_approved,"Official public NWSL roster metadata only; no image download, no approval, no renderer enablement."
nwsl::Football_Player::4829883bb4dc4fa48b63d43b720a4307,nwsl,portland_thorns_fc,Mallie McKenzie,opta:Player:a0kl9l751uxo86g2k2chqtw5w,https://www.nwslsoccer.com/teams/96ba7b37bd8544a1a7329183459150ff/portland-thorns-fc/roster,Active,identity_source_review_required,candidate_layer_only_no_asset_write,not_approved,"Official public NWSL roster metadata only; no image download, no approval, no renderer enablement."
nwsl::Football_Player::7ff572896b4146d78ff5e10f1d8d65ab,nwsl,portland_thorns_fc,Marie Müller,opta:Player:e6a4lxx6og97jg9qv4lplfo4p,https://www.nwslsoccer.com/teams/96ba7b37bd8544a1a7329183459150ff/portland-thorns-fc/roster,Active,identity_source_review_required,candidate_layer_only_no_asset_write,not_approved,"Official public NWSL roster metadata only; no image download, no approval, no renderer enablement."
nwsl::Football_Player::452e1e88a12648b18de7e60d6da83626,nwsl,portland_thorns_fc,Mimi Alidou,opta:Player:d0zsyv4xdt0hunaikjy3tde96,https://www.nwslsoccer.com/teams/96ba7b37bd8544a1a7329183459150ff/portland-thorns-fc/roster,Active,identity_source_review_required,candidate_layer_only_no_asset_write,not_approved,"Official public NWSL roster metadata only; no image download, no approval, no renderer enablement."
nwsl::Football_Player::16cdad396ff94e7e8174cb37ad24f4c1,nwsl,portland_thorns_fc,Morgan Messner,opta:Player:de78j1pit0elbm4ptskkflgk4,https://www.nwslsoccer.com/teams/96ba7b37bd8544a1a7329183459150ff/portland-thorns-fc/roster,Active,identity_source_review_required,candidate_layer_only_no_asset_write,not_approved,"Official public NWSL roster metadata only; no image download, no approval, no renderer enablement."
nwsl::Football_Player::2257efccf0f246d7a3943fdf31185577,nwsl,portland_thorns_fc,Morgan Weaver,opta:Player:7w3qwzs0je6lqm4j7v3c02qga,https://www.nwslsoccer.com/teams/96ba7b37bd8544a1a7329183459150ff/portland-thorns-fc/roster,Active,identity_source_review_required,candidate_layer_only_no_asset_write,not_approved,"Official public NWSL roster metadata only; no image download, no approval, no renderer enablement."
nwsl::Football_Player::e36d5228fd7541d394bb2df04fded14f,nwsl,portland_thorns_fc,Olivia Moultrie,opta:Player:7izc8t071mkrrgvptdjru467e,https://www.nwslsoccer.com/teams/96ba7b37bd8544a1a7329183459150ff/portland-thorns-fc/roster,Active,identity_source_review_required,candidate_layer_only_no_asset_write,not_approved,"Official public NWSL roster metadata only; no image download, no approval, no renderer enablement."
nwsl::Football_Player::0faee2ad9e40492cbb9336bcbf79d651,nwsl,portland_thorns_fc,Pietra Tordin,opta:Player:2btfn8hbssn0dnszgyll1gopg,https://www.nwslsoccer.com/teams/96ba7b37bd8544a1a7329183459150ff/portland-thorns-fc/roster,Active,identity_source_review_required,candidate_layer_only_no_asset_write,not_approved,"Official public NWSL roster metadata only; no image download, no approval, no renderer enablement."
nwsl::Football_Player::d512157412184783822bc2cf21db09bf,nwsl,portland_thorns_fc,Reilyn Turner,opta:Player:5b2dire687lp3dasdj2z3n0q2,https://www.nwslsoccer.com/teams/96ba7b37bd8544a1a7329183459150ff/portland-thorns-fc/roster,Active,identity_source_review_required,candidate_layer_only_no_asset_write,not_approved,"Official public NWSL roster metadata only; no image download, no approval, no renderer enablement."
nwsl::Football_Player::ae9264d3ca7c4028a3972204a2793e62,nwsl,portland_thorns_fc,Renee Lyles,opta:Player:cyko2ctxt0cam993fomcjkqhg,https://www.nwslsoccer.com/teams/96ba7b37bd8544a1a7329183459150ff/portland-thorns-fc/roster,Active,identity_source_review_required,candidate_layer_only_no_asset_write,not_approved,"Official public NWSL roster metadata only; no image download, no approval, no renderer enablement."
nwsl::Football_Player::b936d03963c947e7a137521ff4f578b3,nwsl,portland_thorns_fc,Reyna Reyes,opta:Player:615vz7uoe3eiozddbe206io6h,https://www.nwslsoccer.com/teams/96ba7b37bd8544a1a7329183459150ff/portland-thorns-fc/roster,Active,identity_source_review_required,candidate_layer_only_no_asset_write,not_approved,"Official public NWSL roster metadata only; no image download, no approval, no renderer enablement."
nwsl::Football_Player::aa256aeb38a8454589438798a521ae12,nwsl,portland_thorns_fc,Sam Hiatt,opta:Player:74uudh34v23m2z9gy5tdppxey,https://www.nwslsoccer.com/teams/96ba7b37bd8544a1a7329183459150ff/portland-thorns-fc/roster,Active,identity_source_review_required,candidate_layer_only_no_asset_write,not_approved,"Official public NWSL roster metadata only; no image download, no approval, no renderer enablement."
nwsl::Football_Player::347119dbb56e4f5ca6eef714cf55cf00,nwsl,portland_thorns_fc,Shae Harvey,opta:Player:6ejht9fpred2zbrdfpwgvrs44,https://www.nwslsoccer.com/teams/96ba7b37bd8544a1a7329183459150ff/portland-thorns-fc/roster,Active,identity_source_review_required,candidate_layer_only_no_asset_write,not_approved,"Official public NWSL roster metadata only; no image download, no approval, no renderer enablement."
nwsl::Football_Player::40a07c6e4fd74acd864ee7f812351843,nwsl,portland_thorns_fc,Sophia Wilson,opta:Player:f05vaz2h7sxozmvi641cf7qi1,https://www.nwslsoccer.com/teams/96ba7b37bd8544a1a7329183459150ff/portland-thorns-fc/roster,Active,identity_source_review_required,candidate_layer_only_no_asset_write,not_approved,"Official public NWSL roster metadata only; no image download, no approval, no renderer enablement."
nwsl::Football_Player::bdd7739110444a1d831efa276c9e6006,nwsl,portland_thorns_fc,Valerin Loboa,opta:Player:537chvzc9ggg2ohklt7hq9m38,https://www.nwslsoccer.com/teams/96ba7b37bd8544a1a7329183459150ff/portland-thorns-fc/roster,Active,identity_source_review_required,candidate_layer_only_no_asset_write,not_approved,"Official public NWSL roster metadata only; no image download, no approval, no renderer enablement."
nwsl::Football_Player::df60b4341c11492ab396c85a121dd302,nwsl,racing_louisville_fc,Arin Wright,opta:Player:cieyupgmnxecb4emqljudrw89,https://www.nwslsoccer.com/teams/ac29701756da44a08457762380c10733/racing-louisville-fc/roster,Active,identity_source_review_required,candidate_layer_only_no_asset_write,not_approved,"Official public NWSL roster metadata only; no image download, no approval, no renderer enablement."
nwsl::Football_Player::81893f175a814e48bb103cda269cde2a,nwsl,racing_louisville_fc,Audrey McKeen,opta:Player:ocr7m6itbi3o3ttju3guw9hw,https://www.nwslsoccer.com/teams/ac29701756da44a08457762380c10733/racing-louisville-fc/roster,Active,identity_source_review_required,candidate_layer_only_no_asset_write,not_approved,"Official public NWSL roster metadata only; no image download, no approval, no renderer enablement."
nwsl::Football_Player::86801cb3b86d435abd204659e3a42a0b,nwsl,racing_louisville_fc,Avery Ciorbu,opta:Player:9gmw9ozey3nvckn368u93iluc,https://www.nwslsoccer.com/teams/ac29701756da44a08457762380c10733/racing-louisville-fc/roster,Active,identity_source_review_required,candidate_layer_only_no_asset_write,not_approved,"Official public NWSL roster metadata only; no image download, no approval, no renderer enablement."
nwsl::Football_Player::5c1e1c261d6a4a349b24573eaed3bf49,nwsl,racing_louisville_fc,Courtney Petersen,opta:Player:2x4vbu3htfozzwd8g7bdxeacp,https://www.nwslsoccer.com/teams/ac29701756da44a08457762380c10733/racing-louisville-fc/roster,Active,identity_source_review_required,candidate_layer_only_no_asset_write,not_approved,"Official public NWSL roster metadata only; no image download, no approval, no renderer enablement."
nwsl::Football_Player::341dc1ea4fd04ccf89d8aac5f0479789,nwsl,racing_louisville_fc,Cristina Roque,opta:Player:1q7tkuxplebbezfdsch58k1uy,https://www.nwslsoccer.com/teams/ac29701756da44a08457762380c10733/racing-louisville-fc/roster,Left Team,identity_source_review_required,candidate_layer_only_no_asset_write,not_approved,"Official public NWSL roster metadata only; no image download, no approval, no renderer enablement."
nwsl::Football_Player::355380d7c8ac4d0d817699ab64256714,nwsl,racing_louisville_fc,Ella Hase,opta:Player:aackuqvi6nlca566oisw0wc9g,https://www.nwslsoccer.com/teams/ac29701756da44a08457762380c10733/racing-louisville-fc/roster,Active,identity_source_review_required,candidate_layer_only_no_asset_write,not_approved,"Official public NWSL roster metadata only; no image download, no approval, no renderer enablement."
nwsl::Football_Player::f944dbf34fc14b0895cdfa68155404bb,nwsl,racing_louisville_fc,Ellie Jean,opta:Player:2mlyh9k0yhv8862rj6hu26j8p,https://www.nwslsoccer.com/teams/ac29701756da44a08457762380c10733/racing-louisville-fc/roster,Active,identity_source_review_required,candidate_layer_only_no_asset_write,not_approved,"Official public NWSL roster metadata only; no image download, no approval, no renderer enablement."
nwsl::Football_Player::d47dced2a50a42ea85c8f0ce564a9746,nwsl,racing_louisville_fc,Emma Sears,opta:Player:br17lkx91icsoqiibmufa23v8,https://www.nwslsoccer.com/teams/ac29701756da44a08457762380c10733/racing-louisville-fc/roster,Active,identity_source_review_required,candidate_layer_only_no_asset_write,not_approved,"Official public NWSL roster metadata only; no image download, no approval, no renderer enablement."
nwsl::Football_Player::230cd5979b454f8c9bedb15b1aad653d,nwsl,racing_louisville_fc,Erynn Floyd,opta:Player:1g3iomcf2pp9n9w5d52dpmyok,https://www.nwslsoccer.com/teams/ac29701756da44a08457762380c10733/racing-louisville-fc/roster,Active,identity_source_review_required,candidate_layer_only_no_asset_write,not_approved,"Official public NWSL roster metadata only; no image download, no approval, no renderer enablement."
nwsl::Football_Player::3b960ea4fb40463695905d6c8a07383e,nwsl,racing_louisville_fc,Jordyn Bloomer,opta:Player:24lhpn1z5ikitapll48t1z7kk,https://www.nwslsoccer.com/teams/ac29701756da44a08457762380c10733/racing-louisville-fc/roster,Active,identity_source_review_required,candidate_layer_only_no_asset_write,not_approved,"Official public NWSL roster metadata only; no image download, no approval, no renderer enablement."
nwsl::Football_Player::e036a5e038a341b2b45efc0d58587acf,nwsl,racing_louisville_fc,Katie O'Kane,opta:Player:1mym43khm3hlhzbj42tbnjlec,https://www.nwslsoccer.com/teams/ac29701756da44a08457762380c10733/racing-louisville-fc/roster,Active,identity_source_review_required,candidate_layer_only_no_asset_write,not_approved,"Official public NWSL roster metadata only; no image download, no approval, no renderer enablement."
nwsl::Football_Player::80578bb876844892bf7fa6822bdb89b3,nwsl,racing_louisville_fc,Kayla Fischer,opta:Player:brs2knmydegipvthtwu6xwqac,https://www.nwslsoccer.com/teams/ac29701756da44a08457762380c10733/racing-louisville-fc/roster,Active,identity_source_review_required,candidate_layer_only_no_asset_write,not_approved,"Official public NWSL roster metadata only; no image download, no approval, no renderer enablement."
nwsl::Football_Player::2b1dd3812dc04c7c8f3cdd0b7bae1d4f,nwsl,racing_louisville_fc,Lauren Milliet,opta:Player:7hrw0exutge376ai2uf6frw4q,https://www.nwslsoccer.com/teams/ac29701756da44a08457762380c10733/racing-louisville-fc/roster,Active,identity_source_review_required,candidate_layer_only_no_asset_write,not_approved,"Official public NWSL roster metadata only; no image download, no approval, no renderer enablement."
nwsl::Football_Player::0953a675c64f45529f01d7a21eadc22a,nwsl,racing_louisville_fc,Macey Hodge,opta:Player:8f2og4ng2s6f8qeikft26h2qc,https://www.nwslsoccer.com/teams/ac29701756da44a08457762380c10733/racing-louisville-fc/roster,Active,identity_source_review_required,candidate_layer_only_no_asset_write,not_approved,"Official public NWSL roster metadata only; no image download, no approval, no renderer enablement."
nwsl::Football_Player::3295626be24e453abe27e04c004ff97e,nwsl,racing_louisville_fc,Macy Blackburn,opta:Player:f6awh57iawoxfnhkq2hq57ca,https://www.nwslsoccer.com/teams/ac29701756da44a08457762380c10733/racing-louisville-fc/roster,Active,identity_source_review_required,candidate_layer_only_no_asset_write,not_approved,"Official public NWSL roster metadata only; no image download, no approval, no renderer enablement."
nwsl::Football_Player::9f1259fd8ae04a44832edee67142bc05,nwsl,racing_louisville_fc,Maddie Pokorny,opta:Player:blkef5f0gi6ug0fak08pb4ep6,https://www.nwslsoccer.com/teams/ac29701756da44a08457762380c10733/racing-louisville-fc/roster,Left Team,identity_source_review_required,candidate_layer_only_no_asset_write,not_approved,"Official public NWSL roster metadata only; no image download, no approval, no renderer enablement."
nwsl::Football_Player::b197886583034c96945c5e1c418bbf5c,nwsl,racing_louisville_fc,Maddie Prohaska,opta:Player:30pt4uhplyxm0ljkqsffaw7x0,https://www.nwslsoccer.com/teams/ac29701756da44a08457762380c10733/racing-louisville-fc/roster,Active,identity_source_review_required,candidate_layer_only_no_asset_write,not_approved,"Official public NWSL roster metadata only; no image download, no approval, no renderer enablement."
nwsl::Football_Player::28ce5cac9ab94671b346c10e85b9d9b5,nwsl,racing_louisville_fc,Maja Lardner,opta:Player:1ytzdvomsu2steujkfa5sq3v8,https://www.nwslsoccer.com/teams/ac29701756da44a08457762380c10733/racing-louisville-fc/roster,Active,identity_source_review_required,candidate_layer_only_no_asset_write,not_approved,"Official public NWSL roster metadata only; no image download, no approval, no renderer enablement."
nwsl::Football_Player::9c658c9bfac94ebaa87d167e59315ba9,nwsl,racing_louisville_fc,Makenna Morris,opta:Player:73q03evwuq5rdm7scz31yj4a2,https://www.nwslsoccer.com/teams/ac29701756da44a08457762380c10733/racing-louisville-fc/roster,Active,identity_source_review_required,candidate_layer_only_no_asset_write,not_approved,"Official public NWSL roster metadata only; no image download, no approval, no renderer enablement."
nwsl::Football_Player::23ce38b9dd0049b59a8ac2321fb8710f,nwsl,racing_louisville_fc,Marisa DiGrande,opta:Player:5ni7a4s85lp22rysy5inywf3e,https://www.nwslsoccer.com/teams/ac29701756da44a08457762380c10733/racing-louisville-fc/roster,Active,identity_source_review_required,candidate_layer_only_no_asset_write,not_approved,"Official public NWSL roster metadata only; no image download, no approval, no renderer enablement."
nwsl::Football_Player::1cc39af6408b4d09bbc5d355ca02cd61,nwsl,racing_louisville_fc,Mirann Gacioch,opta:Player:4sx546dnwixc15ggmzsv442l0,https://www.nwslsoccer.com/teams/ac29701756da44a08457762380c10733/racing-louisville-fc/roster,Active,identity_source_review_required,candidate_layer_only_no_asset_write,not_approved,"Official public NWSL roster metadata only; no image download, no approval, no renderer enablement."
nwsl::Football_Player::c7f75696e16f4f4e931ae9209e1ea127,nwsl,racing_louisville_fc,Natalie Mitchell,opta:Player:9zrzcsqjleybaieeuuqkk4kr8,https://www.nwslsoccer.com/teams/ac29701756da44a08457762380c10733/racing-louisville-fc/roster,Active,identity_source_review_required,candidate_layer_only_no_asset_write,not_approved,"Official public NWSL roster metadata only; no image download, no approval, no renderer enablement."
nwsl::Football_Player::76cb19f0876b4ae7b1bcd2cc804d8709,nwsl,racing_louisville_fc,Olivia Sekany,opta:Player:cg742b2p33p8uuomo365c5h5g,https://www.nwslsoccer.com/teams/ac29701756da44a08457762380c10733/racing-louisville-fc/roster,Active,identity_source_review_required,candidate_layer_only_no_asset_write,not_approved,"Official public NWSL roster metadata only; no image download, no approval, no renderer enablement."
nwsl::Football_Player::c4119bcbf98641c2b822788600449a33,nwsl,racing_louisville_fc,Quincy McMahon,opta:Player:90uj2c13ubln7tk1c9y0ra4x6,https://www.nwslsoccer.com/teams/ac29701756da44a08457762380c10733/racing-louisville-fc/roster,Active,identity_source_review_required,candidate_layer_only_no_asset_write,not_approved,"Official public NWSL roster metadata only; no image download, no approval, no renderer enablement."
nwsl::Football_Player::0b39e888cd6f4316b0765895dcfdf2fb,nwsl,racing_louisville_fc,Rachel Hill,opta:Player:7pdog0usw4fwr3j3neexfz1ed,https://www.nwslsoccer.com/teams/ac29701756da44a08457762380c10733/racing-louisville-fc/roster,Active,identity_source_review_required,candidate_layer_only_no_asset_write,not_approved,"Official public NWSL roster metadata only; no image download, no approval, no renderer enablement."
nwsl::Football_Player::83ee7340956c431b81b2caa9373d9e29,nwsl,racing_louisville_fc,Sarah Weber,opta:Player:aoa88ulpguvr42b0a1jn8dfys,https://www.nwslsoccer.com/teams/ac29701756da44a08457762380c10733/racing-louisville-fc/roster,Active,identity_source_review_required,candidate_layer_only_no_asset_write,not_approved,"Official public NWSL roster metadata only; no image download, no approval, no renderer enablement."
nwsl::Football_Player::246a5773039447a9aa48ead166b1f174,nwsl,racing_louisville_fc,Savannah DeMelo,opta:Player:asfd5wkedz1u29xt37r6or4rt,https://www.nwslsoccer.com/teams/ac29701756da44a08457762380c10733/racing-louisville-fc/roster,Active,identity_source_review_required,candidate_layer_only_no_asset_write,not_approved,"Official public NWSL roster metadata only; no image download, no approval, no renderer enablement."
nwsl::Football_Player::133304d476e84b6cbc5409243d94af4a,nwsl,racing_louisville_fc,Taylor Flint,opta:Player:8q0rkr3gz7hz1ssdx3fkro0a2,https://www.nwslsoccer.com/teams/ac29701756da44a08457762380c10733/racing-louisville-fc/roster,Active,identity_source_review_required,candidate_layer_only_no_asset_write,not_approved,"Official public NWSL roster metadata only; no image download, no approval, no renderer enablement."
nwsl::Football_Player::013bc7a18d344452bd3002c22b237f64,nwsl,racing_louisville_fc,Taylor White,opta:Player:52de6kplxflapgb49f1gzc7x0,https://www.nwslsoccer.com/teams/ac29701756da44a08457762380c10733/racing-louisville-fc/roster,Active,identity_source_review_required,candidate_layer_only_no_asset_write,not_approved,"Official public NWSL roster metadata only; no image download, no approval, no renderer enablement."
nwsl::Football_Player::f707ff55f8104c069f1cae572925ef4a,nwsl,san_diego_wave_fc,Adriana Leon,opta:Player:321yjdo3gio1l33hc1pdps4wl,https://www.nwslsoccer.com/teams/ca719042b34443c4bcfe380ca4850eaf/san-diego-wave-fc/roster,Active,identity_source_review_required,candidate_layer_only_no_asset_write,not_approved,"Official public NWSL roster metadata only; no image download, no approval, no renderer enablement."
nwsl::Football_Player::eba535f02a004e97908fa57322f852c3,nwsl,san_diego_wave_fc,Amelia Donna Van Zanten,opta:Player:e33m8txec8mpomacgbu0qw0t0,https://www.nwslsoccer.com/teams/ca719042b34443c4bcfe380ca4850eaf/san-diego-wave-fc/roster,Active,identity_source_review_required,candidate_layer_only_no_asset_write,not_approved,"Official public NWSL roster metadata only; no image download, no approval, no renderer enablement."
nwsl::Football_Player::b73ff56499744e4fb1f166b598f7b04f,nwsl,san_diego_wave_fc,Catarina Macário,opta:Player:5ibsbj2zqv62c94k5wijnayy2,https://www.nwslsoccer.com/teams/ca719042b34443c4bcfe380ca4850eaf/san-diego-wave-fc/roster,Active,identity_source_review_required,candidate_layer_only_no_asset_write,not_approved,"Official public NWSL roster metadata only; no image download, no approval, no renderer enablement."
nwsl::Football_Player::9c24fd239ed34bfa8d4c706539805ad7,nwsl,san_diego_wave_fc,Daniela Arias,opta:Player:5awt3jkiwx648u4pz5rxwy96,https://www.nwslsoccer.com/teams/ca719042b34443c4bcfe380ca4850eaf/san-diego-wave-fc/roster,Active,identity_source_review_required,candidate_layer_only_no_asset_write,not_approved,"Official public NWSL roster metadata only; no image download, no approval, no renderer enablement."
nwsl::Football_Player::ecf8d72c11704bb49de0461fa77d8cae,nwsl,san_diego_wave_fc,DiDi Haracic,opta:Player:bxf73uaptcz0uj7uy1g0euod1,https://www.nwslsoccer.com/teams/ca719042b34443c4bcfe380ca4850eaf/san-diego-wave-fc/roster,Active,identity_source_review_required,candidate_layer_only_no_asset_write,not_approved,"Official public NWSL roster metadata only; no image download, no approval, no renderer enablement."
nwsl::Football_Player::e3732803fbc74097b03f22501baf27d7,nwsl,san_diego_wave_fc,Gabrielle Jordão Portilho,opta:Player:7xktpagze0zc1ufeyultukk45,https://www.nwslsoccer.com/teams/ca719042b34443c4bcfe380ca4850eaf/san-diego-wave-fc/roster,Active,identity_source_review_required,candidate_layer_only_no_asset_write,not_approved,"Official public NWSL roster metadata only; no image download, no approval, no renderer enablement."
nwsl::Football_Player::b9e251d77c634898bc99e50cd03a3134,nwsl,san_diego_wave_fc,Gia Corley,opta:Player:efynp5qo9b9x0lh9b4ft0ic8a,https://www.nwslsoccer.com/teams/ca719042b34443c4bcfe380ca4850eaf/san-diego-wave-fc/roster,Active,identity_source_review_required,candidate_layer_only_no_asset_write,not_approved,"Official public NWSL roster metadata only; no image download, no approval, no renderer enablement."
nwsl::Football_Player::1268d947a78745e2b8b6781630220406,nwsl,san_diego_wave_fc,Jordan Fusco,opta:Player:bcliy6oxtz7380e9cyr38dj4k,https://www.nwslsoccer.com/teams/ca719042b34443c4bcfe380ca4850eaf/san-diego-wave-fc/roster,Active,identity_source_review_required,candidate_layer_only_no_asset_write,not_approved,"Official public NWSL roster metadata only; no image download, no approval, no renderer enablement."
nwsl::Football_Player::444e4e5d84d248e2841030cc724d2ffc,nwsl,san_diego_wave_fc,Kennedy Wesley,opta:Player:184w1exd2fg2pia1hanq3h5gp,https://www.nwslsoccer.com/teams/ca719042b34443c4bcfe380ca4850eaf/san-diego-wave-fc/roster,Active,identity_source_review_required,candidate_layer_only_no_asset_write,not_approved,"Official public NWSL roster metadata only; no image download, no approval, no renderer enablement."
nwsl::Football_Player::c143615f95aa493689aa185f5c465932,nwsl,san_diego_wave_fc,Kenza Dali,opta:Player:dzfr9ktjmxqj2eh2xibt7konp,https://www.nwslsoccer.com/teams/ca719042b34443c4bcfe380ca4850eaf/san-diego-wave-fc/roster,Active,identity_source_review_required,candidate_layer_only_no_asset_write,not_approved,"Official public NWSL roster metadata only; no image download, no approval, no renderer enablement."
nwsl::Football_Player::75a5b73882ba47c29448e3a36c691717,nwsl,san_diego_wave_fc,Kiki Pickett,opta:Player:9by1d4orgqze7m8nldkrnwwrt,https://www.nwslsoccer.com/teams/ca719042b34443c4bcfe380ca4850eaf/san-diego-wave-fc/roster,Active,identity_source_review_required,candidate_layer_only_no_asset_write,not_approved,"Official public NWSL roster metadata only; no image download, no approval, no renderer enablement."
nwsl::Football_Player::e8b4386d7df847f6a328dea38ddc55ce,nwsl,san_diego_wave_fc,Kimmi Ascanio,opta:Player:7p8n46qssxb0drknt952vivbo,https://www.nwslsoccer.com/teams/ca719042b34443c4bcfe380ca4850eaf/san-diego-wave-fc/roster,Active,identity_source_review_required,candidate_layer_only_no_asset_write,not_approved,"Official public NWSL roster metadata only; no image download, no approval, no renderer enablement."
nwsl::Football_Player::cafe0fb40c194bfd95bebea739443cd7,nwsl,san_diego_wave_fc,Kristen McNabb,opta:Player:6p2318moul9op4hmigk1xbaw9,https://www.nwslsoccer.com/teams/ca719042b34443c4bcfe380ca4850eaf/san-diego-wave-fc/roster,Active,identity_source_review_required,candidate_layer_only_no_asset_write,not_approved,"Official public NWSL roster metadata only; no image download, no approval, no renderer enablement."
nwsl::Football_Player::78cf15f1649f4f158f04d3037cc2750f,nwsl,san_diego_wave_fc,Laurina Fazer,opta:Player:1s08dn7n3b5ctyion3u61hisq,https://www.nwslsoccer.com/teams/ca719042b34443c4bcfe380ca4850eaf/san-diego-wave-fc/roster,Active,identity_source_review_required,candidate_layer_only_no_asset_write,not_approved,"Official public NWSL roster metadata only; no image download, no approval, no renderer enablement."
nwsl::Football_Player::c89b3d151ee84bdba11f4918c1be931a,nwsl,san_diego_wave_fc,Leah Freeman,opta:Player:5s97uqfhtme0d5ic4dk48zsdm,https://www.nwslsoccer.com/teams/ca719042b34443c4bcfe380ca4850eaf/san-diego-wave-fc/roster,Active,identity_source_review_required,candidate_layer_only_no_asset_write,not_approved,"Official public NWSL roster metadata only; no image download, no approval, no renderer enablement."
nwsl::Football_Player::fef02bf35a784dfc873b4addfc4e16a4,nwsl,san_diego_wave_fc,Lia Godfrey,opta:Player:9bewa01zb2dklh26dyihrebjd,https://www.nwslsoccer.com/teams/ca719042b34443c4bcfe380ca4850eaf/san-diego-wave-fc/roster,Active,identity_source_review_required,candidate_layer_only_no_asset_write,not_approved,"Official public NWSL roster metadata only; no image download, no approval, no renderer enablement."
nwsl::Football_Player::e0e778409f6442b7b1f2e2d55a5a8565,nwsl,san_diego_wave_fc,Ludmila da Silva,opta:Player:a7yq5hwmc27r615dak86yfoph,https://www.nwslsoccer.com/teams/ca719042b34443c4bcfe380ca4850eaf/san-diego-wave-fc/roster,Active,identity_source_review_required,candidate_layer_only_no_asset_write,not_approved,"Official public NWSL roster metadata only; no image download, no approval, no renderer enablement."
nwsl::Football_Player::d216e5104276420fa4c6f162f613f5b7,nwsl,san_diego_wave_fc,Luisa Agudelo,opta:Player:z3jmigxgq8yvv6klslbg3axg,https://www.nwslsoccer.com/teams/ca719042b34443c4bcfe380ca4850eaf/san-diego-wave-fc/roster,Active,identity_source_review_required,candidate_layer_only_no_asset_write,not_approved,"Official public NWSL roster metadata only; no image download, no approval, no renderer enablement."
nwsl::Football_Player::52f13396556b4dad93f22030d00cbf8b,nwsl,san_diego_wave_fc,Maria Eduarda Rodrigues Silva,opta:Player:gzggndbe1oh6ufcdbqmsc7pw,https://www.nwslsoccer.com/teams/ca719042b34443c4bcfe380ca4850eaf/san-diego-wave-fc/roster,Active,identity_source_review_required,candidate_layer_only_no_asset_write,not_approved,"Official public NWSL roster metadata only; no image download, no approval, no renderer enablement."
nwsl::Football_Player::ad9acd5fa5cf475a87d9a92b99e682fd,nwsl,san_diego_wave_fc,Melanie Barcenas,opta:Player:5kaxtpwnuplnrodirmblx3cb8,https://www.nwslsoccer.com/teams/ca719042b34443c4bcfe380ca4850eaf/san-diego-wave-fc/roster,Active,identity_source_review_required,candidate_layer_only_no_asset_write,not_approved,"Official public NWSL roster metadata only; no image download, no approval, no renderer enablement."
nwsl::Football_Player::3f078157c6f841eabb9c5fa16ca7e4ef,nwsl,san_diego_wave_fc,Nya Harrison,opta:Player:1d0jkdajqiw576jjd7wdlbn1m,https://www.nwslsoccer.com/teams/ca719042b34443c4bcfe380ca4850eaf/san-diego-wave-fc/roster,Active,identity_source_review_required,candidate_layer_only_no_asset_write,not_approved,"Official public NWSL roster metadata only; no image download, no approval, no renderer enablement."
nwsl::Football_Player::bbee9da0fc744ebcabc586c3232bf4be,nwsl,san_diego_wave_fc,Perle Morroni,opta:Player:3x6baiktcpcjxxh258a5uebpx,https://www.nwslsoccer.com/teams/ca719042b34443c4bcfe380ca4850eaf/san-diego-wave-fc/roster,Active,identity_source_review_required,candidate_layer_only_no_asset_write,not_approved,"Official public NWSL roster metadata only; no image download, no approval, no renderer enablement."
nwsl::Football_Player::694fcd67a9ff400ebb8ee3d76ed65d71,nwsl,san_diego_wave_fc,Tatum Wynalda,opta:Player:c4k633l6qwc6qhgqyumls5dzo,https://www.nwslsoccer.com/teams/ca719042b34443c4bcfe380ca4850eaf/san-diego-wave-fc/roster,Active,identity_source_review_required,candidate_layer_only_no_asset_write,not_approved,"Official public NWSL roster metadata only; no image download, no approval, no renderer enablement."
nwsl::Football_Player::332d7efe4fb24703b248508fd29b4575,nwsl,san_diego_wave_fc,Trinity Armstrong,opta:Player:9ms54l53wseuxarpn4vfcx9g4,https://www.nwslsoccer.com/teams/ca719042b34443c4bcfe380ca4850eaf/san-diego-wave-fc/roster,Active,identity_source_review_required,candidate_layer_only_no_asset_write,not_approved,"Official public NWSL roster metadata only; no image download, no approval, no renderer enablement."
nwsl::Football_Player::c01844d3ed704fa0b1f0b75cfbf02f07,nwsl,san_diego_wave_fc,Trinity Byars,opta:Player:9qxszyv1nsecxmblytqm9me7e,https://www.nwslsoccer.com/teams/ca719042b34443c4bcfe380ca4850eaf/san-diego-wave-fc/roster,Active,identity_source_review_required,candidate_layer_only_no_asset_write,not_approved,"Official public NWSL roster metadata only; no image download, no approval, no renderer enablement."
nwsl::Football_Player::c29a2b0fb20147b1a49d5e9dc55afdf1,nwsl,seattle_reign,Ainsley McCammon,opta:Player:3izdhhnuuxiomh66g4g0d0yc,https://www.nwslsoccer.com/teams/1151140adfc24339ba1c93cb0b6b0238/seattle-reign/roster,Active,identity_source_review_required,candidate_layer_only_no_asset_write,not_approved,"Official public NWSL roster metadata only; no image download, no approval, no renderer enablement."
nwsl::Football_Player::fc2865906ac34d6abfa98c9a8dc14f52,nwsl,seattle_reign,Angharad James-Turner,opta:Player:z8vdz64bgqus4c85451nsrf9,https://www.nwslsoccer.com/teams/1151140adfc24339ba1c93cb0b6b0238/seattle-reign/roster,Active,identity_source_review_required,candidate_layer_only_no_asset_write,not_approved,"Official public NWSL roster metadata only; no image download, no approval, no renderer enablement."
nwsl::Football_Player::94de57f74c554630b9abe7bc1bd588f9,nwsl,seattle_reign,Brittany Ratcliffe,opta:Player:42vdmyzhg3m7or9duzcuwkusp,https://www.nwslsoccer.com/teams/1151140adfc24339ba1c93cb0b6b0238/seattle-reign/roster,Active,identity_source_review_required,candidate_layer_only_no_asset_write,not_approved,"Official public NWSL roster metadata only; no image download, no approval, no renderer enablement."
nwsl::Football_Player::3d7fa6dd511f4628bc8d8784ab7574fd,nwsl,seattle_reign,Cassie Miller,opta:Player:57nmefeij6bg2ltvoqmqb7nbp,https://www.nwslsoccer.com/teams/1151140adfc24339ba1c93cb0b6b0238/seattle-reign/roster,Active,identity_source_review_required,candidate_layer_only_no_asset_write,not_approved,"Official public NWSL roster metadata only; no image download, no approval, no renderer enablement."
nwsl::Football_Player::e58cc03e05a54a28bf3133ec9c1a3632,nwsl,seattle_reign,Claudia Dickey,opta:Player:2bb2dbogerxxvircnah8gw222,https://www.nwslsoccer.com/teams/1151140adfc24339ba1c93cb0b6b0238/seattle-reign/roster,Active,identity_source_review_required,candidate_layer_only_no_asset_write,not_approved,"Official public NWSL roster metadata only; no image download, no approval, no renderer enablement."
nwsl::Football_Player::aaf2552ae4c54dcfa1ec352db94d8b0f,nwsl,seattle_reign,Emeri Adames,opta:Player:e2q91279c3j489oaaqgb6iwb8,https://www.nwslsoccer.com/teams/1151140adfc24339ba1c93cb0b6b0238/seattle-reign/roster,Active,identity_source_review_required,candidate_layer_only_no_asset_write,not_approved,"Official public NWSL roster metadata only; no image download, no approval, no renderer enablement."
nwsl::Football_Player::a439341551034a09972c0d4efd10ccc0,nwsl,seattle_reign,Emily Mason,opta:Player:1msrx80nnfp04v03t5jkoo76y,https://www.nwslsoccer.com/teams/1151140adfc24339ba1c93cb0b6b0238/seattle-reign/roster,Active,identity_source_review_required,candidate_layer_only_no_asset_write,not_approved,"Official public NWSL roster metadata only; no image download, no approval, no renderer enablement."
nwsl::Football_Player::65a0ea8a31f94c8c859c40d5fe7b9f7a,nwsl,seattle_reign,Evan O'Steen,opta:Player:dkpal8ot7pn54hww46apjnfo4,https://www.nwslsoccer.com/teams/1151140adfc24339ba1c93cb0b6b0238/seattle-reign/roster,Active,identity_source_review_required,candidate_layer_only_no_asset_write,not_approved,"Official public NWSL roster metadata only; no image download, no approval, no renderer enablement."
nwsl::Football_Player::5ae0d5c4363b481e8598551ea1324c50,nwsl,seattle_reign,Holly Ward,opta:Player:22qle7tyy3946t6jdj3tqjj84,https://www.nwslsoccer.com/teams/1151140adfc24339ba1c93cb0b6b0238/seattle-reign/roster,Active,identity_source_review_required,candidate_layer_only_no_asset_write,not_approved,"Official public NWSL roster metadata only; no image download, no approval, no renderer enablement."
nwsl::Football_Player::5d76f50c58f34b00a7bd574b12c70c94,nwsl,seattle_reign,Jess Fishlock,opta:Player:93d5k82qrmjr894k2hp5aril1,https://www.nwslsoccer.com/teams/1151140adfc24339ba1c93cb0b6b0238/seattle-reign/roster,Active,identity_source_review_required,candidate_layer_only_no_asset_write,not_approved,"Official public NWSL roster metadata only; no image download, no approval, no renderer enablement."
nwsl::Football_Player::b8fb5ce847ca49b2a581724e284dfd10,nwsl,seattle_reign,Jordyn Bugg,opta:Player:78r84jt04ixcanyq0d0x7jmz8,https://www.nwslsoccer.com/teams/1151140adfc24339ba1c93cb0b6b0238/seattle-reign/roster,Active,identity_source_review_required,candidate_layer_only_no_asset_write,not_approved,"Official public NWSL roster metadata only; no image download, no approval, no renderer enablement."
nwsl::Football_Player::46fcd9e55110410fbc38510d5eefea63,nwsl,seattle_reign,Keeley Dockter,opta:Player:ayoieag2vyk48dxohp2thv310,https://www.nwslsoccer.com/teams/1151140adfc24339ba1c93cb0b6b0238/seattle-reign/roster,Active,identity_source_review_required,candidate_layer_only_no_asset_write,not_approved,"Official public NWSL roster metadata only; no image download, no approval, no renderer enablement."
nwsl::Football_Player::f3e1a521ef4f4f24bd0ee3fb985ec265,nwsl,seattle_reign,Lynn Biyendolo,opta:Player:cm6fzm8v38ti0aubu0q4v717t,https://www.nwslsoccer.com/teams/1151140adfc24339ba1c93cb0b6b0238/seattle-reign/roster,Active,identity_source_review_required,candidate_layer_only_no_asset_write,not_approved,"Official public NWSL roster metadata only; no image download, no approval, no renderer enablement."
nwsl::Football_Player::d48ecbd1e5b54125a1199c9f748fa1d3,nwsl,seattle_reign,Maddie Dahlien,opta:Player:anwmefu9etrn8i0r74r1jg9g,https://www.nwslsoccer.com/teams/1151140adfc24339ba1c93cb0b6b0238/seattle-reign/roster,Active,identity_source_review_required,candidate_layer_only_no_asset_write,not_approved,"Official public NWSL roster metadata only; no image download, no approval, no renderer enablement."
nwsl::Football_Player::4d0fda5a57784bf59bcc4e1caa463716,nwsl,seattle_reign,Maddie Mercado,opta:Player:dlm4h2alfw0llbz4mkdq7hu96,https://www.nwslsoccer.com/teams/1151140adfc24339ba1c93cb0b6b0238/seattle-reign/roster,Active,identity_source_review_required,candidate_layer_only_no_asset_write,not_approved,"Official public NWSL roster metadata only; no image download, no approval, no renderer enablement."
nwsl::Football_Player::8d06de6ab11f478e863e0180023cd152,nwsl,seattle_reign,Madison Curry,opta:Player:a3iv6ws325cyd1vmrowwx6ck4,https://www.nwslsoccer.com/teams/1151140adfc24339ba1c93cb0b6b0238/seattle-reign/roster,Active,identity_source_review_required,candidate_layer_only_no_asset_write,not_approved,"Official public NWSL roster metadata only; no image download, no approval, no renderer enablement."
nwsl::Football_Player::b5447fcc30e6483b9b81e2d3cd9e3749,nwsl,seattle_reign,Mia Fishel,opta:Player:drui01747q8utggzizrs6n2i2,https://www.nwslsoccer.com/teams/1151140adfc24339ba1c93cb0b6b0238/seattle-reign/roster,Active,identity_source_review_required,candidate_layer_only_no_asset_write,not_approved,"Official public NWSL roster metadata only; no image download, no approval, no renderer enablement."
nwsl::Football_Player::db70ea2c9700442ba12c8efb0965e90c,nwsl,seattle_reign,Neeku Purcell,opta:Player:a35rkuwagz53cmbcn42nkbfca,https://www.nwslsoccer.com/teams/1151140adfc24339ba1c93cb0b6b0238/seattle-reign/roster,Active,identity_source_review_required,candidate_layer_only_no_asset_write,not_approved,"Official public NWSL roster metadata only; no image download, no approval, no renderer enablement."
nwsl::Football_Player::996bf315d3dc4e479053da3ea31925ff,nwsl,seattle_reign,Nerilia Mondesir,opta:Player:7xb0niqg08hrxk8i2nq8zvfth,https://www.nwslsoccer.com/teams/1151140adfc24339ba1c93cb0b6b0238/seattle-reign/roster,Active,identity_source_review_required,candidate_layer_only_no_asset_write,not_approved,"Official public NWSL roster metadata only; no image download, no approval, no renderer enablement."
nwsl::Football_Player::47a580b9d9a64b508d4edde164580fb4,nwsl,seattle_reign,Phoebe McClernon,opta:Player:apl8fpqij3o30f21vh2tthe22,https://www.nwslsoccer.com/teams/1151140adfc24339ba1c93cb0b6b0238/seattle-reign/roster,Active,identity_source_review_required,candidate_layer_only_no_asset_write,not_approved,"Official public NWSL roster metadata only; no image download, no approval, no renderer enablement."
nwsl::Football_Player::3d605203a6444261bc2be772c2dcdb6b,nwsl,seattle_reign,Ruby Hladek,opta:Player:dbx1lpc8unsl5ie33bxdt4ro4,https://www.nwslsoccer.com/teams/1151140adfc24339ba1c93cb0b6b0238/seattle-reign/roster,Active,identity_source_review_required,candidate_layer_only_no_asset_write,not_approved,"Official public NWSL roster metadata only; no image download, no approval, no renderer enablement."
nwsl::Football_Player::3bc373314f634a4aad24e6ecb5847dde,nwsl,seattle_reign,Ryanne Brown,opta:Player:349m08nptx7matql2hebn5t78,https://www.nwslsoccer.com/teams/1151140adfc24339ba1c93cb0b6b0238/seattle-reign/roster,Active,identity_source_review_required,candidate_layer_only_no_asset_write,not_approved,"Official public NWSL roster metadata only; no image download, no approval, no renderer enablement."
nwsl::Football_Player::72c994fd6bc3415a818f19aed4abf9a6,nwsl,seattle_reign,Sally Menti,opta:Player:5uoom5ctl8apr1v3ew3bhrlgq,https://www.nwslsoccer.com/teams/1151140adfc24339ba1c93cb0b6b0238/seattle-reign/roster,Active,identity_source_review_required,candidate_layer_only_no_asset_write,not_approved,"Official public NWSL roster metadata only; no image download, no approval, no renderer enablement."
nwsl::Football_Player::137ddc3c3af240c994cfb14956f39872,nwsl,seattle_reign,Samantha Meza,opta:Player:3jl8cvp50cy5o4pt1u8h4a2cq,https://www.nwslsoccer.com/teams/1151140adfc24339ba1c93cb0b6b0238/seattle-reign/roster,Active,identity_source_review_required,candidate_layer_only_no_asset_write,not_approved,"Official public NWSL roster metadata only; no image download, no approval, no renderer enablement."
nwsl::Football_Player::443cefb274fa4bf8858e26051786d10e,nwsl,seattle_reign,Shae Holmes,opta:Player:7v6cr5ohzfbu6gf0dvw05q8h6,https://www.nwslsoccer.com/teams/1151140adfc24339ba1c93cb0b6b0238/seattle-reign/roster,Active,identity_source_review_required,candidate_layer_only_no_asset_write,not_approved,"Official public NWSL roster metadata only; no image download, no approval, no renderer enablement."
nwsl::Football_Player::4bd84fd5cceb4538a556a4b9eb250841,nwsl,seattle_reign,Sofia Huerta,opta:Player:dwwgrimn3ddecp5kllvsdga8l,https://www.nwslsoccer.com/teams/1151140adfc24339ba1c93cb0b6b0238/seattle-reign/roster,Active,identity_source_review_required,candidate_layer_only_no_asset_write,not_approved,"Official public NWSL roster metadata only; no image download, no approval, no renderer enablement."
nwsl::Football_Player::c65f53172a64441da1827a457a29c250,nwsl,seattle_reign,Sofía Cedeño,opta:Player:889wzuqchr0aosu3l1qov1fys,https://www.nwslsoccer.com/teams/1151140adfc24339ba1c93cb0b6b0238/seattle-reign/roster,Active,identity_source_review_required,candidate_layer_only_no_asset_write,not_approved,"Official public NWSL roster metadata only; no image download, no approval, no renderer enablement."
nwsl::Football_Player::f69d180a0c6e459586b0a47e2d6536e9,nwsl,utah_royals_fc,Alex Loera,opta:Player:4n8mpw9mylh30sjhy441cbpjo,https://www.nwslsoccer.com/teams/acffc559cf7d485a9c05fa23ab57054b/utah-royals-fc/roster,Active,identity_source_review_required,candidate_layer_only_no_asset_write,not_approved,"Official public NWSL roster metadata only; no image download, no approval, no renderer enablement."
nwsl::Football_Player::d5c841dcdea54696979eda5b6d0fbdb6,nwsl,utah_royals_fc,Alexa Spaanstra,opta:Player:1115fgmv9xa3nwx3bu19jr9pl,https://www.nwslsoccer.com/teams/acffc559cf7d485a9c05fa23ab57054b/utah-royals-fc/roster,Active,identity_source_review_required,candidate_layer_only_no_asset_write,not_approved,"Official public NWSL roster metadata only; no image download, no approval, no renderer enablement."
nwsl::Football_Player::96199c0cfb7245f6b6460174fb25883b,nwsl,utah_royals_fc,Ana Tejada,opta:Player:bwjqs0orziydksase1flhedt6,https://www.nwslsoccer.com/teams/acffc559cf7d485a9c05fa23ab57054b/utah-royals-fc/roster,Active,identity_source_review_required,candidate_layer_only_no_asset_write,not_approved,"Official public NWSL roster metadata only; no image download, no approval, no renderer enablement."
nwsl::Football_Player::8ced72b131844bca97a4728d075472a2,nwsl,utah_royals_fc,Aria Nagai,opta:Player:13yn3loglb28io3yyj9kg3ms4,https://www.nwslsoccer.com/teams/acffc559cf7d485a9c05fa23ab57054b/utah-royals-fc/roster,Active,identity_source_review_required,candidate_layer_only_no_asset_write,not_approved,"Official public NWSL roster metadata only; no image download, no approval, no renderer enablement."
nwsl::Football_Player::41a5277f439b4063aa41d7f902111d8a,nwsl,utah_royals_fc,Brecken Mozingo,opta:Player:9igg9mubjgnwpqxx8ywhzzmz8,https://www.nwslsoccer.com/teams/acffc559cf7d485a9c05fa23ab57054b/utah-royals-fc/roster,Active,identity_source_review_required,candidate_layer_only_no_asset_write,not_approved,"Official public NWSL roster metadata only; no image download, no approval, no renderer enablement."
nwsl::Football_Player::0fc6e8c0cd724c14b06c64c27c8331e6,nwsl,utah_royals_fc,Cece Delzer,opta:Player:94j0ci5rtwvr8nlrr32cfg9d6,https://www.nwslsoccer.com/teams/acffc559cf7d485a9c05fa23ab57054b/utah-royals-fc/roster,Active,identity_source_review_required,candidate_layer_only_no_asset_write,not_approved,"Official public NWSL roster metadata only; no image download, no approval, no renderer enablement."
nwsl::Football_Player::ea630eb197bb4762b4b8b4c1b7ef363c,nwsl,utah_royals_fc,Cloé Lacasse,opta:Player:5duflqiee345rp4s7uqkhcq95,https://www.nwslsoccer.com/teams/acffc559cf7d485a9c05fa23ab57054b/utah-royals-fc/roster,Active,identity_source_review_required,candidate_layer_only_no_asset_write,not_approved,"Official public NWSL roster metadata only; no image download, no approval, no renderer enablement."
nwsl::Football_Player::22f45241df0547e691e8ba6db03aaf7c,nwsl,utah_royals_fc,Courtney Brown,opta:Player:4h6jpaeqynme21y5gnho24ob8,https://www.nwslsoccer.com/teams/acffc559cf7d485a9c05fa23ab57054b/utah-royals-fc/roster,Active,identity_source_review_required,candidate_layer_only_no_asset_write,not_approved,"Official public NWSL roster metadata only; no image download, no approval, no renderer enablement."
nwsl::Football_Player::d008acd9fb8b431e88f29ea421bacf99,nwsl,utah_royals_fc,Dayana Pierre-Louis,opta:Player:9m7cv7nfjp4nkywfcv2rccfoq,https://www.nwslsoccer.com/teams/acffc559cf7d485a9c05fa23ab57054b/utah-royals-fc/roster,Active,identity_source_review_required,candidate_layer_only_no_asset_write,not_approved,"Official public NWSL roster metadata only; no image download, no approval, no renderer enablement."
nwsl::Football_Player::7a2bf11dc5f145d79c84fea37bec2854,nwsl,utah_royals_fc,DeAira Jackson,opta:Player:3gfz3y0ion8qreh349xyf8rv8,https://www.nwslsoccer.com/teams/acffc559cf7d485a9c05fa23ab57054b/utah-royals-fc/roster,Active,identity_source_review_required,candidate_layer_only_no_asset_write,not_approved,"Official public NWSL roster metadata only; no image download, no approval, no renderer enablement."
nwsl::Football_Player::aca824486f9b4663bf4118794d4719c8,nwsl,utah_royals_fc,Janni Thomsen,opta:Player:5xeqrq3iczzork08c28rmx3ah,https://www.nwslsoccer.com/teams/acffc559cf7d485a9c05fa23ab57054b/utah-royals-fc/roster,Active,identity_source_review_required,candidate_layer_only_no_asset_write,not_approved,"Official public NWSL roster metadata only; no image download, no approval, no renderer enablement."
nwsl::Football_Player::bc3ca23353464f63934f54719facdad1,nwsl,utah_royals_fc,Kalea Eichenberger,opta:Player:4afp9a7g56vm7289h6c4neqs4,https://www.nwslsoccer.com/teams/acffc559cf7d485a9c05fa23ab57054b/utah-royals-fc/roster,Active,identity_source_review_required,candidate_layer_only_no_asset_write,not_approved,"Official public NWSL roster metadata only; no image download, no approval, no renderer enablement."
nwsl::Football_Player::446bca9a37f94c40b40ff500f4dd6870,nwsl,utah_royals_fc,Kaleigh Riehl,opta:Player:7pynp0g6h56oqimzdffivfpat,https://www.nwslsoccer.com/teams/acffc559cf7d485a9c05fa23ab57054b/utah-royals-fc/roster,Active,identity_source_review_required,candidate_layer_only_no_asset_write,not_approved,"Official public NWSL roster metadata only; no image download, no approval, no renderer enablement."
nwsl::Football_Player::9b57636e0405440fbad174a02ec2b1c1,nwsl,utah_royals_fc,Kameron Simmonds,opta:Player:b5jo1ka6xqmhir94kq7udrf8,https://www.nwslsoccer.com/teams/acffc559cf7d485a9c05fa23ab57054b/utah-royals-fc/roster,Active,identity_source_review_required,candidate_layer_only_no_asset_write,not_approved,"Official public NWSL roster metadata only; no image download, no approval, no renderer enablement."
nwsl::Football_Player::6f8212aec8f14cdbbd061c7129d3dc20,nwsl,utah_royals_fc,Kate Del Fava,opta:Player:15u9zrm4e4gosthf1vmkp5ht6,https://www.nwslsoccer.com/teams/acffc559cf7d485a9c05fa23ab57054b/utah-royals-fc/roster,Active,identity_source_review_required,candidate_layer_only_no_asset_write,not_approved,"Official public NWSL roster metadata only; no image download, no approval, no renderer enablement."
nwsl::Football_Player::ee89f16715e14d0aa82ae3955b5a883a,nwsl,utah_royals_fc,Kherrington Ream,opta:Player:6bk246gzwg1c5cng1qy1a4is4,https://www.nwslsoccer.com/teams/acffc559cf7d485a9c05fa23ab57054b/utah-royals-fc/roster,Active,identity_source_review_required,candidate_layer_only_no_asset_write,not_approved,"Official public NWSL roster metadata only; no image download, no approval, no renderer enablement."
nwsl::Football_Player::d570c9dcade14352bec26996bfab1c00,nwsl,utah_royals_fc,Kiana Palacios,opta:Player:2v8dmidlxcm7nagtono0jaiuh,https://www.nwslsoccer.com/teams/acffc559cf7d485a9c05fa23ab57054b/utah-royals-fc/roster,Active,identity_source_review_required,candidate_layer_only_no_asset_write,not_approved,"Official public NWSL roster metadata only; no image download, no approval, no renderer enablement."
nwsl::Football_Player::7df864b150be44a58be51599cfd7dd80,nwsl,utah_royals_fc,Lara Prasnikar,opta:Player:4i37e3q02cbkvlhcq2dsdsr11,https://www.nwslsoccer.com/teams/acffc559cf7d485a9c05fa23ab57054b/utah-royals-fc/roster,Active,identity_source_review_required,candidate_layer_only_no_asset_write,not_approved,"Official public NWSL roster metadata only; no image download, no approval, no renderer enablement."
nwsl::Football_Player::c75e5a65dfaf42b588cbdf8ef5069537,nwsl,utah_royals_fc,Madison Hammond,opta:Player:3bx0w0ftkij1lqrt727gjd94a,https://www.nwslsoccer.com/teams/acffc559cf7d485a9c05fa23ab57054b/utah-royals-fc/roster,Active,identity_source_review_required,candidate_layer_only_no_asset_write,not_approved,"Official public NWSL roster metadata only; no image download, no approval, no renderer enablement."
nwsl::Football_Player::10444fea4ff6483da41b77457cf2cbac,nwsl,utah_royals_fc,Mandy McGlynn,opta:Player:vaw0swh9q18mglmk683bauzu,https://www.nwslsoccer.com/teams/acffc559cf7d485a9c05fa23ab57054b/utah-royals-fc/roster,Active,identity_source_review_required,candidate_layer_only_no_asset_write,not_approved,"Official public NWSL roster metadata only; no image download, no approval, no renderer enablement."
nwsl::Football_Player::87f8bf57a0ed4238a026b49f9c2b276d,nwsl,utah_royals_fc,Mia Justus,opta:Player:836jz6qayhrahzyxdyesvrsa,https://www.nwslsoccer.com/teams/acffc559cf7d485a9c05fa23ab57054b/utah-royals-fc/roster,Active,identity_source_review_required,candidate_layer_only_no_asset_write,not_approved,"Official public NWSL roster metadata only; no image download, no approval, no renderer enablement."
nwsl::Football_Player::3a45298a6ded492baa53c54797a41912,nwsl,utah_royals_fc,Mina Tanaka,opta:Player:46a8lc1hgykm6kdhuadiwjk5x,https://www.nwslsoccer.com/teams/acffc559cf7d485a9c05fa23ab57054b/utah-royals-fc/roster,Active,identity_source_review_required,candidate_layer_only_no_asset_write,not_approved,"Official public NWSL roster metadata only; no image download, no approval, no renderer enablement."
nwsl::Football_Player::9aa0ae7f0bc648da9095a03174257a3c,nwsl,utah_royals_fc,Miyabi Moriya,opta:Player:9b94qn8vkpl0e7ujskes2m7d,https://www.nwslsoccer.com/teams/acffc559cf7d485a9c05fa23ab57054b/utah-royals-fc/roster,Active,identity_source_review_required,candidate_layer_only_no_asset_write,not_approved,"Official public NWSL roster metadata only; no image download, no approval, no renderer enablement."
nwsl::Football_Player::9088cd3919ae4facb366b7f4cf1ca493,nwsl,utah_royals_fc,Narumi Miura,opta:Player:b8xa1whpr8m3e5zbziz9e91bd,https://www.nwslsoccer.com/teams/acffc559cf7d485a9c05fa23ab57054b/utah-royals-fc/roster,Active,identity_source_review_required,candidate_layer_only_no_asset_write,not_approved,"Official public NWSL roster metadata only; no image download, no approval, no renderer enablement."
nwsl::Football_Player::a5495110a1614676bdd04a42f6068041,nwsl,utah_royals_fc,Nuria Rábano,opta:Player:f0cwpq45aa7b5de10j9skw44p,https://www.nwslsoccer.com/teams/acffc559cf7d485a9c05fa23ab57054b/utah-royals-fc/roster,Active,identity_source_review_required,candidate_layer_only_no_asset_write,not_approved,"Official public NWSL roster metadata only; no image download, no approval, no renderer enablement."
nwsl::Football_Player::f02a507bde074f68ac65cbd2ac77104b,nwsl,utah_royals_fc,Paige Cronin,opta:Player:3v2uqzotxtogavxgqpe7plene,https://www.nwslsoccer.com/teams/acffc559cf7d485a9c05fa23ab57054b/utah-royals-fc/roster,Active,identity_source_review_required,candidate_layer_only_no_asset_write,not_approved,"Official public NWSL roster metadata only; no image download, no approval, no renderer enablement."
nwsl::Football_Player::7fc702ff232644208fc4c5d6841f46d6,nwsl,utah_royals_fc,Tatumn Milazzo,opta:Player:3esajnuok17w043qxim4s6n10,https://www.nwslsoccer.com/teams/acffc559cf7d485a9c05fa23ab57054b/utah-royals-fc/roster,Active,identity_source_review_required,candidate_layer_only_no_asset_write,not_approved,"Official public NWSL roster metadata only; no image download, no approval, no renderer enablement."
nwsl::Football_Player::75a1f211b7f04ffebe4cdd67cd838239,nwsl,washington_spirit,Andi Sullivan,opta:Player:55di6bshvql6q8yo5c0fauw9h,https://www.nwslsoccer.com/teams/c31d72afc09f42ee86418633aa41390a/washington-spirit/roster,Active,identity_source_review_required,candidate_layer_only_no_asset_write,not_approved,"Official public NWSL roster metadata only; no image download, no approval, no renderer enablement."
nwsl::Football_Player::c413ab13b4b2411b8255f868ec263843,nwsl,washington_spirit,Ashley Hatch,opta:Player:b9d4fqz6ezz2azklpghb9kyjt,https://www.nwslsoccer.com/teams/c31d72afc09f42ee86418633aa41390a/washington-spirit/roster,Active,identity_source_review_required,candidate_layer_only_no_asset_write,not_approved,"Official public NWSL roster metadata only; no image download, no approval, no renderer enablement."
nwsl::Football_Player::a86e9ba2f4c44ce789c593b2b5bf9bcb,nwsl,washington_spirit,Aubrey Kingsbury,opta:Player:d9dirjpaqkq3gga2zyeykcv6d,https://www.nwslsoccer.com/teams/c31d72afc09f42ee86418633aa41390a/washington-spirit/roster,Active,identity_source_review_required,candidate_layer_only_no_asset_write,not_approved,"Official public NWSL roster metadata only; no image download, no approval, no renderer enablement."
nwsl::Football_Player::2e67f16c924649e9b5584a1a25552589,nwsl,washington_spirit,Casey Krueger,opta:Player:4ullol3wa4qdi9ydgrxgxbcgl,https://www.nwslsoccer.com/teams/c31d72afc09f42ee86418633aa41390a/washington-spirit/roster,Active,identity_source_review_required,candidate_layer_only_no_asset_write,not_approved,"Official public NWSL roster metadata only; no image download, no approval, no renderer enablement."
nwsl::Football_Player::0562367d242746f0ada9dacd4b93fa2f,nwsl,washington_spirit,Claudia Martínez,opta:Player:1j32gwf2s9e0jipy1wsw400es,https://www.nwslsoccer.com/teams/c31d72afc09f42ee86418633aa41390a/washington-spirit/roster,Active,identity_source_review_required,candidate_layer_only_no_asset_write,not_approved,"Official public NWSL roster metadata only; no image download, no approval, no renderer enablement."
nwsl::Football_Player::91b542420acc43c6955b5f8a782b2adb,nwsl,washington_spirit,Deborah Abiodun,opta:Player:3yq6kd2n7n13dmqpmcg4f13bo,https://www.nwslsoccer.com/teams/c31d72afc09f42ee86418633aa41390a/washington-spirit/roster,Active,identity_source_review_required,candidate_layer_only_no_asset_write,not_approved,"Official public NWSL roster metadata only; no image download, no approval, no renderer enablement."
nwsl::Football_Player::3c910418abe84f8db2c11156356d97d9,nwsl,washington_spirit,Emma Gaines-Ramos,opta:Player:bm89hy84ea9w9qr8qc2hy3c44,https://www.nwslsoccer.com/teams/c31d72afc09f42ee86418633aa41390a/washington-spirit/roster,Active,identity_source_review_required,candidate_layer_only_no_asset_write,not_approved,"Official public NWSL roster metadata only; no image download, no approval, no renderer enablement."
nwsl::Football_Player::18d7e7320d2949b083c7315e3831b1a1,nwsl,washington_spirit,Esme Morgan,opta:Player:bo5e35lsptja0pnlvk1y38dex,https://www.nwslsoccer.com/teams/c31d72afc09f42ee86418633aa41390a/washington-spirit/roster,Active,identity_source_review_required,candidate_layer_only_no_asset_write,not_approved,"Official public NWSL roster metadata only; no image download, no approval, no renderer enablement."
nwsl::Football_Player::ebadefdb2cd142aa92580387d5fde3b8,nwsl,washington_spirit,Gabrielle Carle,opta:Player:en29qfiuu01nsmekoqhycjo45,https://www.nwslsoccer.com/teams/c31d72afc09f42ee86418633aa41390a/washington-spirit/roster,Active,identity_source_review_required,candidate_layer_only_no_asset_write,not_approved,"Official public NWSL roster metadata only; no image download, no approval, no renderer enablement."
nwsl::Football_Player::3c58742afd5842708efeae28767d5d3c,nwsl,washington_spirit,Gift Monday,opta:Player:yay5mq8trvoxv9mwm4mqzn8q,https://www.nwslsoccer.com/teams/c31d72afc09f42ee86418633aa41390a/washington-spirit/roster,Active,identity_source_review_required,candidate_layer_only_no_asset_write,not_approved,"Official public NWSL roster metadata only; no image download, no approval, no renderer enablement."
nwsl::Football_Player::4b0092d3c4b148ce81259ba635ca7777,nwsl,washington_spirit,Hal Hershfelt,opta:Player:coy005g9noltjta4ka7utllp0,https://www.nwslsoccer.com/teams/c31d72afc09f42ee86418633aa41390a/washington-spirit/roster,Active,identity_source_review_required,candidate_layer_only_no_asset_write,not_approved,"Official public NWSL roster metadata only; no image download, no approval, no renderer enablement."
nwsl::Football_Player::7e96efc5034f4e4abfafca1b06af33ab,nwsl,washington_spirit,Kate Wiesner,opta:Player:1za1zeyvqpbqjb1jw3sx4de5l,https://www.nwslsoccer.com/teams/c31d72afc09f42ee86418633aa41390a/washington-spirit/roster,Active,identity_source_review_required,candidate_layer_only_no_asset_write,not_approved,"Official public NWSL roster metadata only; no image download, no approval, no renderer enablement."
nwsl::Football_Player::c281f4077abb41a6a90c9dd309f3fb20,nwsl,washington_spirit,Kaylie Collins,opta:Player:7df2h1fsf74sz29p3yxibgis4,https://www.nwslsoccer.com/teams/c31d72afc09f42ee86418633aa41390a/washington-spirit/roster,Active,identity_source_review_required,candidate_layer_only_no_asset_write,not_approved,"Official public NWSL roster metadata only; no image download, no approval, no renderer enablement."
nwsl::Football_Player::0ff461d4b7864e4387af66c2fdaa3710,nwsl,washington_spirit,Leicy Santos,opta:Player:31yxoo15eztnf39r45e6hy1g5,https://www.nwslsoccer.com/teams/c31d72afc09f42ee86418633aa41390a/washington-spirit/roster,Active,identity_source_review_required,candidate_layer_only_no_asset_write,not_approved,"Official public NWSL roster metadata only; no image download, no approval, no renderer enablement."
nwsl::Football_Player::f7648a59714e413fafca3d1acec0e69d,nwsl,washington_spirit,Lucia Di Guglielmo,opta:Player:1my1q5jn165pnwue7jzoip756,https://www.nwslsoccer.com/teams/c31d72afc09f42ee86418633aa41390a/washington-spirit/roster,Active,identity_source_review_required,candidate_layer_only_no_asset_write,not_approved,"Official public NWSL roster metadata only; no image download, no approval, no renderer enablement."
nwsl::Football_Player::79b28f8a367d46458b8d6f7daf771b53,nwsl,washington_spirit,Madison Haugen,opta:Player:8pm86ek2w3erjn3sohqtijnys,https://www.nwslsoccer.com/teams/c31d72afc09f42ee86418633aa41390a/washington-spirit/roster,Active,identity_source_review_required,candidate_layer_only_no_asset_write,not_approved,"Official public NWSL roster metadata only; no image download, no approval, no renderer enablement."
nwsl::Football_Player::9ddbf15f0b1d4331b43666f04aede0bd,nwsl,washington_spirit,Molly Skurcenski,opta:Player:5mxyi3hnz8x7p4t5wib1y7tas,https://www.nwslsoccer.com/teams/c31d72afc09f42ee86418633aa41390a/washington-spirit/roster,Active,identity_source_review_required,candidate_layer_only_no_asset_write,not_approved,"Official public NWSL roster metadata only; no image download, no approval, no renderer enablement."
nwsl::Football_Player::d07feb8cd7c94d03b741e2326515241f,nwsl,washington_spirit,Paige Metayer,opta:Player:f5belq8ns6bvom52sbhby6d5g,https://www.nwslsoccer.com/teams/c31d72afc09f42ee86418633aa41390a/washington-spirit/roster,Active,identity_source_review_required,candidate_layer_only_no_asset_write,not_approved,"Official public NWSL roster metadata only; no image download, no approval, no renderer enablement."
nwsl::Football_Player::8d41be19ea664cb5976221bb3592293d,nwsl,washington_spirit,Rebeca Bernal,opta:Player:1v67tba1l3sxow1geovdqefo5,https://www.nwslsoccer.com/teams/c31d72afc09f42ee86418633aa41390a/washington-spirit/roster,Active,identity_source_review_required,candidate_layer_only_no_asset_write,not_approved,"Official public NWSL roster metadata only; no image download, no approval, no renderer enablement."
nwsl::Football_Player::6f371e0118d64bd0a1fce9f4cf6d52d1,nwsl,washington_spirit,Rosemonde Kouassi,opta:Player:1jlc387u7fdpnnus9nlsb179w,https://www.nwslsoccer.com/teams/c31d72afc09f42ee86418633aa41390a/washington-spirit/roster,Active,identity_source_review_required,candidate_layer_only_no_asset_write,not_approved,"Official public NWSL roster metadata only; no image download, no approval, no renderer enablement."
nwsl::Football_Player::22284069e4754b6585ce7f4dda01592d,nwsl,washington_spirit,Sandy MacIver,opta:Player:6vqain7mmp94wueprv9aj5xp1,https://www.nwslsoccer.com/teams/c31d72afc09f42ee86418633aa41390a/washington-spirit/roster,Active,identity_source_review_required,candidate_layer_only_no_asset_write,not_approved,"Official public NWSL roster metadata only; no image download, no approval, no renderer enablement."
nwsl::Football_Player::faa587283a2b4e69905f93df50a460f8,nwsl,washington_spirit,Sara Wojdelko,opta:Player:4d7dztge8uzqw913of3i5fod0,https://www.nwslsoccer.com/teams/c31d72afc09f42ee86418633aa41390a/washington-spirit/roster,Active,identity_source_review_required,candidate_layer_only_no_asset_write,not_approved,"Official public NWSL roster metadata only; no image download, no approval, no renderer enablement."
nwsl::Football_Player::3712c14ba05c4f4ba6bd42cae9406ec6,nwsl,washington_spirit,Sofia Cantore,opta:Player:7lt5as8r1xms7ujjgt7pynl5,https://www.nwslsoccer.com/teams/c31d72afc09f42ee86418633aa41390a/washington-spirit/roster,Active,identity_source_review_required,candidate_layer_only_no_asset_write,not_approved,"Official public NWSL roster metadata only; no image download, no approval, no renderer enablement."
nwsl::Football_Player::358364b65d834cf2b93e0e3e9162a38f,nwsl,washington_spirit,Tamara Paranaguá do Carmo,opta:Player:22bce4tux8nyjduit9csi0q38,https://www.nwslsoccer.com/teams/c31d72afc09f42ee86418633aa41390a/washington-spirit/roster,Active,identity_source_review_required,candidate_layer_only_no_asset_write,not_approved,"Official public NWSL roster metadata only; no image download, no approval, no renderer enablement."
nwsl::Football_Player::28fc705601404c39bf14420caeec6668,nwsl,washington_spirit,Tara Rudd,opta:Player:27dktxivmcqmi1lkz1vs49qi2,https://www.nwslsoccer.com/teams/c31d72afc09f42ee86418633aa41390a/washington-spirit/roster,Active,identity_source_review_required,candidate_layer_only_no_asset_write,not_approved,"Official public NWSL roster metadata only; no image download, no approval, no renderer enablement."
nwsl::Football_Player::738125313bdc48eda09c29b610520e26,nwsl,washington_spirit,Trinity Rodman,opta:Player:bfk6fgj2z7yifd9iqwjlk4pka,https://www.nwslsoccer.com/teams/c31d72afc09f42ee86418633aa41390a/washington-spirit/roster,Active,identity_source_review_required,candidate_layer_only_no_asset_write,not_approved,"Official public NWSL roster metadata only; no image download, no approval, no renderer enablement."
nwsl::Football_Player::e13f13ced32c4de9bdbedf05c00e5ed5,nwsl,washington_spirit,Élisabeth Tsé,opta:Player:bs8nttx9e514q3b5d81u3itt6,https://www.nwslsoccer.com/teams/c31d72afc09f42ee86418633aa41390a/washington-spirit/roster,Active,identity_source_review_required,candidate_layer_only_no_asset_write,not_approved,"Official public NWSL roster metadata only; no image download, no approval, no renderer enablement."
